animal_id,species_common,iucn_status,latitude,longitude,year,month,sea_surface_temperature,habitat_stress_index,degree_heating_week,bleaching_alert_category,enso_phase
2003GoM-Pma-00843,Sperm Whale,Vulnerable,28.83978081,-88.38916779,2013,7,28.14,0.0,null,null,La Nina
2003GoM-Pma-00843,Sperm Whale,Vulnerable,28.62221527,-88.77536774000001,2013,7,28.28,0.0,null,null,La Nina
2003GoM-Pma-00843,Sperm Whale,Vulnerable,28.81105614,-88.71159363,2013,7,28.22,0.0,null,null,La Nina
2003GoM-Pma-00843,Sperm Whale,Vulnerable,28.520200000000003,-88.8084,2013,7,28.28,0.0,null,null,La Nina
2003GoM-Pma-00843,Sperm Whale,Vulnerable,28.25234222,-89.37422943,2013,7,28.19,0.0,null,null,La Nina
2003GoM-Pma-00843,Sperm Whale,Vulnerable,28.83891678,-88.5121994,2013,7,28.14,0.0,null,null,La Nina
2003GoM-Pma-00843,Sperm Whale,Vulnerable,28.190900000000003,-89.4984,2013,7,28.19,0.0,null,null,La Nina
2003GoM-Pma-00843,Sperm Whale,Vulnerable,28.3922863,-88.97529602,2013,7,28.39,0.0,null,null,La Nina
2003GoM-Pma-00843,Sperm Whale,Vulnerable,28.71699524,-88.5668335,2013,7,28.14,0.0,null,null,La Nina
2003GoM-Pma-00843,Sperm Whale,Vulnerable,28.97125816,-88.10916138,2013,7,28.17,0.0,null,null,La Nina
2003GoM-Pma-00843,Sperm Whale,Vulnerable,29.029644010000002,-88.01173401,2013,7,28.17,0.0,null,null,La Nina
2003GoM-Pma-00843,Sperm Whale,Vulnerable,29.07404709,-88.01163483,2013,7,28.09,0.0,null,null,La Nina
2003GoM-Pma-00843,Sperm Whale,Vulnerable,28.25346184,-89.37351989999999,2013,7,28.19,0.0,null,null,La Nina
2003GoM-Pma-00843,Sperm Whale,Vulnerable,28.87500763,-88.09186554,2013,7,28.17,0.0,null,null,La Nina
2003GoM-Pma-00843,Sperm Whale,Vulnerable,28.40593719,-88.93323517,2013,7,28.39,0.0,null,null,La Nina
2003GoM-Pma-00843,Sperm Whale,Vulnerable,28.259862899999998,-89.18279266,2013,7,28.19,0.0,null,null,La Nina
2003GoM-Pma-00843,Sperm Whale,Vulnerable,28.623901370000002,-88.91508484,2013,7,28.39,0.0,null,null,La Nina
2003GoM-Pma-00843,Sperm Whale,Vulnerable,28.60216713,-88.75940704,2013,7,28.28,0.0,null,null,La Nina
2003GoM-Pma-00843,Sperm Whale,Vulnerable,29.00081444,-88.00035095,2013,7,28.17,0.0,null,null,La Nina
2003GoM-Pma-00843,Sperm Whale,Vulnerable,28.45970154,-88.91698456,2013,7,28.39,0.0,null,null,La Nina
2003GoM-Pma-00843,Sperm Whale,Vulnerable,28.57000351,-88.89605713,2013,7,28.39,0.0,null,null,La Nina
2003GoM-Pma-00843,Sperm Whale,Vulnerable,28.6826,-88.67620000000001,2013,7,28.28,0.0,null,null,La Nina
2003GoM-Pma-00843,Sperm Whale,Vulnerable,28.754800000000003,-88.5348,2013,7,28.14,0.0,null,null,La Nina
2003GoM-Pma-00843,Sperm Whale,Vulnerable,28.93066406,-88.04368591000001,2013,7,28.17,0.0,null,null,La Nina
2003GoM-Pma-00843,Sperm Whale,Vulnerable,29.06521988,-88.14830017,2013,7,28.09,0.0,null,null,La Nina
2003GoM-Pma-00843,Sperm Whale,Vulnerable,28.979104999999997,-88.15764618,2013,7,28.17,0.0,null,null,La Nina
2003GoM-Pma-00843,Sperm Whale,Vulnerable,28.34282684,-88.88513947,2013,7,28.400000000000002,0.0,null,null,La Nina
2003GoM-Pma-00843,Sperm Whale,Vulnerable,28.38874054,-88.98672485,2013,7,28.39,0.0,null,null,La Nina
2003GoM-Pma-00843,Sperm Whale,Vulnerable,28.68923759,-88.62651825,2013,7,28.28,0.0,null,null,La Nina
2003GoM-Pma-00843,Sperm Whale,Vulnerable,29.029291150000002,-88.0091095,2013,7,28.17,0.0,null,null,La Nina
2003GoM-Pma-00843,Sperm Whale,Vulnerable,28.969305040000002,-88.10463715,2013,7,28.17,0.0,null,null,La Nina
2003GoM-Pma-00843,Sperm Whale,Vulnerable,28.24984169,-89.47774506,2013,7,28.19,0.0,null,null,La Nina
2003GoM-Pma-00843,Sperm Whale,Vulnerable,28.66281319,-88.63561249,2013,7,28.28,0.0,null,null,La Nina
2003GoM-Pma-00843,Sperm Whale,Vulnerable,29.00306129,-88.02601624,2013,7,28.17,0.0,null,null,La Nina
2003GoM-Pma-00843,Sperm Whale,Vulnerable,28.72033119,-88.52648926,2013,7,28.14,0.0,null,null,La Nina
2003GoM-Pma-00843,Sperm Whale,Vulnerable,28.13638878,-89.0640564,2013,7,28.400000000000002,0.0,null,null,La Nina
2003GoM-Pma-00843,Sperm Whale,Vulnerable,28.23877716,-89.50508118,2013,7,28.19,0.0,null,null,La Nina
2003GoM-Pma-00843,Sperm Whale,Vulnerable,28.594364170000002,-88.72012329,2013,7,28.28,0.0,null,null,La Nina
2003GoM-Pma-00843,Sperm Whale,Vulnerable,28.49081993,-88.8298111,2013,7,28.28,0.0,null,null,La Nina
2003GoM-Pma-00843,Sperm Whale,Vulnerable,28.66402054,-88.66460419,2013,7,28.28,0.0,null,null,La Nina
2003GoM-Pma-00843,Sperm Whale,Vulnerable,28.873430250000002,-88.14165497,2013,7,28.17,0.0,null,null,La Nina
2003GoM-Pma-00843,Sperm Whale,Vulnerable,28.90214157,-88.47213745,2013,7,28.14,0.0,null,null,La Nina
2003GoM-Pma-00843,Sperm Whale,Vulnerable,28.30755043,-89.09526825,2013,7,28.39,0.0,null,null,La Nina
2003GoM-Pma-00843,Sperm Whale,Vulnerable,28.66897011,-88.59282684,2013,7,28.28,0.0,null,null,La Nina
2003GoM-Pma-00843,Sperm Whale,Vulnerable,28.16440773,-88.96821594000001,2013,7,28.400000000000002,0.0,null,null,La Nina
2003GoM-Pma-00843,Sperm Whale,Vulnerable,28.645748140000002,-88.6138916,2013,7,28.28,0.0,null,null,La Nina
2003GoM-Pma-00843,Sperm Whale,Vulnerable,28.78236008,-88.42656708,2013,7,28.14,0.0,null,null,La Nina
2003GoM-Pma-00843,Sperm Whale,Vulnerable,28.18358803,-89.15949249,2013,7,28.19,0.0,null,null,La Nina
2003GoM-Pma-00843,Sperm Whale,Vulnerable,28.42752266,-88.79196929999999,2013,7,28.28,0.0,null,null,La Nina
2003GoM-Pma-00843,Sperm Whale,Vulnerable,28.21969795,-89.28125763,2013,7,28.19,0.0,null,null,La Nina
2003GoM-Pma-00843,Sperm Whale,Vulnerable,28.98306084,-87.95120239,2013,7,28.17,0.0,null,null,La Nina
2003GoM-Pma-00843,Sperm Whale,Vulnerable,28.65817642,-88.58838654,2013,7,28.28,0.0,null,null,La Nina
2003GoM-Pma-00843,Sperm Whale,Vulnerable,28.52933693,-88.90744019,2013,7,28.39,0.0,null,null,La Nina
2003GoM-Pma-00843,Sperm Whale,Vulnerable,28.17670059,-89.04306793,2013,7,28.400000000000002,0.0,null,null,La Nina
2003GoM-Pma-00843,Sperm Whale,Vulnerable,29.09428215,-87.98764801,2013,7,28.09,0.0,null,null,La Nina
2003GoM-Pma-00843,Sperm Whale,Vulnerable,28.10040283,-89.55526733,2013,7,28.19,0.0,null,null,La Nina
2003GoM-Pma-00843,Sperm Whale,Vulnerable,28.85565567,-88.60241699000001,2013,7,28.14,0.0,null,null,La Nina
2003GoM-Pma-00843,Sperm Whale,Vulnerable,28.17032242,-89.14701843,2013,7,28.19,0.0,null,null,La Nina
2003GoM-Pma-00843,Sperm Whale,Vulnerable,28.38584328,-89.12535858,2013,7,28.39,0.0,null,null,La Nina
2003GoM-Pma-00843,Sperm Whale,Vulnerable,28.15802956,-88.96994781000001,2013,7,28.400000000000002,0.0,null,null,La Nina
2003GoM-Pma-00843,Sperm Whale,Vulnerable,28.37606621,-89.07192993,2013,7,28.39,0.0,null,null,La Nina
2003GoM-Pma-00843,Sperm Whale,Vulnerable,28.11179161,-89.10370636,2013,7,28.400000000000002,0.0,null,null,La Nina
2003GoM-Pma-00843,Sperm Whale,Vulnerable,28.37064171,-88.86064911,2013,7,28.400000000000002,0.0,null,null,La Nina
2003GoM-Pma-00843,Sperm Whale,Vulnerable,28.262900000000002,-89.1851,2013,7,28.19,0.0,null,null,La Nina
2003GoM-Pma-00843,Sperm Whale,Vulnerable,28.96735001,-88.05236053,2013,7,28.17,0.0,null,null,La Nina
2003GoM-Pma-00843,Sperm Whale,Vulnerable,28.5992,-88.7534,2013,7,28.28,0.0,null,null,La Nina
2003GoM-Pma-00843,Sperm Whale,Vulnerable,28.69607353,-88.8168335,2013,7,28.22,0.0,null,null,La Nina
2003GoM-Pma-00843,Sperm Whale,Vulnerable,28.65583611,-88.88200378,2013,7,28.22,0.0,null,null,La Nina
2003GoM-Pma-00843,Sperm Whale,Vulnerable,28.998756410000002,-88.03157806,2013,7,28.17,0.0,null,null,La Nina
2003GoM-Pma-00843,Sperm Whale,Vulnerable,28.282308580000002,-89.47259521000001,2013,7,28.19,0.0,null,null,La Nina
2003GoM-Pma-00843,Sperm Whale,Vulnerable,28.457681660000002,-88.73902893,2013,7,28.28,0.0,null,null,La Nina
2003GoM-Pma-00843,Sperm Whale,Vulnerable,28.34773827,-89.0234375,2013,7,28.39,0.0,null,null,La Nina
2003GoM-Pma-00843,Sperm Whale,Vulnerable,28.632139210000002,-88.65351105,2013,7,28.28,0.0,null,null,La Nina
2003GoM-Pma-00843,Sperm Whale,Vulnerable,28.68383789,-88.66934967,2013,7,28.28,0.0,null,null,La Nina
2003GoM-Pma-00843,Sperm Whale,Vulnerable,28.31139565,-89.08616638000001,2013,7,28.39,0.0,null,null,La Nina
2003GoM-Pma-00843,Sperm Whale,Vulnerable,28.17388153,-89.14759064,2013,7,28.19,0.0,null,null,La Nina
2003GoM-Pma-00843,Sperm Whale,Vulnerable,28.25537109,-89.18060303,2013,7,28.19,0.0,null,null,La Nina
2003GoM-Pma-00843,Sperm Whale,Vulnerable,28.664997099999997,-88.87362671,2013,7,28.22,0.0,null,null,La Nina
2003GoM-Pma-00843,Sperm Whale,Vulnerable,28.706653590000002,-88.50823212,2013,7,28.14,0.0,null,null,La Nina
2003GoM-Pma-00843,Sperm Whale,Vulnerable,28.27681732,-89.20372772,2013,7,28.19,0.0,null,null,La Nina
2003GoM-Pma-00843,Sperm Whale,Vulnerable,28.923345570000002,-88.43287659,2013,7,28.14,0.0,null,null,La Nina
2003GoM-Pma-00843,Sperm Whale,Vulnerable,28.75464821,-88.52719116,2013,7,28.14,0.0,null,null,La Nina
2003GoM-Pma-00843,Sperm Whale,Vulnerable,28.63422775,-88.61806488,2013,7,28.28,0.0,null,null,La Nina
2003GoM-Pma-00843,Sperm Whale,Vulnerable,28.75065231,-88.52059174,2013,7,28.14,0.0,null,null,La Nina
2003GoM-Pma-00843,Sperm Whale,Vulnerable,28.734432220000002,-88.75863647,2013,7,28.22,0.0,null,null,La Nina
2003GoM-Pma-00843,Sperm Whale,Vulnerable,28.88237762,-88.12745667,2013,7,28.17,0.0,null,null,La Nina
2003GoM-Pma-00843,Sperm Whale,Vulnerable,28.18072891,-88.96823883,2013,7,28.400000000000002,0.0,null,null,La Nina
2003GoM-Pma-00843,Sperm Whale,Vulnerable,28.55455589,-88.83657074,2013,7,28.28,0.0,null,null,La Nina
2003GoM-Pma-00843,Sperm Whale,Vulnerable,28.77107239,-88.54843903,2013,7,28.14,0.0,null,null,La Nina
2003GoM-Pma-00843,Sperm Whale,Vulnerable,28.81862259,-88.51290131,2013,7,28.14,0.0,null,null,La Nina
2003GoM-Pma-00843,Sperm Whale,Vulnerable,28.30318642,-88.99054718000001,2013,7,28.400000000000002,0.0,null,null,La Nina
2003GoM-Pma-00843,Sperm Whale,Vulnerable,28.159179690000002,-88.969841,2013,7,28.400000000000002,0.0,null,null,La Nina
2003GoM-Pma-00843,Sperm Whale,Vulnerable,28.59328079,-88.72234344,2013,7,28.28,0.0,null,null,La Nina
2003GoM-Pma-00843,Sperm Whale,Vulnerable,28.32143784,-89.09727478,2013,7,28.39,0.0,null,null,La Nina
2003GoM-Pma-00843,Sperm Whale,Vulnerable,28.78075981,-88.27734375,2013,7,28.14,0.0,null,null,La Nina
2003GoM-Pma-00843,Sperm Whale,Vulnerable,28.46599579,-88.92036438,2013,7,28.39,0.0,null,null,La Nina
2003GoM-Pma-00843,Sperm Whale,Vulnerable,28.36354446,-88.95806885,2013,7,28.39,0.0,null,null,La Nina
2003GoM-Pma-00843,Sperm Whale,Vulnerable,28.80704498,-88.42848969,2013,7,28.14,0.0,null,null,La Nina
2003GoM-Pma-00843,Sperm Whale,Vulnerable,28.24669266,-88.98417664,2013,7,28.400000000000002,0.0,null,null,La Nina
2003GoM-Pma-00843,Sperm Whale,Vulnerable,28.86730957,-88.26578522,2013,7,28.14,0.0,null,null,La Nina
2003GoM-Pma-00843,Sperm Whale,Vulnerable,28.66949272,-88.59346008,2013,7,28.28,0.0,null,null,La Nina
2003GoM-Pma-00843,Sperm Whale,Vulnerable,28.61354446,-88.79650116,2013,7,28.28,0.0,null,null,La Nina
2003GoM-Pma-00843,Sperm Whale,Vulnerable,28.387849810000002,-88.81598663,2013,7,28.28,0.0,null,null,La Nina
2003GoM-Pma-00843,Sperm Whale,Vulnerable,28.719558720000002,-88.55513763,2013,7,28.14,0.0,null,null,La Nina
2003GoM-Pma-00843,Sperm Whale,Vulnerable,28.88562393,-88.17102051,2013,7,28.17,0.0,null,null,La Nina
2003GoM-Pma-00843,Sperm Whale,Vulnerable,28.6144352,-88.80342102,2013,7,28.28,0.0,null,null,La Nina
2003GoM-Pma-00843,Sperm Whale,Vulnerable,28.1775856,-88.96660614,2013,7,28.400000000000002,0.0,null,null,La Nina
2003GoM-Pma-00843,Sperm Whale,Vulnerable,28.8821,-88.13080000000001,2013,7,28.17,0.0,null,null,La Nina
2003GoM-Pma-00843,Sperm Whale,Vulnerable,28.073673250000002,-89.59164429,2013,7,28.14,0.0,null,null,La Nina
2003GoM-Pma-00843,Sperm Whale,Vulnerable,28.96795654,-87.98504639000001,2013,7,28.17,0.0,null,null,La Nina
2003GoM-Pma-00843,Sperm Whale,Vulnerable,28.30877113,-89.15787506,2013,7,28.39,0.0,null,null,La Nina
2003GoM-Pma-00843,Sperm Whale,Vulnerable,28.84769249,-88.64393616,2013,7,28.22,0.0,null,null,La Nina
2003GoM-Pma-00843,Sperm Whale,Vulnerable,28.22279739,-89.48706055,2013,7,28.19,0.0,null,null,La Nina
2003GoM-Pma-00843,Sperm Whale,Vulnerable,28.099822999999997,-89.0872345,2013,7,28.400000000000002,0.0,null,null,La Nina
2003GoM-Pma-00843,Sperm Whale,Vulnerable,28.18639565,-89.10465239999999,2013,7,28.19,0.0,null,null,La Nina
2003GoM-Pma-00843,Sperm Whale,Vulnerable,28.710700000000003,-88.67710000000001,2013,7,28.28,0.0,null,null,La Nina
2003GoM-Pma-00843,Sperm Whale,Vulnerable,28.89252281,-88.02545929,2013,7,28.17,0.0,null,null,La Nina
2003GoM-Pma-00843,Sperm Whale,Vulnerable,28.63290405,-88.64179993,2013,7,28.28,0.0,null,null,La Nina
2003GoM-Pma-00843,Sperm Whale,Vulnerable,28.86899948,-88.26220703,2013,7,28.14,0.0,null,null,La Nina
2003GoM-Pma-00843,Sperm Whale,Vulnerable,28.739784240000002,-88.54594421,2013,7,28.14,0.0,null,null,La Nina
2003GoM-Pma-00843,Sperm Whale,Vulnerable,28.19699287,-89.19921112,2013,7,28.19,0.0,null,null,La Nina
2003GoM-Pma-00843,Sperm Whale,Vulnerable,28.89848518,-88.02702332,2013,7,28.17,0.0,null,null,La Nina
2003GoM-Pma-00843,Sperm Whale,Vulnerable,28.278715130000002,-88.95537567,2013,7,28.400000000000002,0.0,null,null,La Nina
2003GoM-Pma-00843,Sperm Whale,Vulnerable,28.16741371,-88.96989441,2013,7,28.400000000000002,0.0,null,null,La Nina
2003GoM-Pma-00843,Sperm Whale,Vulnerable,28.63616753,-88.62350464000001,2013,7,28.28,0.0,null,null,La Nina
2003GoM-Pma-00843,Sperm Whale,Vulnerable,28.40737534,-89.02460479999999,2013,7,28.39,0.0,null,null,La Nina
2003GoM-Pma-00843,Sperm Whale,Vulnerable,28.23757362,-89.5056839,2013,7,28.19,0.0,null,null,La Nina
2003GoM-Pma-00843,Sperm Whale,Vulnerable,28.80546188,-88.4860611,2013,7,28.14,0.0,null,null,La Nina
2003GoM-Pma-00843,Sperm Whale,Vulnerable,28.293395999999998,-89.12319183,2013,7,28.39,0.0,null,null,La Nina
2003GoM-Pma-00843,Sperm Whale,Vulnerable,28.79304123,-88.53960419,2013,7,28.14,0.0,null,null,La Nina
2003GoM-Pma-00843,Sperm Whale,Vulnerable,28.32723999,-88.97927856,2013,7,28.39,0.0,null,null,La Nina
2003GoM-Pma-00843,Sperm Whale,Vulnerable,28.59858894,-88.75353241,2013,7,28.28,0.0,null,null,La Nina
2003GoM-Pma-00843,Sperm Whale,Vulnerable,28.181700000000003,-88.9679,2013,7,28.400000000000002,0.0,null,null,La Nina
2003GoM-Pma-00843,Sperm Whale,Vulnerable,28.75034904,-88.52035522,2013,7,28.14,0.0,null,null,La Nina
2003GoM-Pma-00843,Sperm Whale,Vulnerable,28.62479973,-88.88918304,2013,7,28.39,0.0,null,null,La Nina
2003GoM-Pma-00843,Sperm Whale,Vulnerable,28.72281456,-88.53117371,2013,7,28.14,0.0,null,null,La Nina
2003GoM-Pma-00843,Sperm Whale,Vulnerable,28.68307686,-88.85570526000001,2013,7,28.22,0.0,null,null,La Nina
2003GoM-Pma-00843,Sperm Whale,Vulnerable,28.67343712,-88.86974335000001,2013,7,28.22,0.0,null,null,La Nina
2003GoM-Pma-00843,Sperm Whale,Vulnerable,28.685169220000002,-88.84358215,2013,7,28.22,0.0,null,null,La Nina
2003GoM-Pma-00843,Sperm Whale,Vulnerable,28.81629372,-88.70237732,2013,7,28.22,0.0,null,null,La Nina
2003GoM-Pma-00843,Sperm Whale,Vulnerable,28.98083687,-88.27311707,2013,7,28.14,0.0,null,null,La Nina
2003GoM-Pma-00843,Sperm Whale,Vulnerable,28.45510674,-88.74485779,2013,7,28.28,0.0,null,null,La Nina
2003GoM-Pma-00843,Sperm Whale,Vulnerable,28.2388382,-89.00684357,2013,7,28.400000000000002,0.0,null,null,La Nina
2003GoM-Pma-00843,Sperm Whale,Vulnerable,28.39644432,-89.05568695,2013,7,28.39,0.0,null,null,La Nina
2003GoM-Pma-00843,Sperm Whale,Vulnerable,28.63760376,-88.61553192,2013,7,28.28,0.0,null,null,La Nina
2003GoM-Pma-00843,Sperm Whale,Vulnerable,28.67034912,-88.76750946,2013,7,28.28,0.0,null,null,La Nina
2003GoM-Pma-00843,Sperm Whale,Vulnerable,28.68398857,-88.54225922,2013,7,28.28,0.0,null,null,La Nina
2003GoM-Pma-00843,Sperm Whale,Vulnerable,28.636308670000002,-88.61497498,2013,7,28.28,0.0,null,null,La Nina
2003GoM-Pma-00843,Sperm Whale,Vulnerable,28.792203899999997,-88.52244568,2013,7,28.14,0.0,null,null,La Nina
2003GoM-Pma-00843,Sperm Whale,Vulnerable,28.28768349,-89.07938385,2013,7,28.39,0.0,null,null,La Nina
2003GoM-Pma-00843,Sperm Whale,Vulnerable,28.18968582,-89.06906128,2013,7,28.400000000000002,0.0,null,null,La Nina
2003GoM-Pma-00843,Sperm Whale,Vulnerable,28.63138199,-88.64239502,2013,7,28.28,0.0,null,null,La Nina
2003GoM-Pma-00843,Sperm Whale,Vulnerable,28.63901329,-88.79103851,2013,7,28.28,0.0,null,null,La Nina
2003GoM-Pma-00843,Sperm Whale,Vulnerable,28.15420151,-89.13568115,2013,7,28.19,0.0,null,null,La Nina
2003GoM-Pma-00843,Sperm Whale,Vulnerable,28.29115295,-89.11348724,2013,7,28.39,0.0,null,null,La Nina
2003GoM-Pma-00843,Sperm Whale,Vulnerable,29.035428999999997,-87.98532104,2013,7,28.17,0.0,null,null,La Nina
2003GoM-Pma-00843,Sperm Whale,Vulnerable,28.24050331,-88.96915436,2013,7,28.400000000000002,0.0,null,null,La Nina
2003GoM-Pma-00843,Sperm Whale,Vulnerable,28.70321465,-88.67267609,2013,7,28.28,0.0,null,null,La Nina
2003GoM-Pma-00843,Sperm Whale,Vulnerable,28.59139824,-88.91325378,2013,7,28.39,0.0,null,null,La Nina
2003GoM-Pma-00843,Sperm Whale,Vulnerable,28.76908684,-88.55014038,2013,7,28.14,0.0,null,null,La Nina
2003GoM-Pma-00843,Sperm Whale,Vulnerable,28.140600000000003,-89.06540000000001,2013,7,28.400000000000002,0.0,null,null,La Nina
2003GoM-Pma-00843,Sperm Whale,Vulnerable,28.72945404,-88.5561676,2013,7,28.14,0.0,null,null,La Nina
2003GoM-Pma-00843,Sperm Whale,Vulnerable,28.69608879,-88.81565094,2013,7,28.22,0.0,null,null,La Nina
2003GoM-Pma-00843,Sperm Whale,Vulnerable,28.28746796,-88.98571777000001,2013,7,28.400000000000002,0.0,null,null,La Nina
2003GoM-Pma-00843,Sperm Whale,Vulnerable,28.306118010000002,-89.09741974,2013,7,28.39,0.0,null,null,La Nina
2003GoM-Pma-00843,Sperm Whale,Vulnerable,28.68445969,-88.87064362,2013,7,28.22,0.0,null,null,La Nina
2003GoM-Pma-00843,Sperm Whale,Vulnerable,28.16229248,-89.50940704,2013,7,28.19,0.0,null,null,La Nina
2003GoM-Pma-00843,Sperm Whale,Vulnerable,28.66107368,-88.61414337000001,2013,7,28.28,0.0,null,null,La Nina
2003GoM-Pma-00843,Sperm Whale,Vulnerable,28.63921738,-88.61447144,2013,7,28.28,0.0,null,null,La Nina
2003GoM-Pma-00843,Sperm Whale,Vulnerable,28.376733780000002,-89.15696716000001,2013,7,28.39,0.0,null,null,La Nina
2003GoM-Pma-00843,Sperm Whale,Vulnerable,28.453775410000002,-88.84907532,2013,7,28.28,0.0,null,null,La Nina
2003GoM-Pma-00843,Sperm Whale,Vulnerable,28.93660164,-88.39670563,2013,7,28.14,0.0,null,null,La Nina
2003GoM-Pma-00843,Sperm Whale,Vulnerable,28.388116840000002,-89.13085175,2013,7,28.39,0.0,null,null,La Nina
2003GoM-Pma-00843,Sperm Whale,Vulnerable,28.34451485,-89.03321838000001,2013,7,28.39,0.0,null,null,La Nina
2003GoM-Pma-00843,Sperm Whale,Vulnerable,28.43263626,-88.9347229,2013,7,28.39,0.0,null,null,La Nina
2003GoM-Pma-00843,Sperm Whale,Vulnerable,28.80062675,-88.39614868,2013,7,28.14,0.0,null,null,La Nina
2003GoM-Pma-00843,Sperm Whale,Vulnerable,28.29456329,-89.10388947,2013,7,28.39,0.0,null,null,La Nina
2003GoM-Pma-00843,Sperm Whale,Vulnerable,28.29558563,-88.98548126,2013,7,28.400000000000002,0.0,null,null,La Nina
2003GoM-Pma-00843,Sperm Whale,Vulnerable,28.746187210000002,-88.54278564,2013,7,28.14,0.0,null,null,La Nina
2003GoM-Pma-00843,Sperm Whale,Vulnerable,28.709400000000002,-88.67540000000001,2013,7,28.28,0.0,null,null,La Nina
2003GoM-Pma-00843,Sperm Whale,Vulnerable,28.44077682,-88.9054718,2013,7,28.39,0.0,null,null,La Nina
2003GoM-Pma-00843,Sperm Whale,Vulnerable,28.46785736,-88.86959839000001,2013,7,28.28,0.0,null,null,La Nina
2003GoM-Pma-00843,Sperm Whale,Vulnerable,28.74952698,-88.52098083,2013,7,28.14,0.0,null,null,La Nina
2003GoM-Pma-00843,Sperm Whale,Vulnerable,28.93595505,-88.00813293,2013,7,28.17,0.0,null,null,La Nina
2003GoM-Pma-00843,Sperm Whale,Vulnerable,28.2723999,-89.49617767000001,2013,7,28.19,0.0,null,null,La Nina
2003GoM-Pma-00843,Sperm Whale,Vulnerable,28.617809299999998,-88.91589355,2013,7,28.39,0.0,null,null,La Nina
2003GoM-Pma-00843,Sperm Whale,Vulnerable,28.80597115,-88.28125763,2013,7,28.14,0.0,null,null,La Nina
2003GoM-Pma-00843,Sperm Whale,Vulnerable,28.58725739,-88.80884552,2013,7,28.28,0.0,null,null,La Nina
2003GoM-Pma-00843,Sperm Whale,Vulnerable,28.69155121,-88.69655609,2013,7,28.28,0.0,null,null,La Nina
2003GoM-Pma-00843,Sperm Whale,Vulnerable,28.80171013,-88.4702301,2013,7,28.14,0.0,null,null,La Nina
2003GoM-Pma-00843,Sperm Whale,Vulnerable,29.085514070000002,-88.04564667,2013,7,28.09,0.0,null,null,La Nina
2003GoM-Pma-00843,Sperm Whale,Vulnerable,28.4612999,-88.91891479,2013,7,28.39,0.0,null,null,La Nina
2003GoM-Pma-00843,Sperm Whale,Vulnerable,28.69522285,-88.77362061000001,2013,7,28.22,0.0,null,null,La Nina
2003GoM-Pma-00843,Sperm Whale,Vulnerable,28.747056960000002,-88.51937103,2013,7,28.14,0.0,null,null,La Nina
2003GoM-Pma-00843,Sperm Whale,Vulnerable,28.13809586,-89.06478882,2013,7,28.400000000000002,0.0,null,null,La Nina
2003GoM-Pma-00843,Sperm Whale,Vulnerable,28.30658531,-89.12502289,2013,7,28.39,0.0,null,null,La Nina
2003GoM-Pma-00843,Sperm Whale,Vulnerable,28.241771699999997,-89.33280182,2013,7,28.19,0.0,null,null,La Nina
2003GoM-Pma-00843,Sperm Whale,Vulnerable,28.8064,-88.48450000000001,2013,7,28.14,0.0,null,null,La Nina
2003GoM-Pma-00843,Sperm Whale,Vulnerable,28.26798058,-88.95722961,2013,7,28.400000000000002,0.0,null,null,La Nina
2003GoM-Pma-00843,Sperm Whale,Vulnerable,28.454559330000002,-88.84880066,2013,7,28.28,0.0,null,null,La Nina
2003GoM-Pma-00843,Sperm Whale,Vulnerable,28.2809639,-89.47129822000001,2013,7,28.19,0.0,null,null,La Nina
2003GoM-Pma-00843,Sperm Whale,Vulnerable,28.87829781,-88.21466827,2013,7,28.14,0.0,null,null,La Nina
2003GoM-Pma-00843,Sperm Whale,Vulnerable,28.7214489,-88.55738068000001,2013,7,28.14,0.0,null,null,La Nina
2003GoM-Pma-00843,Sperm Whale,Vulnerable,28.5129776,-88.86203003,2013,7,28.28,0.0,null,null,La Nina
2003GoM-Pma-00843,Sperm Whale,Vulnerable,28.58550835,-88.81165314,2013,7,28.28,0.0,null,null,La Nina
2003GoM-Pma-00843,Sperm Whale,Vulnerable,28.87758255,-88.21801758000001,2013,7,28.14,0.0,null,null,La Nina
2003GoM-Pma-00843,Sperm Whale,Vulnerable,28.393613820000002,-88.9114151,2013,7,28.39,0.0,null,null,La Nina
2003GoM-Pma-00843,Sperm Whale,Vulnerable,28.83728027,-88.38991547,2013,7,28.14,0.0,null,null,La Nina
2003GoM-Pma-00843,Sperm Whale,Vulnerable,28.33672523,-89.40123749,2013,7,28.19,0.0,null,null,La Nina
2003GoM-Pma-00843,Sperm Whale,Vulnerable,28.29807281,-89.44562531,2013,7,28.19,0.0,null,null,La Nina
2003GoM-Pma-00843,Sperm Whale,Vulnerable,28.1554,-89.0419,2013,7,28.400000000000002,0.0,null,null,La Nina
2003GoM-Pma-00843,Sperm Whale,Vulnerable,29.06757927,-87.96122742,2013,7,28.17,0.0,null,null,La Nina
2003GoM-Pma-00843,Sperm Whale,Vulnerable,28.32582283,-88.92787933,2013,7,28.400000000000002,0.0,null,null,La Nina
2003GoM-Pma-00843,Sperm Whale,Vulnerable,28.43297195,-88.947052,2013,7,28.39,0.0,null,null,La Nina
2003GoM-Pma-00843,Sperm Whale,Vulnerable,28.08657074,-89.11037445,2013,7,28.19,0.0,null,null,La Nina
2003GoM-Pma-00843,Sperm Whale,Vulnerable,28.30206108,-89.13649749999999,2013,7,28.39,0.0,null,null,La Nina
2003GoM-Pma-00843,Sperm Whale,Vulnerable,28.2605,-88.9895,2013,7,28.400000000000002,0.0,null,null,La Nina
2003GoM-Pma-00843,Sperm Whale,Vulnerable,28.873081210000002,-88.14179993,2013,7,28.17,0.0,null,null,La Nina
2003GoM-Pma-00843,Sperm Whale,Vulnerable,28.102497099999997,-89.54354095000001,2013,7,28.19,0.0,null,null,La Nina
2003GoM-Pma-00843,Sperm Whale,Vulnerable,28.758295060000002,-88.54626465,2013,7,28.14,0.0,null,null,La Nina
2003GoM-Pma-00843,Sperm Whale,Vulnerable,28.07821083,-89.12970734,2013,7,28.19,0.0,null,null,La Nina
2003GoM-Pma-00843,Sperm Whale,Vulnerable,28.58473396,-88.80890656,2013,7,28.28,0.0,null,null,La Nina
2003GoM-Pma-00843,Sperm Whale,Vulnerable,28.32705498,-89.4201355,2013,7,28.19,0.0,null,null,La Nina
2003GoM-Pma-00843,Sperm Whale,Vulnerable,28.81295586,-88.29209137000001,2013,7,28.14,0.0,null,null,La Nina
2003GoM-Pma-00843,Sperm Whale,Vulnerable,28.31555748,-89.08226776000001,2013,7,28.39,0.0,null,null,La Nina
2003GoM-Pma-00843,Sperm Whale,Vulnerable,28.22941399,-89.00371552,2013,7,28.400000000000002,0.0,null,null,La Nina
2003GoM-Pma-00843,Sperm Whale,Vulnerable,28.86619568,-88.09423065,2013,7,28.17,0.0,null,null,La Nina
2003GoM-Pma-00843,Sperm Whale,Vulnerable,28.75507164,-88.53073883,2013,7,28.14,0.0,null,null,La Nina
2003GoM-Pma-00843,Sperm Whale,Vulnerable,28.50455856,-88.84632874,2013,7,28.28,0.0,null,null,La Nina
2003GoM-Pma-00843,Sperm Whale,Vulnerable,28.87050438,-88.08219147,2013,7,28.17,0.0,null,null,La Nina
2003GoM-Pma-00843,Sperm Whale,Vulnerable,28.74959755,-88.51924896,2013,7,28.14,0.0,null,null,La Nina
2003GoM-Pma-00843,Sperm Whale,Vulnerable,28.697761540000002,-88.59792328,2013,7,28.28,0.0,null,null,La Nina
2003GoM-Pma-00843,Sperm Whale,Vulnerable,28.62059975,-88.91388702,2013,7,28.39,0.0,null,null,La Nina
2003GoM-Pma-00843,Sperm Whale,Vulnerable,28.30454826,-89.47058868,2013,7,28.19,0.0,null,null,La Nina
2003GoM-Pma-00843,Sperm Whale,Vulnerable,28.22712135,-89.17954254,2013,7,28.19,0.0,null,null,La Nina
2003GoM-Pma-00843,Sperm Whale,Vulnerable,28.37707138,-89.15964508,2013,7,28.39,0.0,null,null,La Nina
2003GoM-Pma-00843,Sperm Whale,Vulnerable,28.33846474,-89.45783997,2013,7,28.18,0.0,null,null,La Nina
2003GoM-Pma-00843,Sperm Whale,Vulnerable,28.732921599999997,-88.63076019,2013,7,28.28,0.0,null,null,La Nina
2003GoM-Pma-00843,Sperm Whale,Vulnerable,28.68297958,-88.67623901,2013,7,28.28,0.0,null,null,La Nina
2003GoM-Pma-00843,Sperm Whale,Vulnerable,28.27978134,-88.94599152,2013,7,28.400000000000002,0.0,null,null,La Nina
2003GoM-Pma-00843,Sperm Whale,Vulnerable,28.48113823,-88.73616028000001,2013,7,28.28,0.0,null,null,La Nina
2003GoM-Pma-00843,Sperm Whale,Vulnerable,28.649400710000002,-88.87695313,2013,7,28.22,0.0,null,null,La Nina
2003GoM-Pma-00843,Sperm Whale,Vulnerable,28.97096252,-88.22767639,2013,7,28.14,0.0,null,null,La Nina
2003GoM-Pma-00843,Sperm Whale,Vulnerable,28.72759438,-88.66950989,2013,7,28.22,0.0,null,null,La Nina
2003GoM-Pma-00843,Sperm Whale,Vulnerable,28.96601677,-88.0495224,2013,7,28.17,0.0,null,null,La Nina
2003GoM-Pma-00843,Sperm Whale,Vulnerable,28.709200000000003,-88.6734,2013,7,28.28,0.0,null,null,La Nina
2003GoM-Pma-00843,Sperm Whale,Vulnerable,28.82472801,-88.46781921,2013,7,28.14,0.0,null,null,La Nina
2003GoM-Pma-00843,Sperm Whale,Vulnerable,28.79955864,-88.39656067,2013,7,28.14,0.0,null,null,La Nina
2003GoM-Pma-00843,Sperm Whale,Vulnerable,28.983272550000002,-88.33028412,2013,7,28.14,0.0,null,null,La Nina
2003GoM-Pma-00843,Sperm Whale,Vulnerable,28.15675354,-88.96829987,2013,7,28.400000000000002,0.0,null,null,La Nina
2003GoM-Pma-00843,Sperm Whale,Vulnerable,28.73251915,-88.47463226,2013,7,28.14,0.0,null,null,La Nina
2003GoM-Pma-00843,Sperm Whale,Vulnerable,28.615123750000002,-88.79663849,2013,7,28.28,0.0,null,null,La Nina
2003GoM-Pma-00843,Sperm Whale,Vulnerable,28.2783432,-88.94974518000001,2013,7,28.400000000000002,0.0,null,null,La Nina
2003GoM-Pma-00843,Sperm Whale,Vulnerable,28.3203392,-89.40569305,2013,7,28.19,0.0,null,null,La Nina
2003GoM-Pma-00843,Sperm Whale,Vulnerable,28.39160538,-88.97590637,2013,7,28.39,0.0,null,null,La Nina
2003GoM-Pma-00843,Sperm Whale,Vulnerable,28.67248726,-88.59247589,2013,7,28.28,0.0,null,null,La Nina
2003GoM-Pma-00843,Sperm Whale,Vulnerable,28.86978149,-88.12244415,2013,7,28.17,0.0,null,null,La Nina
2003GoM-Pma-00843,Sperm Whale,Vulnerable,28.12107468,-88.98948669,2013,7,28.400000000000002,0.0,null,null,La Nina
2003GoM-Pma-00843,Sperm Whale,Vulnerable,28.62413979,-88.80168915,2013,7,28.28,0.0,null,null,La Nina
2003GoM-Pma-00843,Sperm Whale,Vulnerable,28.88055229,-88.09927368,2013,7,28.17,0.0,null,null,La Nina
2003GoM-Pma-00843,Sperm Whale,Vulnerable,28.7636795,-88.57521057,2013,7,28.14,0.0,null,null,La Nina
2003GoM-Pma-00843,Sperm Whale,Vulnerable,28.90191841,-88.28123474,2013,7,28.14,0.0,null,null,La Nina
2003GoM-Pma-00843,Sperm Whale,Vulnerable,28.31565475,-89.45331573,2013,7,28.19,0.0,null,null,La Nina
2003GoM-Pma-00843,Sperm Whale,Vulnerable,28.1914196,-89.06800842,2013,7,28.400000000000002,0.0,null,null,La Nina
2003GoM-Pma-00843,Sperm Whale,Vulnerable,28.3044014,-89.16796875,2013,7,28.39,0.0,null,null,La Nina
2003GoM-Pma-00843,Sperm Whale,Vulnerable,28.2924881,-89.09753418,2013,7,28.39,0.0,null,null,La Nina
2003GoM-Pma-00843,Sperm Whale,Vulnerable,28.34565926,-89.03354645,2013,7,28.39,0.0,null,null,La Nina
2003GoM-Pma-00843,Sperm Whale,Vulnerable,28.194141390000002,-89.16355133,2013,7,28.19,0.0,null,null,La Nina
2003GoM-Pma-00843,Sperm Whale,Vulnerable,28.65876007,-88.61534882000001,2013,7,28.28,0.0,null,null,La Nina
2003GoM-Pma-00843,Sperm Whale,Vulnerable,28.82262611,-88.69567108,2013,7,28.22,0.0,null,null,La Nina
2003GoM-Pma-00843,Sperm Whale,Vulnerable,28.39463997,-88.95085907,2013,7,28.39,0.0,null,null,La Nina
2003GoM-Pma-00843,Sperm Whale,Vulnerable,28.14299202,-89.06253815000001,2013,7,28.400000000000002,0.0,null,null,La Nina
2003GoM-Pma-00843,Sperm Whale,Vulnerable,28.86731148,-88.56746674,2013,7,28.14,0.0,null,null,La Nina
2003GoM-Pma-00843,Sperm Whale,Vulnerable,28.84000397,-88.67662048,2013,7,28.22,0.0,null,null,La Nina
2003GoM-Pma-00843,Sperm Whale,Vulnerable,28.62414932,-88.77400208,2013,7,28.28,0.0,null,null,La Nina
2003GoM-Pma-00843,Sperm Whale,Vulnerable,28.67347145,-88.79694366,2013,7,28.22,0.0,null,null,La Nina
2003GoM-Pma-00843,Sperm Whale,Vulnerable,28.3258,-89.0155,2013,7,28.39,0.0,null,null,La Nina
2003GoM-Pma-00843,Sperm Whale,Vulnerable,28.66262627,-88.78620148,2013,7,28.28,0.0,null,null,La Nina
2003GoM-Pma-00843,Sperm Whale,Vulnerable,28.70056534,-88.74915314,2013,7,28.22,0.0,null,null,La Nina
2003GoM-Pma-00843,Sperm Whale,Vulnerable,28.40017509,-89.05765533,2013,7,28.39,0.0,null,null,La Nina
2003GoM-Pma-00843,Sperm Whale,Vulnerable,28.69290733,-88.77442932,2013,7,28.22,0.0,null,null,La Nina
2003GoM-Pma-00843,Sperm Whale,Vulnerable,28.12129211,-89.50678253,2013,7,28.19,0.0,null,null,La Nina
2003GoM-Pma-00843,Sperm Whale,Vulnerable,28.96608162,-88.02560425,2013,7,28.17,0.0,null,null,La Nina
2003GoM-Pma-00843,Sperm Whale,Vulnerable,28.3187,-89.3006,2013,7,28.19,0.0,null,null,La Nina
2003GoM-Pma-00843,Sperm Whale,Vulnerable,28.77897644,-88.47224426,2013,7,28.14,0.0,null,null,La Nina
2003GoM-Pma-00843,Sperm Whale,Vulnerable,28.782300000000003,-88.429,2013,7,28.14,0.0,null,null,La Nina
2003GoM-Pma-00843,Sperm Whale,Vulnerable,28.25034142,-89.41172028,2013,7,28.19,0.0,null,null,La Nina
2003GoM-Pma-00843,Sperm Whale,Vulnerable,28.19933128,-89.50614929,2013,7,28.19,0.0,null,null,La Nina
2003GoM-Pma-00843,Sperm Whale,Vulnerable,28.387573240000002,-89.10868835000001,2013,7,28.39,0.0,null,null,La Nina
2003GoM-Pma-00843,Sperm Whale,Vulnerable,28.6386,-88.67410000000001,2013,7,28.28,0.0,null,null,La Nina
2003GoM-Pma-00843,Sperm Whale,Vulnerable,28.33954048,-88.92803192,2013,7,28.400000000000002,0.0,null,null,La Nina
2003GoM-Pma-00843,Sperm Whale,Vulnerable,28.30618858,-89.16556549,2013,7,28.39,0.0,null,null,La Nina
2003GoM-Pma-00843,Sperm Whale,Vulnerable,28.7736454,-88.24416351,2013,7,28.14,0.0,null,null,La Nina
2003GoM-Pma-00843,Sperm Whale,Vulnerable,28.81917572,-88.3191452,2013,7,28.14,0.0,null,null,La Nina
2003GoM-Pma-00843,Sperm Whale,Vulnerable,28.64919662,-88.62761688,2013,7,28.28,0.0,null,null,La Nina
2003GoM-Pma-00843,Sperm Whale,Vulnerable,28.25179672,-89.47984314,2013,7,28.19,0.0,null,null,La Nina
2003GoM-Pma-00843,Sperm Whale,Vulnerable,28.26454163,-89.46617889,2013,7,28.19,0.0,null,null,La Nina
2003GoM-Pma-00843,Sperm Whale,Vulnerable,28.57546425,-88.76924896,2013,7,28.28,0.0,null,null,La Nina
2003GoM-Pma-00843,Sperm Whale,Vulnerable,28.29698372,-89.1140976,2013,7,28.39,0.0,null,null,La Nina
2003GoM-Pma-00843,Sperm Whale,Vulnerable,28.11992836,-88.98956299,2013,7,28.400000000000002,0.0,null,null,La Nina
2003GoM-Pma-00843,Sperm Whale,Vulnerable,28.44298553,-88.90441132000001,2013,7,28.39,0.0,null,null,La Nina
2003GoM-Pma-00843,Sperm Whale,Vulnerable,28.314500000000002,-89.453,2013,7,28.19,0.0,null,null,La Nina
2003GoM-Pma-00843,Sperm Whale,Vulnerable,28.73645592,-88.75776672,2013,7,28.22,0.0,null,null,La Nina
2003GoM-Pma-00843,Sperm Whale,Vulnerable,28.75678825,-88.52191162,2013,7,28.14,0.0,null,null,La Nina
2003GoM-Pma-00843,Sperm Whale,Vulnerable,28.61514854,-88.80123138,2013,7,28.28,0.0,null,null,La Nina
2003GoM-Pma-00843,Sperm Whale,Vulnerable,28.367652890000002,-88.91340637,2013,7,28.39,0.0,null,null,La Nina
2003GoM-Pma-00843,Sperm Whale,Vulnerable,28.803045270000002,-88.48016357,2013,7,28.14,0.0,null,null,La Nina
2003GoM-Pma-00843,Sperm Whale,Vulnerable,28.86804771,-88.49763489,2013,7,28.14,0.0,null,null,La Nina
2003GoM-Pma-00843,Sperm Whale,Vulnerable,28.3026619,-89.17709351,2013,7,28.19,0.0,null,null,La Nina
2003GoM-Pma-00843,Sperm Whale,Vulnerable,28.43856812,-88.84342957,2013,7,28.28,0.0,null,null,La Nina
2003GoM-Pma-00843,Sperm Whale,Vulnerable,28.61216545,-88.92684174,2013,7,28.39,0.0,null,null,La Nina
2003GoM-Pma-00843,Sperm Whale,Vulnerable,28.74637222,-88.54156494,2013,7,28.14,0.0,null,null,La Nina
2003GoM-Pma-00843,Sperm Whale,Vulnerable,28.92075157,-88.43504333,2013,7,28.14,0.0,null,null,La Nina
2003GoM-Pma-00843,Sperm Whale,Vulnerable,28.54508018,-88.88577271,2013,7,28.39,0.0,null,null,La Nina
2003GoM-Pma-00843,Sperm Whale,Vulnerable,28.20067024,-89.50548553,2013,7,28.19,0.0,null,null,La Nina
2003GoM-Pma-00843,Sperm Whale,Vulnerable,28.834032060000002,-88.44177246,2013,7,28.14,0.0,null,null,La Nina
2003GoM-Pma-00843,Sperm Whale,Vulnerable,28.177215580000002,-89.15665436,2013,7,28.19,0.0,null,null,La Nina
2003GoM-Pma-00843,Sperm Whale,Vulnerable,28.97859383,-88.15343475,2013,7,28.17,0.0,null,null,La Nina
2003GoM-Pma-00843,Sperm Whale,Vulnerable,28.10458565,-89.54731749999999,2013,7,28.19,0.0,null,null,La Nina
2003GoM-Pma-00843,Sperm Whale,Vulnerable,28.34639359,-89.06826019,2013,7,28.39,0.0,null,null,La Nina
2003GoM-Pma-00843,Sperm Whale,Vulnerable,28.69971848,-88.75011444,2013,7,28.22,0.0,null,null,La Nina
2003GoM-Pma-00843,Sperm Whale,Vulnerable,28.697751999999998,-88.67160797,2013,7,28.28,0.0,null,null,La Nina
2003GoM-Pma-00843,Sperm Whale,Vulnerable,28.376022340000002,-89.0730896,2013,7,28.39,0.0,null,null,La Nina
2003GoM-Pma-00843,Sperm Whale,Vulnerable,28.86740494,-88.06465149,2013,7,28.17,0.0,null,null,La Nina
2003GoM-Pma-00843,Sperm Whale,Vulnerable,28.65859795,-88.58624268,2013,7,28.28,0.0,null,null,La Nina
2003GoM-Pma-00843,Sperm Whale,Vulnerable,28.8383,-88.3585,2013,7,28.14,0.0,null,null,La Nina
2003GoM-Pma-00843,Sperm Whale,Vulnerable,28.64072037,-88.67147827000001,2013,7,28.28,0.0,null,null,La Nina
2003GoM-Pma-00843,Sperm Whale,Vulnerable,28.15638351,-89.04289246,2013,7,28.400000000000002,0.0,null,null,La Nina
2003GoM-Pma-00843,Sperm Whale,Vulnerable,28.29375458,-89.12445831000001,2013,7,28.39,0.0,null,null,La Nina
2003GoM-Pma-00843,Sperm Whale,Vulnerable,28.29697227,-89.1309967,2013,7,28.39,0.0,null,null,La Nina
2003GoM-Pma-00843,Sperm Whale,Vulnerable,28.3120327,-89.08577728,2013,7,28.39,0.0,null,null,La Nina
2003GoM-Pma-00843,Sperm Whale,Vulnerable,28.8020668,-88.49641418,2013,7,28.14,0.0,null,null,La Nina
2003GoM-Pma-00843,Sperm Whale,Vulnerable,28.68730927,-88.56570435,2013,7,28.28,0.0,null,null,La Nina
2003GoM-Pma-00843,Sperm Whale,Vulnerable,28.35372543,-89.05712128,2013,7,28.39,0.0,null,null,La Nina
2003GoM-Pma-00843,Sperm Whale,Vulnerable,28.84514046,-88.39520264000001,2013,7,28.14,0.0,null,null,La Nina
2003GoM-Pma-00843,Sperm Whale,Vulnerable,28.37267685,-89.11093903,2013,7,28.39,0.0,null,null,La Nina
2003GoM-Pma-00843,Sperm Whale,Vulnerable,28.71901703,-88.52570343000001,2013,7,28.14,0.0,null,null,La Nina
2003GoM-Pma-00843,Sperm Whale,Vulnerable,28.27328873,-89.49516296,2013,7,28.19,0.0,null,null,La Nina
2003GoM-Pma-00843,Sperm Whale,Vulnerable,28.34997368,-89.06690216,2013,7,28.39,0.0,null,null,La Nina
2003GoM-Pma-00843,Sperm Whale,Vulnerable,28.612070080000002,-88.92930603,2013,7,28.39,0.0,null,null,La Nina
2003GoM-Pma-00843,Sperm Whale,Vulnerable,28.24513245,-88.9861908,2013,7,28.400000000000002,0.0,null,null,La Nina
2003GoM-Pma-00843,Sperm Whale,Vulnerable,28.82721138,-88.69091797,2013,7,28.22,0.0,null,null,La Nina
2003GoM-Pma-00843,Sperm Whale,Vulnerable,28.1856041,-89.19634247,2013,7,28.19,0.0,null,null,La Nina
2003GoM-Pma-00843,Sperm Whale,Vulnerable,28.61769867,-88.92754364,2013,7,28.39,0.0,null,null,La Nina
2003GoM-Pma-00843,Sperm Whale,Vulnerable,28.616123199999997,-88.91825104,2013,7,28.39,0.0,null,null,La Nina
2003GoM-Pma-00843,Sperm Whale,Vulnerable,28.354001999999998,-89.05586243,2013,7,28.39,0.0,null,null,La Nina
2003GoM-Pma-00843,Sperm Whale,Vulnerable,28.86559486,-88.49897003,2013,7,28.14,0.0,null,null,La Nina
2003GoM-Pma-00843,Sperm Whale,Vulnerable,28.26397705,-89.17829895,2013,7,28.19,0.0,null,null,La Nina
2003GoM-Pma-00843,Sperm Whale,Vulnerable,28.24900055,-88.9973526,2013,7,28.400000000000002,0.0,null,null,La Nina
2003GoM-Pma-00843,Sperm Whale,Vulnerable,28.656415940000002,-88.78663635,2013,7,28.28,0.0,null,null,La Nina
2003GoM-Pma-00843,Sperm Whale,Vulnerable,28.49526405,-88.91634369,2013,7,28.39,0.0,null,null,La Nina
2003GoM-Pma-00843,Sperm Whale,Vulnerable,28.1037178,-89.54311371,2013,7,28.19,0.0,null,null,La Nina
2003GoM-Pma-00843,Sperm Whale,Vulnerable,28.7817,-88.5013,2013,7,28.14,0.0,null,null,La Nina
2003GoM-Pma-00843,Sperm Whale,Vulnerable,28.28188896,-88.98587036,2013,7,28.400000000000002,0.0,null,null,La Nina
2003GoM-Pma-00843,Sperm Whale,Vulnerable,28.20268059,-89.24625397,2013,7,28.19,0.0,null,null,La Nina
2003GoM-Pma-00843,Sperm Whale,Vulnerable,28.35035706,-89.1256485,2013,7,28.39,0.0,null,null,La Nina
2003GoM-Pma-00843,Sperm Whale,Vulnerable,28.43628502,-88.84600067,2013,7,28.28,0.0,null,null,La Nina
2003GoM-Pma-00843,Sperm Whale,Vulnerable,28.88909912,-88.32748413,2013,7,28.14,0.0,null,null,La Nina
2003GoM-Pma-00843,Sperm Whale,Vulnerable,28.24747086,-88.9642868,2013,7,28.400000000000002,0.0,null,null,La Nina
2003GoM-Pma-00843,Sperm Whale,Vulnerable,28.0780201,-89.58552551,2013,7,28.14,0.0,null,null,La Nina
2003GoM-Pma-00843,Sperm Whale,Vulnerable,28.57599258,-88.76887512,2013,7,28.28,0.0,null,null,La Nina
2003GoM-Pma-00843,Sperm Whale,Vulnerable,28.96720695,-87.98647308,2013,7,28.17,0.0,null,null,La Nina
2003GoM-Pma-00843,Sperm Whale,Vulnerable,28.9292469,-88.04360199,2013,7,28.17,0.0,null,null,La Nina
2003GoM-Pma-00843,Sperm Whale,Vulnerable,28.46408844,-88.92138672,2013,7,28.39,0.0,null,null,La Nina
2003GoM-Pma-00843,Sperm Whale,Vulnerable,28.30396271,-89.14043427,2013,7,28.39,0.0,null,null,La Nina
2003GoM-Pma-00843,Sperm Whale,Vulnerable,28.334407810000002,-89.18321991,2013,7,28.39,0.0,null,null,La Nina
2003GoM-Pma-00843,Sperm Whale,Vulnerable,29.06565857,-88.00975037,2013,7,28.09,0.0,null,null,La Nina
2003GoM-Pma-00843,Sperm Whale,Vulnerable,28.64314461,-88.78069305,2013,7,28.28,0.0,null,null,La Nina
2003GoM-Pma-00843,Sperm Whale,Vulnerable,28.61737442,-88.93044281,2013,7,28.39,0.0,null,null,La Nina
2003GoM-Pma-00843,Sperm Whale,Vulnerable,28.242847440000002,-89.33463287000001,2013,7,28.19,0.0,null,null,La Nina
2003GoM-Pma-00843,Sperm Whale,Vulnerable,29.08885765,-87.99092865,2013,7,28.09,0.0,null,null,La Nina
2003GoM-Pma-00843,Sperm Whale,Vulnerable,28.77375221,-88.50896454000001,2013,7,28.14,0.0,null,null,La Nina
2003GoM-Pma-00843,Sperm Whale,Vulnerable,29.09235573,-88.01609802,2013,7,28.09,0.0,null,null,La Nina
2003GoM-Pma-00843,Sperm Whale,Vulnerable,28.66445732,-88.66455078,2013,7,28.28,0.0,null,null,La Nina
2003GoM-Pma-00843,Sperm Whale,Vulnerable,28.3316,-89.4003,2013,7,28.19,0.0,null,null,La Nina
2003GoM-Pma-00843,Sperm Whale,Vulnerable,28.874298099999997,-88.49340819999999,2013,7,28.14,0.0,null,null,La Nina
2003GoM-Pma-00843,Sperm Whale,Vulnerable,28.21270943,-89.26882172,2013,7,28.19,0.0,null,null,La Nina
2003GoM-Pma-00843,Sperm Whale,Vulnerable,28.84133911,-88.43425751,2013,7,28.14,0.0,null,null,La Nina
2003GoM-Pma-00843,Sperm Whale,Vulnerable,28.54551888,-88.85919189,2013,7,28.28,0.0,null,null,La Nina
2003GoM-Pma-00843,Sperm Whale,Vulnerable,28.33852005,-89.4601059,2013,7,28.18,0.0,null,null,La Nina
2003GoM-Pma-00843,Sperm Whale,Vulnerable,29.01381111,-87.93475342,2013,7,28.17,0.0,null,null,La Nina
2003GoM-Pma-00843,Sperm Whale,Vulnerable,28.335527420000002,-89.46531677,2013,7,28.18,0.0,null,null,La Nina
2003GoM-Pma-00843,Sperm Whale,Vulnerable,28.879333499999998,-88.10116577000001,2013,7,28.17,0.0,null,null,La Nina
2003GoM-Pma-00843,Sperm Whale,Vulnerable,28.649848940000002,-88.87458801,2013,7,28.22,0.0,null,null,La Nina
2003GoM-Pma-00843,Sperm Whale,Vulnerable,28.58063507,-88.81034088,2013,7,28.28,0.0,null,null,La Nina
2003GoM-Pma-00843,Sperm Whale,Vulnerable,28.68126869,-88.87032318,2013,7,28.22,0.0,null,null,La Nina
2003GoM-Pma-00843,Sperm Whale,Vulnerable,28.66707802,-88.88064575,2013,7,28.22,0.0,null,null,La Nina
2003GoM-Pma-00843,Sperm Whale,Vulnerable,28.67024803,-88.80103302,2013,7,28.22,0.0,null,null,La Nina
2003GoM-Pma-00843,Sperm Whale,Vulnerable,28.38437653,-88.82666016,2013,7,28.28,0.0,null,null,La Nina
2003GoM-Pma-00843,Sperm Whale,Vulnerable,28.80682373,-88.51493835000001,2013,7,28.14,0.0,null,null,La Nina
2003GoM-Pma-00843,Sperm Whale,Vulnerable,28.12171936,-89.00593567,2013,7,28.400000000000002,0.0,null,null,La Nina
2003GoM-Pma-00843,Sperm Whale,Vulnerable,28.70762062,-88.67743683,2013,7,28.28,0.0,null,null,La Nina
2003GoM-Pma-00843,Sperm Whale,Vulnerable,28.078557970000002,-89.12699889999999,2013,7,28.19,0.0,null,null,La Nina
2003GoM-Pma-00843,Sperm Whale,Vulnerable,28.6431179,-88.77940369,2013,7,28.28,0.0,null,null,La Nina
2003GoM-Pma-00843,Sperm Whale,Vulnerable,28.8136425,-88.29410553,2013,7,28.14,0.0,null,null,La Nina
2003GoM-Pma-00843,Sperm Whale,Vulnerable,28.29072952,-89.09948729999999,2013,7,28.39,0.0,null,null,La Nina
2003GoM-Pma-00843,Sperm Whale,Vulnerable,28.60079384,-88.75409698,2013,7,28.28,0.0,null,null,La Nina
2003GoM-Pma-00843,Sperm Whale,Vulnerable,28.77767563,-88.51763916,2013,7,28.14,0.0,null,null,La Nina
2003GoM-Pma-00843,Sperm Whale,Vulnerable,28.66514587,-88.87324524,2013,7,28.22,0.0,null,null,La Nina
2003GoM-Pma-00843,Sperm Whale,Vulnerable,28.78064156,-88.27613068000001,2013,7,28.14,0.0,null,null,La Nina
2003GoM-Pma-00843,Sperm Whale,Vulnerable,28.44577026,-88.84844971,2013,7,28.28,0.0,null,null,La Nina
2003GoM-Pma-00843,Sperm Whale,Vulnerable,28.34427071,-88.88021088,2013,7,28.400000000000002,0.0,null,null,La Nina
2003GoM-Pma-00843,Sperm Whale,Vulnerable,28.214052199999998,-89.26992035,2013,7,28.19,0.0,null,null,La Nina
2003GoM-Pma-00843,Sperm Whale,Vulnerable,28.60284042,-88.76074219,2013,7,28.28,0.0,null,null,La Nina
2003GoM-Pma-00843,Sperm Whale,Vulnerable,28.42573547,-88.78974152,2013,7,28.28,0.0,null,null,La Nina
2003GoM-Pma-00843,Sperm Whale,Vulnerable,28.637353899999997,-88.61821747,2013,7,28.28,0.0,null,null,La Nina
2003GoM-Pma-00843,Sperm Whale,Vulnerable,28.883564,-88.16882324000001,2013,7,28.17,0.0,null,null,La Nina
2003GoM-Pma-00843,Sperm Whale,Vulnerable,28.32350159,-88.93198395,2013,7,28.400000000000002,0.0,null,null,La Nina
2003GoM-Pma-00843,Sperm Whale,Vulnerable,28.724500000000003,-88.5331,2013,7,28.14,0.0,null,null,La Nina
2003GoM-Pma-00843,Sperm Whale,Vulnerable,28.33946419,-88.93018341,2013,7,28.400000000000002,0.0,null,null,La Nina
2003GoM-Pma-00843,Sperm Whale,Vulnerable,28.50621796,-88.84590149,2013,7,28.28,0.0,null,null,La Nina
2003GoM-Pma-00843,Sperm Whale,Vulnerable,28.83958054,-88.35585022000001,2013,7,28.14,0.0,null,null,La Nina
2003GoM-Pma-00843,Sperm Whale,Vulnerable,28.52053833,-88.80809021,2013,7,28.28,0.0,null,null,La Nina
2003GoM-Pma-00843,Sperm Whale,Vulnerable,28.40350533,-88.78518677,2013,7,28.28,0.0,null,null,La Nina
2003GoM-Pma-00843,Sperm Whale,Vulnerable,28.70067215,-88.5357666,2013,7,28.14,0.0,null,null,La Nina
2003GoM-Pma-00843,Sperm Whale,Vulnerable,28.29383659,-89.15943909,2013,7,28.19,0.0,null,null,La Nina
2003GoM-Pma-00843,Sperm Whale,Vulnerable,28.8378582,-88.67847443000001,2013,7,28.22,0.0,null,null,La Nina
2003GoM-Pma-00843,Sperm Whale,Vulnerable,29.01214981,-87.93530273,2013,7,28.17,0.0,null,null,La Nina
2003GoM-Pma-00843,Sperm Whale,Vulnerable,28.79524422,-88.53921509,2013,7,28.14,0.0,null,null,La Nina
2003GoM-Pma-00843,Sperm Whale,Vulnerable,28.31363869,-89.08248901,2013,7,28.39,0.0,null,null,La Nina
2003GoM-Pma-00843,Sperm Whale,Vulnerable,28.87210083,-88.53843689,2013,7,28.14,0.0,null,null,La Nina
2003GoM-Pma-00843,Sperm Whale,Vulnerable,28.30499649,-88.92123413,2013,7,28.400000000000002,0.0,null,null,La Nina
2003GoM-Pma-00843,Sperm Whale,Vulnerable,28.53450584,-88.85552216,2013,7,28.28,0.0,null,null,La Nina
2003GoM-Pma-00843,Sperm Whale,Vulnerable,28.87221909,-88.05461121,2013,7,28.17,0.0,null,null,La Nina
2003GoM-Pma-00843,Sperm Whale,Vulnerable,28.26601219,-89.19129181,2013,7,28.19,0.0,null,null,La Nina
2003GoM-Pma-00843,Sperm Whale,Vulnerable,28.862215040000002,-88.30887604,2013,7,28.14,0.0,null,null,La Nina
2003GoM-Pma-00843,Sperm Whale,Vulnerable,28.30034256,-89.44252014,2013,7,28.19,0.0,null,null,La Nina
2003GoM-Pma-00843,Sperm Whale,Vulnerable,28.191860199999997,-89.49898529000001,2013,7,28.19,0.0,null,null,La Nina
2003GoM-Pma-00843,Sperm Whale,Vulnerable,28.38976097,-89.10182189999999,2013,7,28.39,0.0,null,null,La Nina
2003GoM-Pma-00843,Sperm Whale,Vulnerable,28.69746017,-88.71649169999999,2013,7,28.28,0.0,null,null,La Nina
2003GoM-Pma-00843,Sperm Whale,Vulnerable,28.75171852,-88.46482849,2013,7,28.14,0.0,null,null,La Nina
2003GoM-Pma-00843,Sperm Whale,Vulnerable,28.699491499999997,-88.69205475,2013,7,28.28,0.0,null,null,La Nina
2003GoM-Pma-00843,Sperm Whale,Vulnerable,28.08868408,-89.11026001,2013,7,28.19,0.0,null,null,La Nina
2003GoM-Pma-00843,Sperm Whale,Vulnerable,28.86528969,-88.0721283,2013,7,28.17,0.0,null,null,La Nina
2003GoM-Pma-00843,Sperm Whale,Vulnerable,28.68647194,-88.83451079999999,2013,7,28.22,0.0,null,null,La Nina
2003GoM-Pma-00843,Sperm Whale,Vulnerable,28.26920319,-89.47058868,2013,7,28.19,0.0,null,null,La Nina
2003GoM-Pma-00843,Sperm Whale,Vulnerable,28.87802315,-88.15473938,2013,7,28.17,0.0,null,null,La Nina
2003GoM-Pma-00843,Sperm Whale,Vulnerable,28.75326157,-88.53307343,2013,7,28.14,0.0,null,null,La Nina
2003GoM-Pma-00843,Sperm Whale,Vulnerable,28.63246727,-88.62077332,2013,7,28.28,0.0,null,null,La Nina
2003GoM-Pma-00843,Sperm Whale,Vulnerable,28.31139183,-89.1472702,2013,7,28.39,0.0,null,null,La Nina
2003GoM-Pma-00843,Sperm Whale,Vulnerable,28.868100000000002,-88.0634,2013,7,28.17,0.0,null,null,La Nina
2003GoM-Pma-00843,Sperm Whale,Vulnerable,28.27046585,-88.95542145,2013,7,28.400000000000002,0.0,null,null,La Nina
2003GoM-Pma-00843,Sperm Whale,Vulnerable,28.25295448,-88.9949646,2013,7,28.400000000000002,0.0,null,null,La Nina
2003GoM-Pma-00843,Sperm Whale,Vulnerable,28.744500000000002,-88.5331,2013,7,28.14,0.0,null,null,La Nina
2003GoM-Pma-00843,Sperm Whale,Vulnerable,28.89488029,-88.06363678,2013,7,28.17,0.0,null,null,La Nina
2003GoM-Pma-00843,Sperm Whale,Vulnerable,28.74722099,-88.52011108,2013,7,28.14,0.0,null,null,La Nina
2003GoM-Pma-00843,Sperm Whale,Vulnerable,28.67931747,-88.86380005000001,2013,7,28.22,0.0,null,null,La Nina
2003GoM-Pma-00843,Sperm Whale,Vulnerable,28.156007770000002,-89.0995636,2013,7,28.400000000000002,0.0,null,null,La Nina
2003GoM-Pma-00843,Sperm Whale,Vulnerable,28.93514252,-88.00950623,2013,7,28.17,0.0,null,null,La Nina
2003GoM-Pma-00843,Sperm Whale,Vulnerable,28.26743507,-89.44146729,2013,7,28.19,0.0,null,null,La Nina
2003GoM-Pma-00843,Sperm Whale,Vulnerable,28.86807251,-88.07579041,2013,7,28.17,0.0,null,null,La Nina
2003GoM-Pma-00843,Sperm Whale,Vulnerable,28.755317690000002,-88.53072357,2013,7,28.14,0.0,null,null,La Nina
2003GoM-Pma-00843,Sperm Whale,Vulnerable,28.23291588,-89.30068969999999,2013,7,28.19,0.0,null,null,La Nina
2003GoM-Pma-00843,Sperm Whale,Vulnerable,28.69873619,-88.59864807,2013,7,28.28,0.0,null,null,La Nina
2003GoM-Pma-00843,Sperm Whale,Vulnerable,28.96689606,-88.02579498,2013,7,28.17,0.0,null,null,La Nina
2003GoM-Pma-00843,Sperm Whale,Vulnerable,28.19208336,-89.13256836000001,2013,7,28.19,0.0,null,null,La Nina
2003GoM-Pma-00843,Sperm Whale,Vulnerable,28.20550728,-89.22642517,2013,7,28.19,0.0,null,null,La Nina
2003GoM-Pma-00843,Sperm Whale,Vulnerable,28.94163895,-88.0821991,2013,7,28.17,0.0,null,null,La Nina
2003GoM-Pma-00843,Sperm Whale,Vulnerable,28.54756546,-88.83480835,2013,7,28.28,0.0,null,null,La Nina
2003GoM-Pma-00843,Sperm Whale,Vulnerable,28.39338112,-88.78210449000001,2013,7,28.28,0.0,null,null,La Nina
2003GoM-Pma-00843,Sperm Whale,Vulnerable,28.623106,-88.88968658,2013,7,28.39,0.0,null,null,La Nina
2003GoM-Pma-00843,Sperm Whale,Vulnerable,28.15765572,-89.10070038,2013,7,28.400000000000002,0.0,null,null,La Nina
2003GoM-Pma-00843,Sperm Whale,Vulnerable,28.29881859,-89.41098022,2013,7,28.19,0.0,null,null,La Nina
2003GoM-Pma-00843,Sperm Whale,Vulnerable,28.65343666,-88.60633849999999,2013,7,28.28,0.0,null,null,La Nina
2003GoM-Pma-00843,Sperm Whale,Vulnerable,29.08823204,-87.99121094,2013,7,28.09,0.0,null,null,La Nina
2003GoM-Pma-00843,Sperm Whale,Vulnerable,28.12612152,-89.00326538,2013,7,28.400000000000002,0.0,null,null,La Nina
2003GoM-Pma-00843,Sperm Whale,Vulnerable,28.328897480000002,-88.93921661,2013,7,28.400000000000002,0.0,null,null,La Nina
2003GoM-Pma-00843,Sperm Whale,Vulnerable,28.3068924,-88.96430969000001,2013,7,28.400000000000002,0.0,null,null,La Nina
2003GoM-Pma-00843,Sperm Whale,Vulnerable,28.39268684,-88.95249176,2013,7,28.39,0.0,null,null,La Nina
2003GoM-Pma-00843,Sperm Whale,Vulnerable,28.30680275,-89.12349701000001,2013,7,28.39,0.0,null,null,La Nina
2003GoM-Pma-00843,Sperm Whale,Vulnerable,28.87269211,-88.04768372,2013,7,28.17,0.0,null,null,La Nina
2003GoM-Pma-00843,Sperm Whale,Vulnerable,28.32318878,-88.92040253,2013,7,28.400000000000002,0.0,null,null,La Nina
2003GoM-Pma-00843,Sperm Whale,Vulnerable,28.86961555,-88.56747437,2013,7,28.14,0.0,null,null,La Nina
2003GoM-Pma-00843,Sperm Whale,Vulnerable,28.68616295,-88.66853333,2013,7,28.28,0.0,null,null,La Nina
2003GoM-Pma-00843,Sperm Whale,Vulnerable,29.06366348,-88.00859833,2013,7,28.09,0.0,null,null,La Nina
2003GoM-Pma-00843,Sperm Whale,Vulnerable,28.31326485,-89.34203339,2013,7,28.19,0.0,null,null,La Nina
2003GoM-Pma-00843,Sperm Whale,Vulnerable,28.633758540000002,-88.61886597,2013,7,28.28,0.0,null,null,La Nina
2003GoM-Pma-00843,Sperm Whale,Vulnerable,28.11348915,-89.10579681,2013,7,28.19,0.0,null,null,La Nina
2003GoM-Pma-00843,Sperm Whale,Vulnerable,28.81394958,-88.35698699999999,2013,7,28.14,0.0,null,null,La Nina
2003GoM-Pma-00843,Sperm Whale,Vulnerable,28.30460167,-88.9662323,2013,7,28.400000000000002,0.0,null,null,La Nina
2003GoM-Pma-00843,Sperm Whale,Vulnerable,28.35412216,-88.91590118,2013,7,28.400000000000002,0.0,null,null,La Nina
2003GoM-Pma-00843,Sperm Whale,Vulnerable,28.32613945,-89.42014313,2013,7,28.19,0.0,null,null,La Nina
2003GoM-Pma-00843,Sperm Whale,Vulnerable,28.700100000000003,-88.53670000000001,2013,7,28.14,0.0,null,null,La Nina
2003GoM-Pma-00843,Sperm Whale,Vulnerable,28.32364082,-88.91774749999999,2013,7,28.400000000000002,0.0,null,null,La Nina
2003GoM-Pma-00843,Sperm Whale,Vulnerable,28.67793274,-88.65746307,2013,7,28.28,0.0,null,null,La Nina
2003GoM-Pma-00843,Sperm Whale,Vulnerable,28.74578667,-88.54507446,2013,7,28.14,0.0,null,null,La Nina
2003GoM-Pma-00843,Sperm Whale,Vulnerable,28.227258680000002,-89.00360107,2013,7,28.400000000000002,0.0,null,null,La Nina
2003GoM-Pma-00843,Sperm Whale,Vulnerable,28.31651497,-89.26920319,2013,7,28.19,0.0,null,null,La Nina
2003GoM-Pma-00843,Sperm Whale,Vulnerable,28.23190689,-89.29897308,2013,7,28.19,0.0,null,null,La Nina
2003GoM-Pma-00843,Sperm Whale,Vulnerable,29.00011444,-88.00045776,2013,7,28.17,0.0,null,null,La Nina
2003GoM-Pma-00843,Sperm Whale,Vulnerable,28.80299377,-88.49481964,2013,7,28.14,0.0,null,null,La Nina
2003GoM-Pma-00843,Sperm Whale,Vulnerable,28.90472221,-88.47070313,2013,7,28.14,0.0,null,null,La Nina
2003GoM-Pma-00843,Sperm Whale,Vulnerable,28.697652820000002,-88.67293549,2013,7,28.28,0.0,null,null,La Nina
2003GoM-Pma-00843,Sperm Whale,Vulnerable,28.86061668,-88.31174469,2013,7,28.14,0.0,null,null,La Nina
2003GoM-Pma-00843,Sperm Whale,Vulnerable,28.87195396,-88.05722809,2013,7,28.17,0.0,null,null,La Nina
2003GoM-Pma-00843,Sperm Whale,Vulnerable,28.51439667,-88.86211395000001,2013,7,28.28,0.0,null,null,La Nina
2003GoM-Pma-00843,Sperm Whale,Vulnerable,28.884800000000002,-88.03710000000001,2013,7,28.17,0.0,null,null,La Nina
2003GoM-Pma-00843,Sperm Whale,Vulnerable,29.0666256,-87.96183014,2013,7,28.17,0.0,null,null,La Nina
2003GoM-Pma-00843,Sperm Whale,Vulnerable,28.899173740000002,-88.20319366,2013,7,28.14,0.0,null,null,La Nina
2003GoM-Pma-00843,Sperm Whale,Vulnerable,28.865421299999998,-88.06985474,2013,7,28.17,0.0,null,null,La Nina
2003GoM-Pma-00843,Sperm Whale,Vulnerable,28.710659030000002,-88.64360809,2013,7,28.28,0.0,null,null,La Nina
2003GoM-Pma-00843,Sperm Whale,Vulnerable,28.28841019,-89.08267212,2013,7,28.39,0.0,null,null,La Nina
2003GoM-Pma-00843,Sperm Whale,Vulnerable,28.65091133,-88.62837982,2013,7,28.28,0.0,null,null,La Nina
2003GoM-Pma-00843,Sperm Whale,Vulnerable,28.901920320000002,-88.23763275,2013,7,28.14,0.0,null,null,La Nina
2003GoM-Pma-00843,Sperm Whale,Vulnerable,28.66725731,-88.59305573,2013,7,28.28,0.0,null,null,La Nina
2003GoM-Pma-00843,Sperm Whale,Vulnerable,28.63804626,-88.79255676,2013,7,28.28,0.0,null,null,La Nina
2003GoM-Pma-00843,Sperm Whale,Vulnerable,29.061513899999998,-88.17894745,2013,7,28.09,0.0,null,null,La Nina
2003GoM-Pma-00843,Sperm Whale,Vulnerable,28.739645,-88.54731749999999,2013,7,28.14,0.0,null,null,La Nina
2003GoM-Pma-00843,Sperm Whale,Vulnerable,28.68852425,-88.79036713,2013,7,28.22,0.0,null,null,La Nina
2003GoM-Pma-00843,Sperm Whale,Vulnerable,28.68728065,-88.75562286,2013,7,28.22,0.0,null,null,La Nina
2003GoM-Pma-00843,Sperm Whale,Vulnerable,28.410300000000003,-88.8439,2013,7,28.28,0.0,null,null,La Nina
2003GoM-Pma-00843,Sperm Whale,Vulnerable,28.555025099999998,-88.82987213,2013,7,28.28,0.0,null,null,La Nina
2003GoM-Pma-00843,Sperm Whale,Vulnerable,28.99074745,-88.19403839,2013,7,28.09,0.0,null,null,La Nina
2003GoM-Pma-00843,Sperm Whale,Vulnerable,29.11708069,-87.99306488,2013,7,28.09,0.0,null,null,La Nina
2003GoM-Pma-00843,Sperm Whale,Vulnerable,28.63067055,-88.65490723,2013,7,28.28,0.0,null,null,La Nina
2003GoM-Pma-00843,Sperm Whale,Vulnerable,28.39429474,-88.91046906,2013,7,28.39,0.0,null,null,La Nina
2003GoM-Pma-00843,Sperm Whale,Vulnerable,28.75218964,-88.59501648,2013,7,28.14,0.0,null,null,La Nina
2003GoM-Pma-00843,Sperm Whale,Vulnerable,28.14849091,-88.97010039999999,2013,7,28.400000000000002,0.0,null,null,La Nina
2003GoM-Pma-00843,Sperm Whale,Vulnerable,29.11788177,-87.99168396,2013,7,28.09,0.0,null,null,La Nina
2003GoM-Pma-00843,Sperm Whale,Vulnerable,28.60013199,-88.75608063,2013,7,28.28,0.0,null,null,La Nina
2003GoM-Pma-00843,Sperm Whale,Vulnerable,28.41008949,-89.02587891,2013,7,28.39,0.0,null,null,La Nina
2003GoM-Pma-00843,Sperm Whale,Vulnerable,28.29141808,-89.10674286,2013,7,28.39,0.0,null,null,La Nina
2003GoM-Pma-00843,Sperm Whale,Vulnerable,28.74251556,-88.53355408,2013,7,28.14,0.0,null,null,La Nina
2003GoM-Pma-00843,Sperm Whale,Vulnerable,28.77266121,-88.24417114,2013,7,28.14,0.0,null,null,La Nina
2003GoM-Pma-00843,Sperm Whale,Vulnerable,28.415359499999997,-88.88528442,2013,7,28.39,0.0,null,null,La Nina
2003GoM-Pma-00843,Sperm Whale,Vulnerable,28.19200325,-89.22525787000001,2013,7,28.19,0.0,null,null,La Nina
2003GoM-Pma-00843,Sperm Whale,Vulnerable,28.75975418,-88.54651642,2013,7,28.14,0.0,null,null,La Nina
2003GoM-Pma-00843,Sperm Whale,Vulnerable,28.6709671,-88.61595917,2013,7,28.28,0.0,null,null,La Nina
2003GoM-Pma-00843,Sperm Whale,Vulnerable,28.97776794,-88.28056335000001,2013,7,28.14,0.0,null,null,La Nina
2003GoM-Pma-00843,Sperm Whale,Vulnerable,28.51331902,-88.73538971,2013,7,28.28,0.0,null,null,La Nina
2003GoM-Pma-00843,Sperm Whale,Vulnerable,28.27231026,-88.98473358,2013,7,28.400000000000002,0.0,null,null,La Nina
2003GoM-Pma-00843,Sperm Whale,Vulnerable,28.21133995,-89.02119446,2013,7,28.400000000000002,0.0,null,null,La Nina
2003GoM-Pma-00843,Sperm Whale,Vulnerable,28.59296989,-88.8946991,2013,7,28.39,0.0,null,null,La Nina
2003GoM-Pma-00843,Sperm Whale,Vulnerable,28.652845380000002,-88.6062851,2013,7,28.28,0.0,null,null,La Nina
2003GoM-Pma-00843,Sperm Whale,Vulnerable,28.26871109,-89.44039917,2013,7,28.19,0.0,null,null,La Nina
2003GoM-Pma-00843,Sperm Whale,Vulnerable,28.83582687,-88.40091705,2013,7,28.14,0.0,null,null,La Nina
2003GoM-Pma-00843,Sperm Whale,Vulnerable,28.68975258,-88.62328339,2013,7,28.28,0.0,null,null,La Nina
2003GoM-Pma-00843,Sperm Whale,Vulnerable,28.91449738,-88.01541138,2013,7,28.17,0.0,null,null,La Nina
2003GoM-Pma-00843,Sperm Whale,Vulnerable,28.69296837,-88.62850952000001,2013,7,28.28,0.0,null,null,La Nina
2003GoM-Pma-00843,Sperm Whale,Vulnerable,28.401933670000002,-88.79351807,2013,7,28.28,0.0,null,null,La Nina
2003GoM-Pma-00843,Sperm Whale,Vulnerable,29.07347679,-88.00863647,2013,7,28.09,0.0,null,null,La Nina
2003GoM-Pma-00843,Sperm Whale,Vulnerable,28.5471611,-88.85935974,2013,7,28.28,0.0,null,null,La Nina
2003GoM-Pma-00843,Sperm Whale,Vulnerable,28.71059036,-88.6453476,2013,7,28.28,0.0,null,null,La Nina
2003GoM-Pma-00843,Sperm Whale,Vulnerable,28.692817690000002,-88.69543457,2013,7,28.28,0.0,null,null,La Nina
2003GoM-Pma-00843,Sperm Whale,Vulnerable,28.6801796,-88.86238098,2013,7,28.22,0.0,null,null,La Nina
2003GoM-Pma-00843,Sperm Whale,Vulnerable,28.221389770000002,-89.28222656,2013,7,28.19,0.0,null,null,La Nina
2003GoM-Pma-00843,Sperm Whale,Vulnerable,28.16145897,-89.50914001,2013,7,28.19,0.0,null,null,La Nina
2003GoM-Pma-00843,Sperm Whale,Vulnerable,28.72995377,-88.55412292,2013,7,28.14,0.0,null,null,La Nina
2003GoM-Pma-00843,Sperm Whale,Vulnerable,28.688253399999997,-88.79128265,2013,7,28.22,0.0,null,null,La Nina
2003GoM-Pma-00843,Sperm Whale,Vulnerable,28.251583099999998,-89.47653198,2013,7,28.19,0.0,null,null,La Nina
2003GoM-Pma-00843,Sperm Whale,Vulnerable,28.70629501,-88.50923157,2013,7,28.14,0.0,null,null,La Nina
2003GoM-Pma-00843,Sperm Whale,Vulnerable,28.69941711,-88.84297943,2013,7,28.22,0.0,null,null,La Nina
2003GoM-Pma-00843,Sperm Whale,Vulnerable,28.08169174,-89.57847595,2013,7,28.14,0.0,null,null,La Nina
2003GoM-Pma-00843,Sperm Whale,Vulnerable,28.56845856,-88.89488983,2013,7,28.39,0.0,null,null,La Nina
2003GoM-Pma-00843,Sperm Whale,Vulnerable,28.778715130000002,-88.54940796,2013,7,28.14,0.0,null,null,La Nina
2003GoM-Pma-00843,Sperm Whale,Vulnerable,28.352172850000002,-89.12479401,2013,7,28.39,0.0,null,null,La Nina
2003GoM-Pma-00843,Sperm Whale,Vulnerable,28.629068370000002,-88.7331543,2013,7,28.28,0.0,null,null,La Nina
2003GoM-Pma-00843,Sperm Whale,Vulnerable,28.30264282,-88.98845673,2013,7,28.400000000000002,0.0,null,null,La Nina
2003GoM-Pma-00843,Sperm Whale,Vulnerable,28.96614647,-88.36696625,2013,7,28.14,0.0,null,null,La Nina
2003GoM-Pma-00843,Sperm Whale,Vulnerable,28.972803120000002,-88.23361206,2013,7,28.14,0.0,null,null,La Nina
2003GoM-Pma-00843,Sperm Whale,Vulnerable,28.549860000000002,-88.79207611,2013,7,28.28,0.0,null,null,La Nina
2003GoM-Pma-00843,Sperm Whale,Vulnerable,28.67820549,-88.76071929999999,2013,7,28.28,0.0,null,null,La Nina
2003GoM-Pma-00843,Sperm Whale,Vulnerable,28.29379654,-89.37086487,2013,7,28.19,0.0,null,null,La Nina
2003GoM-Pma-00843,Sperm Whale,Vulnerable,29.06628799,-88.19828033,2013,7,28.09,0.0,null,null,La Nina
2003GoM-Pma-00843,Sperm Whale,Vulnerable,28.825607299999998,-88.46485138,2013,7,28.14,0.0,null,null,La Nina
2003GoM-Pma-00843,Sperm Whale,Vulnerable,28.9780426,-88.32292938,2013,7,28.14,0.0,null,null,La Nina
2003GoM-Pma-00843,Sperm Whale,Vulnerable,28.390165330000002,-88.78089905,2013,7,28.28,0.0,null,null,La Nina
2003GoM-Pma-00843,Sperm Whale,Vulnerable,28.31727791,-89.43504333,2013,7,28.19,0.0,null,null,La Nina
2003GoM-Pma-00843,Sperm Whale,Vulnerable,28.64988899,-88.60694122,2013,7,28.28,0.0,null,null,La Nina
2003GoM-Pma-00843,Sperm Whale,Vulnerable,28.61394691,-88.92403412,2013,7,28.39,0.0,null,null,La Nina
2003GoM-Pma-00843,Sperm Whale,Vulnerable,28.31114388,-88.94593048,2013,7,28.400000000000002,0.0,null,null,La Nina
2003GoM-Pma-00843,Sperm Whale,Vulnerable,28.86887169,-88.10771942,2013,7,28.17,0.0,null,null,La Nina
2003GoM-Pma-00843,Sperm Whale,Vulnerable,28.16343307,-88.96897125,2013,7,28.400000000000002,0.0,null,null,La Nina
2003GoM-Pma-00843,Sperm Whale,Vulnerable,28.37153244,-88.85799408,2013,7,28.400000000000002,0.0,null,null,La Nina
2003GoM-Pma-00843,Sperm Whale,Vulnerable,28.90314293,-88.23686218,2013,7,28.14,0.0,null,null,La Nina
2003GoM-Pma-00843,Sperm Whale,Vulnerable,28.27690315,-88.95775604,2013,7,28.400000000000002,0.0,null,null,La Nina
2003GoM-Pma-00843,Sperm Whale,Vulnerable,28.250356670000002,-89.40986633,2013,7,28.19,0.0,null,null,La Nina
2003GoM-Pma-00843,Sperm Whale,Vulnerable,28.87012863,-88.08100128,2013,7,28.17,0.0,null,null,La Nina
2003GoM-Pma-00843,Sperm Whale,Vulnerable,28.584295270000002,-88.81219482,2013,7,28.28,0.0,null,null,La Nina
2003GoM-Pma-00843,Sperm Whale,Vulnerable,28.87028503,-88.09643555,2013,7,28.17,0.0,null,null,La Nina
2003GoM-Pma-00843,Sperm Whale,Vulnerable,28.83584404,-88.51164246,2013,7,28.14,0.0,null,null,La Nina
2003GoM-Pma-00843,Sperm Whale,Vulnerable,28.87909317,-88.04301453000001,2013,7,28.17,0.0,null,null,La Nina
2003GoM-Pma-00843,Sperm Whale,Vulnerable,28.49153519,-88.82965088,2013,7,28.28,0.0,null,null,La Nina
2003GoM-Pma-00843,Sperm Whale,Vulnerable,28.58831787,-88.90225219999999,2013,7,28.39,0.0,null,null,La Nina
2003GoM-Pma-00843,Sperm Whale,Vulnerable,28.887400000000003,-88.32820000000001,2013,7,28.14,0.0,null,null,La Nina
2003GoM-Pma-00843,Sperm Whale,Vulnerable,28.71994019,-88.55760956,2013,7,28.14,0.0,null,null,La Nina
2003GoM-Pma-00843,Sperm Whale,Vulnerable,28.14510727,-89.00948334,2013,7,28.400000000000002,0.0,null,null,La Nina
2003GoM-Pma-00843,Sperm Whale,Vulnerable,28.07981491,-89.57875061,2013,7,28.14,0.0,null,null,La Nina
2003GoM-Pma-00843,Sperm Whale,Vulnerable,28.63031197,-88.73309326,2013,7,28.28,0.0,null,null,La Nina
2003GoM-Pma-00843,Sperm Whale,Vulnerable,28.30902863,-89.09308624,2013,7,28.39,0.0,null,null,La Nina
2003GoM-Pma-00843,Sperm Whale,Vulnerable,28.36391258,-88.95986176,2013,7,28.39,0.0,null,null,La Nina
2003GoM-Pma-00843,Sperm Whale,Vulnerable,28.8143177,-88.35993958,2013,7,28.14,0.0,null,null,La Nina
2003GoM-Pma-00843,Sperm Whale,Vulnerable,28.316246030000002,-89.09194946,2013,7,28.39,0.0,null,null,La Nina
2003GoM-Pma-00843,Sperm Whale,Vulnerable,28.4980011,-88.91500854,2013,7,28.39,0.0,null,null,La Nina
2003GoM-Pma-00843,Sperm Whale,Vulnerable,28.5614109,-88.89561462,2013,7,28.39,0.0,null,null,La Nina
2003GoM-Pma-00843,Sperm Whale,Vulnerable,28.67284966,-88.64016724,2013,7,28.28,0.0,null,null,La Nina
2003GoM-Pma-00843,Sperm Whale,Vulnerable,28.73366737,-88.47364807,2013,7,28.14,0.0,null,null,La Nina
2003GoM-Pma-00843,Sperm Whale,Vulnerable,28.6732,-88.8717,2013,7,28.22,0.0,null,null,La Nina
2003GoM-Pma-00843,Sperm Whale,Vulnerable,28.82069016,-88.51106262,2013,7,28.14,0.0,null,null,La Nina
2003GoM-Pma-00843,Sperm Whale,Vulnerable,28.1458168,-89.0087738,2013,7,28.400000000000002,0.0,null,null,La Nina
2003GoM-Pma-00843,Sperm Whale,Vulnerable,28.26850128,-89.46846008,2013,7,28.19,0.0,null,null,La Nina
2003GoM-Pma-00843,Sperm Whale,Vulnerable,28.20506859,-89.03082275,2013,7,28.400000000000002,0.0,null,null,La Nina
2003GoM-Pma-00843,Sperm Whale,Vulnerable,28.713974,-88.52269745,2013,7,28.14,0.0,null,null,La Nina
2003GoM-Pma-00843,Sperm Whale,Vulnerable,28.40917015,-88.84087372,2013,7,28.28,0.0,null,null,La Nina
2003GoM-Pma-00843,Sperm Whale,Vulnerable,28.100463870000002,-89.08501434,2013,7,28.400000000000002,0.0,null,null,La Nina
2003GoM-Pma-00843,Sperm Whale,Vulnerable,28.69844627,-88.6736145,2013,7,28.28,0.0,null,null,La Nina
2003GoM-Pma-00843,Sperm Whale,Vulnerable,28.19166756,-89.13328552,2013,7,28.19,0.0,null,null,La Nina
2003GoM-Pma-00843,Sperm Whale,Vulnerable,28.48308754,-88.73213196,2013,7,28.28,0.0,null,null,La Nina
2003GoM-Pma-00843,Sperm Whale,Vulnerable,28.3846283,-88.82197571,2013,7,28.28,0.0,null,null,La Nina
2003GoM-Pma-00843,Sperm Whale,Vulnerable,28.07961655,-89.58114624,2013,7,28.14,0.0,null,null,La Nina
2003GoM-Pma-00843,Sperm Whale,Vulnerable,28.38689041,-88.81361389,2013,7,28.28,0.0,null,null,La Nina
2003GoM-Pma-00843,Sperm Whale,Vulnerable,28.54613304,-88.88681793,2013,7,28.39,0.0,null,null,La Nina
2003GoM-Pma-00843,Sperm Whale,Vulnerable,29.07403374,-88.08092499,2013,7,28.09,0.0,null,null,La Nina
2003GoM-Pma-00843,Sperm Whale,Vulnerable,28.719966890000002,-88.52466583,2013,7,28.14,0.0,null,null,La Nina
2003GoM-Pma-00843,Sperm Whale,Vulnerable,28.88328934,-88.16896057,2013,7,28.17,0.0,null,null,La Nina
2003GoM-Pma-00843,Sperm Whale,Vulnerable,28.19141006,-89.16619873,2013,7,28.19,0.0,null,null,La Nina
2003GoM-Pma-00843,Sperm Whale,Vulnerable,28.3107,-88.9475,2013,7,28.400000000000002,0.0,null,null,La Nina
2003GoM-Pma-00843,Sperm Whale,Vulnerable,28.63545609,-88.62203217,2013,7,28.28,0.0,null,null,La Nina
2003GoM-Pma-00843,Sperm Whale,Vulnerable,28.38419342,-88.79669952,2013,7,28.28,0.0,null,null,La Nina
2003GoM-Pma-00843,Sperm Whale,Vulnerable,28.408056260000002,-88.93238068000001,2013,7,28.39,0.0,null,null,La Nina
2003GoM-Pma-00843,Sperm Whale,Vulnerable,28.70111656,-88.84251404,2013,7,28.22,0.0,null,null,La Nina
2003GoM-Pma-00843,Sperm Whale,Vulnerable,28.90010071,-88.28222656,2013,7,28.14,0.0,null,null,La Nina
2003GoM-Pma-00843,Sperm Whale,Vulnerable,28.80979156,-88.51612854,2013,7,28.14,0.0,null,null,La Nina
2003GoM-Pma-00843,Sperm Whale,Vulnerable,28.86916161,-88.36773682,2013,7,28.14,0.0,null,null,La Nina
2003GoM-Pma-00843,Sperm Whale,Vulnerable,28.83181572,-88.33166504,2013,7,28.14,0.0,null,null,La Nina
2003GoM-Pma-00843,Sperm Whale,Vulnerable,28.75498772,-88.52996826,2013,7,28.14,0.0,null,null,La Nina
2003GoM-Pma-00843,Sperm Whale,Vulnerable,28.116300000000003,-89.11330000000001,2013,7,28.19,0.0,null,null,La Nina
2003GoM-Pma-00843,Sperm Whale,Vulnerable,28.18908119,-89.22493744,2013,7,28.19,0.0,null,null,La Nina
2003GoM-Pma-00843,Sperm Whale,Vulnerable,28.46596909,-88.86956024,2013,7,28.28,0.0,null,null,La Nina
2003GoM-Pma-00843,Sperm Whale,Vulnerable,28.384918210000002,-88.80867767000001,2013,7,28.28,0.0,null,null,La Nina
2003GoM-Pma-00843,Sperm Whale,Vulnerable,28.80115509,-88.46833038,2013,7,28.14,0.0,null,null,La Nina
2003GoM-Pma-00843,Sperm Whale,Vulnerable,28.78019333,-88.51049042,2013,7,28.14,0.0,null,null,La Nina
2003GoM-Pma-00843,Sperm Whale,Vulnerable,28.392055510000002,-88.97241211000001,2013,7,28.39,0.0,null,null,La Nina
2003GoM-Pma-00843,Sperm Whale,Vulnerable,28.300483699999997,-89.41015625,2013,7,28.19,0.0,null,null,La Nina
2003GoM-Pma-00843,Sperm Whale,Vulnerable,28.66418839,-88.63650513,2013,7,28.28,0.0,null,null,La Nina
2003GoM-Pma-00843,Sperm Whale,Vulnerable,28.851200000000002,-88.642,2013,7,28.22,0.0,null,null,La Nina
2003GoM-Pma-00843,Sperm Whale,Vulnerable,28.23089981,-89.20543671,2013,7,28.19,0.0,null,null,La Nina
2003GoM-Pma-00843,Sperm Whale,Vulnerable,29.07002258,-88.00825499999999,2013,7,28.09,0.0,null,null,La Nina
2003GoM-Pma-00843,Sperm Whale,Vulnerable,28.333330150000002,-89.12090302,2013,7,28.39,0.0,null,null,La Nina
2003GoM-Pma-00843,Sperm Whale,Vulnerable,28.31834793,-89.08518982,2013,7,28.39,0.0,null,null,La Nina
2003GoM-Pma-00843,Sperm Whale,Vulnerable,28.20679665,-89.02955627,2013,7,28.400000000000002,0.0,null,null,La Nina
2003GoM-Pma-00843,Sperm Whale,Vulnerable,28.728513720000002,-88.53955841,2013,7,28.14,0.0,null,null,La Nina
2003GoM-Pma-00843,Sperm Whale,Vulnerable,28.65772247,-88.87934875,2013,7,28.22,0.0,null,null,La Nina
2003GoM-Pma-00843,Sperm Whale,Vulnerable,29.08285713,-87.99628448,2013,7,28.09,0.0,null,null,La Nina
2003GoM-Pma-00843,Sperm Whale,Vulnerable,29.06518555,-88.14865875,2013,7,28.09,0.0,null,null,La Nina
2003GoM-Pma-00843,Sperm Whale,Vulnerable,28.13319778,-89.52283478,2013,7,28.19,0.0,null,null,La Nina
2003GoM-Pma-00843,Sperm Whale,Vulnerable,28.6489315,-88.61009216000001,2013,7,28.28,0.0,null,null,La Nina
2003GoM-Pma-00843,Sperm Whale,Vulnerable,28.3743,-89.10940000000001,2013,7,28.39,0.0,null,null,La Nina
2003GoM-Pma-00843,Sperm Whale,Vulnerable,28.87082672,-88.46069336000001,2013,7,28.14,0.0,null,null,La Nina
2003GoM-Pma-00843,Sperm Whale,Vulnerable,28.32356262,-89.01133728,2013,7,28.39,0.0,null,null,La Nina
2003GoM-Pma-00843,Sperm Whale,Vulnerable,28.38403702,-88.79158783,2013,7,28.28,0.0,null,null,La Nina
2003GoM-Pma-00843,Sperm Whale,Vulnerable,28.20856476,-89.25736237,2013,7,28.19,0.0,null,null,La Nina
2003GoM-Pma-00843,Sperm Whale,Vulnerable,28.18412971,-89.19454193,2013,7,28.19,0.0,null,null,La Nina
2003GoM-Pma-00843,Sperm Whale,Vulnerable,28.817550660000002,-88.31919098,2013,7,28.14,0.0,null,null,La Nina
2003GoM-Pma-00843,Sperm Whale,Vulnerable,28.19626999,-89.19786072000001,2013,7,28.19,0.0,null,null,La Nina
2003GoM-Pma-00843,Sperm Whale,Vulnerable,28.67154121,-88.64020538,2013,7,28.28,0.0,null,null,La Nina
2003GoM-Pma-00843,Sperm Whale,Vulnerable,28.16910553,-88.96959686,2013,7,28.400000000000002,0.0,null,null,La Nina
2003GoM-Pma-00843,Sperm Whale,Vulnerable,28.4361496,-88.84409332,2013,7,28.28,0.0,null,null,La Nina
2003GoM-Pma-00843,Sperm Whale,Vulnerable,28.75136375,-88.52027129999999,2013,7,28.14,0.0,null,null,La Nina
2003GoM-Pma-00843,Sperm Whale,Vulnerable,28.805600000000002,-88.432,2013,7,28.14,0.0,null,null,La Nina
2003GoM-Pma-00843,Sperm Whale,Vulnerable,28.75193405,-88.52333832000001,2013,7,28.14,0.0,null,null,La Nina
2003GoM-Pma-00843,Sperm Whale,Vulnerable,28.89815331,-88.20431519,2013,7,28.14,0.0,null,null,La Nina
2003GoM-Pma-00843,Sperm Whale,Vulnerable,28.30702972,-89.23266602,2013,7,28.19,0.0,null,null,La Nina
2003GoM-Pma-00843,Sperm Whale,Vulnerable,28.55666351,-88.82968903,2013,7,28.28,0.0,null,null,La Nina
2003GoM-Pma-00843,Sperm Whale,Vulnerable,28.32927704,-88.97768402,2013,7,28.39,0.0,null,null,La Nina
2003GoM-Pma-00843,Sperm Whale,Vulnerable,28.61761475,-88.9167099,2013,7,28.39,0.0,null,null,La Nina
2003GoM-Pma-00843,Sperm Whale,Vulnerable,28.6623764,-88.71274567,2013,7,28.28,0.0,null,null,La Nina
2003GoM-Pma-00843,Sperm Whale,Vulnerable,28.72139359,-88.55937958,2013,7,28.14,0.0,null,null,La Nina
2003GoM-Pma-00843,Sperm Whale,Vulnerable,28.13392258,-89.52490234,2013,7,28.19,0.0,null,null,La Nina
2003GoM-Pma-00843,Sperm Whale,Vulnerable,28.413385390000002,-88.88404846,2013,7,28.39,0.0,null,null,La Nina
2003GoM-Pma-00843,Sperm Whale,Vulnerable,28.664604190000002,-88.61711884,2013,7,28.28,0.0,null,null,La Nina
2003GoM-Pma-00843,Sperm Whale,Vulnerable,28.18691254,-89.10368347,2013,7,28.400000000000002,0.0,null,null,La Nina
2003GoM-Pma-00843,Sperm Whale,Vulnerable,28.98182487,-87.95265198,2013,7,28.17,0.0,null,null,La Nina
2003GoM-Pma-00843,Sperm Whale,Vulnerable,28.1197567,-89.50777435,2013,7,28.19,0.0,null,null,La Nina
2003GoM-Pma-00843,Sperm Whale,Vulnerable,28.39915657,-88.80263519,2013,7,28.28,0.0,null,null,La Nina
2003GoM-Pma-00843,Sperm Whale,Vulnerable,28.66503525,-88.62057495,2013,7,28.28,0.0,null,null,La Nina
2003GoM-Pma-00843,Sperm Whale,Vulnerable,28.1494,-88.9689,2013,7,28.400000000000002,0.0,null,null,La Nina
2003GoM-Pma-00843,Sperm Whale,Vulnerable,28.40249252,-88.78668976,2013,7,28.28,0.0,null,null,La Nina
2003GoM-Pma-00843,Sperm Whale,Vulnerable,28.38689232,-88.99004364,2013,7,28.39,0.0,null,null,La Nina
2003GoM-Pma-00843,Sperm Whale,Vulnerable,28.2867012,-89.08982849,2013,7,28.39,0.0,null,null,La Nina
2003GoM-Pma-00843,Sperm Whale,Vulnerable,28.55561066,-88.83410645000001,2013,7,28.28,0.0,null,null,La Nina
2003GoM-Pma-00843,Sperm Whale,Vulnerable,28.672159190000002,-88.61407471,2013,7,28.28,0.0,null,null,La Nina
2003GoM-Pma-00843,Sperm Whale,Vulnerable,28.8064,-88.4315,2013,7,28.14,0.0,null,null,La Nina
2003GoM-Pma-00843,Sperm Whale,Vulnerable,28.64486885,-88.61147308,2013,7,28.28,0.0,null,null,La Nina
2003GoM-Pma-00843,Sperm Whale,Vulnerable,28.33845329,-89.46211243,2013,7,28.18,0.0,null,null,La Nina
2003GoM-Pma-00843,Sperm Whale,Vulnerable,28.430650710000002,-88.93697357,2013,7,28.39,0.0,null,null,La Nina
2003GoM-Pma-00843,Sperm Whale,Vulnerable,28.730503080000002,-88.66640472,2013,7,28.22,0.0,null,null,La Nina
2003GoM-Pma-00843,Sperm Whale,Vulnerable,28.31268501,-88.91825104,2013,7,28.400000000000002,0.0,null,null,La Nina
2003GoM-Pma-00843,Sperm Whale,Vulnerable,28.30347061,-89.47186279,2013,7,28.19,0.0,null,null,La Nina
2003GoM-Pma-00843,Sperm Whale,Vulnerable,28.68289375,-88.5435791,2013,7,28.28,0.0,null,null,La Nina
2003GoM-Pma-00843,Sperm Whale,Vulnerable,28.0800457,-89.57657623,2013,7,28.14,0.0,null,null,La Nina
2003GoM-Pma-00843,Sperm Whale,Vulnerable,28.87075996,-88.3659668,2013,7,28.14,0.0,null,null,La Nina
2003GoM-Pma-00843,Sperm Whale,Vulnerable,28.48605728,-88.89051056,2013,7,28.39,0.0,null,null,La Nina
2003GoM-Pma-00843,Sperm Whale,Vulnerable,28.87244606,-88.45836639,2013,7,28.14,0.0,null,null,La Nina
2003GoM-Pma-00843,Sperm Whale,Vulnerable,28.66874504,-88.88141632,2013,7,28.22,0.0,null,null,La Nina
2003GoM-Pma-00843,Sperm Whale,Vulnerable,28.51785088,-88.88578796,2013,7,28.39,0.0,null,null,La Nina
2003GoM-Pma-00843,Sperm Whale,Vulnerable,28.29471207,-89.15906525,2013,7,28.39,0.0,null,null,La Nina
2003GoM-Pma-00843,Sperm Whale,Vulnerable,28.708909990000002,-88.67355347,2013,7,28.28,0.0,null,null,La Nina
2003GoM-Pma-00843,Sperm Whale,Vulnerable,28.60250664,-88.69795227,2013,7,28.28,0.0,null,null,La Nina
2003GoM-Pma-00843,Sperm Whale,Vulnerable,28.75096512,-88.59252167,2013,7,28.14,0.0,null,null,La Nina
2003GoM-Pma-00843,Sperm Whale,Vulnerable,28.559932710000002,-88.89694977,2013,7,28.39,0.0,null,null,La Nina
2003GoM-Pma-00843,Sperm Whale,Vulnerable,28.43427467,-88.94786835000001,2013,7,28.39,0.0,null,null,La Nina
2003GoM-Pma-00843,Sperm Whale,Vulnerable,28.81460381,-88.70365143000001,2013,7,28.22,0.0,null,null,La Nina
2003GoM-Pma-00843,Sperm Whale,Vulnerable,28.318367,-89.30321503,2013,7,28.19,0.0,null,null,La Nina
2003GoM-Pma-00843,Sperm Whale,Vulnerable,28.33692551,-89.1811142,2013,7,28.39,0.0,null,null,La Nina
2003GoM-Pma-00843,Sperm Whale,Vulnerable,28.22080803,-89.48654175,2013,7,28.19,0.0,null,null,La Nina
2003GoM-Pma-00843,Sperm Whale,Vulnerable,28.621019360000002,-88.91503143,2013,7,28.39,0.0,null,null,La Nina
2003GoM-Pma-00843,Sperm Whale,Vulnerable,28.77787399,-88.47026825,2013,7,28.14,0.0,null,null,La Nina
2003GoM-Pma-00843,Sperm Whale,Vulnerable,28.74914932,-88.58866882,2013,7,28.14,0.0,null,null,La Nina
2003GoM-Pma-00843,Sperm Whale,Vulnerable,28.70293617,-88.70768738,2013,7,28.28,0.0,null,null,La Nina
2003GoM-Pma-00843,Sperm Whale,Vulnerable,28.21247864,-89.01882172,2013,7,28.400000000000002,0.0,null,null,La Nina
2003GoM-Pma-00843,Sperm Whale,Vulnerable,28.29847717,-89.11251068,2013,7,28.39,0.0,null,null,La Nina
2003GoM-Pma-00843,Sperm Whale,Vulnerable,28.86964798,-88.41520691,2013,7,28.14,0.0,null,null,La Nina
2003GoM-Pma-00843,Sperm Whale,Vulnerable,28.3169632,-89.08290863,2013,7,28.39,0.0,null,null,La Nina
2003GoM-Pma-00843,Sperm Whale,Vulnerable,28.684076310000002,-88.85438538,2013,7,28.22,0.0,null,null,La Nina
2003GoM-Pma-00843,Sperm Whale,Vulnerable,28.88991356,-88.03118134,2013,7,28.17,0.0,null,null,La Nina
2003GoM-Pma-00843,Sperm Whale,Vulnerable,28.25263214,-89.47566223,2013,7,28.19,0.0,null,null,La Nina
2003GoM-Pma-00843,Sperm Whale,Vulnerable,28.151914599999998,-89.13408661,2013,7,28.19,0.0,null,null,La Nina
2003GoM-Pma-00843,Sperm Whale,Vulnerable,28.75140572,-88.46414948,2013,7,28.14,0.0,null,null,La Nina
2003GoM-Pma-00843,Sperm Whale,Vulnerable,28.88561821,-88.17432404,2013,7,28.14,0.0,null,null,La Nina
2003GoM-Pma-00843,Sperm Whale,Vulnerable,28.680500000000002,-88.6537,2013,7,28.28,0.0,null,null,La Nina
2003GoM-Pma-00843,Sperm Whale,Vulnerable,28.383834840000002,-88.80467987,2013,7,28.28,0.0,null,null,La Nina
2003GoM-Pma-00843,Sperm Whale,Vulnerable,28.938571930000002,-88.07991791,2013,7,28.17,0.0,null,null,La Nina
2003GoM-Pma-00843,Sperm Whale,Vulnerable,28.66146278,-88.71343994,2013,7,28.28,0.0,null,null,La Nina
2003GoM-Pma-00843,Sperm Whale,Vulnerable,28.87192726,-88.41466522,2013,7,28.14,0.0,null,null,La Nina
2003GoM-Pma-00843,Sperm Whale,Vulnerable,28.38386536,-88.80076599,2013,7,28.28,0.0,null,null,La Nina
2003GoM-Pma-00843,Sperm Whale,Vulnerable,28.8072,-88.2823,2013,7,28.14,0.0,null,null,La Nina
2003GoM-Pma-00843,Sperm Whale,Vulnerable,28.53106308,-88.9058075,2013,7,28.39,0.0,null,null,La Nina
2003GoM-Pma-00843,Sperm Whale,Vulnerable,28.208293910000002,-89.25674438,2013,7,28.19,0.0,null,null,La Nina
2003GoM-Pma-00843,Sperm Whale,Vulnerable,28.55052948,-88.79162598,2013,7,28.28,0.0,null,null,La Nina
2003GoM-Pma-00843,Sperm Whale,Vulnerable,28.699022290000002,-88.67605591,2013,7,28.28,0.0,null,null,La Nina
2003GoM-Pma-00843,Sperm Whale,Vulnerable,28.59309959,-88.91449738,2013,7,28.39,0.0,null,null,La Nina
2003GoM-Pma-00843,Sperm Whale,Vulnerable,29.05496597,-87.93395996,2013,7,28.17,0.0,null,null,La Nina
2003GoM-Pma-00843,Sperm Whale,Vulnerable,28.36638641,-88.91079712,2013,7,28.39,0.0,null,null,La Nina
2003GoM-Pma-00843,Sperm Whale,Vulnerable,28.664459230000002,-88.7726593,2013,7,28.28,0.0,null,null,La Nina
2003GoM-Pma-00843,Sperm Whale,Vulnerable,28.77724266,-88.51773071,2013,7,28.14,0.0,null,null,La Nina
2003GoM-Pma-00843,Sperm Whale,Vulnerable,28.26296997,-89.46722412,2013,7,28.19,0.0,null,null,La Nina
2003GoM-Pma-00843,Sperm Whale,Vulnerable,28.5184021,-88.88459778000001,2013,7,28.39,0.0,null,null,La Nina
2003GoM-Pma-00843,Sperm Whale,Vulnerable,28.69095612,-88.63079071,2013,7,28.28,0.0,null,null,La Nina
2003GoM-Pma-00843,Sperm Whale,Vulnerable,28.54631233,-88.73778534,2013,7,28.28,0.0,null,null,La Nina
2003GoM-Pma-00843,Sperm Whale,Vulnerable,28.42413712,-88.98857117,2013,7,28.39,0.0,null,null,La Nina
2003GoM-Pma-00843,Sperm Whale,Vulnerable,28.26080513,-89.17771912,2013,7,28.19,0.0,null,null,La Nina
2003GoM-Pma-00843,Sperm Whale,Vulnerable,28.100690840000002,-89.53723145000001,2013,7,28.19,0.0,null,null,La Nina
2003GoM-Pma-00843,Sperm Whale,Vulnerable,28.87771034,-88.15516663,2013,7,28.17,0.0,null,null,La Nina
2003GoM-Pma-00843,Sperm Whale,Vulnerable,29.09579468,-87.98680115,2013,7,28.09,0.0,null,null,La Nina
2003GoM-Pma-00843,Sperm Whale,Vulnerable,28.163833620000002,-89.50954437,2013,7,28.19,0.0,null,null,La Nina
2003GoM-Pma-00843,Sperm Whale,Vulnerable,28.33655739,-89.46823883,2013,7,28.18,0.0,null,null,La Nina
2003GoM-Pma-00843,Sperm Whale,Vulnerable,28.31897736,-89.41007233,2013,7,28.19,0.0,null,null,La Nina
2003GoM-Pma-00843,Sperm Whale,Vulnerable,28.22074509,-89.00930786,2013,7,28.400000000000002,0.0,null,null,La Nina
2003GoM-Pma-00843,Sperm Whale,Vulnerable,29.05709267,-87.93462372,2013,7,28.17,0.0,null,null,La Nina
2003GoM-Pma-00843,Sperm Whale,Vulnerable,28.898870470000002,-88.0643158,2013,7,28.17,0.0,null,null,La Nina
2003GoM-Pma-00843,Sperm Whale,Vulnerable,28.22808838,-89.20517731,2013,7,28.19,0.0,null,null,La Nina
2003GoM-Pma-00843,Sperm Whale,Vulnerable,28.93439484,-88.39957428,2013,7,28.14,0.0,null,null,La Nina
2003GoM-Pma-00843,Sperm Whale,Vulnerable,28.78126144,-88.50883484,2013,7,28.14,0.0,null,null,La Nina
2003GoM-Pma-00843,Sperm Whale,Vulnerable,28.228078840000002,-89.18004608,2013,7,28.19,0.0,null,null,La Nina
2003GoM-Pma-00843,Sperm Whale,Vulnerable,28.585691450000002,-88.7335968,2013,7,28.28,0.0,null,null,La Nina
2003GoM-Pma-00843,Sperm Whale,Vulnerable,28.27188301,-89.19739532,2013,7,28.19,0.0,null,null,La Nina
2003GoM-Pma-00843,Sperm Whale,Vulnerable,28.51263428,-88.74996948,2013,7,28.28,0.0,null,null,La Nina
2003GoM-Pma-00843,Sperm Whale,Vulnerable,28.31634903,-89.43226624,2013,7,28.19,0.0,null,null,La Nina
2003GoM-Pma-00843,Sperm Whale,Vulnerable,28.227888110000002,-89.0014801,2013,7,28.400000000000002,0.0,null,null,La Nina
2003GoM-Pma-00843,Sperm Whale,Vulnerable,28.75966644,-88.52076721,2013,7,28.14,0.0,null,null,La Nina
2003GoM-Pma-00843,Sperm Whale,Vulnerable,28.71884537,-88.56803131,2013,7,28.14,0.0,null,null,La Nina
2003GoM-Pma-00843,Sperm Whale,Vulnerable,28.4102,-88.84280000000001,2013,7,28.28,0.0,null,null,La Nina
2003GoM-Pma-00843,Sperm Whale,Vulnerable,28.73635864,-88.6281662,2013,7,28.28,0.0,null,null,La Nina
2003GoM-Pma-00843,Sperm Whale,Vulnerable,28.73671722,-88.63082123,2013,7,28.28,0.0,null,null,La Nina
2003GoM-Pma-00843,Sperm Whale,Vulnerable,28.68751907,-88.56301117,2013,7,28.28,0.0,null,null,La Nina
2003GoM-Pma-00843,Sperm Whale,Vulnerable,28.175983430000002,-89.15553284,2013,7,28.19,0.0,null,null,La Nina
2003GoM-Pma-00843,Sperm Whale,Vulnerable,28.10133743,-89.53952026,2013,7,28.19,0.0,null,null,La Nina
2003GoM-Pma-00843,Sperm Whale,Vulnerable,28.0268,-89.4552,2013,8,29.64,0.0,null,null,Neutral
2003GoM-Pma-00843,Sperm Whale,Vulnerable,28.032700000000002,-89.46650000000001,2013,8,29.64,0.0,null,null,Neutral
2003GoM-Pma-00843,Sperm Whale,Vulnerable,28.099700000000002,-89.43860000000001,2013,8,29.64,0.0,null,null,Neutral
2003GoM-Pma-00843,Sperm Whale,Vulnerable,28.274800000000003,-89.3322,2013,8,29.64,0.0,null,null,Neutral
2003GoM-Pma-00843,Sperm Whale,Vulnerable,28.3027,-89.25880000000001,2013,8,29.64,0.0,null,null,Neutral
2003GoM-Pma-00843,Sperm Whale,Vulnerable,28.4078,-88.9196,2013,8,29.52,0.0,null,null,Neutral
2003GoM-Pma-00843,Sperm Whale,Vulnerable,27.9877,-89.5497,2013,8,29.61,0.0,null,null,Neutral
2003GoM-Pma-00843,Sperm Whale,Vulnerable,27.9603,-89.572,2013,8,29.61,0.0,null,null,Neutral
2003GoM-Pma-00843,Sperm Whale,Vulnerable,27.944200000000002,-89.60470000000001,2013,8,29.61,0.0,null,null,Neutral
2003GoM-Pma-00843,Sperm Whale,Vulnerable,28.1001,-89.4796,2013,8,29.64,0.0,null,null,Neutral
2003GoM-Pma-00843,Sperm Whale,Vulnerable,28.2452,-89.4525,2013,8,29.64,0.0,null,null,Neutral
2003GoM-Pma-00843,Sperm Whale,Vulnerable,27.998800000000003,-89.56880000000001,2013,8,29.61,0.0,null,null,Neutral
2003GoM-Pma-00843,Sperm Whale,Vulnerable,28.0542,-89.43650000000001,2013,8,29.64,0.0,null,null,Neutral
2003GoM-Pma-00843,Sperm Whale,Vulnerable,28.259500000000003,-89.4962,2013,8,29.64,0.0,null,null,Neutral
2003GoM-Pma-00843,Sperm Whale,Vulnerable,28.1108,-89.447,2013,8,29.64,0.0,null,null,Neutral
2003GoM-Pma-00843,Sperm Whale,Vulnerable,28.259400000000003,-89.25,2013,8,29.64,0.0,null,null,Neutral
2003GoM-Pma-00843,Sperm Whale,Vulnerable,27.9797,-89.5348,2013,8,29.61,0.0,null,null,Neutral
2003GoM-Pma-00843,Sperm Whale,Vulnerable,28.247400000000003,-89.2954,2013,8,29.64,0.0,null,null,Neutral
2003GoM-Pma-00843,Sperm Whale,Vulnerable,28.296,-89.639,2013,8,29.490000000000002,0.0,null,null,Neutral
2003GoM-Pma-00843,Sperm Whale,Vulnerable,28.3394,-89.4628,2013,8,29.560000000000002,0.0,null,null,Neutral
2003GoM-Pma-00843,Sperm Whale,Vulnerable,28.1792,-89.4427,2013,8,29.64,0.0,null,null,Neutral
2003GoM-Pma-00843,Sperm Whale,Vulnerable,27.7638,-89.8724,2013,8,29.400000000000002,0.0,null,null,Neutral
2003GoM-Pma-00843,Sperm Whale,Vulnerable,28.102,-89.52040000000001,2013,8,29.64,0.0,null,null,Neutral
2003GoM-Pma-00843,Sperm Whale,Vulnerable,27.9055,-89.6362,2013,8,29.61,0.0,null,null,Neutral
2003GoM-Pma-00843,Sperm Whale,Vulnerable,27.7767,-89.9085,2013,8,29.400000000000002,0.0,null,null,Neutral
2003GoM-Pma-00843,Sperm Whale,Vulnerable,28.3187,-89.5202,2013,8,29.560000000000002,0.0,null,null,Neutral
2003GoM-Pma-00843,Sperm Whale,Vulnerable,28.2985,-89.5056,2013,8,29.64,0.0,null,null,Neutral
2003GoM-Pma-00843,Sperm Whale,Vulnerable,28.035500000000003,-89.4654,2013,8,29.64,0.0,null,null,Neutral
2003GoM-Pma-00843,Sperm Whale,Vulnerable,28.506300000000003,-89.023,2013,8,29.52,0.0,null,null,Neutral
2003GoM-Pma-00843,Sperm Whale,Vulnerable,28.52,-88.9183,2013,8,29.52,0.0,null,null,Neutral
2003GoM-Pma-00843,Sperm Whale,Vulnerable,28.450200000000002,-89.0668,2013,8,29.52,0.0,null,null,Neutral
2003GoM-Pma-00843,Sperm Whale,Vulnerable,27.9878,-89.55,2013,8,29.61,0.0,null,null,Neutral
2003GoM-Pma-00843,Sperm Whale,Vulnerable,27.8514,-89.7608,2013,8,29.61,0.0,null,null,Neutral
2003GoM-Pma-00843,Sperm Whale,Vulnerable,28.556700000000003,-88.9449,2013,8,29.52,0.0,null,null,Neutral
2003GoM-Pma-00843,Sperm Whale,Vulnerable,28.079800000000002,-89.53110000000001,2013,8,29.64,0.0,null,null,Neutral
2003GoM-Pma-00843,Sperm Whale,Vulnerable,27.892300000000002,-89.68610000000001,2013,8,29.61,0.0,null,null,Neutral
2003GoM-Pma-00843,Sperm Whale,Vulnerable,28.2698,-89.5878,2013,8,29.490000000000002,0.0,null,null,Neutral
2003GoM-Pma-00843,Sperm Whale,Vulnerable,28.1097,-89.5246,2013,8,29.64,0.0,null,null,Neutral
2003GoM-Pma-00843,Sperm Whale,Vulnerable,28.076800000000002,-89.49380000000001,2013,8,29.64,0.0,null,null,Neutral
2003GoM-Pma-00843,Sperm Whale,Vulnerable,28.2622,-89.67490000000001,2013,8,29.490000000000002,0.0,null,null,Neutral
2003GoM-Pma-00843,Sperm Whale,Vulnerable,28.120700000000003,-89.4013,2013,8,29.64,0.0,null,null,Neutral
2003GoM-Pma-00843,Sperm Whale,Vulnerable,28.3473,-89.1589,2013,8,29.52,0.0,null,null,Neutral
2003GoM-Pma-00843,Sperm Whale,Vulnerable,27.916600000000003,-89.7249,2013,8,29.61,0.0,null,null,Neutral
2003GoM-Pma-00843,Sperm Whale,Vulnerable,28.3028,-89.3986,2013,8,29.64,0.0,null,null,Neutral
2003GoM-Pma-00843,Sperm Whale,Vulnerable,28.482400000000002,-88.8601,2013,8,29.44,0.0,null,null,Neutral
2003GoM-Pma-00843,Sperm Whale,Vulnerable,28.291500000000003,-89.339,2013,8,29.64,0.0,null,null,Neutral
2003GoM-Pma-00843,Sperm Whale,Vulnerable,28.2635,-89.38090000000001,2013,8,29.64,0.0,null,null,Neutral
2003GoM-Pma-00843,Sperm Whale,Vulnerable,28.1811,-89.4589,2013,8,29.64,0.0,null,null,Neutral
2003GoM-Pma-00843,Sperm Whale,Vulnerable,28.1232,-89.4389,2013,8,29.64,0.0,null,null,Neutral
2003GoM-Pma-00843,Sperm Whale,Vulnerable,28.0345,-89.5643,2013,8,29.64,0.0,null,null,Neutral
2003GoM-Pma-00843,Sperm Whale,Vulnerable,28.097900000000003,-89.55170000000001,2013,8,29.64,0.0,null,null,Neutral
2003GoM-Pma-00843,Sperm Whale,Vulnerable,28.09,-89.4576,2013,8,29.64,0.0,null,null,Neutral
2003GoM-Pma-00843,Sperm Whale,Vulnerable,28.1509,-89.4893,2013,8,29.64,0.0,null,null,Neutral
2003GoM-Pma-00843,Sperm Whale,Vulnerable,28.0821,-89.4413,2013,8,29.64,0.0,null,null,Neutral
2003GoM-Pma-00843,Sperm Whale,Vulnerable,28.207700000000003,-89.3584,2013,8,29.64,0.0,null,null,Neutral
2003GoM-Pma-00843,Sperm Whale,Vulnerable,28.255200000000002,-89.666,2013,8,29.490000000000002,0.0,null,null,Neutral
2003GoM-Pma-00843,Sperm Whale,Vulnerable,27.918100000000003,-89.5824,2013,8,29.61,0.0,null,null,Neutral
2003GoM-Pma-00843,Sperm Whale,Vulnerable,28.2514,-89.476,2013,8,29.64,0.0,null,null,Neutral
2003GoM-Pma-00843,Sperm Whale,Vulnerable,28.424100000000003,-89.037,2013,8,29.52,0.0,null,null,Neutral
2003GoM-Pma-00843,Sperm Whale,Vulnerable,27.8305,-89.7908,2013,8,29.61,0.0,null,null,Neutral
2003GoM-Pma-00843,Sperm Whale,Vulnerable,28.6749,-88.9191,2013,8,29.3,0.0,null,null,Neutral
2003GoM-Pma-00843,Sperm Whale,Vulnerable,28.4769,-89.01060000000001,2013,8,29.52,0.0,null,null,Neutral
2003GoM-Pma-00843,Sperm Whale,Vulnerable,28.233,-89.346,2013,8,29.64,0.0,null,null,Neutral
2003GoM-Pma-00843,Sperm Whale,Vulnerable,28.0794,-89.5291,2013,8,29.64,0.0,null,null,Neutral
2003GoM-Pma-00843,Sperm Whale,Vulnerable,28.109,-89.5613,2013,8,29.64,0.0,null,null,Neutral
2003GoM-Pma-00843,Sperm Whale,Vulnerable,28.069,-89.56070000000001,2013,8,29.64,0.0,null,null,Neutral
2003GoM-Pma-00843,Sperm Whale,Vulnerable,28.0837,-89.5617,2013,8,29.64,0.0,null,null,Neutral
2003GoM-Pma-00843,Sperm Whale,Vulnerable,28.0716,-89.5587,2013,8,29.64,0.0,null,null,Neutral
2003GoM-Pma-00843,Sperm Whale,Vulnerable,28.127100000000002,-89.5244,2013,8,29.64,0.0,null,null,Neutral
2003GoM-Pma-00843,Sperm Whale,Vulnerable,28.154700000000002,-89.37650000000001,2013,8,29.64,0.0,null,null,Neutral
2003GoM-Pma-00843,Sperm Whale,Vulnerable,28.220100000000002,-89.4474,2013,8,29.64,0.0,null,null,Neutral
2003GoM-Pma-00843,Sperm Whale,Vulnerable,28.006700000000002,-89.54220000000001,2013,8,29.61,0.0,null,null,Neutral
2003GoM-Pma-00843,Sperm Whale,Vulnerable,28.3093,-89.551,2013,8,29.560000000000002,0.0,null,null,Neutral
2003GoM-Pma-00843,Sperm Whale,Vulnerable,28.3837,-88.88690000000001,2013,8,29.52,0.0,null,null,Neutral
2003GoM-Pma-00843,Sperm Whale,Vulnerable,28.242600000000003,-89.293,2013,8,29.64,0.0,null,null,Neutral
2003GoM-Pma-00843,Sperm Whale,Vulnerable,27.9997,-89.56830000000001,2013,8,29.61,0.0,null,null,Neutral
2003GoM-Pma-00843,Sperm Whale,Vulnerable,28.2603,-89.1785,2013,8,29.64,0.0,null,null,Neutral
2003GoM-Pma-00843,Sperm Whale,Vulnerable,28.4827,-89.05030000000001,2013,8,29.52,0.0,null,null,Neutral
2003GoM-Pma-00843,Sperm Whale,Vulnerable,28.5667,-88.9051,2013,8,29.52,0.0,null,null,Neutral
2003GoM-Pma-00843,Sperm Whale,Vulnerable,27.9217,-89.536,2013,8,29.61,0.0,null,null,Neutral
2003GoM-Pma-00843,Sperm Whale,Vulnerable,27.9782,-89.5296,2013,8,29.61,0.0,null,null,Neutral
2003GoM-Pma-00843,Sperm Whale,Vulnerable,28.247400000000003,-89.3116,2013,8,29.64,0.0,null,null,Neutral
2003GoM-Pma-00843,Sperm Whale,Vulnerable,27.9756,-89.5295,2013,8,29.61,0.0,null,null,Neutral
2003GoM-Pma-00843,Sperm Whale,Vulnerable,28.185100000000002,-89.46730000000001,2013,8,29.64,0.0,null,null,Neutral
2003GoM-Pma-00843,Sperm Whale,Vulnerable,28.104300000000002,-89.4691,2013,8,29.64,0.0,null,null,Neutral
2003GoM-Pma-00843,Sperm Whale,Vulnerable,27.991600000000002,-89.54440000000001,2013,8,29.61,0.0,null,null,Neutral
2003GoM-Pma-00843,Sperm Whale,Vulnerable,28.1998,-89.4666,2013,8,29.64,0.0,null,null,Neutral
2003GoM-Pma-00843,Sperm Whale,Vulnerable,28.5877,-88.85000000000001,2013,8,29.44,0.0,null,null,Neutral
2003GoM-Pma-00843,Sperm Whale,Vulnerable,28.1128,-89.3703,2013,8,29.64,0.0,null,null,Neutral
2003GoM-Pma-00843,Sperm Whale,Vulnerable,28.000300000000003,-89.69810000000001,2013,8,29.490000000000002,0.0,null,null,Neutral
2003GoM-Pma-00843,Sperm Whale,Vulnerable,27.9449,-89.60510000000001,2013,8,29.61,0.0,null,null,Neutral
2003GoM-Pma-00843,Sperm Whale,Vulnerable,28.097,-89.4752,2013,8,29.64,0.0,null,null,Neutral
2003GoM-Pma-00843,Sperm Whale,Vulnerable,28.1321,-89.3961,2013,8,29.64,0.0,null,null,Neutral
2003GoM-Pma-00843,Sperm Whale,Vulnerable,28.035,-89.6867,2013,8,29.490000000000002,0.0,null,null,Neutral
2003GoM-Pma-00843,Sperm Whale,Vulnerable,28.373,-88.88640000000001,2013,8,29.560000000000002,0.0,null,null,Neutral
2003GoM-Pma-00843,Sperm Whale,Vulnerable,28.1448,-89.4728,2013,8,29.64,0.0,null,null,Neutral
2003GoM-Pma-00843,Sperm Whale,Vulnerable,28.1281,-89.3935,2013,8,29.64,0.0,null,null,Neutral
2003GoM-Pma-00843,Sperm Whale,Vulnerable,28.5056,-88.7799,2013,8,29.44,0.0,null,null,Neutral
2003GoM-Pma-00843,Sperm Whale,Vulnerable,27.9893,-89.65780000000001,2013,8,29.490000000000002,0.0,null,null,Neutral
2003GoM-Pma-00843,Sperm Whale,Vulnerable,28.0061,-89.6169,2013,8,29.490000000000002,0.0,null,null,Neutral
2003GoM-Pma-00843,Sperm Whale,Vulnerable,28.238300000000002,-89.5078,2013,8,29.64,0.0,null,null,Neutral
2003GoM-Pma-00843,Sperm Whale,Vulnerable,28.408900000000003,-88.92020000000001,2013,8,29.52,0.0,null,null,Neutral
2003GoM-Pma-00843,Sperm Whale,Vulnerable,28.060000000000002,-89.4413,2013,8,29.64,0.0,null,null,Neutral
2003GoM-Pma-00843,Sperm Whale,Vulnerable,28.306600000000003,-89.56020000000001,2013,8,29.560000000000002,0.0,null,null,Neutral
2003GoM-Pma-00843,Sperm Whale,Vulnerable,28.337600000000002,-89.4701,2013,8,29.560000000000002,0.0,null,null,Neutral
2003GoM-Pma-00843,Sperm Whale,Vulnerable,28.2804,-89.5643,2013,8,29.560000000000002,0.0,null,null,Neutral
2003GoM-Pma-00843,Sperm Whale,Vulnerable,28.311600000000002,-89.4214,2013,8,29.64,0.0,null,null,Neutral
2003GoM-Pma-00843,Sperm Whale,Vulnerable,28.3172,-89.49680000000001,2013,8,29.560000000000002,0.0,null,null,Neutral
2003GoM-Pma-00843,Sperm Whale,Vulnerable,28.1152,-89.3722,2013,8,29.64,0.0,null,null,Neutral
2003GoM-Pma-00843,Sperm Whale,Vulnerable,28.2634,-89.2151,2013,8,29.64,0.0,null,null,Neutral
2003GoM-Pma-00843,Sperm Whale,Vulnerable,28.2848,-89.5614,2013,8,29.560000000000002,0.0,null,null,Neutral
2003GoM-Pma-00843,Sperm Whale,Vulnerable,28.259900000000002,-89.3904,2013,8,29.64,0.0,null,null,Neutral
2003GoM-Pma-00843,Sperm Whale,Vulnerable,28.0485,-89.5308,2013,8,29.64,0.0,null,null,Neutral
2003GoM-Pma-00843,Sperm Whale,Vulnerable,28.2727,-89.3653,2013,8,29.64,0.0,null,null,Neutral
2003GoM-Pma-00843,Sperm Whale,Vulnerable,27.778000000000002,-89.94040000000001,2013,8,29.400000000000002,0.0,null,null,Neutral
2003GoM-Pma-00843,Sperm Whale,Vulnerable,27.9947,-89.6199,2013,8,29.61,0.0,null,null,Neutral
2003GoM-Pma-00843,Sperm Whale,Vulnerable,27.7798,-89.9454,2013,8,29.400000000000002,0.0,null,null,Neutral
2003GoM-Pma-00843,Sperm Whale,Vulnerable,28.301000000000002,-89.70490000000001,2013,8,29.490000000000002,0.0,null,null,Neutral
2003GoM-Pma-00843,Sperm Whale,Vulnerable,27.8306,-89.8576,2013,8,29.400000000000002,0.0,null,null,Neutral
2003GoM-Pma-00843,Sperm Whale,Vulnerable,28.361500000000003,-88.8679,2013,8,29.560000000000002,0.0,null,null,Neutral
2003GoM-Pma-00843,Sperm Whale,Vulnerable,27.906,-89.8161,2013,8,29.400000000000002,0.0,null,null,Neutral
2003GoM-Pma-00843,Sperm Whale,Vulnerable,28.2706,-89.36290000000001,2013,8,29.64,0.0,null,null,Neutral
2003GoM-Pma-00843,Sperm Whale,Vulnerable,27.7784,-89.9131,2013,8,29.400000000000002,0.0,null,null,Neutral
2003GoM-Pma-00843,Sperm Whale,Vulnerable,28.3621,-88.87,2013,8,29.560000000000002,0.0,null,null,Neutral
2003GoM-Pma-00843,Sperm Whale,Vulnerable,28.2479,-89.3155,2013,8,29.64,0.0,null,null,Neutral
2003GoM-Pma-00843,Sperm Whale,Vulnerable,27.911,-89.6264,2013,8,29.61,0.0,null,null,Neutral
2003GoM-Pma-00843,Sperm Whale,Vulnerable,27.7744,-89.947,2013,8,29.400000000000002,0.0,null,null,Neutral
2003GoM-Pma-00843,Sperm Whale,Vulnerable,28.4799,-88.8151,2013,8,29.44,0.0,null,null,Neutral
2003GoM-Pma-00843,Sperm Whale,Vulnerable,28.227500000000003,-89.3456,2013,8,29.64,0.0,null,null,Neutral
2003GoM-Pma-00843,Sperm Whale,Vulnerable,28.303,-89.53670000000001,2013,8,29.560000000000002,0.0,null,null,Neutral
2003GoM-Pma-00843,Sperm Whale,Vulnerable,28.333000000000002,-89.4915,2013,8,29.560000000000002,0.0,null,null,Neutral
2003GoM-Pma-00843,Sperm Whale,Vulnerable,27.904700000000002,-89.6045,2013,8,29.61,0.0,null,null,Neutral
2003GoM-Pma-00843,Sperm Whale,Vulnerable,27.9644,-89.6808,2013,8,29.61,0.0,null,null,Neutral
2003GoM-Pma-00843,Sperm Whale,Vulnerable,28.359,-89.4316,2013,8,29.560000000000002,0.0,null,null,Neutral
2003GoM-Pma-00843,Sperm Whale,Vulnerable,28.2073,-89.452,2013,8,29.64,0.0,null,null,Neutral
2003GoM-Pma-00843,Sperm Whale,Vulnerable,28.1157,-89.54950000000001,2013,8,29.64,0.0,null,null,Neutral
2003GoM-Pma-00843,Sperm Whale,Vulnerable,28.1282,-89.528,2013,8,29.64,0.0,null,null,Neutral
2003GoM-Pma-00843,Sperm Whale,Vulnerable,28.1142,-89.53330000000001,2013,8,29.64,0.0,null,null,Neutral
2003GoM-Pma-00843,Sperm Whale,Vulnerable,28.5055,-88.8806,2013,8,29.52,0.0,null,null,Neutral
2003GoM-Pma-00843,Sperm Whale,Vulnerable,28.4782,-89.04740000000001,2013,8,29.52,0.0,null,null,Neutral
2003GoM-Pma-00843,Sperm Whale,Vulnerable,28.0946,-89.50970000000001,2013,8,29.64,0.0,null,null,Neutral
2003GoM-Pma-00843,Sperm Whale,Vulnerable,28.1366,-89.5085,2013,8,29.64,0.0,null,null,Neutral
2003GoM-Pma-00843,Sperm Whale,Vulnerable,28.290200000000002,-89.57220000000001,2013,8,29.560000000000002,0.0,null,null,Neutral
2003GoM-Pma-00843,Sperm Whale,Vulnerable,27.9391,-89.7512,2013,8,29.490000000000002,0.0,null,null,Neutral
2003GoM-Pma-00843,Sperm Whale,Vulnerable,28.090500000000002,-89.45870000000001,2013,8,29.64,0.0,null,null,Neutral
2003GoM-Pma-00843,Sperm Whale,Vulnerable,28.238500000000002,-89.4582,2013,8,29.64,0.0,null,null,Neutral
2003GoM-Pma-00843,Sperm Whale,Vulnerable,28.194,-89.4268,2013,8,29.64,0.0,null,null,Neutral
2003GoM-Pma-00843,Sperm Whale,Vulnerable,28.113,-89.44630000000001,2013,8,29.64,0.0,null,null,Neutral
2003GoM-Pma-00843,Sperm Whale,Vulnerable,28.0512,-89.5703,2013,8,29.490000000000002,0.0,null,null,Neutral
2003GoM-Pma-00843,Sperm Whale,Vulnerable,28.5405,-88.7937,2013,8,29.44,0.0,null,null,Neutral
2003GoM-Pma-00843,Sperm Whale,Vulnerable,28.0924,-89.4942,2013,8,29.64,0.0,null,null,Neutral
2003GoM-Pma-00843,Sperm Whale,Vulnerable,28.1426,-89.4599,2013,8,29.64,0.0,null,null,Neutral
2003GoM-Pma-00843,Sperm Whale,Vulnerable,28.1278,-89.5644,2013,8,29.64,0.0,null,null,Neutral
2003GoM-Pma-00843,Sperm Whale,Vulnerable,27.898200000000003,-89.7059,2013,8,29.61,0.0,null,null,Neutral
2003GoM-Pma-00843,Sperm Whale,Vulnerable,27.966700000000003,-89.57900000000001,2013,8,29.61,0.0,null,null,Neutral
2003GoM-Pma-00843,Sperm Whale,Vulnerable,28.308600000000002,-89.5569,2013,8,29.560000000000002,0.0,null,null,Neutral
2003GoM-Pma-00843,Sperm Whale,Vulnerable,28.154400000000003,-89.49170000000001,2013,8,29.64,0.0,null,null,Neutral
2003GoM-Pma-00843,Sperm Whale,Vulnerable,28.0579,-89.5021,2013,8,29.64,0.0,null,null,Neutral
2003GoM-Pma-00843,Sperm Whale,Vulnerable,28.1365,-89.4473,2013,8,29.64,0.0,null,null,Neutral
2003GoM-Pma-00843,Sperm Whale,Vulnerable,27.978900000000003,-89.57690000000001,2013,8,29.61,0.0,null,null,Neutral
2003GoM-Pma-00843,Sperm Whale,Vulnerable,28.1751,-89.4787,2013,8,29.64,0.0,null,null,Neutral
2003GoM-Pma-00843,Sperm Whale,Vulnerable,28.116200000000003,-89.4709,2013,8,29.64,0.0,null,null,Neutral
2003GoM-Pma-00843,Sperm Whale,Vulnerable,27.9313,-89.74940000000001,2013,8,29.61,0.0,null,null,Neutral
2003GoM-Pma-00843,Sperm Whale,Vulnerable,28.242800000000003,-89.2834,2013,8,29.64,0.0,null,null,Neutral
2003GoM-Pma-00843,Sperm Whale,Vulnerable,28.302200000000003,-89.3538,2013,8,29.64,0.0,null,null,Neutral
2003GoM-Pma-00843,Sperm Whale,Vulnerable,28.2436,-89.4521,2013,8,29.64,0.0,null,null,Neutral
2003GoM-Pma-00843,Sperm Whale,Vulnerable,28.3444,-89.1324,2013,8,29.52,0.0,null,null,Neutral
2003GoM-Pma-00843,Sperm Whale,Vulnerable,27.979300000000002,-89.47420000000001,2013,8,29.64,0.0,null,null,Neutral
2003GoM-Pma-00843,Sperm Whale,Vulnerable,28.1343,-89.4714,2013,8,29.64,0.0,null,null,Neutral
2003GoM-Pma-00843,Sperm Whale,Vulnerable,28.2998,-89.35210000000001,2013,8,29.64,0.0,null,null,Neutral
2003GoM-Pma-00843,Sperm Whale,Vulnerable,28.052100000000003,-89.4803,2013,8,29.64,0.0,null,null,Neutral
2003GoM-Pma-00843,Sperm Whale,Vulnerable,28.0084,-89.54390000000001,2013,8,29.61,0.0,null,null,Neutral
2003GoM-Pma-00843,Sperm Whale,Vulnerable,28.230700000000002,-89.4825,2013,8,29.64,0.0,null,null,Neutral
2003GoM-Pma-00843,Sperm Whale,Vulnerable,28.5073,-88.78030000000001,2013,8,29.44,0.0,null,null,Neutral
2003GoM-Pma-00843,Sperm Whale,Vulnerable,28.2602,-89.3169,2013,8,29.64,0.0,null,null,Neutral
2003GoM-Pma-00843,Sperm Whale,Vulnerable,27.991500000000002,-89.4974,2013,8,29.64,0.0,null,null,Neutral
2003GoM-Pma-00843,Sperm Whale,Vulnerable,28.2089,-89.45020000000001,2013,8,29.64,0.0,null,null,Neutral
2003GoM-Pma-00843,Sperm Whale,Vulnerable,28.2449,-89.281,2013,8,29.64,0.0,null,null,Neutral
2003GoM-Pma-00843,Sperm Whale,Vulnerable,28.0787,-89.4962,2013,8,29.64,0.0,null,null,Neutral
2003GoM-Pma-00843,Sperm Whale,Vulnerable,28.066,-89.54350000000001,2013,8,29.64,0.0,null,null,Neutral
2003GoM-Pma-00843,Sperm Whale,Vulnerable,28.183300000000003,-89.4856,2013,8,29.64,0.0,null,null,Neutral
2003GoM-Pma-00843,Sperm Whale,Vulnerable,28.333000000000002,-89.44290000000001,2013,8,29.64,0.0,null,null,Neutral
2003GoM-Pma-00843,Sperm Whale,Vulnerable,28.2664,-89.6549,2013,8,29.490000000000002,0.0,null,null,Neutral
2003GoM-Pma-00843,Sperm Whale,Vulnerable,28.209200000000003,-89.5417,2013,8,29.64,0.0,null,null,Neutral
2003GoM-Pma-00843,Sperm Whale,Vulnerable,28.4768,-88.7797,2013,8,29.44,0.0,null,null,Neutral
2003GoM-Pma-00843,Sperm Whale,Vulnerable,28.3045,-89.5437,2013,8,29.560000000000002,0.0,null,null,Neutral
2003GoM-Pma-00843,Sperm Whale,Vulnerable,28.1184,-89.4987,2013,8,29.64,0.0,null,null,Neutral
2003GoM-Pma-00843,Sperm Whale,Vulnerable,28.087200000000003,-89.4477,2013,8,29.64,0.0,null,null,Neutral
2003GoM-Pma-00843,Sperm Whale,Vulnerable,28.1188,-89.37,2013,8,29.64,0.0,null,null,Neutral
2003GoM-Pma-00843,Sperm Whale,Vulnerable,27.992600000000003,-89.5697,2013,8,29.61,0.0,null,null,Neutral
2003GoM-Pma-00843,Sperm Whale,Vulnerable,28.0821,-89.4389,2013,8,29.64,0.0,null,null,Neutral
2003GoM-Pma-00843,Sperm Whale,Vulnerable,28.0276,-89.4518,2013,8,29.64,0.0,null,null,Neutral
2003GoM-Pma-00843,Sperm Whale,Vulnerable,28.2103,-89.4889,2013,8,29.64,0.0,null,null,Neutral
2003GoM-Pma-00843,Sperm Whale,Vulnerable,28.223,-89.44340000000001,2013,8,29.64,0.0,null,null,Neutral
2003GoM-Pma-00843,Sperm Whale,Vulnerable,28.404500000000002,-88.8591,2013,8,29.44,0.0,null,null,Neutral
2003GoM-Pma-00843,Sperm Whale,Vulnerable,28.2011,-89.4856,2013,8,29.64,0.0,null,null,Neutral
2003GoM-Pma-00843,Sperm Whale,Vulnerable,28.098200000000002,-89.4762,2013,8,29.64,0.0,null,null,Neutral
2003GoM-Pma-00843,Sperm Whale,Vulnerable,28.3278,-89.34740000000001,2013,8,29.64,0.0,null,null,Neutral
2003GoM-Pma-00843,Sperm Whale,Vulnerable,28.184900000000003,-89.4257,2013,8,29.64,0.0,null,null,Neutral
2003GoM-Pma-00843,Sperm Whale,Vulnerable,27.991,-89.49980000000001,2013,8,29.64,0.0,null,null,Neutral
2003GoM-Pma-00843,Sperm Whale,Vulnerable,28.229,-89.3468,2013,8,29.64,0.0,null,null,Neutral
2003GoM-Pma-00843,Sperm Whale,Vulnerable,28.319300000000002,-89.35300000000001,2013,8,29.64,0.0,null,null,Neutral
2003GoM-Pma-00843,Sperm Whale,Vulnerable,28.3179,-89.3503,2013,8,29.64,0.0,null,null,Neutral
2003GoM-Pma-00843,Sperm Whale,Vulnerable,27.9788,-89.47630000000001,2013,8,29.64,0.0,null,null,Neutral
2003GoM-Pma-00843,Sperm Whale,Vulnerable,28.0777,-89.494,2013,8,29.64,0.0,null,null,Neutral
2003GoM-Pma-00843,Sperm Whale,Vulnerable,28.475,-88.7806,2013,8,29.44,0.0,null,null,Neutral
2003GoM-Pma-00843,Sperm Whale,Vulnerable,27.986600000000003,-89.8301,2013,8,29.490000000000002,0.0,null,null,Neutral
2003GoM-Pma-00843,Sperm Whale,Vulnerable,28.153200000000002,-89.4045,2013,8,29.64,0.0,null,null,Neutral
2003GoM-Pma-00843,Sperm Whale,Vulnerable,27.9843,-89.77510000000001,2013,8,29.490000000000002,0.0,null,null,Neutral
2003GoM-Pma-00843,Sperm Whale,Vulnerable,28.035700000000002,-89.6306,2013,8,29.490000000000002,0.0,null,null,Neutral
2003GoM-Pma-00843,Sperm Whale,Vulnerable,28.108800000000002,-89.5635,2013,8,29.64,0.0,null,null,Neutral
2003GoM-Pma-00843,Sperm Whale,Vulnerable,28.302,-89.5539,2013,8,29.560000000000002,0.0,null,null,Neutral
2003GoM-Pma-00843,Sperm Whale,Vulnerable,28.138,-89.44630000000001,2013,8,29.64,0.0,null,null,Neutral
2003GoM-Pma-00843,Sperm Whale,Vulnerable,28.5851,-88.9056,2013,8,29.52,0.0,null,null,Neutral
2003GoM-Pma-00843,Sperm Whale,Vulnerable,28.5321,-88.8674,2013,8,29.44,0.0,null,null,Neutral
2003GoM-Pma-00843,Sperm Whale,Vulnerable,28.1412,-89.3923,2013,8,29.64,0.0,null,null,Neutral
2003GoM-Pma-00843,Sperm Whale,Vulnerable,27.9785,-89.535,2013,8,29.61,0.0,null,null,Neutral
2003GoM-Pma-00843,Sperm Whale,Vulnerable,27.805,-89.82090000000001,2013,8,29.400000000000002,0.0,null,null,Neutral
2003GoM-Pma-00843,Sperm Whale,Vulnerable,28.1006,-89.6305,2013,8,29.490000000000002,0.0,null,null,Neutral
2003GoM-Pma-00843,Sperm Whale,Vulnerable,28.0487,-89.5299,2013,8,29.64,0.0,null,null,Neutral
2003GoM-Pma-00843,Sperm Whale,Vulnerable,28.361800000000002,-89.4308,2013,8,29.560000000000002,0.0,null,null,Neutral
2003GoM-Pma-00843,Sperm Whale,Vulnerable,28.0164,-89.64540000000001,2013,8,29.490000000000002,0.0,null,null,Neutral
2003GoM-Pma-00843,Sperm Whale,Vulnerable,28.233500000000003,-89.3439,2013,8,29.64,0.0,null,null,Neutral
2003GoM-Pma-00843,Sperm Whale,Vulnerable,28.2498,-89.3053,2013,8,29.64,0.0,null,null,Neutral
2003GoM-Pma-00843,Sperm Whale,Vulnerable,28.069300000000002,-89.5604,2013,8,29.64,0.0,null,null,Neutral
2003GoM-Pma-00843,Sperm Whale,Vulnerable,27.7753,-89.82390000000001,2013,8,29.400000000000002,0.0,null,null,Neutral
2003GoM-Pma-00843,Sperm Whale,Vulnerable,28.097900000000003,-89.4937,2013,8,29.64,0.0,null,null,Neutral
2003GoM-Pma-00843,Sperm Whale,Vulnerable,28.1182,-89.53880000000001,2013,8,29.64,0.0,null,null,Neutral
2003GoM-Pma-00843,Sperm Whale,Vulnerable,28.117900000000002,-89.5312,2013,8,29.64,0.0,null,null,Neutral
2003GoM-Pma-00843,Sperm Whale,Vulnerable,27.9467,-89.75450000000001,2013,8,29.490000000000002,0.0,null,null,Neutral
2003GoM-Pma-00843,Sperm Whale,Vulnerable,27.776,-89.9453,2013,8,29.400000000000002,0.0,null,null,Neutral
2003GoM-Pma-00843,Sperm Whale,Vulnerable,28.3258,-89.34440000000001,2013,8,29.64,0.0,null,null,Neutral
2003GoM-Pma-00843,Sperm Whale,Vulnerable,27.7649,-89.9779,2013,8,29.400000000000002,0.0,null,null,Neutral
2003GoM-Pma-00843,Sperm Whale,Vulnerable,28.302300000000002,-89.5511,2013,8,29.560000000000002,0.0,null,null,Neutral
2003GoM-Pma-00843,Sperm Whale,Vulnerable,28.4818,-89.0402,2013,8,29.52,0.0,null,null,Neutral
2003GoM-Pma-00843,Sperm Whale,Vulnerable,28.1525,-89.4135,2013,8,29.64,0.0,null,null,Neutral
2003GoM-Pma-00843,Sperm Whale,Vulnerable,28.253600000000002,-89.5802,2013,8,29.490000000000002,0.0,null,null,Neutral
2003GoM-Pma-00843,Sperm Whale,Vulnerable,27.8017,-89.9195,2013,8,29.400000000000002,0.0,null,null,Neutral
2003GoM-Pma-00843,Sperm Whale,Vulnerable,28.0321,-89.565,2013,8,29.64,0.0,null,null,Neutral
2003GoM-Pma-00843,Sperm Whale,Vulnerable,27.997,-89.4769,2013,8,29.64,0.0,null,null,Neutral
2003GoM-Pma-00843,Sperm Whale,Vulnerable,28.1261,-89.5104,2013,8,29.64,0.0,null,null,Neutral
2003GoM-Pma-00843,Sperm Whale,Vulnerable,28.0836,-89.4822,2013,8,29.64,0.0,null,null,Neutral
2003GoM-Pma-00843,Sperm Whale,Vulnerable,28.0672,-89.4649,2013,8,29.64,0.0,null,null,Neutral
2003GoM-Pma-00843,Sperm Whale,Vulnerable,28.6716,-88.92410000000001,2013,8,29.3,0.0,null,null,Neutral
2003GoM-Pma-00843,Sperm Whale,Vulnerable,28.4785,-89.04780000000001,2013,8,29.52,0.0,null,null,Neutral
2003GoM-Pma-00843,Sperm Whale,Vulnerable,28.152700000000003,-89.48740000000001,2013,8,29.64,0.0,null,null,Neutral
2003GoM-Pma-00843,Sperm Whale,Vulnerable,28.352600000000002,-89.0588,2013,8,29.52,0.0,null,null,Neutral
2003GoM-Pma-00843,Sperm Whale,Vulnerable,28.166,-89.4745,2013,8,29.64,0.0,null,null,Neutral
2003GoM-Pma-00843,Sperm Whale,Vulnerable,28.2653,-89.35220000000001,2013,8,29.64,0.0,null,null,Neutral
2003GoM-Pma-00843,Sperm Whale,Vulnerable,28.6724,-88.9084,2013,8,29.3,0.0,null,null,Neutral
2003GoM-Pma-00843,Sperm Whale,Vulnerable,28.1357,-89.5667,2013,8,29.64,0.0,null,null,Neutral
2003GoM-Pma-00843,Sperm Whale,Vulnerable,28.1001,-89.4821,2013,8,29.64,0.0,null,null,Neutral
2003GoM-Pma-00843,Sperm Whale,Vulnerable,28.087500000000002,-89.4495,2013,8,29.64,0.0,null,null,Neutral
2003GoM-Pma-00843,Sperm Whale,Vulnerable,28.053800000000003,-89.4368,2013,8,29.64,0.0,null,null,Neutral
2003GoM-Pma-00843,Sperm Whale,Vulnerable,28.0716,-89.47120000000001,2013,8,29.64,0.0,null,null,Neutral
2003GoM-Pma-00843,Sperm Whale,Vulnerable,28.0714,-89.4684,2013,8,29.64,0.0,null,null,Neutral
2003GoM-Pma-00843,Sperm Whale,Vulnerable,28.105600000000003,-89.53580000000001,2013,8,29.64,0.0,null,null,Neutral
2003GoM-Pma-00843,Sperm Whale,Vulnerable,28.089100000000002,-89.44800000000001,2013,8,29.64,0.0,null,null,Neutral
2003GoM-Pma-00843,Sperm Whale,Vulnerable,28.1384,-89.50970000000001,2013,8,29.64,0.0,null,null,Neutral
2003GoM-Pma-00843,Sperm Whale,Vulnerable,28.2713,-89.6083,2013,8,29.490000000000002,0.0,null,null,Neutral
2003GoM-Pma-00843,Sperm Whale,Vulnerable,28.2145,-89.4488,2013,8,29.64,0.0,null,null,Neutral
2003GoM-Pma-00843,Sperm Whale,Vulnerable,28.355600000000003,-89.18860000000001,2013,8,29.52,0.0,null,null,Neutral
2003GoM-Pma-00843,Sperm Whale,Vulnerable,27.942700000000002,-89.5798,2013,8,29.61,0.0,null,null,Neutral
2003GoM-Pma-00843,Sperm Whale,Vulnerable,28.3972,-89.0895,2013,8,29.52,0.0,null,null,Neutral
2003GoM-Pma-00843,Sperm Whale,Vulnerable,28.268900000000002,-89.3863,2013,8,29.64,0.0,null,null,Neutral
2003GoM-Pma-00843,Sperm Whale,Vulnerable,27.9935,-89.569,2013,8,29.61,0.0,null,null,Neutral
2003GoM-Pma-00843,Sperm Whale,Vulnerable,28.0238,-89.5965,2013,8,29.490000000000002,0.0,null,null,Neutral
2003GoM-Pma-00843,Sperm Whale,Vulnerable,28.184800000000003,-89.35860000000001,2013,8,29.64,0.0,null,null,Neutral
2003GoM-Pma-00843,Sperm Whale,Vulnerable,27.7768,-89.9711,2013,8,29.400000000000002,0.0,null,null,Neutral
2003GoM-Pma-00843,Sperm Whale,Vulnerable,28.5118,-88.8482,2013,8,29.44,0.0,null,null,Neutral
2003GoM-Pma-00843,Sperm Whale,Vulnerable,27.892500000000002,-89.6853,2013,8,29.61,0.0,null,null,Neutral
2003GoM-Pma-00843,Sperm Whale,Vulnerable,28.375200000000003,-88.8865,2013,8,29.52,0.0,null,null,Neutral
2003GoM-Pma-00843,Sperm Whale,Vulnerable,28.0328,-89.5171,2013,8,29.64,0.0,null,null,Neutral
2003GoM-Pma-00843,Sperm Whale,Vulnerable,28.0923,-89.43480000000001,2013,8,29.64,0.0,null,null,Neutral
2003GoM-Pma-00843,Sperm Whale,Vulnerable,28.1731,-89.4713,2013,8,29.64,0.0,null,null,Neutral
2003GoM-Pma-00843,Sperm Whale,Vulnerable,28.210900000000002,-89.48790000000001,2013,8,29.64,0.0,null,null,Neutral
2003GoM-Pma-00843,Sperm Whale,Vulnerable,28.2832,-89.5845,2013,8,29.560000000000002,0.0,null,null,Neutral
2003GoM-Pma-00843,Sperm Whale,Vulnerable,28.6112,-88.89930000000001,2013,8,29.52,0.0,null,null,Neutral
2003GoM-Pma-00843,Sperm Whale,Vulnerable,28.2966,-89.6388,2013,8,29.490000000000002,0.0,null,null,Neutral
2003GoM-Pma-00843,Sperm Whale,Vulnerable,28.3712,-88.88690000000001,2013,8,29.560000000000002,0.0,null,null,Neutral
2003GoM-Pma-00843,Sperm Whale,Vulnerable,27.9894,-89.5708,2013,8,29.61,0.0,null,null,Neutral
2003GoM-Pma-00843,Sperm Whale,Vulnerable,28.0607,-89.5013,2013,8,29.64,0.0,null,null,Neutral
2003GoM-Pma-00843,Sperm Whale,Vulnerable,27.803600000000003,-89.8219,2013,8,29.400000000000002,0.0,null,null,Neutral
2003GoM-Pma-00843,Sperm Whale,Vulnerable,27.7784,-89.9186,2013,8,29.400000000000002,0.0,null,null,Neutral
2003GoM-Pma-00843,Sperm Whale,Vulnerable,28.566300000000002,-88.81360000000001,2013,8,29.44,0.0,null,null,Neutral
2003GoM-Pma-00843,Sperm Whale,Vulnerable,28.3031,-89.5445,2013,8,29.560000000000002,0.0,null,null,Neutral
2003GoM-Pma-00843,Sperm Whale,Vulnerable,27.778200000000002,-89.9135,2013,8,29.400000000000002,0.0,null,null,Neutral
2003GoM-Pma-00843,Sperm Whale,Vulnerable,28.2618,-89.31620000000001,2013,8,29.64,0.0,null,null,Neutral
2003GoM-Pma-00843,Sperm Whale,Vulnerable,28.173000000000002,-89.4941,2013,8,29.64,0.0,null,null,Neutral
2003GoM-Pma-00843,Sperm Whale,Vulnerable,27.8702,-89.8259,2013,8,29.400000000000002,0.0,null,null,Neutral
2003GoM-Pma-00843,Sperm Whale,Vulnerable,28.320500000000003,-89.5171,2013,8,29.560000000000002,0.0,null,null,Neutral
2003GoM-Pma-00843,Sperm Whale,Vulnerable,28.253600000000002,-89.58760000000001,2013,8,29.490000000000002,0.0,null,null,Neutral
2003GoM-Pma-00843,Sperm Whale,Vulnerable,28.093600000000002,-89.5663,2013,8,29.64,0.0,null,null,Neutral
2003GoM-Pma-00843,Sperm Whale,Vulnerable,28.538800000000002,-88.91250000000001,2013,8,29.52,0.0,null,null,Neutral
2003GoM-Pma-00843,Sperm Whale,Vulnerable,28.1812,-89.4923,2013,8,29.64,0.0,null,null,Neutral
2003GoM-Pma-00843,Sperm Whale,Vulnerable,28.2401,-89.3311,2013,8,29.64,0.0,null,null,Neutral
2003GoM-Pma-00843,Sperm Whale,Vulnerable,28.0892,-89.6096,2013,8,29.490000000000002,0.0,null,null,Neutral
2003GoM-Pma-00843,Sperm Whale,Vulnerable,28.2117,-89.51530000000001,2013,8,29.64,0.0,null,null,Neutral
2003GoM-Pma-00843,Sperm Whale,Vulnerable,28.105600000000003,-89.57950000000001,2013,8,29.490000000000002,0.0,null,null,Neutral
2003GoM-Pma-00843,Sperm Whale,Vulnerable,28.1171,-89.5369,2013,8,29.64,0.0,null,null,Neutral
2003GoM-Pma-00843,Sperm Whale,Vulnerable,28.2814,-89.63860000000001,2013,8,29.490000000000002,0.0,null,null,Neutral
2003GoM-Pma-00843,Sperm Whale,Vulnerable,28.285600000000002,-89.52850000000001,2013,8,29.64,0.0,null,null,Neutral
2003GoM-Pma-00843,Sperm Whale,Vulnerable,28.576900000000002,-88.90520000000001,2013,8,29.52,0.0,null,null,Neutral
2003GoM-Pma-00843,Sperm Whale,Vulnerable,28.538500000000003,-88.9109,2013,8,29.52,0.0,null,null,Neutral
2003GoM-Pma-00843,Sperm Whale,Vulnerable,28.1526,-89.404,2013,8,29.64,0.0,null,null,Neutral
2003GoM-Pma-00843,Sperm Whale,Vulnerable,28.355900000000002,-88.8789,2013,8,29.560000000000002,0.0,null,null,Neutral
2003GoM-Pma-00843,Sperm Whale,Vulnerable,28.3058,-89.5441,2013,8,29.560000000000002,0.0,null,null,Neutral
2003GoM-Pma-00843,Sperm Whale,Vulnerable,27.770100000000003,-89.9978,2013,8,29.400000000000002,0.0,null,null,Neutral
2003GoM-Pma-00843,Sperm Whale,Vulnerable,28.2669,-89.69810000000001,2013,8,29.490000000000002,0.0,null,null,Neutral
2003GoM-Pma-00843,Sperm Whale,Vulnerable,28.282600000000002,-89.56280000000001,2013,8,29.560000000000002,0.0,null,null,Neutral
2003GoM-Pma-00843,Sperm Whale,Vulnerable,28.2287,-89.4165,2013,8,29.64,0.0,null,null,Neutral
2003GoM-Pma-00843,Sperm Whale,Vulnerable,28.0299,-89.51950000000001,2013,8,29.64,0.0,null,null,Neutral
2003GoM-Pma-00843,Sperm Whale,Vulnerable,28.581,-88.89280000000001,2013,8,29.52,0.0,null,null,Neutral
2003GoM-Pma-00843,Sperm Whale,Vulnerable,28.320400000000003,-89.5197,2013,8,29.560000000000002,0.0,null,null,Neutral
2003GoM-Pma-00843,Sperm Whale,Vulnerable,27.9813,-89.5757,2013,8,29.61,0.0,null,null,Neutral
2003GoM-Pma-00843,Sperm Whale,Vulnerable,28.256500000000003,-89.409,2013,8,29.64,0.0,null,null,Neutral
2003GoM-Pma-00843,Sperm Whale,Vulnerable,28.1136,-89.47630000000001,2013,8,29.64,0.0,null,null,Neutral
2003GoM-Pma-00843,Sperm Whale,Vulnerable,27.9712,-89.60900000000001,2013,8,29.61,0.0,null,null,Neutral
2003GoM-Pma-00843,Sperm Whale,Vulnerable,28.640700000000002,-88.8968,2013,8,29.52,0.0,null,null,Neutral
2003GoM-Pma-00843,Sperm Whale,Vulnerable,27.9725,-89.6499,2013,8,29.61,0.0,null,null,Neutral
2003GoM-Pma-00843,Sperm Whale,Vulnerable,28.126900000000003,-89.5275,2013,8,29.64,0.0,null,null,Neutral
2003GoM-Pma-00843,Sperm Whale,Vulnerable,28.532500000000002,-88.8692,2013,8,29.52,0.0,null,null,Neutral
2003GoM-Pma-00843,Sperm Whale,Vulnerable,28.113100000000003,-89.4773,2013,8,29.64,0.0,null,null,Neutral
2003GoM-Pma-00843,Sperm Whale,Vulnerable,27.881500000000003,-89.7138,2013,8,29.61,0.0,null,null,Neutral
2003GoM-Pma-00843,Sperm Whale,Vulnerable,27.995700000000003,-89.54520000000001,2013,8,29.61,0.0,null,null,Neutral
2003GoM-Pma-00843,Sperm Whale,Vulnerable,28.2572,-89.4495,2013,8,29.64,0.0,null,null,Neutral
2003GoM-Pma-00843,Sperm Whale,Vulnerable,28.1933,-89.4674,2013,8,29.64,0.0,null,null,Neutral
2003GoM-Pma-00843,Sperm Whale,Vulnerable,28.300900000000002,-89.5912,2013,8,29.560000000000002,0.0,null,null,Neutral
2003GoM-Pma-00843,Sperm Whale,Vulnerable,28.169400000000003,-89.489,2013,8,29.64,0.0,null,null,Neutral
2003GoM-Pma-00843,Sperm Whale,Vulnerable,28.1354,-89.6135,2013,8,29.490000000000002,0.0,null,null,Neutral
2003GoM-Pma-00843,Sperm Whale,Vulnerable,28.261,-89.18130000000001,2013,8,29.64,0.0,null,null,Neutral
2003GoM-Pma-00843,Sperm Whale,Vulnerable,28.471500000000002,-88.9899,2013,8,29.52,0.0,null,null,Neutral
2003GoM-Pma-00843,Sperm Whale,Vulnerable,28.280700000000003,-89.64020000000001,2013,8,29.490000000000002,0.0,null,null,Neutral
2003GoM-Pma-00843,Sperm Whale,Vulnerable,28.5411,-88.9756,2013,8,29.52,0.0,null,null,Neutral
2003GoM-Pma-00843,Sperm Whale,Vulnerable,28.1763,-89.6097,2013,8,29.490000000000002,0.0,null,null,Neutral
2003GoM-Pma-00843,Sperm Whale,Vulnerable,28.085600000000003,-89.5258,2013,8,29.64,0.0,null,null,Neutral
2003GoM-Pma-00843,Sperm Whale,Vulnerable,28.175500000000003,-89.44330000000001,2013,8,29.64,0.0,null,null,Neutral
2003GoM-Pma-00843,Sperm Whale,Vulnerable,28.5085,-88.8805,2013,8,29.52,0.0,null,null,Neutral
2003GoM-Pma-00843,Sperm Whale,Vulnerable,28.3399,-89.09660000000001,2013,8,29.52,0.0,null,null,Neutral
2003GoM-Pma-00843,Sperm Whale,Vulnerable,27.942600000000002,-89.71730000000001,2013,8,29.61,0.0,null,null,Neutral
2003GoM-Pma-00843,Sperm Whale,Vulnerable,28.386100000000003,-88.8862,2013,8,29.52,0.0,null,null,Neutral
2003GoM-Pma-00843,Sperm Whale,Vulnerable,28.4526,-89.0647,2013,8,29.52,0.0,null,null,Neutral
2003GoM-Pma-00843,Sperm Whale,Vulnerable,28.087400000000002,-89.4503,2013,8,29.64,0.0,null,null,Neutral
2003GoM-Pma-00843,Sperm Whale,Vulnerable,28.099800000000002,-89.55290000000001,2013,8,29.64,0.0,null,null,Neutral
2003GoM-Pma-00843,Sperm Whale,Vulnerable,27.903100000000002,-89.6683,2013,8,29.61,0.0,null,null,Neutral
2003GoM-Pma-00843,Sperm Whale,Vulnerable,27.9998,-89.537,2013,8,29.61,0.0,null,null,Neutral
2003GoM-Pma-00843,Sperm Whale,Vulnerable,28.088900000000002,-89.55850000000001,2013,8,29.64,0.0,null,null,Neutral
2003GoM-Pma-00843,Sperm Whale,Vulnerable,27.904600000000002,-89.63770000000001,2013,8,29.61,0.0,null,null,Neutral
2003GoM-Pma-00843,Sperm Whale,Vulnerable,28.428900000000002,-89.08630000000001,2013,8,29.52,0.0,null,null,Neutral
2003GoM-Pma-00843,Sperm Whale,Vulnerable,28.5301,-88.9157,2013,8,29.52,0.0,null,null,Neutral
2003GoM-Pma-00843,Sperm Whale,Vulnerable,28.305,-89.2707,2013,8,29.64,0.0,null,null,Neutral
2003GoM-Pma-00843,Sperm Whale,Vulnerable,27.9659,-89.5796,2013,8,29.61,0.0,null,null,Neutral
2003GoM-Pma-00843,Sperm Whale,Vulnerable,27.9024,-89.6699,2013,8,29.61,0.0,null,null,Neutral
2003GoM-Pma-00843,Sperm Whale,Vulnerable,27.921400000000002,-89.5376,2013,8,29.61,0.0,null,null,Neutral
2003GoM-Pma-00843,Sperm Whale,Vulnerable,28.323500000000003,-89.2555,2013,8,29.64,0.0,null,null,Neutral
2003GoM-Pma-00843,Sperm Whale,Vulnerable,28.1898,-89.42670000000001,2013,8,29.64,0.0,null,null,Neutral
2003GoM-Pma-00843,Sperm Whale,Vulnerable,28.1945,-89.4286,2013,8,29.64,0.0,null,null,Neutral
2003GoM-Pma-00843,Sperm Whale,Vulnerable,28.1231,-89.3845,2013,8,29.64,0.0,null,null,Neutral
2003GoM-Pma-00843,Sperm Whale,Vulnerable,28.293,-89.32010000000001,2013,8,29.64,0.0,null,null,Neutral
2003GoM-Pma-00843,Sperm Whale,Vulnerable,27.9982,-89.47670000000001,2013,8,29.64,0.0,null,null,Neutral
2003GoM-Pma-00843,Sperm Whale,Vulnerable,28.2936,-89.3224,2013,8,29.64,0.0,null,null,Neutral
2003GoM-Pma-00843,Sperm Whale,Vulnerable,28.1218,-89.5442,2013,8,29.64,0.0,null,null,Neutral
2003GoM-Pma-00843,Sperm Whale,Vulnerable,28.506500000000003,-89.0224,2013,8,29.52,0.0,null,null,Neutral
2003GoM-Pma-00843,Sperm Whale,Vulnerable,28.299200000000003,-89.2816,2013,8,29.64,0.0,null,null,Neutral
2003GoM-Pma-00843,Sperm Whale,Vulnerable,28.587100000000003,-88.8515,2013,8,29.44,0.0,null,null,Neutral
2003GoM-Pma-00843,Sperm Whale,Vulnerable,28.481,-89.0403,2013,8,29.52,0.0,null,null,Neutral
2003GoM-Pma-00843,Sperm Whale,Vulnerable,27.9067,-89.6909,2013,8,29.61,0.0,null,null,Neutral
2003GoM-Pma-00843,Sperm Whale,Vulnerable,28.3809,-88.87440000000001,2013,8,29.52,0.0,null,null,Neutral
2003GoM-Pma-00843,Sperm Whale,Vulnerable,28.2813,-89.3887,2013,8,29.64,0.0,null,null,Neutral
2003GoM-Pma-00843,Sperm Whale,Vulnerable,28.3246,-89.2534,2013,8,29.64,0.0,null,null,Neutral
2003GoM-Pma-00843,Sperm Whale,Vulnerable,28.0684,-89.5839,2013,8,29.490000000000002,0.0,null,null,Neutral
2003GoM-Pma-00843,Sperm Whale,Vulnerable,28.038700000000002,-89.6632,2013,8,29.490000000000002,0.0,null,null,Neutral
2003GoM-Pma-00843,Sperm Whale,Vulnerable,28.300600000000003,-89.59100000000001,2013,8,29.560000000000002,0.0,null,null,Neutral
2003GoM-Pma-00843,Sperm Whale,Vulnerable,28.29,-89.3548,2013,8,29.64,0.0,null,null,Neutral
2003GoM-Pma-00843,Sperm Whale,Vulnerable,27.9984,-89.6991,2013,8,29.490000000000002,0.0,null,null,Neutral
2003GoM-Pma-00843,Sperm Whale,Vulnerable,27.8292,-89.85820000000001,2013,8,29.400000000000002,0.0,null,null,Neutral
2003GoM-Pma-00843,Sperm Whale,Vulnerable,28.020100000000003,-89.51780000000001,2013,8,29.64,0.0,null,null,Neutral
2003GoM-Pma-00843,Sperm Whale,Vulnerable,28.254900000000003,-89.6028,2013,8,29.490000000000002,0.0,null,null,Neutral
2003GoM-Pma-00843,Sperm Whale,Vulnerable,28.679100000000002,-88.9054,2013,8,29.3,0.0,null,null,Neutral
2003GoM-Pma-00843,Sperm Whale,Vulnerable,27.97,-89.5239,2013,8,29.61,0.0,null,null,Neutral
2003GoM-Pma-00843,Sperm Whale,Vulnerable,28.1763,-89.6106,2013,8,29.490000000000002,0.0,null,null,Neutral
2003GoM-Pma-00843,Sperm Whale,Vulnerable,27.9962,-89.6174,2013,8,29.61,0.0,null,null,Neutral
2003GoM-Pma-00843,Sperm Whale,Vulnerable,28.2986,-89.2836,2013,8,29.64,0.0,null,null,Neutral
2003GoM-Pma-00843,Sperm Whale,Vulnerable,28.2425,-89.6085,2013,8,29.490000000000002,0.0,null,null,Neutral
2003GoM-Pma-00843,Sperm Whale,Vulnerable,28.201700000000002,-89.48490000000001,2013,8,29.64,0.0,null,null,Neutral
2003GoM-Pma-00843,Sperm Whale,Vulnerable,28.3107,-89.55290000000001,2013,8,29.560000000000002,0.0,null,null,Neutral
2003GoM-Pma-00843,Sperm Whale,Vulnerable,28.448700000000002,-88.9698,2013,8,29.52,0.0,null,null,Neutral
2003GoM-Pma-00843,Sperm Whale,Vulnerable,28.035400000000003,-89.633,2013,8,29.490000000000002,0.0,null,null,Neutral
2003GoM-Pma-00843,Sperm Whale,Vulnerable,28.2821,-89.586,2013,8,29.490000000000002,0.0,null,null,Neutral
2003GoM-Pma-00843,Sperm Whale,Vulnerable,28.064700000000002,-89.6241,2013,8,29.490000000000002,0.0,null,null,Neutral
2003GoM-Pma-00843,Sperm Whale,Vulnerable,28.2859,-89.67280000000001,2013,8,29.490000000000002,0.0,null,null,Neutral
2003GoM-Pma-00843,Sperm Whale,Vulnerable,27.943800000000003,-89.7153,2013,8,29.61,0.0,null,null,Neutral
2003GoM-Pma-00843,Sperm Whale,Vulnerable,27.773500000000002,-89.82560000000001,2013,8,29.400000000000002,0.0,null,null,Neutral
2003GoM-Pma-00843,Sperm Whale,Vulnerable,28.3018,-89.278,2013,8,29.64,0.0,null,null,Neutral
2003GoM-Pma-00843,Sperm Whale,Vulnerable,28.033,-89.6906,2013,8,29.490000000000002,0.0,null,null,Neutral
2003GoM-Pma-00843,Sperm Whale,Vulnerable,28.527,-88.9187,2013,8,29.52,0.0,null,null,Neutral
2003GoM-Pma-00843,Sperm Whale,Vulnerable,28.640700000000002,-88.93480000000001,2013,8,29.52,0.0,null,null,Neutral
2003GoM-Pma-00843,Sperm Whale,Vulnerable,28.2569,-89.4957,2013,8,29.64,0.0,null,null,Neutral
2003GoM-Pma-00843,Sperm Whale,Vulnerable,28.067700000000002,-89.5801,2013,8,29.490000000000002,0.0,null,null,Neutral
2003GoM-Pma-00843,Sperm Whale,Vulnerable,28.2098,-89.4307,2013,8,29.64,0.0,null,null,Neutral
2003GoM-Pma-00843,Sperm Whale,Vulnerable,28.355900000000002,-88.8802,2013,8,29.560000000000002,0.0,null,null,Neutral
2003GoM-Pma-00843,Sperm Whale,Vulnerable,28.0684,-89.648,2013,8,29.490000000000002,0.0,null,null,Neutral
2003GoM-Pma-00843,Sperm Whale,Vulnerable,28.0086,-89.5631,2013,8,29.61,0.0,null,null,Neutral
2003GoM-Pma-00843,Sperm Whale,Vulnerable,28.1564,-89.4898,2013,8,29.64,0.0,null,null,Neutral
2003GoM-Pma-00843,Sperm Whale,Vulnerable,28.5573,-88.9033,2013,8,29.52,0.0,null,null,Neutral
2003GoM-Pma-00843,Sperm Whale,Vulnerable,28.0957,-89.5655,2013,8,29.64,0.0,null,null,Neutral
2003GoM-Pma-00843,Sperm Whale,Vulnerable,28.0182,-89.6449,2013,8,29.490000000000002,0.0,null,null,Neutral
2003GoM-Pma-00843,Sperm Whale,Vulnerable,28.0865,-89.527,2013,8,29.64,0.0,null,null,Neutral
2003GoM-Pma-00843,Sperm Whale,Vulnerable,28.1738,-89.47970000000001,2013,8,29.64,0.0,null,null,Neutral
2003GoM-Pma-00843,Sperm Whale,Vulnerable,28.3484,-89.2154,2013,8,29.52,0.0,null,null,Neutral
2003GoM-Pma-00843,Sperm Whale,Vulnerable,28.162,-89.4282,2013,8,29.64,0.0,null,null,Neutral
2003GoM-Pma-00843,Sperm Whale,Vulnerable,28.445400000000003,-88.8546,2013,8,29.44,0.0,null,null,Neutral
2003GoM-Pma-00843,Sperm Whale,Vulnerable,28.163800000000002,-89.49860000000001,2013,8,29.64,0.0,null,null,Neutral
2003GoM-Pma-00843,Sperm Whale,Vulnerable,28.038800000000002,-89.6656,2013,8,29.490000000000002,0.0,null,null,Neutral
2003GoM-Pma-00843,Sperm Whale,Vulnerable,27.883200000000002,-89.71430000000001,2013,8,29.61,0.0,null,null,Neutral
2003GoM-Pma-00843,Sperm Whale,Vulnerable,28.0945,-89.5454,2013,8,29.64,0.0,null,null,Neutral
2003GoM-Pma-00843,Sperm Whale,Vulnerable,27.8291,-89.79260000000001,2013,8,29.61,0.0,null,null,Neutral
2003GoM-Pma-00843,Sperm Whale,Vulnerable,28.0882,-89.6092,2013,8,29.490000000000002,0.0,null,null,Neutral
2003GoM-Pma-00843,Sperm Whale,Vulnerable,28.383,-88.8871,2013,8,29.52,0.0,null,null,Neutral
2003GoM-Pma-00843,Sperm Whale,Vulnerable,28.2554,-89.5811,2013,8,29.490000000000002,0.0,null,null,Neutral
2003GoM-Pma-00843,Sperm Whale,Vulnerable,27.989900000000002,-89.6601,2013,8,29.490000000000002,0.0,null,null,Neutral
2003GoM-Pma-00843,Sperm Whale,Vulnerable,28.554000000000002,-88.8959,2013,8,29.52,0.0,null,null,Neutral
2003GoM-Pma-00843,Sperm Whale,Vulnerable,28.446900000000003,-88.8544,2013,8,29.44,0.0,null,null,Neutral
2003GoM-Pma-00843,Sperm Whale,Vulnerable,28.2485,-89.31150000000001,2013,8,29.64,0.0,null,null,Neutral
2003GoM-Pma-00843,Sperm Whale,Vulnerable,28.156200000000002,-89.3745,2013,8,29.64,0.0,null,null,Neutral
2003GoM-Pma-00843,Sperm Whale,Vulnerable,28.035400000000003,-89.5566,2013,8,29.64,0.0,null,null,Neutral
2003GoM-Pma-00843,Sperm Whale,Vulnerable,28.1493,-89.401,2013,8,29.64,0.0,null,null,Neutral
2003GoM-Pma-00843,Sperm Whale,Vulnerable,27.939700000000002,-89.7517,2013,8,29.490000000000002,0.0,null,null,Neutral
2003GoM-Pma-00843,Sperm Whale,Vulnerable,28.091,-89.5403,2013,8,29.64,0.0,null,null,Neutral
2003GoM-Pma-00843,Sperm Whale,Vulnerable,28.0969,-89.5523,2013,8,29.64,0.0,null,null,Neutral
2003GoM-Pma-00843,Sperm Whale,Vulnerable,28.0703,-89.5604,2013,8,29.64,0.0,null,null,Neutral
2003GoM-Pma-00843,Sperm Whale,Vulnerable,28.1796,-89.49040000000001,2013,8,29.64,0.0,null,null,Neutral
2003GoM-Pma-00843,Sperm Whale,Vulnerable,28.210600000000003,-89.51440000000001,2013,8,29.64,0.0,null,null,Neutral
2003GoM-Pma-00843,Sperm Whale,Vulnerable,28.3912,-89.0865,2013,8,29.52,0.0,null,null,Neutral
2003GoM-Pma-00843,Sperm Whale,Vulnerable,27.979300000000002,-89.57600000000001,2013,8,29.61,0.0,null,null,Neutral
2003GoM-Pma-00843,Sperm Whale,Vulnerable,27.931600000000003,-89.5737,2013,8,29.61,0.0,null,null,Neutral
2003GoM-Pma-00843,Sperm Whale,Vulnerable,28.520500000000002,-88.9218,2013,8,29.52,0.0,null,null,Neutral
2003GoM-Pma-00843,Sperm Whale,Vulnerable,28.1182,-89.5229,2013,8,29.64,0.0,null,null,Neutral
2003GoM-Pma-00843,Sperm Whale,Vulnerable,28.0999,-89.438,2013,8,29.64,0.0,null,null,Neutral
2003GoM-Pma-00843,Sperm Whale,Vulnerable,28.598,-88.8729,2013,8,29.52,0.0,null,null,Neutral
2003GoM-Pma-00843,Sperm Whale,Vulnerable,28.371100000000002,-88.88470000000001,2013,8,29.560000000000002,0.0,null,null,Neutral
2003GoM-Pma-00843,Sperm Whale,Vulnerable,28.5275,-89.0047,2013,8,29.52,0.0,null,null,Neutral
2003GoM-Pma-00843,Sperm Whale,Vulnerable,28.646600000000003,-88.936,2013,8,29.52,0.0,null,null,Neutral
2003GoM-Pma-00843,Sperm Whale,Vulnerable,27.985300000000002,-89.7754,2013,8,29.490000000000002,0.0,null,null,Neutral
2003GoM-Pma-00843,Sperm Whale,Vulnerable,28.0851,-89.57220000000001,2013,8,29.490000000000002,0.0,null,null,Neutral
2003GoM-Pma-00843,Sperm Whale,Vulnerable,28.372600000000002,-88.88390000000001,2013,8,29.560000000000002,0.0,null,null,Neutral
2003GoM-Pma-00843,Sperm Whale,Vulnerable,27.968200000000003,-89.5712,2013,8,29.61,0.0,null,null,Neutral
2003GoM-Pma-00843,Sperm Whale,Vulnerable,27.973100000000002,-89.6071,2013,8,29.61,0.0,null,null,Neutral
2003GoM-Pma-00843,Sperm Whale,Vulnerable,28.136300000000002,-89.56700000000001,2013,8,29.490000000000002,0.0,null,null,Neutral
2003GoM-Pma-00843,Sperm Whale,Vulnerable,28.387500000000003,-88.8863,2013,8,29.52,0.0,null,null,Neutral
2003GoM-Pma-00843,Sperm Whale,Vulnerable,28.046300000000002,-89.6545,2013,8,29.490000000000002,0.0,null,null,Neutral
2003GoM-Pma-00843,Sperm Whale,Vulnerable,27.963800000000003,-89.6871,2013,8,29.61,0.0,null,null,Neutral
2003GoM-Pma-00843,Sperm Whale,Vulnerable,28.421400000000002,-89.0365,2013,8,29.52,0.0,null,null,Neutral
2003GoM-Pma-00843,Sperm Whale,Vulnerable,27.78,-89.92660000000001,2013,8,29.400000000000002,0.0,null,null,Neutral
2003GoM-Pma-00843,Sperm Whale,Vulnerable,28.309700000000003,-89.5509,2013,8,29.560000000000002,0.0,null,null,Neutral
2003GoM-Pma-00843,Sperm Whale,Vulnerable,28.0069,-89.543,2013,8,29.61,0.0,null,null,Neutral
2003GoM-Pma-00843,Sperm Whale,Vulnerable,28.329700000000003,-89.45880000000001,2013,8,29.560000000000002,0.0,null,null,Neutral
2003GoM-Pma-00843,Sperm Whale,Vulnerable,28.0473,-89.64970000000001,2013,8,29.490000000000002,0.0,null,null,Neutral
2003GoM-Pma-00843,Sperm Whale,Vulnerable,28.3409,-89.09440000000001,2013,8,29.52,0.0,null,null,Neutral
2003GoM-Pma-00843,Sperm Whale,Vulnerable,28.4834,-89.05170000000001,2013,8,29.52,0.0,null,null,Neutral
2003GoM-Pma-00843,Sperm Whale,Vulnerable,27.7776,-89.9076,2013,8,29.400000000000002,0.0,null,null,Neutral
2003GoM-Pma-00843,Sperm Whale,Vulnerable,28.2662,-89.6538,2013,8,29.490000000000002,0.0,null,null,Neutral
2003GoM-Pma-00843,Sperm Whale,Vulnerable,27.7805,-89.93520000000001,2013,8,29.400000000000002,0.0,null,null,Neutral
2003GoM-Pma-00843,Sperm Whale,Vulnerable,28.0957,-89.5477,2013,8,29.64,0.0,null,null,Neutral
2003GoM-Pma-00843,Sperm Whale,Vulnerable,28.2554,-89.60130000000001,2013,8,29.490000000000002,0.0,null,null,Neutral
2003GoM-Pma-00843,Sperm Whale,Vulnerable,28.251800000000003,-89.2746,2013,8,29.64,0.0,null,null,Neutral
2003GoM-Pma-00843,Sperm Whale,Vulnerable,28.5122,-88.8503,2013,8,29.44,0.0,null,null,Neutral
2003GoM-Pma-00843,Sperm Whale,Vulnerable,28.0959,-89.5368,2013,8,29.64,0.0,null,null,Neutral
2003GoM-Pma-00843,Sperm Whale,Vulnerable,27.9311,-89.69330000000001,2013,8,29.61,0.0,null,null,Neutral
2003GoM-Pma-00843,Sperm Whale,Vulnerable,28.020100000000003,-89.5505,2013,8,29.64,0.0,null,null,Neutral
2003GoM-Pma-00843,Sperm Whale,Vulnerable,28.2402,-89.42370000000001,2013,8,29.64,0.0,null,null,Neutral
2003GoM-Pma-00843,Sperm Whale,Vulnerable,28.09,-89.50110000000001,2013,8,29.64,0.0,null,null,Neutral
2003GoM-Pma-00843,Sperm Whale,Vulnerable,28.058,-89.4417,2013,8,29.64,0.0,null,null,Neutral
2003GoM-Pma-00843,Sperm Whale,Vulnerable,28.300800000000002,-89.70660000000001,2013,8,29.490000000000002,0.0,null,null,Neutral
2003GoM-Pma-00843,Sperm Whale,Vulnerable,28.168300000000002,-89.4747,2013,8,29.64,0.0,null,null,Neutral
2003GoM-Pma-00843,Sperm Whale,Vulnerable,28.1489,-89.5248,2013,8,29.64,0.0,null,null,Neutral
2003GoM-Pma-00843,Sperm Whale,Vulnerable,28.276,-89.6134,2013,8,29.490000000000002,0.0,null,null,Neutral
2003GoM-Pma-00843,Sperm Whale,Vulnerable,28.0901,-89.5584,2013,8,29.64,0.0,null,null,Neutral
2003GoM-Pma-00843,Sperm Whale,Vulnerable,28.258,-89.6697,2013,8,29.490000000000002,0.0,null,null,Neutral
2003GoM-Pma-00843,Sperm Whale,Vulnerable,28.1351,-89.61290000000001,2013,8,29.490000000000002,0.0,null,null,Neutral
2003GoM-Pma-00843,Sperm Whale,Vulnerable,28.1201,-89.5416,2013,8,29.64,0.0,null,null,Neutral
2003GoM-Pma-00843,Sperm Whale,Vulnerable,28.3167,-89.4234,2013,8,29.64,0.0,null,null,Neutral
2003GoM-Pma-00843,Sperm Whale,Vulnerable,27.9024,-89.711,2013,8,29.61,0.0,null,null,Neutral
2003GoM-Pma-00843,Sperm Whale,Vulnerable,28.1829,-89.36,2013,8,29.64,0.0,null,null,Neutral
2003GoM-Pma-00843,Sperm Whale,Vulnerable,28.2559,-89.328,2013,8,29.64,0.0,null,null,Neutral
2003GoM-Pma-00843,Sperm Whale,Vulnerable,28.2742,-89.6756,2013,8,29.490000000000002,0.0,null,null,Neutral
2003GoM-Pma-00843,Sperm Whale,Vulnerable,28.3354,-89.44250000000001,2013,8,29.64,0.0,null,null,Neutral
2003GoM-Pma-00843,Sperm Whale,Vulnerable,28.244300000000003,-89.4537,2013,8,29.64,0.0,null,null,Neutral
2003GoM-Pma-00843,Sperm Whale,Vulnerable,28.1952,-89.42620000000001,2013,8,29.64,0.0,null,null,Neutral
2003GoM-Pma-00843,Sperm Whale,Vulnerable,28.2601,-89.2048,2013,8,29.64,0.0,null,null,Neutral
2003GoM-Pma-00843,Sperm Whale,Vulnerable,28.151600000000002,-89.4773,2013,8,29.64,0.0,null,null,Neutral
2003GoM-Pma-00843,Sperm Whale,Vulnerable,28.096400000000003,-89.53790000000001,2013,8,29.64,0.0,null,null,Neutral
2003GoM-Pma-00843,Sperm Whale,Vulnerable,28.1142,-89.55120000000001,2013,8,29.64,0.0,null,null,Neutral
2003GoM-Pma-00843,Sperm Whale,Vulnerable,28.208000000000002,-89.4507,2013,8,29.64,0.0,null,null,Neutral
2003GoM-Pma-00843,Sperm Whale,Vulnerable,28.2479,-89.31400000000001,2013,8,29.64,0.0,null,null,Neutral
2003GoM-Pma-00843,Sperm Whale,Vulnerable,28.0637,-89.5416,2013,8,29.64,0.0,null,null,Neutral
2003GoM-Pma-00843,Sperm Whale,Vulnerable,28.2449,-89.28490000000001,2013,8,29.64,0.0,null,null,Neutral
2003GoM-Pma-00843,Sperm Whale,Vulnerable,28.308600000000002,-89.4204,2013,8,29.64,0.0,null,null,Neutral
2003GoM-Pma-00843,Sperm Whale,Vulnerable,28.285500000000003,-89.52550000000001,2013,8,29.64,0.0,null,null,Neutral
2003GoM-Pma-00843,Sperm Whale,Vulnerable,27.9204,-89.5702,2013,8,29.61,0.0,null,null,Neutral
2003GoM-Pma-00843,Sperm Whale,Vulnerable,28.1746,-89.40690000000001,2013,8,29.64,0.0,null,null,Neutral
2003GoM-Pma-00843,Sperm Whale,Vulnerable,28.0867,-89.5344,2013,8,29.64,0.0,null,null,Neutral
2003GoM-Pma-00843,Sperm Whale,Vulnerable,28.149800000000003,-89.41290000000001,2013,8,29.64,0.0,null,null,Neutral
2003GoM-Pma-00843,Sperm Whale,Vulnerable,28.3042,-89.54260000000001,2013,8,29.560000000000002,0.0,null,null,Neutral
2003GoM-Pma-00843,Sperm Whale,Vulnerable,28.079900000000002,-89.4936,2013,8,29.64,0.0,null,null,Neutral
2003GoM-Pma-00843,Sperm Whale,Vulnerable,28.181700000000003,-89.5231,2013,8,29.64,0.0,null,null,Neutral
2003GoM-Pma-00843,Sperm Whale,Vulnerable,28.1262,-89.3927,2013,8,29.64,0.0,null,null,Neutral
2003GoM-Pma-00843,Sperm Whale,Vulnerable,28.253300000000003,-89.5903,2013,8,29.490000000000002,0.0,null,null,Neutral
2003GoM-Pma-00843,Sperm Whale,Vulnerable,27.7466,-89.8451,2013,8,29.400000000000002,0.0,null,null,Neutral
2003GoM-Pma-00843,Sperm Whale,Vulnerable,28.250700000000002,-89.2821,2013,8,29.64,0.0,null,null,Neutral
2003GoM-Pma-00843,Sperm Whale,Vulnerable,28.0696,-89.4642,2013,8,29.64,0.0,null,null,Neutral
2003GoM-Pma-00843,Sperm Whale,Vulnerable,28.1107,-89.551,2013,8,29.64,0.0,null,null,Neutral
2003GoM-Pma-00843,Sperm Whale,Vulnerable,28.303,-89.3827,2013,8,29.64,0.0,null,null,Neutral
2003GoM-Pma-00843,Sperm Whale,Vulnerable,28.1235,-89.4006,2013,8,29.64,0.0,null,null,Neutral
2003GoM-Pma-00843,Sperm Whale,Vulnerable,28.209,-89.45700000000001,2013,8,29.64,0.0,null,null,Neutral
2003GoM-Pma-00843,Sperm Whale,Vulnerable,28.5534,-88.90740000000001,2013,8,29.52,0.0,null,null,Neutral
2003GoM-Pma-00843,Sperm Whale,Vulnerable,28.022000000000002,-89.5991,2013,8,29.490000000000002,0.0,null,null,Neutral
2003GoM-Pma-00843,Sperm Whale,Vulnerable,28.0879,-89.5017,2013,8,29.64,0.0,null,null,Neutral
2003GoM-Pma-00843,Sperm Whale,Vulnerable,28.056900000000002,-89.5894,2013,8,29.490000000000002,0.0,null,null,Neutral
2003GoM-Pma-00843,Sperm Whale,Vulnerable,27.9115,-89.62610000000001,2013,8,29.61,0.0,null,null,Neutral
2003GoM-Pma-00843,Sperm Whale,Vulnerable,28.098,-89.5843,2013,8,29.490000000000002,0.0,null,null,Neutral
2003GoM-Pma-00843,Sperm Whale,Vulnerable,27.974400000000003,-89.6478,2013,8,29.61,0.0,null,null,Neutral
2003GoM-Pma-00843,Sperm Whale,Vulnerable,28.0456,-89.6144,2013,8,29.490000000000002,0.0,null,null,Neutral
2003GoM-Pma-00843,Sperm Whale,Vulnerable,28.2743,-89.6127,2013,8,29.490000000000002,0.0,null,null,Neutral
2003GoM-Pma-00843,Sperm Whale,Vulnerable,28.0847,-89.5741,2013,8,29.490000000000002,0.0,null,null,Neutral
2003GoM-Pma-00843,Sperm Whale,Vulnerable,28.1854,-89.4655,2013,8,29.64,0.0,null,null,Neutral
2003GoM-Pma-00843,Sperm Whale,Vulnerable,28.020200000000003,-89.51650000000001,2013,8,29.64,0.0,null,null,Neutral
2003GoM-Pma-00843,Sperm Whale,Vulnerable,28.6018,-88.8973,2013,8,29.52,0.0,null,null,Neutral
2003GoM-Pma-00843,Sperm Whale,Vulnerable,28.106900000000003,-89.5788,2013,8,29.490000000000002,0.0,null,null,Neutral
2003GoM-Pma-00843,Sperm Whale,Vulnerable,28.0457,-89.60990000000001,2013,8,29.490000000000002,0.0,null,null,Neutral
2003GoM-Pma-00843,Sperm Whale,Vulnerable,28.512900000000002,-88.9242,2013,8,29.52,0.0,null,null,Neutral
2003GoM-Pma-00843,Sperm Whale,Vulnerable,28.425,-88.9517,2013,8,29.52,0.0,null,null,Neutral
2003GoM-Pma-00843,Sperm Whale,Vulnerable,27.9493,-89.5994,2013,8,29.61,0.0,null,null,Neutral
2003GoM-Pma-00843,Sperm Whale,Vulnerable,28.068800000000003,-89.6479,2013,8,29.490000000000002,0.0,null,null,Neutral
2003GoM-Pma-00843,Sperm Whale,Vulnerable,28.2682,-89.38770000000001,2013,8,29.64,0.0,null,null,Neutral
2003GoM-Pma-00843,Sperm Whale,Vulnerable,28.381800000000002,-88.8759,2013,8,29.52,0.0,null,null,Neutral
2003GoM-Pma-00843,Sperm Whale,Vulnerable,28.178800000000003,-89.42840000000001,2013,8,29.64,0.0,null,null,Neutral
2003GoM-Pma-00843,Sperm Whale,Vulnerable,28.0055,-89.5412,2013,8,29.61,0.0,null,null,Neutral
2003GoM-Pma-00843,Sperm Whale,Vulnerable,28.245800000000003,-89.2904,2013,8,29.64,0.0,null,null,Neutral
2003GoM-Pma-00843,Sperm Whale,Vulnerable,27.9327,-89.69500000000001,2013,8,29.61,0.0,null,null,Neutral
2003GoM-Pma-00843,Sperm Whale,Vulnerable,28.0105,-89.49820000000001,2013,8,29.64,0.0,null,null,Neutral
2003GoM-Pma-00843,Sperm Whale,Vulnerable,28.2647,-89.676,2013,8,29.490000000000002,0.0,null,null,Neutral
2003GoM-Pma-00843,Sperm Whale,Vulnerable,28.1583,-89.489,2013,8,29.64,0.0,null,null,Neutral
2003GoM-Pma-00843,Sperm Whale,Vulnerable,28.002,-89.8062,2013,8,29.490000000000002,0.0,null,null,Neutral
2003GoM-Pma-00843,Sperm Whale,Vulnerable,28.2576,-89.17240000000001,2013,8,29.64,0.0,null,null,Neutral
2003GoM-Pma-00843,Sperm Whale,Vulnerable,28.1751,-89.4346,2013,8,29.64,0.0,null,null,Neutral
2003GoM-Pma-00843,Sperm Whale,Vulnerable,28.1157,-89.55380000000001,2013,8,29.64,0.0,null,null,Neutral
2003GoM-Pma-00843,Sperm Whale,Vulnerable,28.1826,-89.4954,2013,8,29.64,0.0,null,null,Neutral
2003GoM-Pma-00843,Sperm Whale,Vulnerable,28.6384,-88.9363,2013,8,29.52,0.0,null,null,Neutral
2003GoM-Pma-00843,Sperm Whale,Vulnerable,28.5787,-88.90520000000001,2013,8,29.52,0.0,null,null,Neutral
2003GoM-Pma-00843,Sperm Whale,Vulnerable,28.256,-89.2513,2013,8,29.64,0.0,null,null,Neutral
2003GoM-Pma-00843,Sperm Whale,Vulnerable,28.1785,-89.4663,2013,8,29.64,0.0,null,null,Neutral
2003GoM-Pma-00843,Sperm Whale,Vulnerable,28.259400000000003,-89.67020000000001,2013,8,29.490000000000002,0.0,null,null,Neutral
2003GoM-Pma-00843,Sperm Whale,Vulnerable,27.9886,-89.5715,2013,8,29.61,0.0,null,null,Neutral
2003GoM-Pma-00843,Sperm Whale,Vulnerable,27.776500000000002,-89.97080000000001,2013,8,29.400000000000002,0.0,null,null,Neutral
2003GoM-Pma-00843,Sperm Whale,Vulnerable,28.2729,-89.6089,2013,8,29.490000000000002,0.0,null,null,Neutral
2003GoM-Pma-00843,Sperm Whale,Vulnerable,28.555300000000003,-88.9068,2013,8,29.52,0.0,null,null,Neutral
2003GoM-Pma-00843,Sperm Whale,Vulnerable,28.157500000000002,-89.4097,2013,8,29.64,0.0,null,null,Neutral
2003GoM-Pma-00843,Sperm Whale,Vulnerable,28.251,-89.477,2013,8,29.64,0.0,null,null,Neutral
2003GoM-Pma-00843,Sperm Whale,Vulnerable,28.0838,-89.48060000000001,2013,8,29.64,0.0,null,null,Neutral
2003GoM-Pma-00843,Sperm Whale,Vulnerable,28.0839,-89.5651,2013,8,29.64,0.0,null,null,Neutral
2003GoM-Pma-00843,Sperm Whale,Vulnerable,27.9072,-89.8173,2013,8,29.400000000000002,0.0,null,null,Neutral
2003GoM-Pma-00843,Sperm Whale,Vulnerable,27.9923,-89.5355,2013,8,29.61,0.0,null,null,Neutral
2003GoM-Pma-00843,Sperm Whale,Vulnerable,28.4498,-88.97070000000001,2013,8,29.52,0.0,null,null,Neutral
2003GoM-Pma-00843,Sperm Whale,Vulnerable,28.1038,-89.471,2013,8,29.64,0.0,null,null,Neutral
2003GoM-Pma-00843,Sperm Whale,Vulnerable,28.052200000000003,-89.4842,2013,8,29.64,0.0,null,null,Neutral
2003GoM-Pma-00843,Sperm Whale,Vulnerable,27.9359,-89.7472,2013,8,29.490000000000002,0.0,null,null,Neutral
2003GoM-Pma-00843,Sperm Whale,Vulnerable,28.677,-88.9192,2013,8,29.3,0.0,null,null,Neutral
2003GoM-Pma-00843,Sperm Whale,Vulnerable,28.5588,-88.90270000000001,2013,8,29.52,0.0,null,null,Neutral
2003GoM-Pma-00843,Sperm Whale,Vulnerable,27.802200000000003,-89.9197,2013,8,29.400000000000002,0.0,null,null,Neutral
2003GoM-Pma-00843,Sperm Whale,Vulnerable,28.0848,-89.5236,2013,8,29.64,0.0,null,null,Neutral
2003GoM-Pma-00843,Sperm Whale,Vulnerable,28.255,-89.6688,2013,8,29.490000000000002,0.0,null,null,Neutral
2003GoM-Pma-00843,Sperm Whale,Vulnerable,27.770400000000002,-89.99860000000001,2013,8,29.400000000000002,0.0,null,null,Neutral
2003GoM-Pma-00843,Sperm Whale,Vulnerable,27.780900000000003,-89.9445,2013,8,29.400000000000002,0.0,null,null,Neutral
2003GoM-Pma-00843,Sperm Whale,Vulnerable,28.055500000000002,-89.5917,2013,8,29.490000000000002,0.0,null,null,Neutral
2003GoM-Pma-00843,Sperm Whale,Vulnerable,28.049200000000003,-89.5715,2013,8,29.490000000000002,0.0,null,null,Neutral
2003GoM-Pma-00843,Sperm Whale,Vulnerable,28.3213,-89.5179,2013,8,29.560000000000002,0.0,null,null,Neutral
2003GoM-Pma-00843,Sperm Whale,Vulnerable,28.023600000000002,-89.5836,2013,8,29.490000000000002,0.0,null,null,Neutral
2003GoM-Pma-00843,Sperm Whale,Vulnerable,28.3035,-89.5353,2013,8,29.560000000000002,0.0,null,null,Neutral
2003GoM-Pma-00843,Sperm Whale,Vulnerable,27.7787,-89.91850000000001,2013,8,29.400000000000002,0.0,null,null,Neutral
2003GoM-Pma-00843,Sperm Whale,Vulnerable,27.948,-89.5984,2013,8,29.61,0.0,null,null,Neutral
2003GoM-Pma-00843,Sperm Whale,Vulnerable,27.881,-89.6811,2013,8,29.61,0.0,null,null,Neutral
2003GoM-Pma-00843,Sperm Whale,Vulnerable,27.779400000000003,-89.90570000000001,2013,8,29.400000000000002,0.0,null,null,Neutral
2003GoM-Pma-00843,Sperm Whale,Vulnerable,28.2374,-89.508,2013,8,29.64,0.0,null,null,Neutral
2003GoM-Pma-00843,Sperm Whale,Vulnerable,27.764400000000002,-89.9799,2013,8,29.400000000000002,0.0,null,null,Neutral
2003GoM-Pma-00843,Sperm Whale,Vulnerable,28.556700000000003,-88.90650000000001,2013,8,29.52,0.0,null,null,Neutral
2003GoM-Pma-00843,Sperm Whale,Vulnerable,27.764,-89.8705,2013,8,29.400000000000002,0.0,null,null,Neutral
2003GoM-Pma-00843,Sperm Whale,Vulnerable,28.3018,-89.25970000000001,2013,8,29.64,0.0,null,null,Neutral
2003GoM-Pma-00843,Sperm Whale,Vulnerable,27.781,-89.9336,2013,8,29.400000000000002,0.0,null,null,Neutral
2003GoM-Pma-00843,Sperm Whale,Vulnerable,28.1841,-89.46940000000001,2013,8,29.64,0.0,null,null,Neutral
2003GoM-Pma-00843,Sperm Whale,Vulnerable,27.745800000000003,-89.84750000000001,2013,8,29.400000000000002,0.0,null,null,Neutral
2003GoM-Pma-00843,Sperm Whale,Vulnerable,27.844800000000003,-89.8454,2013,8,29.400000000000002,0.0,null,null,Neutral
2003GoM-Pma-00843,Sperm Whale,Vulnerable,27.9018,-89.7108,2013,8,29.61,0.0,null,null,Neutral
2003GoM-Pma-00843,Sperm Whale,Vulnerable,27.9329,-89.7461,2013,8,29.61,0.0,null,null,Neutral
2003GoM-Pma-00843,Sperm Whale,Vulnerable,27.879800000000003,-89.68010000000001,2013,8,29.61,0.0,null,null,Neutral
2003GoM-Pma-00843,Sperm Whale,Vulnerable,28.276200000000003,-89.6663,2013,8,29.490000000000002,0.0,null,null,Neutral
2003GoM-Pma-00843,Sperm Whale,Vulnerable,28.3016,-89.3999,2013,8,29.64,0.0,null,null,Neutral
2003GoM-Pma-00843,Sperm Whale,Vulnerable,28.262900000000002,-89.175,2013,8,29.64,0.0,null,null,Neutral
2003GoM-Pma-00843,Sperm Whale,Vulnerable,28.2296,-89.5668,2013,8,29.490000000000002,0.0,null,null,Neutral
2003GoM-Pma-00843,Sperm Whale,Vulnerable,28.1281,-89.5205,2013,8,29.64,0.0,null,null,Neutral
2003GoM-Pma-00843,Sperm Whale,Vulnerable,28.1156,-89.5295,2013,8,29.64,0.0,null,null,Neutral
2003GoM-Pma-00843,Sperm Whale,Vulnerable,28.2576,-89.21050000000001,2013,8,29.64,0.0,null,null,Neutral
2003GoM-Pma-00843,Sperm Whale,Vulnerable,28.265,-89.5934,2013,8,29.490000000000002,0.0,null,null,Neutral
2003GoM-Pma-00843,Sperm Whale,Vulnerable,28.284100000000002,-89.6718,2013,8,29.490000000000002,0.0,null,null,Neutral
2003GoM-Pma-00843,Sperm Whale,Vulnerable,27.971500000000002,-89.5729,2013,8,29.61,0.0,null,null,Neutral
2003GoM-Pma-00843,Sperm Whale,Vulnerable,28.2585,-89.2553,2013,8,29.64,0.0,null,null,Neutral
2003GoM-Pma-00843,Sperm Whale,Vulnerable,28.2755,-89.6667,2013,8,29.490000000000002,0.0,null,null,Neutral
2003GoM-Pma-00843,Sperm Whale,Vulnerable,28.134700000000002,-89.4706,2013,8,29.64,0.0,null,null,Neutral
2003GoM-Pma-00843,Sperm Whale,Vulnerable,28.2455,-89.27980000000001,2013,8,29.64,0.0,null,null,Neutral
2003GoM-Pma-00843,Sperm Whale,Vulnerable,28.2635,-89.20270000000001,2013,8,29.64,0.0,null,null,Neutral
2003GoM-Pma-00843,Sperm Whale,Vulnerable,28.2654,-89.18860000000001,2013,8,29.64,0.0,null,null,Neutral
2003GoM-Pma-00843,Sperm Whale,Vulnerable,28.2434,-89.6105,2013,8,29.490000000000002,0.0,null,null,Neutral
2003GoM-Pma-00843,Sperm Whale,Vulnerable,28.372500000000002,-88.886,2013,8,29.560000000000002,0.0,null,null,Neutral
2003GoM-Pma-00843,Sperm Whale,Vulnerable,28.264100000000003,-89.194,2013,8,29.64,0.0,null,null,Neutral
2003GoM-Pma-00843,Sperm Whale,Vulnerable,27.964000000000002,-89.6786,2013,8,29.61,0.0,null,null,Neutral
2003GoM-Pma-00843,Sperm Whale,Vulnerable,28.2636,-89.1855,2013,8,29.64,0.0,null,null,Neutral
2003GoM-Pma-00843,Sperm Whale,Vulnerable,28.489600000000003,-89.0336,2013,8,29.52,0.0,null,null,Neutral
2003GoM-Pma-00843,Sperm Whale,Vulnerable,28.2575,-89.40990000000001,2013,8,29.64,0.0,null,null,Neutral
2003GoM-Pma-00843,Sperm Whale,Vulnerable,27.9553,-89.57350000000001,2013,8,29.61,0.0,null,null,Neutral
2003GoM-Pma-00843,Sperm Whale,Vulnerable,28.256700000000002,-89.304,2013,8,29.64,0.0,null,null,Neutral
2003GoM-Pma-00843,Sperm Whale,Vulnerable,28.4694,-88.9872,2013,8,29.52,0.0,null,null,Neutral
2003GoM-Pma-00843,Sperm Whale,Vulnerable,28.0761,-89.5783,2013,8,29.490000000000002,0.0,null,null,Neutral
2003GoM-Pma-00843,Sperm Whale,Vulnerable,27.9847,-89.5308,2013,8,29.61,0.0,null,null,Neutral
2003GoM-Pma-00843,Sperm Whale,Vulnerable,28.261300000000002,-89.1526,2013,8,29.64,0.0,null,null,Neutral
2003GoM-Pma-00843,Sperm Whale,Vulnerable,28.5454,-88.91080000000001,2013,8,29.52,0.0,null,null,Neutral
2003GoM-Pma-00843,Sperm Whale,Vulnerable,28.0764,-89.5805,2013,8,29.490000000000002,0.0,null,null,Neutral
2003GoM-Pma-00843,Sperm Whale,Vulnerable,28.289900000000003,-89.3561,2013,8,29.64,0.0,null,null,Neutral
2003GoM-Pma-00843,Sperm Whale,Vulnerable,28.2556,-89.3074,2013,8,29.64,0.0,null,null,Neutral
2003GoM-Pma-00843,Sperm Whale,Vulnerable,28.0152,-89.55810000000001,2013,8,29.61,0.0,null,null,Neutral
2003GoM-Pma-00843,Sperm Whale,Vulnerable,28.267300000000002,-89.6974,2013,8,29.490000000000002,0.0,null,null,Neutral
2003GoM-Pma-00843,Sperm Whale,Vulnerable,27.9627,-89.6892,2013,8,29.61,0.0,null,null,Neutral
2003GoM-Pma-00843,Sperm Whale,Vulnerable,27.9952,-89.5682,2013,8,29.61,0.0,null,null,Neutral
2003GoM-Pma-00843,Sperm Whale,Vulnerable,27.959300000000002,-89.57180000000001,2013,8,29.61,0.0,null,null,Neutral
2003GoM-Pma-00843,Sperm Whale,Vulnerable,28.541400000000003,-88.9736,2013,8,29.52,0.0,null,null,Neutral
2003GoM-Pma-00843,Sperm Whale,Vulnerable,27.779300000000003,-89.9406,2013,8,29.400000000000002,0.0,null,null,Neutral
2003GoM-Pma-00843,Sperm Whale,Vulnerable,28.567500000000003,-88.8152,2013,8,29.44,0.0,null,null,Neutral
2003GoM-Pma-00843,Sperm Whale,Vulnerable,28.264300000000002,-89.3533,2013,8,29.64,0.0,null,null,Neutral
2003GoM-Pma-00843,Sperm Whale,Vulnerable,28.5806,-88.91080000000001,2013,8,29.52,0.0,null,null,Neutral
2003GoM-Pma-00843,Sperm Whale,Vulnerable,27.9845,-89.82950000000001,2013,8,29.490000000000002,0.0,null,null,Neutral
2003GoM-Pma-00843,Sperm Whale,Vulnerable,27.9696,-89.5265,2013,8,29.61,0.0,null,null,Neutral
2003GoM-Pma-00843,Sperm Whale,Vulnerable,27.9571,-89.51780000000001,2013,8,29.61,0.0,null,null,Neutral
2003GoM-Pma-00843,Sperm Whale,Vulnerable,28.2645,-89.19850000000001,2013,8,29.64,0.0,null,null,Neutral
2003GoM-Pma-00843,Sperm Whale,Vulnerable,28.264400000000002,-89.18730000000001,2013,8,29.64,0.0,null,null,Neutral
2003GoM-Pma-00843,Sperm Whale,Vulnerable,27.905700000000003,-89.6742,2013,8,29.61,0.0,null,null,Neutral
2003GoM-Pma-00843,Sperm Whale,Vulnerable,28.2557,-89.2633,2013,8,29.64,0.0,null,null,Neutral
2003GoM-Pma-00843,Sperm Whale,Vulnerable,28.6748,-88.9217,2013,8,29.3,0.0,null,null,Neutral
2003GoM-Pma-00843,Sperm Whale,Vulnerable,28.2653,-89.2788,2013,8,29.64,0.0,null,null,Neutral
2003GoM-Pma-00843,Sperm Whale,Vulnerable,27.9175,-89.7252,2013,8,29.61,0.0,null,null,Neutral
2003GoM-Pma-00843,Sperm Whale,Vulnerable,28.3469,-89.2172,2013,8,29.52,0.0,null,null,Neutral
2003GoM-Pma-00843,Sperm Whale,Vulnerable,28.303900000000002,-89.2684,2013,8,29.64,0.0,null,null,Neutral
2003GoM-Pma-00843,Sperm Whale,Vulnerable,28.0848,-89.53280000000001,2013,8,29.64,0.0,null,null,Neutral
2003GoM-Pma-00843,Sperm Whale,Vulnerable,28.2532,-89.23790000000001,2013,8,29.64,0.0,null,null,Neutral
2003GoM-Pma-00843,Sperm Whale,Vulnerable,28.085600000000003,-89.5301,2013,8,29.64,0.0,null,null,Neutral
2003GoM-Pma-00843,Sperm Whale,Vulnerable,27.882900000000003,-89.7415,2013,8,29.61,0.0,null,null,Neutral
2003GoM-Pma-00843,Sperm Whale,Vulnerable,28.5929,-88.9025,2013,8,29.52,0.0,null,null,Neutral
2003GoM-Pma-00843,Sperm Whale,Vulnerable,27.991200000000003,-89.53630000000001,2013,8,29.61,0.0,null,null,Neutral
2003GoM-Pma-00843,Sperm Whale,Vulnerable,28.282200000000003,-89.3866,2013,8,29.64,0.0,null,null,Neutral
2003GoM-Pma-00843,Sperm Whale,Vulnerable,27.9909,-89.5348,2013,8,29.61,0.0,null,null,Neutral
2003GoM-Pma-00843,Sperm Whale,Vulnerable,28.4588,-89.0473,2013,8,29.52,0.0,null,null,Neutral
2003GoM-Pma-00843,Sperm Whale,Vulnerable,28.3899,-89.0883,2013,8,29.52,0.0,null,null,Neutral
2003GoM-Pma-00843,Sperm Whale,Vulnerable,28.2402,-89.3334,2013,8,29.64,0.0,null,null,Neutral
2003GoM-Pma-00843,Sperm Whale,Vulnerable,28.094800000000003,-89.4334,2013,8,29.64,0.0,null,null,Neutral
2003GoM-Pma-00843,Sperm Whale,Vulnerable,27.8812,-89.7428,2013,8,29.61,0.0,null,null,Neutral
2003GoM-Pma-00843,Sperm Whale,Vulnerable,28.273200000000003,-89.3345,2013,8,29.64,0.0,null,null,Neutral
2003GoM-Pma-00843,Sperm Whale,Vulnerable,28.483500000000003,-89.0527,2013,8,29.52,0.0,null,null,Neutral
2003GoM-Pma-00843,Sperm Whale,Vulnerable,28.0527,-89.5373,2013,8,29.64,0.0,null,null,Neutral
2003GoM-Pma-00843,Sperm Whale,Vulnerable,27.948400000000003,-89.5789,2013,8,29.61,0.0,null,null,Neutral
2003GoM-Pma-00843,Sperm Whale,Vulnerable,27.897100000000002,-89.7078,2013,8,29.61,0.0,null,null,Neutral
2003GoM-Pma-00843,Sperm Whale,Vulnerable,28.521,-88.91810000000001,2013,8,29.52,0.0,null,null,Neutral
2003GoM-Pma-00843,Sperm Whale,Vulnerable,28.4841,-89.0541,2013,8,29.52,0.0,null,null,Neutral
2003GoM-Pma-00843,Sperm Whale,Vulnerable,28.259500000000003,-89.153,2013,8,29.64,0.0,null,null,Neutral
2003GoM-Pma-00843,Sperm Whale,Vulnerable,28.2623,-89.17750000000001,2013,8,29.64,0.0,null,null,Neutral
2003GoM-Pma-00843,Sperm Whale,Vulnerable,28.651,-88.9349,2013,8,29.52,0.0,null,null,Neutral
2003GoM-Pma-00843,Sperm Whale,Vulnerable,28.3546,-89.0929,2013,8,29.52,0.0,null,null,Neutral
2003GoM-Pma-00843,Sperm Whale,Vulnerable,28.1839,-89.427,2013,8,29.64,0.0,null,null,Neutral
2003GoM-Pma-00843,Sperm Whale,Vulnerable,28.4766,-89.01050000000001,2013,8,29.52,0.0,null,null,Neutral
2003GoM-Pma-00843,Sperm Whale,Vulnerable,28.125400000000003,-89.56230000000001,2013,8,29.64,0.0,null,null,Neutral
2003GoM-Pma-00843,Sperm Whale,Vulnerable,28.381500000000003,-89.0383,2013,8,29.52,0.0,null,null,Neutral
2003GoM-Pma-00843,Sperm Whale,Vulnerable,27.889400000000002,-89.6487,2013,8,29.61,0.0,null,null,Neutral
2003GoM-Pma-00843,Sperm Whale,Vulnerable,28.0087,-89.6735,2013,8,29.490000000000002,0.0,null,null,Neutral
2003GoM-Pma-00843,Sperm Whale,Vulnerable,28.0927,-89.4975,2013,8,29.64,0.0,null,null,Neutral
2003GoM-Pma-00843,Sperm Whale,Vulnerable,28.128800000000002,-89.5275,2013,8,29.64,0.0,null,null,Neutral
2003GoM-Pma-00843,Sperm Whale,Vulnerable,28.2253,-89.3498,2013,8,29.64,0.0,null,null,Neutral
2003GoM-Pma-00843,Sperm Whale,Vulnerable,28.6975,-88.914,2013,8,29.3,0.0,null,null,Neutral
2003GoM-Pma-00843,Sperm Whale,Vulnerable,28.6808,-88.90310000000001,2013,8,29.3,0.0,null,null,Neutral
2003GoM-Pma-00843,Sperm Whale,Vulnerable,28.6396,-88.8968,2013,8,29.52,0.0,null,null,Neutral
2003GoM-Pma-00843,Sperm Whale,Vulnerable,27.9415,-89.5787,2013,8,29.61,0.0,null,null,Neutral
2003GoM-Pma-00843,Sperm Whale,Vulnerable,28.0041,-89.6181,2013,8,29.490000000000002,0.0,null,null,Neutral
2003GoM-Pma-00843,Sperm Whale,Vulnerable,28.238300000000002,-89.4595,2013,8,29.64,0.0,null,null,Neutral
2003GoM-Pma-00843,Sperm Whale,Vulnerable,28.1046,-89.5515,2013,8,29.64,0.0,null,null,Neutral
2003GoM-Pma-00843,Sperm Whale,Vulnerable,28.2709,-89.4824,2013,8,29.64,0.0,null,null,Neutral
2003GoM-Pma-00843,Sperm Whale,Vulnerable,28.4891,-89.0323,2013,8,29.52,0.0,null,null,Neutral
2003GoM-Pma-00843,Sperm Whale,Vulnerable,28.256500000000003,-89.4509,2013,8,29.64,0.0,null,null,Neutral
2003GoM-Pma-00843,Sperm Whale,Vulnerable,27.870900000000002,-89.8272,2013,8,29.400000000000002,0.0,null,null,Neutral
2003GoM-Pma-00843,Sperm Whale,Vulnerable,28.3517,-89.06,2013,8,29.52,0.0,null,null,Neutral
2003GoM-Pma-00843,Sperm Whale,Vulnerable,28.582800000000002,-88.8925,2013,8,29.52,0.0,null,null,Neutral
2003GoM-Pma-00843,Sperm Whale,Vulnerable,28.0092,-89.50150000000001,2013,8,29.64,0.0,null,null,Neutral
2003GoM-Pma-00843,Sperm Whale,Vulnerable,28.48,-88.81710000000001,2013,8,29.44,0.0,null,null,Neutral
2003GoM-Pma-00843,Sperm Whale,Vulnerable,27.9037,-89.6057,2013,8,29.61,0.0,null,null,Neutral
2003GoM-Pma-00843,Sperm Whale,Vulnerable,28.300600000000003,-89.5053,2013,8,29.64,0.0,null,null,Neutral
2003GoM-Pma-00843,Sperm Whale,Vulnerable,28.154600000000002,-89.4906,2013,8,29.64,0.0,null,null,Neutral
2003GoM-Pma-00843,Sperm Whale,Vulnerable,28.1366,-89.42970000000001,2013,8,29.64,0.0,null,null,Neutral
2003GoM-Pma-00843,Sperm Whale,Vulnerable,28.0108,-89.56110000000001,2013,8,29.61,0.0,null,null,Neutral
2003GoM-Pma-00843,Sperm Whale,Vulnerable,27.956200000000003,-89.51780000000001,2013,8,29.61,0.0,null,null,Neutral
2003GoM-Pma-00843,Sperm Whale,Vulnerable,28.6967,-88.9135,2013,8,29.3,0.0,null,null,Neutral
2003GoM-Pma-00843,Sperm Whale,Vulnerable,27.9115,-89.726,2013,8,29.61,0.0,null,null,Neutral
2003GoM-Pma-00843,Sperm Whale,Vulnerable,28.405900000000003,-88.85810000000001,2013,8,29.44,0.0,null,null,Neutral
2003GoM-Pma-00843,Sperm Whale,Vulnerable,28.149900000000002,-89.5318,2013,8,29.64,0.0,null,null,Neutral
2003GoM-Pma-00843,Sperm Whale,Vulnerable,28.459400000000002,-89.0505,2013,8,29.52,0.0,null,null,Neutral
2003GoM-Pma-00843,Sperm Whale,Vulnerable,28.210700000000003,-89.4521,2013,8,29.64,0.0,null,null,Neutral
2003GoM-Pma-00843,Sperm Whale,Vulnerable,28.1764,-89.4379,2013,8,29.64,0.0,null,null,Neutral
2003GoM-Pma-00843,Sperm Whale,Vulnerable,28.1565,-89.41170000000001,2013,8,29.64,0.0,null,null,Neutral
2003GoM-Pma-00843,Sperm Whale,Vulnerable,28.1218,-89.4384,2013,8,29.64,0.0,null,null,Neutral
2003GoM-Pma-00843,Sperm Whale,Vulnerable,28.1189,-89.4454,2013,8,29.64,0.0,null,null,Neutral
2003GoM-Pma-00843,Sperm Whale,Vulnerable,28.242800000000003,-89.2826,2013,8,29.64,0.0,null,null,Neutral
2003GoM-Pma-00843,Sperm Whale,Vulnerable,28.5649,-88.9058,2013,8,29.52,0.0,null,null,Neutral
2003GoM-Pma-00843,Sperm Whale,Vulnerable,28.546400000000002,-88.9102,2013,8,29.52,0.0,null,null,Neutral
2003GoM-Pma-00843,Sperm Whale,Vulnerable,28.4223,-89.0856,2013,8,29.52,0.0,null,null,Neutral
2003GoM-Pma-00843,Sperm Whale,Vulnerable,27.947200000000002,-89.8178,2013,8,29.490000000000002,0.0,null,null,Neutral
2003GoM-Pma-00843,Sperm Whale,Vulnerable,28.0073,-89.5637,2013,8,29.61,0.0,null,null,Neutral
2003GoM-Pma-00843,Sperm Whale,Vulnerable,28.536,-88.91040000000001,2013,8,29.52,0.0,null,null,Neutral
2003GoM-Pma-00843,Sperm Whale,Vulnerable,28.2089,-89.3568,2013,8,29.64,0.0,null,null,Neutral
2003GoM-Pma-00843,Sperm Whale,Vulnerable,28.119200000000003,-89.4423,2013,8,29.64,0.0,null,null,Neutral
2003GoM-Pma-00843,Sperm Whale,Vulnerable,28.5146,-88.9231,2013,8,29.52,0.0,null,null,Neutral
2003GoM-Pma-00843,Sperm Whale,Vulnerable,28.6068,-88.936,2013,8,29.52,0.0,null,null,Neutral
2003GoM-Pma-00843,Sperm Whale,Vulnerable,27.811300000000003,-89.8913,2013,8,29.400000000000002,0.0,null,null,Neutral
2003GoM-Pma-00843,Sperm Whale,Vulnerable,28.317700000000002,-89.4221,2013,8,29.64,0.0,null,null,Neutral
2003GoM-Pma-00843,Sperm Whale,Vulnerable,27.913600000000002,-89.7261,2013,8,29.61,0.0,null,null,Neutral
2003GoM-Pma-00843,Sperm Whale,Vulnerable,28.5573,-88.94330000000001,2013,8,29.52,0.0,null,null,Neutral
2003GoM-Pma-00843,Sperm Whale,Vulnerable,28.5362,-88.91210000000001,2013,8,29.52,0.0,null,null,Neutral
2003GoM-Pma-00843,Sperm Whale,Vulnerable,28.021600000000003,-89.58510000000001,2013,8,29.490000000000002,0.0,null,null,Neutral
2003GoM-Pma-00843,Sperm Whale,Vulnerable,28.597,-88.8728,2013,8,29.52,0.0,null,null,Neutral
2003GoM-Pma-00843,Sperm Whale,Vulnerable,28.116400000000002,-89.4698,2013,8,29.64,0.0,null,null,Neutral
2003GoM-Pma-00843,Sperm Whale,Vulnerable,28.2577,-89.1734,2013,8,29.64,0.0,null,null,Neutral
2003GoM-Pma-00843,Sperm Whale,Vulnerable,28.6732,-88.90990000000001,2013,8,29.3,0.0,null,null,Neutral
2003GoM-Pma-00843,Sperm Whale,Vulnerable,28.2526,-89.272,2013,8,29.64,0.0,null,null,Neutral
2003GoM-Pma-00843,Sperm Whale,Vulnerable,28.236800000000002,-89.4246,2013,8,29.64,0.0,null,null,Neutral
2003GoM-Pma-00843,Sperm Whale,Vulnerable,27.919600000000003,-89.58120000000001,2013,8,29.61,0.0,null,null,Neutral
2003GoM-Pma-00843,Sperm Whale,Vulnerable,28.4798,-88.85940000000001,2013,8,29.44,0.0,null,null,Neutral
2003GoM-Pma-00843,Sperm Whale,Vulnerable,28.1563,-89.4987,2013,8,29.64,0.0,null,null,Neutral
2003GoM-Pma-00843,Sperm Whale,Vulnerable,27.852700000000002,-89.76010000000001,2013,8,29.61,0.0,null,null,Neutral
2003GoM-Pma-00843,Sperm Whale,Vulnerable,28.5272,-89.0057,2013,8,29.52,0.0,null,null,Neutral
2003GoM-Pma-00843,Sperm Whale,Vulnerable,28.242,-89.4522,2013,8,29.64,0.0,null,null,Neutral
2003GoM-Pma-00843,Sperm Whale,Vulnerable,28.302100000000003,-89.2762,2013,8,29.64,0.0,null,null,Neutral
2003GoM-Pma-00843,Sperm Whale,Vulnerable,27.811700000000002,-89.8913,2013,8,29.400000000000002,0.0,null,null,Neutral
2003GoM-Pma-00843,Sperm Whale,Vulnerable,28.2256,-89.3512,2013,8,29.64,0.0,null,null,Neutral
2003GoM-Pma-00843,Sperm Whale,Vulnerable,28.3549,-89.191,2013,8,29.52,0.0,null,null,Neutral
2003GoM-Pma-00843,Sperm Whale,Vulnerable,28.096600000000002,-89.5843,2013,8,29.490000000000002,0.0,null,null,Neutral
2003GoM-Pma-00843,Sperm Whale,Vulnerable,27.954600000000003,-89.5733,2013,8,29.61,0.0,null,null,Neutral
2003GoM-Pma-00843,Sperm Whale,Vulnerable,28.149,-89.53330000000001,2013,8,29.64,0.0,null,null,Neutral
2003GoM-Pma-00843,Sperm Whale,Vulnerable,28.2605,-89.382,2013,8,29.64,0.0,null,null,Neutral
2003GoM-Pma-00843,Sperm Whale,Vulnerable,28.3713,-88.8803,2013,8,29.560000000000002,0.0,null,null,Neutral
2003GoM-Pma-00843,Sperm Whale,Vulnerable,28.196900000000003,-89.431,2013,8,29.64,0.0,null,null,Neutral
2003GoM-Pma-00843,Sperm Whale,Vulnerable,28.181,-89.4568,2013,8,29.64,0.0,null,null,Neutral
2003GoM-Pma-00843,Sperm Whale,Vulnerable,28.0366,-89.55770000000001,2013,8,29.64,0.0,null,null,Neutral
2003GoM-Pma-00843,Sperm Whale,Vulnerable,27.9833,-89.5413,2013,8,29.61,0.0,null,null,Neutral
2003GoM-Pma-00843,Sperm Whale,Vulnerable,28.3047,-89.38550000000001,2013,8,29.64,0.0,null,null,Neutral
2010GoM-Pma-00849,Sperm Whale,Vulnerable,28.78482056,-88.501297,2011,7,29.73,0.0,null,null,La Nina
2010GoM-Pma-00849,Sperm Whale,Vulnerable,28.532947540000002,-88.77894592,2011,7,30.23,1.0,null,null,La Nina
2010GoM-Pma-00849,Sperm Whale,Vulnerable,28.52605629,-88.80012512,2011,7,30.23,1.0,null,null,La Nina
2010GoM-Pma-00849,Sperm Whale,Vulnerable,28.73906708,-88.7470932,2011,7,29.48,0.0,null,null,La Nina
2010GoM-Pma-00849,Sperm Whale,Vulnerable,28.399786,-89.05654144,2011,7,30.07,1.0,null,null,La Nina
2010GoM-Pma-00849,Sperm Whale,Vulnerable,28.236520770000002,-88.98114014000001,2011,7,30.26,1.0,null,null,La Nina
2010GoM-Pma-00849,Sperm Whale,Vulnerable,28.4211998,-88.95220947,2011,7,30.07,1.0,null,null,La Nina
2010GoM-Pma-00849,Sperm Whale,Vulnerable,28.46881485,-89.12571716000001,2011,7,30.07,1.0,null,null,La Nina
2010GoM-Pma-00849,Sperm Whale,Vulnerable,28.79254341,-88.67595673,2011,7,29.48,0.0,null,null,La Nina
2010GoM-Pma-00849,Sperm Whale,Vulnerable,28.233615880000002,-89.13545227,2011,7,30.46,1.0,null,null,La Nina
2010GoM-Pma-00849,Sperm Whale,Vulnerable,28.31061554,-89.18887329,2011,7,30.46,1.0,null,null,La Nina
2010GoM-Pma-00849,Sperm Whale,Vulnerable,28.42795181,-88.98018646,2011,7,30.07,1.0,null,null,La Nina
2010GoM-Pma-00849,Sperm Whale,Vulnerable,28.40460968,-88.98771667,2011,7,30.07,1.0,null,null,La Nina
2010GoM-Pma-00849,Sperm Whale,Vulnerable,28.374689099999998,-88.88697815,2011,7,30.07,1.0,null,null,La Nina
2010GoM-Pma-00849,Sperm Whale,Vulnerable,28.70665169,-88.7897644,2011,7,29.48,0.0,null,null,La Nina
2010GoM-Pma-00849,Sperm Whale,Vulnerable,28.42782211,-89.04179382,2011,7,30.07,1.0,null,null,La Nina
2010GoM-Pma-00849,Sperm Whale,Vulnerable,28.72818184,-88.75950623,2011,7,29.48,0.0,null,null,La Nina
2010GoM-Pma-00849,Sperm Whale,Vulnerable,28.314981460000002,-89.05274963000001,2011,7,30.07,1.0,null,null,La Nina
2010GoM-Pma-00849,Sperm Whale,Vulnerable,28.28218651,-88.94043732,2011,7,30.26,1.0,null,null,La Nina
2010GoM-Pma-00849,Sperm Whale,Vulnerable,28.33783722,-89.09758759,2011,7,30.07,1.0,null,null,La Nina
2010GoM-Pma-00849,Sperm Whale,Vulnerable,28.40159607,-89.15648651000001,2011,7,30.07,1.0,null,null,La Nina
2010GoM-Pma-00849,Sperm Whale,Vulnerable,28.46597672,-88.94245148,2011,7,30.07,1.0,null,null,La Nina
2010GoM-Pma-00849,Sperm Whale,Vulnerable,28.33290672,-89.12045288,2011,7,30.07,1.0,null,null,La Nina
2010GoM-Pma-00849,Sperm Whale,Vulnerable,28.36435127,-89.0378418,2011,7,30.07,1.0,null,null,La Nina
2010GoM-Pma-00849,Sperm Whale,Vulnerable,28.33315659,-89.09593964,2011,7,30.07,1.0,null,null,La Nina
2010GoM-Pma-00849,Sperm Whale,Vulnerable,28.25692177,-88.95259857,2011,7,30.26,1.0,null,null,La Nina
2010GoM-Pma-00849,Sperm Whale,Vulnerable,28.40093231,-89.08379364,2011,7,30.07,1.0,null,null,La Nina
2010GoM-Pma-00849,Sperm Whale,Vulnerable,28.536586760000002,-88.99224091,2011,7,30.07,1.0,null,null,La Nina
2010GoM-Pma-00849,Sperm Whale,Vulnerable,28.314691540000002,-89.13640594,2011,7,30.07,1.0,null,null,La Nina
2010GoM-Pma-00849,Sperm Whale,Vulnerable,28.74272346,-88.72341919,2011,7,29.48,0.0,null,null,La Nina
2010GoM-Pma-00849,Sperm Whale,Vulnerable,28.28058052,-88.98446655000001,2011,7,30.26,1.0,null,null,La Nina
2010GoM-Pma-00849,Sperm Whale,Vulnerable,28.72364616,-88.77378082,2011,7,29.48,0.0,null,null,La Nina
2010GoM-Pma-00849,Sperm Whale,Vulnerable,28.40507317,-89.09232329999999,2011,7,30.07,1.0,null,null,La Nina
2010GoM-Pma-00849,Sperm Whale,Vulnerable,28.34562111,-89.07659912,2011,7,30.07,1.0,null,null,La Nina
2010GoM-Pma-00849,Sperm Whale,Vulnerable,28.43085861,-88.95995331,2011,7,30.07,1.0,null,null,La Nina
2010GoM-Pma-00849,Sperm Whale,Vulnerable,28.35995483,-89.11320496,2011,7,30.07,1.0,null,null,La Nina
2010GoM-Pma-00849,Sperm Whale,Vulnerable,28.812654499999997,-88.66326904,2011,7,29.48,0.0,null,null,La Nina
2010GoM-Pma-00849,Sperm Whale,Vulnerable,28.50287056,-89.00374603,2011,7,30.07,1.0,null,null,La Nina
2010GoM-Pma-00849,Sperm Whale,Vulnerable,28.37561989,-89.03130341,2011,7,30.07,1.0,null,null,La Nina
2010GoM-Pma-00849,Sperm Whale,Vulnerable,28.46512222,-88.91619873,2011,7,30.07,1.0,null,null,La Nina
2010GoM-Pma-00849,Sperm Whale,Vulnerable,28.487495420000002,-88.89065552,2011,7,30.07,1.0,null,null,La Nina
2010GoM-Pma-00849,Sperm Whale,Vulnerable,28.309040070000002,-88.92392731,2011,7,30.26,1.0,null,null,La Nina
2010GoM-Pma-00849,Sperm Whale,Vulnerable,28.38041687,-89.12507629,2011,7,30.07,1.0,null,null,La Nina
2010GoM-Pma-00849,Sperm Whale,Vulnerable,28.49928093,-88.8584671,2011,7,30.23,1.0,null,null,La Nina
2010GoM-Pma-00849,Sperm Whale,Vulnerable,28.21912193,-89.17962646000001,2011,7,30.46,1.0,null,null,La Nina
2010GoM-Pma-00849,Sperm Whale,Vulnerable,28.35535431,-89.51475525000001,2011,7,30.23,1.0,null,null,La Nina
2010GoM-Pma-00849,Sperm Whale,Vulnerable,28.3491745,-89.40273285,2011,8,31.23,1.0,null,null,La Nina
2010GoM-Pma-00849,Sperm Whale,Vulnerable,28.32893181,-89.09408569,2011,8,31.35,1.0,null,null,La Nina
2010GoM-Pma-05800,Sperm Whale,Vulnerable,28.9754,-88.4158,2013,8,29.3,0.0,null,null,Neutral
2010GoM-Pma-05800,Sperm Whale,Vulnerable,29.1293,-87.9178,2013,8,29.3,0.0,null,null,Neutral
2010GoM-Pma-05800,Sperm Whale,Vulnerable,29.031100000000002,-88.1357,2013,8,29.22,0.0,null,null,Neutral
2010GoM-Pma-05800,Sperm Whale,Vulnerable,29.177300000000002,-87.7602,2013,8,29.3,0.0,null,null,Neutral
2010GoM-Pma-05800,Sperm Whale,Vulnerable,28.7801,-88.4855,2013,8,29.3,0.0,null,null,Neutral
2010GoM-Pma-05800,Sperm Whale,Vulnerable,28.8546,-88.61160000000001,2013,8,29.3,0.0,null,null,Neutral
2010GoM-Pma-05800,Sperm Whale,Vulnerable,29.1003,-88.0686,2013,8,29.22,0.0,null,null,Neutral
2010GoM-Pma-05800,Sperm Whale,Vulnerable,28.5321,-89.10210000000001,2013,8,29.52,0.0,null,null,Neutral
2010GoM-Pma-05800,Sperm Whale,Vulnerable,28.639100000000003,-88.9405,2013,8,29.52,0.0,null,null,Neutral
2010GoM-Pma-05800,Sperm Whale,Vulnerable,28.724500000000003,-88.6883,2013,8,29.3,0.0,null,null,Neutral
2010GoM-Pma-05800,Sperm Whale,Vulnerable,28.774700000000003,-88.7775,2013,8,29.3,0.0,null,null,Neutral
2010GoM-Pma-05800,Sperm Whale,Vulnerable,28.6992,-88.8601,2013,8,29.3,0.0,null,null,Neutral
2010GoM-Pma-05800,Sperm Whale,Vulnerable,28.6273,-88.9589,2013,8,29.52,0.0,null,null,Neutral
2010GoM-Pma-05800,Sperm Whale,Vulnerable,28.8339,-88.651,2013,8,29.3,0.0,null,null,Neutral
2010GoM-Pma-05800,Sperm Whale,Vulnerable,28.791,-88.6713,2013,8,29.3,0.0,null,null,Neutral
2010GoM-Pma-05800,Sperm Whale,Vulnerable,28.6571,-88.922,2013,8,29.3,0.0,null,null,Neutral
2010GoM-Pma-05800,Sperm Whale,Vulnerable,28.7496,-88.6893,2013,8,29.3,0.0,null,null,Neutral
2010GoM-Pma-05800,Sperm Whale,Vulnerable,28.8353,-88.6653,2013,8,29.3,0.0,null,null,Neutral
2010GoM-Pma-05800,Sperm Whale,Vulnerable,28.788,-88.7616,2013,8,29.3,0.0,null,null,Neutral
2010GoM-Pma-05800,Sperm Whale,Vulnerable,28.689,-88.8972,2013,8,29.3,0.0,null,null,Neutral
2010GoM-Pma-05800,Sperm Whale,Vulnerable,28.752,-88.8491,2013,8,29.3,0.0,null,null,Neutral
2010GoM-Pma-05800,Sperm Whale,Vulnerable,28.771800000000002,-88.80810000000001,2013,8,29.3,0.0,null,null,Neutral
2010GoM-Pma-05800,Sperm Whale,Vulnerable,28.616,-88.8785,2013,8,29.52,0.0,null,null,Neutral
2010GoM-Pma-05800,Sperm Whale,Vulnerable,28.8172,-88.6902,2013,8,29.3,0.0,null,null,Neutral
2010GoM-Pma-05800,Sperm Whale,Vulnerable,28.7447,-88.8069,2013,8,29.3,0.0,null,null,Neutral
2010GoM-Pma-05800,Sperm Whale,Vulnerable,28.709500000000002,-88.70660000000001,2013,8,29.3,0.0,null,null,Neutral
2010GoM-Pma-05800,Sperm Whale,Vulnerable,28.443900000000003,-89.1149,2013,8,29.52,0.0,null,null,Neutral
2010GoM-Pma-05800,Sperm Whale,Vulnerable,28.745,-88.8574,2013,8,29.3,0.0,null,null,Neutral
2010GoM-Pma-05800,Sperm Whale,Vulnerable,28.7295,-88.7973,2013,8,29.3,0.0,null,null,Neutral
2010GoM-Pma-05800,Sperm Whale,Vulnerable,28.7193,-88.8276,2013,8,29.3,0.0,null,null,Neutral
2010GoM-Pma-05800,Sperm Whale,Vulnerable,28.685100000000002,-88.9105,2013,8,29.3,0.0,null,null,Neutral
2010GoM-Pma-05800,Sperm Whale,Vulnerable,28.7376,-88.8661,2013,8,29.3,0.0,null,null,Neutral
2010GoM-Pma-05800,Sperm Whale,Vulnerable,28.824900000000003,-88.7146,2013,8,29.3,0.0,null,null,Neutral
2010GoM-Pma-05800,Sperm Whale,Vulnerable,28.6249,-88.7752,2013,8,29.44,0.0,null,null,Neutral
2010GoM-Pma-05800,Sperm Whale,Vulnerable,28.784200000000002,-88.7521,2013,8,29.3,0.0,null,null,Neutral
2010GoM-Pma-05800,Sperm Whale,Vulnerable,28.8303,-88.6491,2013,8,29.3,0.0,null,null,Neutral
2010GoM-Pma-05800,Sperm Whale,Vulnerable,29.0437,-87.78880000000001,2013,8,29.3,0.0,null,null,Neutral
2010GoM-Pma-05800,Sperm Whale,Vulnerable,29.1617,-87.751,2013,8,29.3,0.0,null,null,Neutral
2010GoM-Pma-05800,Sperm Whale,Vulnerable,29.1049,-87.7535,2013,8,29.3,0.0,null,null,Neutral
2010GoM-Pma-05800,Sperm Whale,Vulnerable,29.146,-87.79270000000001,2013,8,29.3,0.0,null,null,Neutral
2010GoM-Pma-05800,Sperm Whale,Vulnerable,29.131,-87.8802,2013,8,29.3,0.0,null,null,Neutral
2010GoM-Pma-05800,Sperm Whale,Vulnerable,28.6768,-88.8938,2013,8,29.3,0.0,null,null,Neutral
2010GoM-Pma-05800,Sperm Whale,Vulnerable,29.1047,-88.0193,2013,8,29.22,0.0,null,null,Neutral
2010GoM-Pma-05800,Sperm Whale,Vulnerable,29.0665,-88.1127,2013,8,29.22,0.0,null,null,Neutral
2010GoM-Pma-05800,Sperm Whale,Vulnerable,29.195,-87.6686,2013,8,29.3,0.0,null,null,Neutral
2010GoM-Pma-05800,Sperm Whale,Vulnerable,29.029500000000002,-88.1663,2013,8,29.22,0.0,null,null,Neutral
2010GoM-Pma-05800,Sperm Whale,Vulnerable,29.103,-88.0103,2013,8,29.22,0.0,null,null,Neutral
2010GoM-Pma-05800,Sperm Whale,Vulnerable,28.9873,-88.1854,2013,8,29.22,0.0,null,null,Neutral
2010GoM-Pma-05800,Sperm Whale,Vulnerable,28.779700000000002,-88.4871,2013,8,29.3,0.0,null,null,Neutral
2010GoM-Pma-05800,Sperm Whale,Vulnerable,28.933100000000003,-88.3786,2013,8,29.3,0.0,null,null,Neutral
2010GoM-Pma-05800,Sperm Whale,Vulnerable,29.1856,-87.6983,2013,8,29.3,0.0,null,null,Neutral
2010GoM-Pma-05800,Sperm Whale,Vulnerable,29.1782,-87.73270000000001,2013,8,29.3,0.0,null,null,Neutral
2010GoM-Pma-05800,Sperm Whale,Vulnerable,29.177400000000002,-87.79,2013,8,29.3,0.0,null,null,Neutral
2010GoM-Pma-05800,Sperm Whale,Vulnerable,29.156000000000002,-87.7476,2013,8,29.3,0.0,null,null,Neutral
2010GoM-Pma-05800,Sperm Whale,Vulnerable,29.160700000000002,-87.7551,2013,8,29.3,0.0,null,null,Neutral
2010GoM-Pma-05800,Sperm Whale,Vulnerable,29.1753,-87.7642,2013,8,29.3,0.0,null,null,Neutral
2010GoM-Pma-05800,Sperm Whale,Vulnerable,29.0896,-87.782,2013,8,29.3,0.0,null,null,Neutral
2010GoM-Pma-05800,Sperm Whale,Vulnerable,29.0546,-87.7898,2013,8,29.3,0.0,null,null,Neutral
2010GoM-Pma-05800,Sperm Whale,Vulnerable,29.1289,-87.885,2013,8,29.3,0.0,null,null,Neutral
2010GoM-Pma-05800,Sperm Whale,Vulnerable,29.0213,-88.21470000000001,2013,8,29.22,0.0,null,null,Neutral
2010GoM-Pma-05800,Sperm Whale,Vulnerable,28.5882,-88.8399,2013,8,29.44,0.0,null,null,Neutral
2010GoM-Pma-05800,Sperm Whale,Vulnerable,29.07,-88.0565,2013,8,29.22,0.0,null,null,Neutral
2010GoM-Pma-05800,Sperm Whale,Vulnerable,29.1731,-87.8754,2013,8,29.3,0.0,null,null,Neutral
2010GoM-Pma-05800,Sperm Whale,Vulnerable,28.7859,-88.65180000000001,2013,8,29.3,0.0,null,null,Neutral
2010GoM-Pma-05800,Sperm Whale,Vulnerable,29.0062,-88.24390000000001,2013,8,29.3,0.0,null,null,Neutral
2010GoM-Pma-05800,Sperm Whale,Vulnerable,28.756800000000002,-88.4985,2013,8,29.3,0.0,null,null,Neutral
2010GoM-Pma-05800,Sperm Whale,Vulnerable,28.6004,-88.9828,2013,8,29.52,0.0,null,null,Neutral
2010GoM-Pma-05800,Sperm Whale,Vulnerable,28.931900000000002,-88.37830000000001,2013,8,29.3,0.0,null,null,Neutral
2010GoM-Pma-05800,Sperm Whale,Vulnerable,28.947300000000002,-88.3601,2013,8,29.3,0.0,null,null,Neutral
2010GoM-Pma-05800,Sperm Whale,Vulnerable,28.683200000000003,-88.8451,2013,8,29.3,0.0,null,null,Neutral
2010GoM-Pma-05800,Sperm Whale,Vulnerable,28.6477,-88.9248,2013,8,29.52,0.0,null,null,Neutral
2010GoM-Pma-05800,Sperm Whale,Vulnerable,28.748,-88.7154,2013,8,29.3,0.0,null,null,Neutral
2010GoM-Pma-05800,Sperm Whale,Vulnerable,28.719,-88.8416,2013,8,29.3,0.0,null,null,Neutral
2010GoM-Pma-05800,Sperm Whale,Vulnerable,28.6777,-88.88260000000001,2013,8,29.3,0.0,null,null,Neutral
2010GoM-Pma-05800,Sperm Whale,Vulnerable,29.0084,-88.02,2013,8,29.39,0.0,null,null,Neutral
2010GoM-Pma-05800,Sperm Whale,Vulnerable,28.645,-88.83250000000001,2013,8,29.3,0.0,null,null,Neutral
2010GoM-Pma-05800,Sperm Whale,Vulnerable,28.790200000000002,-88.76180000000001,2013,8,29.3,0.0,null,null,Neutral
2010GoM-Pma-05800,Sperm Whale,Vulnerable,28.788600000000002,-88.6456,2013,8,29.3,0.0,null,null,Neutral
2010GoM-Pma-05800,Sperm Whale,Vulnerable,28.701400000000003,-88.8741,2013,8,29.3,0.0,null,null,Neutral
2010GoM-Pma-05800,Sperm Whale,Vulnerable,28.749000000000002,-88.71690000000001,2013,8,29.3,0.0,null,null,Neutral
2010GoM-Pma-05800,Sperm Whale,Vulnerable,28.813200000000002,-88.6609,2013,8,29.3,0.0,null,null,Neutral
2010GoM-Pma-05800,Sperm Whale,Vulnerable,28.778100000000002,-88.56070000000001,2013,8,29.3,0.0,null,null,Neutral
2010GoM-Pma-05800,Sperm Whale,Vulnerable,28.7527,-88.5657,2013,8,29.3,0.0,null,null,Neutral
2010GoM-Pma-05800,Sperm Whale,Vulnerable,28.750400000000003,-88.5697,2013,8,29.3,0.0,null,null,Neutral
2010GoM-Pma-05800,Sperm Whale,Vulnerable,28.9827,-88.1876,2013,8,29.3,0.0,null,null,Neutral
2010GoM-Pma-05800,Sperm Whale,Vulnerable,28.8536,-88.615,2013,8,29.3,0.0,null,null,Neutral
2010GoM-Pma-05800,Sperm Whale,Vulnerable,28.905900000000003,-88.40440000000001,2013,8,29.3,0.0,null,null,Neutral
2010GoM-Pma-05800,Sperm Whale,Vulnerable,28.9157,-88.3904,2013,8,29.3,0.0,null,null,Neutral
2010GoM-Pma-05800,Sperm Whale,Vulnerable,28.857100000000003,-88.5839,2013,8,29.3,0.0,null,null,Neutral
2010GoM-Pma-05800,Sperm Whale,Vulnerable,29.006700000000002,-88.2954,2013,8,29.3,0.0,null,null,Neutral
2010GoM-Pma-05800,Sperm Whale,Vulnerable,28.910600000000002,-88.4002,2013,8,29.3,0.0,null,null,Neutral
2010GoM-Pma-05800,Sperm Whale,Vulnerable,28.8698,-88.5095,2013,8,29.3,0.0,null,null,Neutral
2010GoM-Pma-05800,Sperm Whale,Vulnerable,28.9065,-88.4067,2013,8,29.3,0.0,null,null,Neutral
2010GoM-Pma-05800,Sperm Whale,Vulnerable,28.7879,-88.52170000000001,2013,8,29.3,0.0,null,null,Neutral
2010GoM-Pma-05800,Sperm Whale,Vulnerable,28.7878,-88.4931,2013,8,29.3,0.0,null,null,Neutral
2010GoM-Pma-05800,Sperm Whale,Vulnerable,29.007,-88.3361,2013,8,29.3,0.0,null,null,Neutral
2010GoM-Pma-05800,Sperm Whale,Vulnerable,28.954600000000003,-88.49470000000001,2013,8,29.3,0.0,null,null,Neutral
2010GoM-Pma-05800,Sperm Whale,Vulnerable,29.0242,-88.17450000000001,2013,8,29.22,0.0,null,null,Neutral
2010GoM-Pma-05800,Sperm Whale,Vulnerable,29.0468,-88.0917,2013,8,29.22,0.0,null,null,Neutral
2010GoM-Pma-05800,Sperm Whale,Vulnerable,28.7525,-88.57350000000001,2013,8,29.3,0.0,null,null,Neutral
2010GoM-Pma-05800,Sperm Whale,Vulnerable,29.017100000000003,-88.2024,2013,8,29.22,0.0,null,null,Neutral
2010GoM-Pma-05800,Sperm Whale,Vulnerable,29.1129,-87.9817,2013,8,29.22,0.0,null,null,Neutral
2010GoM-Pma-05800,Sperm Whale,Vulnerable,29.066300000000002,-88.1721,2013,8,29.22,0.0,null,null,Neutral
2010GoM-Pma-05800,Sperm Whale,Vulnerable,29.1049,-87.98270000000001,2013,8,29.22,0.0,null,null,Neutral
2010GoM-Pma-05800,Sperm Whale,Vulnerable,29.1251,-87.9491,2013,8,29.22,0.0,null,null,Neutral
2010GoM-Pma-05800,Sperm Whale,Vulnerable,29.0716,-88.12870000000001,2013,8,29.22,0.0,null,null,Neutral
2010GoM-Pma-05800,Sperm Whale,Vulnerable,29.0849,-88.09960000000001,2013,8,29.22,0.0,null,null,Neutral
2010GoM-Pma-05800,Sperm Whale,Vulnerable,29.0548,-88.11710000000001,2013,8,29.22,0.0,null,null,Neutral
2010GoM-Pma-05800,Sperm Whale,Vulnerable,29.0898,-88.0955,2013,8,29.22,0.0,null,null,Neutral
2010GoM-Pma-05800,Sperm Whale,Vulnerable,28.980700000000002,-88.3395,2013,8,29.3,0.0,null,null,Neutral
2010GoM-Pma-05800,Sperm Whale,Vulnerable,28.9186,-88.3862,2013,8,29.3,0.0,null,null,Neutral
2010GoM-Pma-05800,Sperm Whale,Vulnerable,28.939500000000002,-88.3657,2013,8,29.3,0.0,null,null,Neutral
2010GoM-Pma-05800,Sperm Whale,Vulnerable,28.8746,-88.41890000000001,2013,8,29.3,0.0,null,null,Neutral
2010GoM-Pma-05800,Sperm Whale,Vulnerable,28.7356,-88.612,2013,8,29.3,0.0,null,null,Neutral
2010GoM-Pma-05800,Sperm Whale,Vulnerable,28.8384,-88.6246,2013,8,29.3,0.0,null,null,Neutral
2010GoM-Pma-05800,Sperm Whale,Vulnerable,28.8226,-88.48060000000001,2013,8,29.3,0.0,null,null,Neutral
2010GoM-Pma-05800,Sperm Whale,Vulnerable,28.8226,-88.4829,2013,8,29.3,0.0,null,null,Neutral
2010GoM-Pma-05800,Sperm Whale,Vulnerable,28.991500000000002,-88.3223,2013,8,29.3,0.0,null,null,Neutral
2010GoM-Pma-05800,Sperm Whale,Vulnerable,28.9917,-88.3767,2013,8,29.3,0.0,null,null,Neutral
2010GoM-Pma-05800,Sperm Whale,Vulnerable,28.951700000000002,-88.39710000000001,2013,8,29.3,0.0,null,null,Neutral
2010GoM-Pma-05800,Sperm Whale,Vulnerable,28.9311,-88.4916,2013,8,29.3,0.0,null,null,Neutral
2010GoM-Pma-05800,Sperm Whale,Vulnerable,28.9768,-88.3887,2013,8,29.3,0.0,null,null,Neutral
2010GoM-Pma-05800,Sperm Whale,Vulnerable,28.936500000000002,-88.4208,2013,8,29.3,0.0,null,null,Neutral
2010GoM-Pma-05800,Sperm Whale,Vulnerable,28.953100000000003,-88.5169,2013,8,29.3,0.0,null,null,Neutral
2010GoM-Pma-05800,Sperm Whale,Vulnerable,28.7498,-88.5749,2013,8,29.3,0.0,null,null,Neutral
2010GoM-Pma-05800,Sperm Whale,Vulnerable,28.9631,-88.4809,2013,8,29.3,0.0,null,null,Neutral
2010GoM-Pma-05800,Sperm Whale,Vulnerable,28.9325,-88.4807,2013,8,29.3,0.0,null,null,Neutral
2010GoM-Pma-05800,Sperm Whale,Vulnerable,28.9649,-88.48010000000001,2013,8,29.3,0.0,null,null,Neutral
2010GoM-Pma-05800,Sperm Whale,Vulnerable,28.7646,-88.546,2013,8,29.3,0.0,null,null,Neutral
2010GoM-Pma-05800,Sperm Whale,Vulnerable,28.7532,-88.5304,2013,8,29.3,0.0,null,null,Neutral
2010GoM-Pma-05800,Sperm Whale,Vulnerable,28.9694,-88.4509,2013,8,29.3,0.0,null,null,Neutral
2010GoM-Pma-05800,Sperm Whale,Vulnerable,28.782500000000002,-88.51520000000001,2013,8,29.3,0.0,null,null,Neutral
2010GoM-Pma-05800,Sperm Whale,Vulnerable,28.7774,-88.51350000000001,2013,8,29.3,0.0,null,null,Neutral
2010GoM-Pma-05800,Sperm Whale,Vulnerable,28.980600000000003,-88.41040000000001,2013,8,29.3,0.0,null,null,Neutral
2010GoM-Pma-05800,Sperm Whale,Vulnerable,28.8105,-88.53670000000001,2013,8,29.3,0.0,null,null,Neutral
2010GoM-Pma-05800,Sperm Whale,Vulnerable,28.986700000000003,-88.3947,2013,8,29.3,0.0,null,null,Neutral
2010GoM-Pma-05800,Sperm Whale,Vulnerable,28.8077,-88.5423,2013,8,29.3,0.0,null,null,Neutral
2010GoM-Pma-05800,Sperm Whale,Vulnerable,28.792,-88.5091,2013,8,29.3,0.0,null,null,Neutral
2010GoM-Pma-05800,Sperm Whale,Vulnerable,28.7819,-88.55890000000001,2013,8,29.3,0.0,null,null,Neutral
2010GoM-Pma-05800,Sperm Whale,Vulnerable,28.800600000000003,-88.56,2013,8,29.3,0.0,null,null,Neutral
2010GoM-Pma-05800,Sperm Whale,Vulnerable,28.837300000000003,-88.46470000000001,2013,8,29.3,0.0,null,null,Neutral
2010GoM-Pma-05800,Sperm Whale,Vulnerable,28.5421,-89.0554,2013,8,29.52,0.0,null,null,Neutral
2010GoM-Pma-05800,Sperm Whale,Vulnerable,28.7896,-88.675,2013,8,29.3,0.0,null,null,Neutral
2010GoM-Pma-05800,Sperm Whale,Vulnerable,28.796200000000002,-88.7215,2013,8,29.3,0.0,null,null,Neutral
2010GoM-Pma-05800,Sperm Whale,Vulnerable,28.741500000000002,-88.7054,2013,8,29.3,0.0,null,null,Neutral
2010GoM-Pma-05800,Sperm Whale,Vulnerable,28.7493,-88.85950000000001,2013,8,29.3,0.0,null,null,Neutral
2010GoM-Pma-05800,Sperm Whale,Vulnerable,29.0166,-88.2893,2013,8,29.3,0.0,null,null,Neutral
2010GoM-Pma-05800,Sperm Whale,Vulnerable,28.869,-88.5601,2013,8,29.3,0.0,null,null,Neutral
2010GoM-Pma-05800,Sperm Whale,Vulnerable,28.8992,-88.61120000000001,2013,8,29.3,0.0,null,null,Neutral
2010GoM-Pma-05800,Sperm Whale,Vulnerable,28.8226,-88.5451,2013,8,29.3,0.0,null,null,Neutral
2010GoM-Pma-05800,Sperm Whale,Vulnerable,28.9208,-88.3857,2013,8,29.3,0.0,null,null,Neutral
2010GoM-Pma-05800,Sperm Whale,Vulnerable,28.882800000000003,-88.4363,2013,8,29.3,0.0,null,null,Neutral
2010GoM-Pma-05800,Sperm Whale,Vulnerable,29.025000000000002,-88.2137,2013,8,29.22,0.0,null,null,Neutral
2010GoM-Pma-05800,Sperm Whale,Vulnerable,29.0299,-88.1597,2013,8,29.22,0.0,null,null,Neutral
2010GoM-Pma-05800,Sperm Whale,Vulnerable,28.918400000000002,-88.3896,2013,8,29.3,0.0,null,null,Neutral
2010GoM-Pma-05800,Sperm Whale,Vulnerable,28.892400000000002,-88.4948,2013,8,29.3,0.0,null,null,Neutral
2010GoM-Pma-05800,Sperm Whale,Vulnerable,29.102400000000003,-87.9774,2013,8,29.22,0.0,null,null,Neutral
2010GoM-Pma-05800,Sperm Whale,Vulnerable,28.8078,-88.496,2013,8,29.3,0.0,null,null,Neutral
2010GoM-Pma-05800,Sperm Whale,Vulnerable,28.960600000000003,-88.4604,2013,8,29.3,0.0,null,null,Neutral
2010GoM-Pma-05800,Sperm Whale,Vulnerable,28.7852,-88.51870000000001,2013,8,29.3,0.0,null,null,Neutral
2010GoM-Pma-05800,Sperm Whale,Vulnerable,28.857,-88.4524,2013,8,29.3,0.0,null,null,Neutral
2010GoM-Pma-05800,Sperm Whale,Vulnerable,29.0104,-88.2038,2013,8,29.22,0.0,null,null,Neutral
2010GoM-Pma-05800,Sperm Whale,Vulnerable,28.957600000000003,-88.43180000000001,2013,8,29.3,0.0,null,null,Neutral
2010GoM-Pma-05800,Sperm Whale,Vulnerable,28.959300000000002,-88.4953,2013,8,29.3,0.0,null,null,Neutral
2010GoM-Pma-05800,Sperm Whale,Vulnerable,28.6464,-88.7933,2013,8,29.44,0.0,null,null,Neutral
2010GoM-Pma-05800,Sperm Whale,Vulnerable,28.8882,-88.4927,2013,8,29.3,0.0,null,null,Neutral
2010GoM-Pma-05800,Sperm Whale,Vulnerable,28.990000000000002,-88.33120000000001,2013,8,29.3,0.0,null,null,Neutral
2010GoM-Pma-05800,Sperm Whale,Vulnerable,28.805400000000002,-88.74090000000001,2013,8,29.3,0.0,null,null,Neutral
2010GoM-Pma-05800,Sperm Whale,Vulnerable,28.6141,-88.8759,2013,8,29.52,0.0,null,null,Neutral
2010GoM-Pma-05800,Sperm Whale,Vulnerable,29.119100000000003,-87.7144,2013,8,29.3,0.0,null,null,Neutral
2010GoM-Pma-05800,Sperm Whale,Vulnerable,28.8106,-90.5111,2013,8,29.400000000000002,0.0,null,null,Neutral
2010GoM-Pma-05800,Sperm Whale,Vulnerable,28.808,-88.5316,2013,8,29.3,0.0,null,null,Neutral
2010GoM-Pma-05800,Sperm Whale,Vulnerable,28.602600000000002,-88.98100000000001,2013,8,29.52,0.0,null,null,Neutral
2010GoM-Pma-05800,Sperm Whale,Vulnerable,28.660400000000003,-88.922,2013,8,29.3,0.0,null,null,Neutral
2010GoM-Pma-05800,Sperm Whale,Vulnerable,28.7972,-88.67240000000001,2013,8,29.3,0.0,null,null,Neutral
2010GoM-Pma-05800,Sperm Whale,Vulnerable,29.164,-87.6755,2013,8,29.3,0.0,null,null,Neutral
2010GoM-Pma-05800,Sperm Whale,Vulnerable,29.122400000000003,-87.848,2013,8,29.3,0.0,null,null,Neutral
2010GoM-Pma-05800,Sperm Whale,Vulnerable,29.1112,-87.7485,2013,8,29.3,0.0,null,null,Neutral
2010GoM-Pma-05800,Sperm Whale,Vulnerable,28.8762,-90.0562,2013,8,29.55,0.0,null,null,Neutral
2010GoM-Pma-05800,Sperm Whale,Vulnerable,28.7041,-88.6605,2013,8,29.44,0.0,null,null,Neutral
2010GoM-Pma-05800,Sperm Whale,Vulnerable,28.657500000000002,-88.783,2013,8,29.44,0.0,null,null,Neutral
2010GoM-Pma-05800,Sperm Whale,Vulnerable,28.6456,-88.7966,2013,8,29.44,0.0,null,null,Neutral
2010GoM-Pma-05800,Sperm Whale,Vulnerable,28.7715,-88.5356,2013,8,29.3,0.0,null,null,Neutral
2010GoM-Pma-05800,Sperm Whale,Vulnerable,28.5504,-88.09700000000001,2013,8,29.46,0.0,null,null,Neutral
2010GoM-Pma-05800,Sperm Whale,Vulnerable,29.0058,-87.8084,2013,8,29.39,0.0,null,null,Neutral
2010GoM-Pma-05800,Sperm Whale,Vulnerable,28.6259,-88.8097,2013,8,29.44,0.0,null,null,Neutral
2010GoM-Pma-05800,Sperm Whale,Vulnerable,28.8791,-88.2632,2013,8,29.3,0.0,null,null,Neutral
2010GoM-Pma-05800,Sperm Whale,Vulnerable,28.779200000000003,-88.7829,2013,8,29.3,0.0,null,null,Neutral
2010GoM-Pma-05800,Sperm Whale,Vulnerable,28.605500000000003,-88.85220000000001,2013,8,29.44,0.0,null,null,Neutral
2010GoM-Pma-05800,Sperm Whale,Vulnerable,28.627,-88.7722,2013,8,29.44,0.0,null,null,Neutral
2010GoM-Pma-05800,Sperm Whale,Vulnerable,28.514400000000002,-88.7382,2013,8,29.44,0.0,null,null,Neutral
2010GoM-Pma-05800,Sperm Whale,Vulnerable,28.6229,-88.8495,2013,8,29.44,0.0,null,null,Neutral
2010GoM-Pma-05800,Sperm Whale,Vulnerable,28.5878,-88.8429,2013,8,29.44,0.0,null,null,Neutral
2010GoM-Pma-05800,Sperm Whale,Vulnerable,28.6217,-88.84830000000001,2013,8,29.44,0.0,null,null,Neutral
2010GoM-Pma-05800,Sperm Whale,Vulnerable,28.487000000000002,-88.7647,2013,8,29.44,0.0,null,null,Neutral
2010GoM-Pma-05800,Sperm Whale,Vulnerable,28.9006,-88.2398,2013,8,29.3,0.0,null,null,Neutral
2010GoM-Pma-05800,Sperm Whale,Vulnerable,28.700000000000003,-88.8585,2013,8,29.3,0.0,null,null,Neutral
2010GoM-Pma-05800,Sperm Whale,Vulnerable,28.510900000000003,-88.75880000000001,2013,8,29.44,0.0,null,null,Neutral
2010GoM-Pma-05800,Sperm Whale,Vulnerable,28.5497,-88.7174,2013,8,29.44,0.0,null,null,Neutral
2010GoM-Pma-05800,Sperm Whale,Vulnerable,29.03,-88.0423,2013,8,29.39,0.0,null,null,Neutral
2010GoM-Pma-05800,Sperm Whale,Vulnerable,28.651300000000003,-88.6977,2013,8,29.44,0.0,null,null,Neutral
2010GoM-Pma-05800,Sperm Whale,Vulnerable,28.712500000000002,-88.6352,2013,8,29.44,0.0,null,null,Neutral
2010GoM-Pma-05800,Sperm Whale,Vulnerable,28.706500000000002,-88.66120000000001,2013,8,29.44,0.0,null,null,Neutral
2010GoM-Pma-05800,Sperm Whale,Vulnerable,28.6968,-88.6821,2013,8,29.44,0.0,null,null,Neutral
2010GoM-Pma-05800,Sperm Whale,Vulnerable,28.6203,-88.793,2013,8,29.44,0.0,null,null,Neutral
2010GoM-Pma-05800,Sperm Whale,Vulnerable,28.6474,-88.8073,2013,8,29.44,0.0,null,null,Neutral
2010GoM-Pma-05800,Sperm Whale,Vulnerable,28.643800000000002,-88.81920000000001,2013,8,29.44,0.0,null,null,Neutral
2010GoM-Pma-05800,Sperm Whale,Vulnerable,28.8211,-88.7001,2013,8,29.3,0.0,null,null,Neutral
2010GoM-Pma-05800,Sperm Whale,Vulnerable,28.6016,-88.8176,2013,8,29.44,0.0,null,null,Neutral
2010GoM-Pma-05800,Sperm Whale,Vulnerable,28.986,-88.3923,2013,8,29.3,0.0,null,null,Neutral
2010GoM-Pma-05800,Sperm Whale,Vulnerable,28.9567,-88.43440000000001,2013,8,29.3,0.0,null,null,Neutral
2010GoM-Pma-05800,Sperm Whale,Vulnerable,28.9583,-88.4347,2013,8,29.3,0.0,null,null,Neutral
2010GoM-Pma-05800,Sperm Whale,Vulnerable,28.684700000000003,-88.73450000000001,2013,8,29.44,0.0,null,null,Neutral
2010GoM-Pma-05800,Sperm Whale,Vulnerable,28.9612,-88.49040000000001,2013,8,29.3,0.0,null,null,Neutral
2010GoM-Pma-05800,Sperm Whale,Vulnerable,29.008200000000002,-87.80930000000001,2013,8,29.39,0.0,null,null,Neutral
2010GoM-Pma-05800,Sperm Whale,Vulnerable,28.811200000000003,-88.7154,2013,8,29.3,0.0,null,null,Neutral
2010GoM-Pma-05800,Sperm Whale,Vulnerable,28.549500000000002,-88.71600000000001,2013,8,29.44,0.0,null,null,Neutral
2010GoM-Pma-05800,Sperm Whale,Vulnerable,28.6312,-88.8086,2013,8,29.44,0.0,null,null,Neutral
2010GoM-Pma-05800,Sperm Whale,Vulnerable,28.649600000000003,-88.79740000000001,2013,8,29.44,0.0,null,null,Neutral
2010GoM-Pma-05800,Sperm Whale,Vulnerable,28.9921,-88.2201,2013,8,29.3,0.0,null,null,Neutral
2010GoM-Pma-05800,Sperm Whale,Vulnerable,28.6449,-88.7942,2013,8,29.44,0.0,null,null,Neutral
2010GoM-Pma-05800,Sperm Whale,Vulnerable,28.649600000000003,-88.696,2013,8,29.44,0.0,null,null,Neutral
2010GoM-Pma-05800,Sperm Whale,Vulnerable,28.7694,-88.5382,2013,8,29.3,0.0,null,null,Neutral
2010GoM-Pma-05800,Sperm Whale,Vulnerable,28.9901,-88.3882,2013,8,29.3,0.0,null,null,Neutral
2010GoM-Pma-05800,Sperm Whale,Vulnerable,28.832600000000003,-88.6665,2013,8,29.3,0.0,null,null,Neutral
2010GoM-Pma-05800,Sperm Whale,Vulnerable,28.8777,-88.483,2013,8,29.3,0.0,null,null,Neutral
2010GoM-Pma-05800,Sperm Whale,Vulnerable,28.4858,-88.76140000000001,2013,8,29.44,0.0,null,null,Neutral
2010GoM-Pma-05800,Sperm Whale,Vulnerable,28.6019,-88.8159,2013,8,29.44,0.0,null,null,Neutral
2010GoM-Pma-05800,Sperm Whale,Vulnerable,28.6426,-88.8015,2013,8,29.44,0.0,null,null,Neutral
2010GoM-Pma-05800,Sperm Whale,Vulnerable,28.641000000000002,-88.80030000000001,2013,8,29.44,0.0,null,null,Neutral
2010GoM-Pma-05800,Sperm Whale,Vulnerable,28.6354,-88.813,2013,8,29.44,0.0,null,null,Neutral
2010GoM-Pma-05800,Sperm Whale,Vulnerable,28.7926,-88.5173,2013,8,29.3,0.0,null,null,Neutral
2010GoM-Pma-05800,Sperm Whale,Vulnerable,28.631700000000002,-88.7668,2013,8,29.44,0.0,null,null,Neutral
2010GoM-Pma-05800,Sperm Whale,Vulnerable,28.5833,-88.7074,2013,8,29.44,0.0,null,null,Neutral
2010GoM-Pma-05800,Sperm Whale,Vulnerable,28.6535,-88.7513,2013,8,29.44,0.0,null,null,Neutral
2010GoM-Pma-05800,Sperm Whale,Vulnerable,28.7437,-88.8054,2013,8,29.3,0.0,null,null,Neutral
2010GoM-Pma-05800,Sperm Whale,Vulnerable,28.700000000000003,-88.7372,2013,8,29.3,0.0,null,null,Neutral
2010GoM-Pma-05800,Sperm Whale,Vulnerable,28.8057,-88.7395,2013,8,29.3,0.0,null,null,Neutral
2010GoM-Pma-05800,Sperm Whale,Vulnerable,28.7818,-88.7843,2013,8,29.3,0.0,null,null,Neutral
2010GoM-Pma-05800,Sperm Whale,Vulnerable,28.8656,-88.65,2013,8,29.3,0.0,null,null,Neutral
2010GoM-Pma-05800,Sperm Whale,Vulnerable,28.768600000000003,-88.81070000000001,2013,8,29.3,0.0,null,null,Neutral
2010GoM-Pma-05800,Sperm Whale,Vulnerable,28.7269,-88.7108,2013,8,29.3,0.0,null,null,Neutral
2010GoM-Pma-05800,Sperm Whale,Vulnerable,28.9932,-88.3438,2013,8,29.3,0.0,null,null,Neutral
2011GoM-Pma-00823,Sperm Whale,Vulnerable,28.457800000000002,-88.6391,2011,7,30.23,1.0,null,null,La Nina
2011GoM-Pma-00823,Sperm Whale,Vulnerable,28.573800000000002,-87.9711,2011,7,30.240000000000002,1.0,null,null,La Nina
2011GoM-Pma-00823,Sperm Whale,Vulnerable,28.4269,-88.5476,2011,7,30.23,1.0,null,null,La Nina
2011GoM-Pma-00823,Sperm Whale,Vulnerable,28.2497,-88.26140000000001,2011,7,30.26,1.0,null,null,La Nina
2011GoM-Pma-00823,Sperm Whale,Vulnerable,28.2727,-87.3519,2011,7,29.93,0.0,null,null,La Nina
2011GoM-Pma-00823,Sperm Whale,Vulnerable,28.591,-88.07780000000001,2011,7,30.240000000000002,1.0,null,null,La Nina
2011GoM-Pma-00823,Sperm Whale,Vulnerable,28.308,-87.5168,2011,7,29.990000000000002,0.0,null,null,La Nina
2011GoM-Pma-00823,Sperm Whale,Vulnerable,28.2251,-88.2476,2011,7,30.26,1.0,null,null,La Nina
2011GoM-Pma-00823,Sperm Whale,Vulnerable,28.5809,-88.1543,2011,7,30.240000000000002,1.0,null,null,La Nina
2011GoM-Pma-00823,Sperm Whale,Vulnerable,28.1212,-88.2009,2011,7,30.26,1.0,null,null,La Nina
2011GoM-Pma-00823,Sperm Whale,Vulnerable,28.4101,-88.184,2011,7,30.240000000000002,1.0,null,null,La Nina
2011GoM-Pma-00823,Sperm Whale,Vulnerable,28.5831,-88.2649,2011,7,30.240000000000002,1.0,null,null,La Nina
2011GoM-Pma-00823,Sperm Whale,Vulnerable,28.4263,-88.19460000000001,2011,7,30.240000000000002,1.0,null,null,La Nina
2011GoM-Pma-00823,Sperm Whale,Vulnerable,28.1472,-88.0519,2011,7,30.09,1.0,null,null,La Nina
2011GoM-Pma-00823,Sperm Whale,Vulnerable,28.500500000000002,-88.012,2011,7,30.240000000000002,1.0,null,null,La Nina
2011GoM-Pma-00823,Sperm Whale,Vulnerable,28.5027,-88.2548,2011,7,30.240000000000002,1.0,null,null,La Nina
2011GoM-Pma-00823,Sperm Whale,Vulnerable,28.4569,-88.3178,2011,7,30.240000000000002,1.0,null,null,La Nina
2011GoM-Pma-00823,Sperm Whale,Vulnerable,28.2984,-88.25160000000001,2011,7,30.240000000000002,1.0,null,null,La Nina
2011GoM-Pma-00823,Sperm Whale,Vulnerable,28.5287,-88.28410000000001,2011,7,30.240000000000002,1.0,null,null,La Nina
2011GoM-Pma-00823,Sperm Whale,Vulnerable,28.3047,-88.1853,2011,7,30.240000000000002,1.0,null,null,La Nina
2011GoM-Pma-00823,Sperm Whale,Vulnerable,28.1964,-88.19290000000001,2011,7,30.26,1.0,null,null,La Nina
2011GoM-Pma-00823,Sperm Whale,Vulnerable,28.2791,-88.14580000000001,2011,7,30.240000000000002,1.0,null,null,La Nina
2011GoM-Pma-00823,Sperm Whale,Vulnerable,28.3275,-88.1756,2011,7,30.240000000000002,1.0,null,null,La Nina
2011GoM-Pma-00823,Sperm Whale,Vulnerable,28.204600000000003,-88.0442,2011,7,30.09,1.0,null,null,La Nina
2011GoM-Pma-00823,Sperm Whale,Vulnerable,28.326900000000002,-88.0129,2011,7,30.240000000000002,1.0,null,null,La Nina
2011GoM-Pma-00823,Sperm Whale,Vulnerable,28.3774,-88.312,2011,7,30.240000000000002,1.0,null,null,La Nina
2011GoM-Pma-00823,Sperm Whale,Vulnerable,28.3736,-87.9689,2011,7,30.240000000000002,1.0,null,null,La Nina
2011GoM-Pma-00823,Sperm Whale,Vulnerable,27.927100000000003,-88.1187,2011,7,30.04,1.0,null,null,La Nina
2011GoM-Pma-00823,Sperm Whale,Vulnerable,28.3149,-88.02080000000001,2011,7,30.09,1.0,null,null,La Nina
2011GoM-Pma-00823,Sperm Whale,Vulnerable,28.206200000000003,-88.2274,2011,7,30.26,1.0,null,null,La Nina
2011GoM-Pma-00823,Sperm Whale,Vulnerable,28.398300000000003,-88.1083,2011,7,30.240000000000002,1.0,null,null,La Nina
2011GoM-Pma-00823,Sperm Whale,Vulnerable,28.256400000000003,-88.1756,2011,7,30.240000000000002,1.0,null,null,La Nina
2011GoM-Pma-00823,Sperm Whale,Vulnerable,28.2726,-87.352,2011,7,29.93,0.0,null,null,La Nina
2011GoM-Pma-00823,Sperm Whale,Vulnerable,28.4542,-88.20230000000001,2011,7,30.240000000000002,1.0,null,null,La Nina
2011GoM-Pma-00823,Sperm Whale,Vulnerable,28.555500000000002,-88.2805,2011,7,30.240000000000002,1.0,null,null,La Nina
2011GoM-Pma-00823,Sperm Whale,Vulnerable,28.5243,-87.8515,2011,7,30.0,0.0,null,null,La Nina
2011GoM-Pma-00823,Sperm Whale,Vulnerable,28.190900000000003,-88.0344,2011,7,30.09,1.0,null,null,La Nina
2011GoM-Pma-00823,Sperm Whale,Vulnerable,28.3401,-87.98870000000001,2011,7,30.240000000000002,1.0,null,null,La Nina
2011GoM-Pma-00823,Sperm Whale,Vulnerable,28.3363,-88.1164,2011,7,30.240000000000002,1.0,null,null,La Nina
2011GoM-Pma-00823,Sperm Whale,Vulnerable,28.213,-88.037,2011,7,30.09,1.0,null,null,La Nina
2011GoM-Pma-00823,Sperm Whale,Vulnerable,28.5337,-87.9662,2011,7,30.240000000000002,1.0,null,null,La Nina
2011GoM-Pma-00823,Sperm Whale,Vulnerable,28.365000000000002,-88.3043,2011,7,30.240000000000002,1.0,null,null,La Nina
2011GoM-Pma-00823,Sperm Whale,Vulnerable,27.921200000000002,-88.24220000000001,2011,7,30.04,1.0,null,null,La Nina
2011GoM-Pma-00823,Sperm Whale,Vulnerable,28.434,-88.1851,2011,7,30.240000000000002,1.0,null,null,La Nina
2011GoM-Pma-00823,Sperm Whale,Vulnerable,28.57,-88.1712,2011,7,30.240000000000002,1.0,null,null,La Nina
2011GoM-Pma-00823,Sperm Whale,Vulnerable,28.5834,-88.1383,2011,7,30.240000000000002,1.0,null,null,La Nina
2011GoM-Pma-00823,Sperm Whale,Vulnerable,28.5974,-88.24690000000001,2011,7,30.240000000000002,1.0,null,null,La Nina
2011GoM-Pma-00823,Sperm Whale,Vulnerable,28.560100000000002,-88.2697,2011,7,30.240000000000002,1.0,null,null,La Nina
2011GoM-Pma-00823,Sperm Whale,Vulnerable,28.340200000000003,-88.2596,2011,7,30.240000000000002,1.0,null,null,La Nina
2011GoM-Pma-00823,Sperm Whale,Vulnerable,28.589100000000002,-88.2288,2011,7,30.240000000000002,1.0,null,null,La Nina
2011GoM-Pma-00823,Sperm Whale,Vulnerable,28.424300000000002,-88.194,2011,7,30.240000000000002,1.0,null,null,La Nina
2011GoM-Pma-00823,Sperm Whale,Vulnerable,27.8566,-88.1383,2011,7,30.04,1.0,null,null,La Nina
2011GoM-Pma-00823,Sperm Whale,Vulnerable,28.289,-88.1735,2011,7,30.240000000000002,1.0,null,null,La Nina
2011GoM-Pma-00823,Sperm Whale,Vulnerable,28.296,-88.14840000000001,2011,7,30.240000000000002,1.0,null,null,La Nina
2011GoM-Pma-00823,Sperm Whale,Vulnerable,28.4772,-88.20920000000001,2011,7,30.240000000000002,1.0,null,null,La Nina
2011GoM-Pma-00823,Sperm Whale,Vulnerable,28.524600000000003,-88.38980000000001,2011,7,30.240000000000002,1.0,null,null,La Nina
2011GoM-Pma-00823,Sperm Whale,Vulnerable,28.296,-88.252,2011,7,30.240000000000002,1.0,null,null,La Nina
2011GoM-Pma-00823,Sperm Whale,Vulnerable,28.558,-88.35600000000001,2011,7,30.240000000000002,1.0,null,null,La Nina
2011GoM-Pma-00823,Sperm Whale,Vulnerable,28.5573,-88.28190000000001,2011,7,30.240000000000002,1.0,null,null,La Nina
2011GoM-Pma-00823,Sperm Whale,Vulnerable,28.4818,-88.21010000000001,2011,7,30.240000000000002,1.0,null,null,La Nina
2011GoM-Pma-00823,Sperm Whale,Vulnerable,28.349700000000002,-88.1303,2011,7,30.240000000000002,1.0,null,null,La Nina
2011GoM-Pma-00823,Sperm Whale,Vulnerable,28.3049,-88.18520000000001,2011,7,30.240000000000002,1.0,null,null,La Nina
2011GoM-Pma-00823,Sperm Whale,Vulnerable,28.378700000000002,-88.1173,2011,7,30.240000000000002,1.0,null,null,La Nina
2011GoM-Pma-00823,Sperm Whale,Vulnerable,28.2806,-88.1635,2011,7,30.240000000000002,1.0,null,null,La Nina
2011GoM-Pma-00823,Sperm Whale,Vulnerable,28.581300000000002,-88.2632,2011,7,30.240000000000002,1.0,null,null,La Nina
2011GoM-Pma-00823,Sperm Whale,Vulnerable,28.2799,-88.1609,2011,7,30.240000000000002,1.0,null,null,La Nina
2011GoM-Pma-00823,Sperm Whale,Vulnerable,28.3017,-88.1169,2011,7,30.240000000000002,1.0,null,null,La Nina
2011GoM-Pma-00823,Sperm Whale,Vulnerable,28.3582,-88.1761,2011,7,30.240000000000002,1.0,null,null,La Nina
2011GoM-Pma-00823,Sperm Whale,Vulnerable,28.2936,-88.1819,2011,7,30.240000000000002,1.0,null,null,La Nina
2011GoM-Pma-00823,Sperm Whale,Vulnerable,28.526300000000003,-88.3905,2011,7,30.240000000000002,1.0,null,null,La Nina
2011GoM-Pma-00823,Sperm Whale,Vulnerable,28.321900000000003,-88.2433,2011,7,30.240000000000002,1.0,null,null,La Nina
2011GoM-Pma-00823,Sperm Whale,Vulnerable,28.3424,-88.2621,2011,7,30.240000000000002,1.0,null,null,La Nina
2011GoM-Pma-00823,Sperm Whale,Vulnerable,28.363500000000002,-88.3018,2011,7,30.240000000000002,1.0,null,null,La Nina
2011GoM-Pma-00823,Sperm Whale,Vulnerable,27.6854,-88.1626,2011,7,30.04,1.0,null,null,La Nina
2011GoM-Pma-00823,Sperm Whale,Vulnerable,28.2344,-88.236,2011,7,30.26,1.0,null,null,La Nina
2011GoM-Pma-00823,Sperm Whale,Vulnerable,28.132,-88.0925,2011,7,30.09,1.0,null,null,La Nina
2011GoM-Pma-00823,Sperm Whale,Vulnerable,28.2715,-88.0121,2011,7,30.09,1.0,null,null,La Nina
2011GoM-Pma-00823,Sperm Whale,Vulnerable,28.5945,-88.05930000000001,2011,7,30.240000000000002,1.0,null,null,La Nina
2011GoM-Pma-00823,Sperm Whale,Vulnerable,27.7256,-88.28750000000001,2011,7,30.04,1.0,null,null,La Nina
2011GoM-Pma-00823,Sperm Whale,Vulnerable,28.088600000000003,-88.1823,2011,7,30.09,1.0,null,null,La Nina
2011GoM-Pma-00823,Sperm Whale,Vulnerable,28.216800000000003,-88.0214,2011,7,30.09,1.0,null,null,La Nina
2011GoM-Pma-00823,Sperm Whale,Vulnerable,28.389100000000003,-87.5406,2011,7,30.0,0.0,null,null,La Nina
2011GoM-Pma-00823,Sperm Whale,Vulnerable,28.2617,-88.2384,2011,7,30.26,1.0,null,null,La Nina
2011GoM-Pma-00823,Sperm Whale,Vulnerable,27.7242,-88.1567,2011,7,30.04,1.0,null,null,La Nina
2011GoM-Pma-00823,Sperm Whale,Vulnerable,28.1861,-88.044,2011,7,30.09,1.0,null,null,La Nina
2011GoM-Pma-00823,Sperm Whale,Vulnerable,28.105900000000002,-88.21300000000001,2011,7,30.26,1.0,null,null,La Nina
2011GoM-Pma-00823,Sperm Whale,Vulnerable,28.4009,-87.9385,2011,7,30.0,0.0,null,null,La Nina
2011GoM-Pma-00823,Sperm Whale,Vulnerable,28.671100000000003,-88.4161,2011,7,29.73,0.0,null,null,La Nina
2011GoM-Pma-00823,Sperm Whale,Vulnerable,28.2022,-88.215,2011,7,30.26,1.0,null,null,La Nina
2011GoM-Pma-00823,Sperm Whale,Vulnerable,28.3121,-87.5801,2011,7,30.0,0.0,null,null,La Nina
2011GoM-Pma-00823,Sperm Whale,Vulnerable,27.7789,-88.1342,2011,7,30.04,1.0,null,null,La Nina
2011GoM-Pma-00823,Sperm Whale,Vulnerable,28.250200000000003,-88.2629,2011,7,30.26,1.0,null,null,La Nina
2011GoM-Pma-00823,Sperm Whale,Vulnerable,27.941100000000002,-88.22080000000001,2011,7,30.04,1.0,null,null,La Nina
2011GoM-Pma-00823,Sperm Whale,Vulnerable,28.112000000000002,-88.0545,2011,7,30.09,1.0,null,null,La Nina
2011GoM-Pma-00823,Sperm Whale,Vulnerable,28.294,-87.9478,2011,7,30.09,1.0,null,null,La Nina
2011GoM-Pma-00823,Sperm Whale,Vulnerable,28.0694,-88.2613,2011,7,30.26,1.0,null,null,La Nina
2011GoM-Pma-00823,Sperm Whale,Vulnerable,28.146,-88.14450000000001,2011,7,30.09,1.0,null,null,La Nina
2011GoM-Pma-00823,Sperm Whale,Vulnerable,28.0775,-88.18820000000001,2011,7,30.26,1.0,null,null,La Nina
2011GoM-Pma-00823,Sperm Whale,Vulnerable,28.3429,-87.5065,2011,7,30.0,0.0,null,null,La Nina
2011GoM-Pma-00823,Sperm Whale,Vulnerable,28.3247,-87.741,2011,7,30.0,0.0,null,null,La Nina
2011GoM-Pma-00823,Sperm Whale,Vulnerable,28.448500000000003,-87.8142,2011,7,30.0,0.0,null,null,La Nina
2011GoM-Pma-00823,Sperm Whale,Vulnerable,27.972800000000003,-88.2792,2011,7,30.26,1.0,null,null,La Nina
2011GoM-Pma-00823,Sperm Whale,Vulnerable,28.4191,-87.8901,2011,7,30.0,0.0,null,null,La Nina
2011GoM-Pma-00823,Sperm Whale,Vulnerable,28.335600000000003,-87.8087,2011,7,30.0,0.0,null,null,La Nina
2011GoM-Pma-00823,Sperm Whale,Vulnerable,28.419500000000003,-87.8879,2011,7,30.0,0.0,null,null,La Nina
2011GoM-Pma-00823,Sperm Whale,Vulnerable,28.447,-87.8471,2011,7,30.0,0.0,null,null,La Nina
2011GoM-Pma-00823,Sperm Whale,Vulnerable,28.354200000000002,-87.7801,2011,7,30.0,0.0,null,null,La Nina
2011GoM-Pma-00823,Sperm Whale,Vulnerable,28.375,-87.5241,2011,7,30.0,0.0,null,null,La Nina
2011GoM-Pma-00823,Sperm Whale,Vulnerable,28.082700000000003,-87.5857,2011,7,29.990000000000002,0.0,null,null,La Nina
2011GoM-Pma-00823,Sperm Whale,Vulnerable,28.4481,-87.8438,2011,7,30.0,0.0,null,null,La Nina
2011GoM-Pma-00823,Sperm Whale,Vulnerable,28.5132,-87.992,2011,7,30.240000000000002,1.0,null,null,La Nina
2011GoM-Pma-00823,Sperm Whale,Vulnerable,28.490000000000002,-88.43310000000001,2011,7,30.23,1.0,null,null,La Nina
2011GoM-Pma-00823,Sperm Whale,Vulnerable,28.4353,-88.5655,2011,7,30.23,1.0,null,null,La Nina
2011GoM-Pma-00823,Sperm Whale,Vulnerable,28.456400000000002,-88.4752,2011,7,30.23,1.0,null,null,La Nina
2011GoM-Pma-00823,Sperm Whale,Vulnerable,28.4539,-88.59020000000001,2011,7,30.23,1.0,null,null,La Nina
2011GoM-Pma-00823,Sperm Whale,Vulnerable,28.4557,-88.6234,2011,7,30.23,1.0,null,null,La Nina
2011GoM-Pma-00823,Sperm Whale,Vulnerable,28.2894,-87.369,2011,7,29.93,0.0,null,null,La Nina
2011GoM-Pma-00823,Sperm Whale,Vulnerable,28.3108,-87.5415,2011,7,29.990000000000002,0.0,null,null,La Nina
2011GoM-Pma-00823,Sperm Whale,Vulnerable,28.5252,-87.97080000000001,2011,7,30.240000000000002,1.0,null,null,La Nina
2011GoM-Pma-00823,Sperm Whale,Vulnerable,28.453100000000003,-88.58380000000001,2011,7,30.23,1.0,null,null,La Nina
2011GoM-Pma-00823,Sperm Whale,Vulnerable,28.447100000000002,-87.81280000000001,2011,7,30.0,0.0,null,null,La Nina
2011GoM-Pma-00823,Sperm Whale,Vulnerable,28.5398,-87.96470000000001,2011,7,30.240000000000002,1.0,null,null,La Nina
2011GoM-Pma-00823,Sperm Whale,Vulnerable,28.477,-88.2444,2011,7,30.240000000000002,1.0,null,null,La Nina
2011GoM-Pma-00823,Sperm Whale,Vulnerable,28.5715,-88.2826,2011,7,30.240000000000002,1.0,null,null,La Nina
2011GoM-Pma-00823,Sperm Whale,Vulnerable,28.613200000000003,-88.3361,2011,7,30.240000000000002,1.0,null,null,La Nina
2011GoM-Pma-00823,Sperm Whale,Vulnerable,28.5146,-88.2642,2011,7,30.240000000000002,1.0,null,null,La Nina
2011GoM-Pma-00823,Sperm Whale,Vulnerable,28.527900000000002,-87.9509,2011,7,30.240000000000002,1.0,null,null,La Nina
2011GoM-Pma-00823,Sperm Whale,Vulnerable,28.6719,-88.4156,2011,7,29.73,0.0,null,null,La Nina
2011GoM-Pma-00823,Sperm Whale,Vulnerable,28.410800000000002,-88.1072,2011,7,30.240000000000002,1.0,null,null,La Nina
2011GoM-Pma-00823,Sperm Whale,Vulnerable,28.1718,-88.2189,2011,7,30.26,1.0,null,null,La Nina
2011GoM-Pma-00823,Sperm Whale,Vulnerable,28.1885,-88.0931,2011,7,30.09,1.0,null,null,La Nina
2011GoM-Pma-00823,Sperm Whale,Vulnerable,28.1815,-88.0955,2011,7,30.09,1.0,null,null,La Nina
2011GoM-Pma-00823,Sperm Whale,Vulnerable,27.733700000000002,-88.1485,2011,7,30.04,1.0,null,null,La Nina
2011GoM-Pma-00823,Sperm Whale,Vulnerable,27.985200000000003,-88.16850000000001,2011,7,30.09,1.0,null,null,La Nina
2011GoM-Pma-00823,Sperm Whale,Vulnerable,28.232400000000002,-88.23310000000001,2011,7,30.26,1.0,null,null,La Nina
2011GoM-Pma-00823,Sperm Whale,Vulnerable,28.5268,-87.8763,2011,7,30.0,0.0,null,null,La Nina
2011GoM-Pma-00823,Sperm Whale,Vulnerable,28.0482,-88.28580000000001,2011,7,30.26,1.0,null,null,La Nina
2011GoM-Pma-00823,Sperm Whale,Vulnerable,28.325300000000002,-88.016,2011,7,30.240000000000002,1.0,null,null,La Nina
2011GoM-Pma-00823,Sperm Whale,Vulnerable,28.027700000000003,-88.301,2011,7,30.26,1.0,null,null,La Nina
2011GoM-Pma-00823,Sperm Whale,Vulnerable,28.206300000000002,-88.1134,2011,7,30.09,1.0,null,null,La Nina
2011GoM-Pma-00823,Sperm Whale,Vulnerable,28.5713,-88.2775,2011,7,30.240000000000002,1.0,null,null,La Nina
2011GoM-Pma-00823,Sperm Whale,Vulnerable,28.620900000000002,-88.3101,2011,7,30.240000000000002,1.0,null,null,La Nina
2011GoM-Pma-00823,Sperm Whale,Vulnerable,28.5122,-87.8314,2011,7,30.0,0.0,null,null,La Nina
2011GoM-Pma-00823,Sperm Whale,Vulnerable,28.3675,-87.9931,2011,7,30.240000000000002,1.0,null,null,La Nina
2011GoM-Pma-00823,Sperm Whale,Vulnerable,28.5591,-87.9681,2011,7,30.240000000000002,1.0,null,null,La Nina
2011GoM-Pma-00823,Sperm Whale,Vulnerable,28.5893,-88.0894,2011,7,30.240000000000002,1.0,null,null,La Nina
2011GoM-Pma-00823,Sperm Whale,Vulnerable,28.3165,-88.0074,2011,7,30.09,1.0,null,null,La Nina
2011GoM-Pma-00823,Sperm Whale,Vulnerable,28.105600000000003,-88.0685,2011,7,30.09,1.0,null,null,La Nina
2011GoM-Pma-00823,Sperm Whale,Vulnerable,28.2423,-88.257,2011,7,30.26,1.0,null,null,La Nina
2011GoM-Pma-00823,Sperm Whale,Vulnerable,28.1319,-88.06020000000001,2011,7,30.09,1.0,null,null,La Nina
2011GoM-Pma-00823,Sperm Whale,Vulnerable,27.825300000000002,-88.12740000000001,2011,7,30.04,1.0,null,null,La Nina
2011GoM-Pma-00823,Sperm Whale,Vulnerable,27.8094,-88.1191,2011,7,30.04,1.0,null,null,La Nina
2011GoM-Pma-00823,Sperm Whale,Vulnerable,28.2023,-88.19980000000001,2011,7,30.26,1.0,null,null,La Nina
2011GoM-Pma-00823,Sperm Whale,Vulnerable,28.1961,-88.191,2011,7,30.26,1.0,null,null,La Nina
2011GoM-Pma-00823,Sperm Whale,Vulnerable,28.1083,-88.21340000000001,2011,7,30.26,1.0,null,null,La Nina
2011GoM-Pma-00823,Sperm Whale,Vulnerable,28.050700000000003,-88.286,2011,7,30.26,1.0,null,null,La Nina
2011GoM-Pma-00823,Sperm Whale,Vulnerable,28.0835,-88.2305,2011,7,30.26,1.0,null,null,La Nina
2011GoM-Pma-00823,Sperm Whale,Vulnerable,28.334600000000002,-88.114,2011,7,30.240000000000002,1.0,null,null,La Nina
2011GoM-Pma-00823,Sperm Whale,Vulnerable,28.3152,-88.0209,2011,7,30.09,1.0,null,null,La Nina
2011GoM-Pma-00823,Sperm Whale,Vulnerable,28.1306,-88.1217,2011,7,30.09,1.0,null,null,La Nina
2011GoM-Pma-00823,Sperm Whale,Vulnerable,28.1752,-88.1787,2011,7,30.09,1.0,null,null,La Nina
2011GoM-Pma-00823,Sperm Whale,Vulnerable,28.3032,-88.1186,2011,7,30.240000000000002,1.0,null,null,La Nina
2011GoM-Pma-00823,Sperm Whale,Vulnerable,28.159200000000002,-88.0558,2011,7,30.09,1.0,null,null,La Nina
2011GoM-Pma-00823,Sperm Whale,Vulnerable,28.084400000000002,-87.7521,2011,7,30.09,1.0,null,null,La Nina
2011GoM-Pma-00823,Sperm Whale,Vulnerable,28.0032,-88.17150000000001,2011,7,30.09,1.0,null,null,La Nina
2011GoM-Pma-00823,Sperm Whale,Vulnerable,28.3396,-88.25030000000001,2011,7,30.240000000000002,1.0,null,null,La Nina
2011GoM-Pma-00823,Sperm Whale,Vulnerable,27.7258,-88.14760000000001,2011,7,30.04,1.0,null,null,La Nina
2011GoM-Pma-00823,Sperm Whale,Vulnerable,27.9633,-88.17020000000001,2011,7,30.04,1.0,null,null,La Nina
2011GoM-Pma-00823,Sperm Whale,Vulnerable,28.131400000000003,-88.11240000000001,2011,7,30.09,1.0,null,null,La Nina
2011GoM-Pma-00823,Sperm Whale,Vulnerable,27.9645,-88.1409,2011,7,30.04,1.0,null,null,La Nina
2011GoM-Pma-00823,Sperm Whale,Vulnerable,27.9617,-88.1087,2011,7,30.09,1.0,null,null,La Nina
2011GoM-Pma-00823,Sperm Whale,Vulnerable,28.3608,-88.1537,2011,7,30.240000000000002,1.0,null,null,La Nina
2011GoM-Pma-00823,Sperm Whale,Vulnerable,27.6996,-88.1628,2011,7,30.04,1.0,null,null,La Nina
2011GoM-Pma-00823,Sperm Whale,Vulnerable,28.3475,-88.2401,2011,7,30.240000000000002,1.0,null,null,La Nina
2011GoM-Pma-00823,Sperm Whale,Vulnerable,28.315900000000003,-87.907,2011,7,30.09,1.0,null,null,La Nina
2011GoM-Pma-00823,Sperm Whale,Vulnerable,27.828,-88.274,2011,7,30.04,1.0,null,null,La Nina
2011GoM-Pma-00823,Sperm Whale,Vulnerable,28.358900000000002,-87.51350000000001,2011,7,30.0,0.0,null,null,La Nina
2011GoM-Pma-00823,Sperm Whale,Vulnerable,28.5985,-88.0566,2011,7,30.240000000000002,1.0,null,null,La Nina
2011GoM-Pma-00823,Sperm Whale,Vulnerable,27.7577,-88.2869,2011,7,30.04,1.0,null,null,La Nina
2011GoM-Pma-00823,Sperm Whale,Vulnerable,28.128400000000003,-88.1226,2011,7,30.09,1.0,null,null,La Nina
2011GoM-Pma-00823,Sperm Whale,Vulnerable,27.756,-88.2859,2011,7,30.04,1.0,null,null,La Nina
2011GoM-Pma-00823,Sperm Whale,Vulnerable,28.3486,-88.12780000000001,2011,7,30.240000000000002,1.0,null,null,La Nina
2011GoM-Pma-00823,Sperm Whale,Vulnerable,28.1295,-88.122,2011,7,30.09,1.0,null,null,La Nina
2011GoM-Pma-00823,Sperm Whale,Vulnerable,28.1657,-88.0562,2011,7,30.09,1.0,null,null,La Nina
2011GoM-Pma-00823,Sperm Whale,Vulnerable,28.596500000000002,-88.292,2011,7,30.240000000000002,1.0,null,null,La Nina
2011GoM-Pma-00823,Sperm Whale,Vulnerable,28.4066,-88.3193,2011,7,30.240000000000002,1.0,null,null,La Nina
2011GoM-Pma-00823,Sperm Whale,Vulnerable,28.1183,-88.06750000000001,2011,7,30.09,1.0,null,null,La Nina
2011GoM-Pma-00823,Sperm Whale,Vulnerable,27.977800000000002,-88.28920000000001,2011,7,30.26,1.0,null,null,La Nina
2011GoM-Pma-00823,Sperm Whale,Vulnerable,28.5942,-88.2264,2011,7,30.240000000000002,1.0,null,null,La Nina
2011GoM-Pma-00823,Sperm Whale,Vulnerable,28.597800000000003,-88.2466,2011,7,30.240000000000002,1.0,null,null,La Nina
2011GoM-Pma-00823,Sperm Whale,Vulnerable,28.259500000000003,-88.025,2011,7,30.09,1.0,null,null,La Nina
2011GoM-Pma-00823,Sperm Whale,Vulnerable,28.244600000000002,-88.10130000000001,2011,7,30.09,1.0,null,null,La Nina
2011GoM-Pma-00823,Sperm Whale,Vulnerable,27.8126,-88.1194,2011,7,30.04,1.0,null,null,La Nina
2011GoM-Pma-00823,Sperm Whale,Vulnerable,28.4505,-88.20060000000001,2011,7,30.240000000000002,1.0,null,null,La Nina
2011GoM-Pma-00823,Sperm Whale,Vulnerable,28.155,-88.0492,2011,7,30.09,1.0,null,null,La Nina
2011GoM-Pma-00823,Sperm Whale,Vulnerable,28.145400000000002,-88.1885,2011,7,30.26,1.0,null,null,La Nina
2011GoM-Pma-00823,Sperm Whale,Vulnerable,28.3704,-88.12010000000001,2011,7,30.240000000000002,1.0,null,null,La Nina
2011GoM-Pma-00823,Sperm Whale,Vulnerable,28.3428,-88.0065,2011,7,30.240000000000002,1.0,null,null,La Nina
2011GoM-Pma-00823,Sperm Whale,Vulnerable,28.1246,-88.0839,2011,7,30.09,1.0,null,null,La Nina
2011GoM-Pma-00823,Sperm Whale,Vulnerable,28.0349,-88.306,2011,7,30.26,1.0,null,null,La Nina
2011GoM-Pma-00823,Sperm Whale,Vulnerable,27.9573,-88.1521,2011,7,30.04,1.0,null,null,La Nina
2011GoM-Pma-00823,Sperm Whale,Vulnerable,28.3668,-88.2265,2011,7,30.240000000000002,1.0,null,null,La Nina
2011GoM-Pma-00823,Sperm Whale,Vulnerable,27.8485,-88.1297,2011,7,30.04,1.0,null,null,La Nina
2011GoM-Pma-00823,Sperm Whale,Vulnerable,28.3477,-88.2784,2011,7,30.240000000000002,1.0,null,null,La Nina
2011GoM-Pma-00823,Sperm Whale,Vulnerable,28.0928,-88.0599,2011,7,30.09,1.0,null,null,La Nina
2011GoM-Pma-00823,Sperm Whale,Vulnerable,28.358900000000002,-88.1507,2011,7,30.240000000000002,1.0,null,null,La Nina
2011GoM-Pma-00823,Sperm Whale,Vulnerable,28.236600000000003,-87.99690000000001,2011,7,30.09,1.0,null,null,La Nina
2011GoM-Pma-00823,Sperm Whale,Vulnerable,28.2419,-88.259,2011,7,30.26,1.0,null,null,La Nina
2011GoM-Pma-00823,Sperm Whale,Vulnerable,27.936400000000003,-88.2192,2011,7,30.04,1.0,null,null,La Nina
2011GoM-Pma-00823,Sperm Whale,Vulnerable,28.2981,-88.14280000000001,2011,7,30.240000000000002,1.0,null,null,La Nina
2011GoM-Pma-00823,Sperm Whale,Vulnerable,27.9571,-88.1906,2011,7,30.04,1.0,null,null,La Nina
2011GoM-Pma-00823,Sperm Whale,Vulnerable,28.311700000000002,-87.5432,2011,7,29.990000000000002,0.0,null,null,La Nina
2011GoM-Pma-00823,Sperm Whale,Vulnerable,27.960800000000003,-88.10520000000001,2011,7,30.09,1.0,null,null,La Nina
2011GoM-Pma-00823,Sperm Whale,Vulnerable,28.631,-88.3378,2011,7,30.240000000000002,1.0,null,null,La Nina
2011GoM-Pma-00823,Sperm Whale,Vulnerable,27.8596,-88.2664,2011,7,30.04,1.0,null,null,La Nina
2011GoM-Pma-00823,Sperm Whale,Vulnerable,28.079500000000003,-87.5693,2011,7,29.990000000000002,0.0,null,null,La Nina
2011GoM-Pma-00823,Sperm Whale,Vulnerable,28.450400000000002,-88.2346,2011,7,30.240000000000002,1.0,null,null,La Nina
2011GoM-Pma-00823,Sperm Whale,Vulnerable,28.575,-88.1733,2011,7,30.240000000000002,1.0,null,null,La Nina
2011GoM-Pma-00823,Sperm Whale,Vulnerable,28.4143,-87.8198,2011,7,30.0,0.0,null,null,La Nina
2011GoM-Pma-00823,Sperm Whale,Vulnerable,28.413300000000003,-88.10730000000001,2011,7,30.240000000000002,1.0,null,null,La Nina
2011GoM-Pma-00823,Sperm Whale,Vulnerable,28.3869,-88.1834,2011,7,30.240000000000002,1.0,null,null,La Nina
2011GoM-Pma-00823,Sperm Whale,Vulnerable,28.313200000000002,-88.2445,2011,7,30.240000000000002,1.0,null,null,La Nina
2011GoM-Pma-00823,Sperm Whale,Vulnerable,28.0253,-88.1714,2011,7,30.09,1.0,null,null,La Nina
2011GoM-Pma-00823,Sperm Whale,Vulnerable,28.2501,-87.3627,2011,7,29.990000000000002,0.0,null,null,La Nina
2011GoM-Pma-00823,Sperm Whale,Vulnerable,28.3289,-88.1121,2011,7,30.240000000000002,1.0,null,null,La Nina
2011GoM-Pma-00823,Sperm Whale,Vulnerable,28.4814,-88.4534,2011,7,30.23,1.0,null,null,La Nina
2011GoM-Pma-00823,Sperm Whale,Vulnerable,28.055,-87.6734,2011,7,29.990000000000002,0.0,null,null,La Nina
2011GoM-Pma-00823,Sperm Whale,Vulnerable,28.4451,-88.5725,2011,7,30.23,1.0,null,null,La Nina
2011GoM-Pma-00823,Sperm Whale,Vulnerable,28.331400000000002,-88.1756,2011,7,30.240000000000002,1.0,null,null,La Nina
2011GoM-Pma-00823,Sperm Whale,Vulnerable,28.4429,-88.5697,2011,7,30.23,1.0,null,null,La Nina
2011GoM-Pma-00823,Sperm Whale,Vulnerable,28.1094,-87.4667,2011,7,29.990000000000002,0.0,null,null,La Nina
2011GoM-Pma-00823,Sperm Whale,Vulnerable,28.3515,-87.7842,2011,7,30.0,0.0,null,null,La Nina
2011GoM-Pma-00823,Sperm Whale,Vulnerable,28.069300000000002,-87.62360000000001,2011,7,29.990000000000002,0.0,null,null,La Nina
2011GoM-Pma-00823,Sperm Whale,Vulnerable,28.184800000000003,-87.3892,2011,7,29.990000000000002,0.0,null,null,La Nina
2011GoM-Pma-00823,Sperm Whale,Vulnerable,28.5608,-88.35730000000001,2011,7,30.240000000000002,1.0,null,null,La Nina
2011GoM-Pma-00823,Sperm Whale,Vulnerable,28.0809,-87.58630000000001,2011,7,29.990000000000002,0.0,null,null,La Nina
2011GoM-Pma-00823,Sperm Whale,Vulnerable,28.0805,-87.56830000000001,2011,7,29.990000000000002,0.0,null,null,La Nina
2011GoM-Pma-00823,Sperm Whale,Vulnerable,28.323900000000002,-87.5072,2011,7,29.990000000000002,0.0,null,null,La Nina
2011GoM-Pma-00823,Sperm Whale,Vulnerable,28.324,-87.508,2011,7,29.990000000000002,0.0,null,null,La Nina
2011GoM-Pma-00823,Sperm Whale,Vulnerable,28.2103,-87.3638,2011,7,29.990000000000002,0.0,null,null,La Nina
2011GoM-Pma-00823,Sperm Whale,Vulnerable,28.413700000000002,-87.8199,2011,7,30.0,0.0,null,null,La Nina
2011GoM-Pma-00823,Sperm Whale,Vulnerable,28.3123,-87.5788,2011,7,30.0,0.0,null,null,La Nina
2011GoM-Pma-00823,Sperm Whale,Vulnerable,28.3126,-87.6421,2011,7,30.0,0.0,null,null,La Nina
2011GoM-Pma-00823,Sperm Whale,Vulnerable,28.4834,-87.78190000000001,2011,7,30.0,0.0,null,null,La Nina
2011GoM-Pma-00823,Sperm Whale,Vulnerable,28.4895,-87.7485,2011,7,30.0,0.0,null,null,La Nina
2011GoM-Pma-00823,Sperm Whale,Vulnerable,28.3749,-87.8293,2011,7,30.0,0.0,null,null,La Nina
2011GoM-Pma-00823,Sperm Whale,Vulnerable,28.493000000000002,-87.7393,2011,7,30.0,0.0,null,null,La Nina
2011GoM-Pma-00823,Sperm Whale,Vulnerable,28.376900000000003,-87.5262,2011,7,30.0,0.0,null,null,La Nina
2011GoM-Pma-00823,Sperm Whale,Vulnerable,28.5389,-87.927,2011,7,30.0,0.0,null,null,La Nina
2011GoM-Pma-00823,Sperm Whale,Vulnerable,28.314400000000003,-87.6773,2011,7,30.0,0.0,null,null,La Nina
2011GoM-Pma-00823,Sperm Whale,Vulnerable,28.3142,-87.67620000000001,2011,7,30.0,0.0,null,null,La Nina
2011GoM-Pma-00823,Sperm Whale,Vulnerable,28.485500000000002,-87.937,2011,7,30.0,0.0,null,null,La Nina
2011GoM-Pma-00823,Sperm Whale,Vulnerable,28.3867,-87.9504,2011,7,30.0,0.0,null,null,La Nina
2011GoM-Pma-00823,Sperm Whale,Vulnerable,28.5178,-87.9443,2011,7,30.0,0.0,null,null,La Nina
2011GoM-Pma-00823,Sperm Whale,Vulnerable,28.489800000000002,-87.9397,2011,7,30.0,0.0,null,null,La Nina
2011GoM-Pma-00823,Sperm Whale,Vulnerable,28.5198,-87.9445,2011,7,30.0,0.0,null,null,La Nina
2011GoM-Pma-00823,Sperm Whale,Vulnerable,28.450200000000002,-87.9482,2011,7,30.0,0.0,null,null,La Nina
2011GoM-Pma-00823,Sperm Whale,Vulnerable,28.3123,-87.6078,2011,7,30.0,0.0,null,null,La Nina
2011GoM-Pma-00823,Sperm Whale,Vulnerable,28.474800000000002,-87.6828,2011,7,30.0,0.0,null,null,La Nina
2011GoM-Pma-00823,Sperm Whale,Vulnerable,28.5408,-87.91720000000001,2011,7,30.0,0.0,null,null,La Nina
2011GoM-Pma-00823,Sperm Whale,Vulnerable,28.3334,-87.82140000000001,2011,7,30.0,0.0,null,null,La Nina
2011GoM-Pma-00823,Sperm Whale,Vulnerable,28.419400000000003,-87.64020000000001,2011,7,30.0,0.0,null,null,La Nina
2011GoM-Pma-00823,Sperm Whale,Vulnerable,28.5411,-87.9136,2011,7,30.0,0.0,null,null,La Nina
2011GoM-Pma-00823,Sperm Whale,Vulnerable,28.389400000000002,-87.5404,2011,7,30.0,0.0,null,null,La Nina
2011GoM-Pma-00823,Sperm Whale,Vulnerable,28.4925,-87.8062,2011,7,30.0,0.0,null,null,La Nina
2011GoM-Pma-00823,Sperm Whale,Vulnerable,28.335,-87.8096,2011,7,30.0,0.0,null,null,La Nina
2011GoM-Pma-00823,Sperm Whale,Vulnerable,28.2086,-87.36580000000001,2011,7,29.990000000000002,0.0,null,null,La Nina
2011GoM-Pma-00823,Sperm Whale,Vulnerable,28.3595,-87.5142,2011,7,30.0,0.0,null,null,La Nina
2011GoM-Pma-00823,Sperm Whale,Vulnerable,28.341900000000003,-87.50710000000001,2011,7,30.0,0.0,null,null,La Nina
2011GoM-Pma-00823,Sperm Whale,Vulnerable,28.3181,-87.708,2011,7,30.0,0.0,null,null,La Nina
2011GoM-Pma-00823,Sperm Whale,Vulnerable,27.7771,-88.1085,2011,7,30.04,1.0,null,null,La Nina
2011GoM-Pma-00823,Sperm Whale,Vulnerable,28.5413,-87.9051,2011,7,30.0,0.0,null,null,La Nina
2011GoM-Pma-00823,Sperm Whale,Vulnerable,28.061200000000003,-88.184,2011,7,30.09,1.0,null,null,La Nina
2011GoM-Pma-00823,Sperm Whale,Vulnerable,28.1584,-88.1823,2011,7,30.09,1.0,null,null,La Nina
2011GoM-Pma-00823,Sperm Whale,Vulnerable,28.209300000000002,-88.12530000000001,2011,7,30.09,1.0,null,null,La Nina
2011GoM-Pma-00823,Sperm Whale,Vulnerable,27.9627,-88.14240000000001,2011,7,30.04,1.0,null,null,La Nina
2011GoM-Pma-00823,Sperm Whale,Vulnerable,28.2284,-88.1528,2011,7,30.09,1.0,null,null,La Nina
2011GoM-Pma-00823,Sperm Whale,Vulnerable,28.202,-88.2107,2011,7,30.26,1.0,null,null,La Nina
2011GoM-Pma-00823,Sperm Whale,Vulnerable,28.3761,-87.828,2011,7,30.0,0.0,null,null,La Nina
2011GoM-Pma-00823,Sperm Whale,Vulnerable,28.178700000000003,-88.18220000000001,2011,7,30.09,1.0,null,null,La Nina
2011GoM-Pma-00823,Sperm Whale,Vulnerable,28.0712,-88.26010000000001,2011,7,30.26,1.0,null,null,La Nina
2011GoM-Pma-00823,Sperm Whale,Vulnerable,28.2086,-88.22930000000001,2011,7,30.26,1.0,null,null,La Nina
2011GoM-Pma-00823,Sperm Whale,Vulnerable,28.2347,-88.0001,2011,7,30.09,1.0,null,null,La Nina
2011GoM-Pma-00823,Sperm Whale,Vulnerable,28.1778,-88.0948,2011,7,30.09,1.0,null,null,La Nina
2011GoM-Pma-00823,Sperm Whale,Vulnerable,28.169900000000002,-88.1093,2011,7,30.09,1.0,null,null,La Nina
2011GoM-Pma-00823,Sperm Whale,Vulnerable,27.985200000000003,-88.1714,2011,7,30.04,1.0,null,null,La Nina
2011GoM-Pma-00823,Sperm Whale,Vulnerable,28.2589,-88.2371,2011,7,30.26,1.0,null,null,La Nina
2011GoM-Pma-00823,Sperm Whale,Vulnerable,28.227,-88.1494,2011,7,30.09,1.0,null,null,La Nina
2011GoM-Pma-00823,Sperm Whale,Vulnerable,28.134,-88.05980000000001,2011,7,30.09,1.0,null,null,La Nina
2011GoM-Pma-00823,Sperm Whale,Vulnerable,28.2177,-88.0262,2011,7,30.09,1.0,null,null,La Nina
2011GoM-Pma-00823,Sperm Whale,Vulnerable,28.087,-87.5464,2011,7,29.990000000000002,0.0,null,null,La Nina
2011GoM-Pma-00823,Sperm Whale,Vulnerable,28.166900000000002,-88.1083,2011,7,30.09,1.0,null,null,La Nina
2011GoM-Pma-00823,Sperm Whale,Vulnerable,28.0837,-87.7642,2011,7,30.09,1.0,null,null,La Nina
2011GoM-Pma-00823,Sperm Whale,Vulnerable,27.7128,-88.15480000000001,2011,7,30.04,1.0,null,null,La Nina
2011GoM-Pma-00823,Sperm Whale,Vulnerable,28.1738,-88.0441,2011,7,30.09,1.0,null,null,La Nina
2011GoM-Pma-00823,Sperm Whale,Vulnerable,28.1111,-88.0505,2011,7,30.09,1.0,null,null,La Nina
2011GoM-Pma-00823,Sperm Whale,Vulnerable,28.1686,-88.1679,2011,7,30.09,1.0,null,null,La Nina
2011GoM-Pma-00823,Sperm Whale,Vulnerable,28.0977,-88.0673,2011,7,30.09,1.0,null,null,La Nina
2011GoM-Pma-00823,Sperm Whale,Vulnerable,27.9572,-88.16120000000001,2011,7,30.04,1.0,null,null,La Nina
2011GoM-Pma-00823,Sperm Whale,Vulnerable,27.7621,-88.1478,2011,7,30.04,1.0,null,null,La Nina
2011GoM-Pma-00823,Sperm Whale,Vulnerable,27.796300000000002,-88.1285,2011,7,30.04,1.0,null,null,La Nina
2011GoM-Pma-00823,Sperm Whale,Vulnerable,28.3932,-87.8216,2011,7,30.0,0.0,null,null,La Nina
2011GoM-Pma-00823,Sperm Whale,Vulnerable,28.1266,-88.12010000000001,2011,7,30.09,1.0,null,null,La Nina
2011GoM-Pma-00823,Sperm Whale,Vulnerable,27.978,-88.2869,2011,7,30.26,1.0,null,null,La Nina
2011GoM-Pma-00823,Sperm Whale,Vulnerable,28.1994,-88.0956,2011,7,30.09,1.0,null,null,La Nina
2011GoM-Pma-00823,Sperm Whale,Vulnerable,27.9765,-88.1285,2011,7,30.09,1.0,null,null,La Nina
2011GoM-Pma-00823,Sperm Whale,Vulnerable,28.541900000000002,-87.9102,2011,7,30.0,0.0,null,null,La Nina
2011GoM-Pma-00823,Sperm Whale,Vulnerable,28.3076,-88.0447,2011,7,30.09,1.0,null,null,La Nina
2011GoM-Pma-00823,Sperm Whale,Vulnerable,27.794700000000002,-88.285,2011,7,30.04,1.0,null,null,La Nina
2011GoM-Pma-00823,Sperm Whale,Vulnerable,27.7237,-88.2866,2011,7,30.04,1.0,null,null,La Nina
2011GoM-Pma-00823,Sperm Whale,Vulnerable,28.698400000000003,-88.4054,2011,7,29.73,0.0,null,null,La Nina
2011GoM-Pma-00823,Sperm Whale,Vulnerable,28.5329,-87.9701,2011,7,30.240000000000002,1.0,null,null,La Nina
2011GoM-Pma-00823,Sperm Whale,Vulnerable,28.3119,-87.60950000000001,2011,7,30.0,0.0,null,null,La Nina
2011GoM-Pma-00823,Sperm Whale,Vulnerable,28.490000000000002,-88.4332,2011,7,30.23,1.0,null,null,La Nina
2011GoM-Pma-00823,Sperm Whale,Vulnerable,28.3931,-87.8215,2011,7,30.0,0.0,null,null,La Nina
2011GoM-Pma-00823,Sperm Whale,Vulnerable,28.2789,-87.41120000000001,2011,7,29.990000000000002,0.0,null,null,La Nina
2011GoM-Pma-00823,Sperm Whale,Vulnerable,28.508300000000002,-88.4076,2011,7,30.240000000000002,1.0,null,null,La Nina
2011GoM-Pma-00823,Sperm Whale,Vulnerable,28.4264,-88.09280000000001,2011,7,30.240000000000002,1.0,null,null,La Nina
2011GoM-Pma-00823,Sperm Whale,Vulnerable,28.5391,-87.96780000000001,2011,7,30.240000000000002,1.0,null,null,La Nina
2011GoM-Pma-00823,Sperm Whale,Vulnerable,28.492,-87.8043,2011,7,30.0,0.0,null,null,La Nina
2011GoM-Pma-00823,Sperm Whale,Vulnerable,28.5893,-88.0831,2011,7,30.240000000000002,1.0,null,null,La Nina
2011GoM-Pma-00823,Sperm Whale,Vulnerable,28.5272,-87.9722,2011,7,30.240000000000002,1.0,null,null,La Nina
2011GoM-Pma-00823,Sperm Whale,Vulnerable,28.539,-88.3707,2011,7,30.240000000000002,1.0,null,null,La Nina
2011GoM-Pma-00823,Sperm Whale,Vulnerable,28.456300000000002,-88.18690000000001,2011,7,30.240000000000002,1.0,null,null,La Nina
2011GoM-Pma-00823,Sperm Whale,Vulnerable,28.5245,-87.8636,2011,7,30.0,0.0,null,null,La Nina
2011GoM-Pma-00823,Sperm Whale,Vulnerable,28.3553,-88.1763,2011,7,30.240000000000002,1.0,null,null,La Nina
2011GoM-Pma-00823,Sperm Whale,Vulnerable,28.5257,-87.8746,2011,7,30.0,0.0,null,null,La Nina
2011GoM-Pma-00823,Sperm Whale,Vulnerable,28.5107,-88.265,2011,7,30.240000000000002,1.0,null,null,La Nina
2011GoM-Pma-00823,Sperm Whale,Vulnerable,28.5273,-87.9674,2011,7,30.240000000000002,1.0,null,null,La Nina
2011GoM-Pma-00823,Sperm Whale,Vulnerable,28.3763,-88.3101,2011,7,30.240000000000002,1.0,null,null,La Nina
2011GoM-Pma-00823,Sperm Whale,Vulnerable,28.4904,-88.25110000000001,2011,7,30.240000000000002,1.0,null,null,La Nina
2011GoM-Pma-00823,Sperm Whale,Vulnerable,28.467200000000002,-87.8019,2011,7,30.0,0.0,null,null,La Nina
2011GoM-Pma-00823,Sperm Whale,Vulnerable,28.507800000000003,-88.4055,2011,7,30.240000000000002,1.0,null,null,La Nina
2011GoM-Pma-00823,Sperm Whale,Vulnerable,28.400000000000002,-87.5823,2011,7,30.0,0.0,null,null,La Nina
2011GoM-Pma-00823,Sperm Whale,Vulnerable,28.114700000000003,-87.4614,2011,7,29.990000000000002,0.0,null,null,La Nina
2011GoM-Pma-00823,Sperm Whale,Vulnerable,28.2373,-88.02680000000001,2011,7,30.09,1.0,null,null,La Nina
2011GoM-Pma-00823,Sperm Whale,Vulnerable,28.5805,-88.34320000000001,2011,7,30.240000000000002,1.0,null,null,La Nina
2011GoM-Pma-00823,Sperm Whale,Vulnerable,28.126900000000003,-88.2,2011,7,30.26,1.0,null,null,La Nina
2011GoM-Pma-00823,Sperm Whale,Vulnerable,28.2257,-88.249,2011,7,30.26,1.0,null,null,La Nina
2011GoM-Pma-00823,Sperm Whale,Vulnerable,28.2637,-87.9735,2011,7,30.09,1.0,null,null,La Nina
2011GoM-Pma-00823,Sperm Whale,Vulnerable,28.0423,-88.1746,2011,7,30.09,1.0,null,null,La Nina
2011GoM-Pma-00823,Sperm Whale,Vulnerable,28.1154,-88.0644,2011,7,30.09,1.0,null,null,La Nina
2011GoM-Pma-00823,Sperm Whale,Vulnerable,28.147100000000002,-88.17790000000001,2011,7,30.09,1.0,null,null,La Nina
2011GoM-Pma-00823,Sperm Whale,Vulnerable,28.267,-88.1114,2011,7,30.09,1.0,null,null,La Nina
2011GoM-Pma-00823,Sperm Whale,Vulnerable,28.1355,-88.1369,2011,7,30.09,1.0,null,null,La Nina
2011GoM-Pma-00823,Sperm Whale,Vulnerable,28.1734,-88.04690000000001,2011,7,30.09,1.0,null,null,La Nina
2011GoM-Pma-00823,Sperm Whale,Vulnerable,28.2601,-88.1085,2011,7,30.09,1.0,null,null,La Nina
2011GoM-Pma-00823,Sperm Whale,Vulnerable,27.973200000000002,-88.164,2011,7,30.04,1.0,null,null,La Nina
2011GoM-Pma-00823,Sperm Whale,Vulnerable,28.2468,-88.1041,2011,7,30.09,1.0,null,null,La Nina
2011GoM-Pma-00823,Sperm Whale,Vulnerable,28.527,-87.95410000000001,2011,7,30.240000000000002,1.0,null,null,La Nina
2011GoM-Pma-00823,Sperm Whale,Vulnerable,28.2654,-87.35770000000001,2011,7,29.93,0.0,null,null,La Nina
2011GoM-Pma-00823,Sperm Whale,Vulnerable,28.5821,-88.1555,2011,7,30.240000000000002,1.0,null,null,La Nina
2011GoM-Pma-00823,Sperm Whale,Vulnerable,28.2691,-87.3532,2011,7,29.93,0.0,null,null,La Nina
2011GoM-Pma-00823,Sperm Whale,Vulnerable,28.3992,-88.1071,2011,7,30.240000000000002,1.0,null,null,La Nina
2011GoM-Pma-00823,Sperm Whale,Vulnerable,28.419400000000003,-88.2335,2011,7,30.240000000000002,1.0,null,null,La Nina
2011GoM-Pma-00823,Sperm Whale,Vulnerable,28.4085,-88.32090000000001,2011,7,30.240000000000002,1.0,null,null,La Nina
2011GoM-Pma-00823,Sperm Whale,Vulnerable,28.5131,-88.19330000000001,2011,7,30.240000000000002,1.0,null,null,La Nina
2011GoM-Pma-00823,Sperm Whale,Vulnerable,28.199900000000003,-87.3832,2011,7,29.990000000000002,0.0,null,null,La Nina
2011GoM-Pma-00823,Sperm Whale,Vulnerable,28.1021,-87.49510000000001,2011,7,29.990000000000002,0.0,null,null,La Nina
2011GoM-Pma-00823,Sperm Whale,Vulnerable,28.190800000000003,-88.0348,2011,7,30.09,1.0,null,null,La Nina
2011GoM-Pma-00823,Sperm Whale,Vulnerable,28.4328,-88.3315,2011,7,30.240000000000002,1.0,null,null,La Nina
2011GoM-Pma-00823,Sperm Whale,Vulnerable,28.2876,-87.3588,2011,7,29.93,0.0,null,null,La Nina
2011GoM-Pma-00823,Sperm Whale,Vulnerable,28.5451,-88.2137,2011,7,30.240000000000002,1.0,null,null,La Nina
2011GoM-Pma-00823,Sperm Whale,Vulnerable,28.288600000000002,-87.375,2011,7,29.93,0.0,null,null,La Nina
2011GoM-Pma-00823,Sperm Whale,Vulnerable,28.372500000000002,-87.96860000000001,2011,7,30.240000000000002,1.0,null,null,La Nina
2011GoM-Pma-00823,Sperm Whale,Vulnerable,28.2707,-87.35170000000001,2011,7,29.93,0.0,null,null,La Nina
2011GoM-Pma-00823,Sperm Whale,Vulnerable,28.2652,-87.3553,2011,7,29.93,0.0,null,null,La Nina
2011GoM-Pma-00823,Sperm Whale,Vulnerable,28.4876,-88.2491,2011,7,30.240000000000002,1.0,null,null,La Nina
2011GoM-Pma-00823,Sperm Whale,Vulnerable,28.5424,-88.2668,2011,7,30.240000000000002,1.0,null,null,La Nina
2011GoM-Pma-00823,Sperm Whale,Vulnerable,28.6289,-88.3348,2011,7,30.240000000000002,1.0,null,null,La Nina
2011GoM-Pma-00823,Sperm Whale,Vulnerable,28.5047,-88.2578,2011,7,30.240000000000002,1.0,null,null,La Nina
2011GoM-Pma-00823,Sperm Whale,Vulnerable,28.4738,-88.242,2011,7,30.240000000000002,1.0,null,null,La Nina
2011GoM-Pma-00823,Sperm Whale,Vulnerable,28.529200000000003,-88.1888,2011,7,30.240000000000002,1.0,null,null,La Nina
2011GoM-Pma-00823,Sperm Whale,Vulnerable,28.1936,-88.0415,2011,7,30.09,1.0,null,null,La Nina
2011GoM-Pma-00823,Sperm Whale,Vulnerable,28.2894,-88.1819,2011,7,30.240000000000002,1.0,null,null,La Nina
2011GoM-Pma-00823,Sperm Whale,Vulnerable,27.7896,-88.28280000000001,2011,7,30.04,1.0,null,null,La Nina
2011GoM-Pma-00823,Sperm Whale,Vulnerable,27.9739,-88.1648,2011,7,30.04,1.0,null,null,La Nina
2011GoM-Pma-00823,Sperm Whale,Vulnerable,28.5321,-88.1901,2011,7,30.240000000000002,1.0,null,null,La Nina
2011GoM-Pma-00823,Sperm Whale,Vulnerable,28.3852,-88.183,2011,7,30.240000000000002,1.0,null,null,La Nina
2011GoM-Pma-00823,Sperm Whale,Vulnerable,28.5381,-87.9281,2011,7,30.0,0.0,null,null,La Nina
2011GoM-Pma-00823,Sperm Whale,Vulnerable,28.264400000000002,-87.3578,2011,7,29.93,0.0,null,null,La Nina
2011GoM-Pma-00823,Sperm Whale,Vulnerable,28.2852,-88.0064,2011,7,30.09,1.0,null,null,La Nina
2011GoM-Pma-00823,Sperm Whale,Vulnerable,28.338,-88.25030000000001,2011,7,30.240000000000002,1.0,null,null,La Nina
2011GoM-Pma-00823,Sperm Whale,Vulnerable,28.4801,-88.1868,2011,7,30.240000000000002,1.0,null,null,La Nina
2011GoM-Pma-00823,Sperm Whale,Vulnerable,28.5335,-87.96730000000001,2011,7,30.240000000000002,1.0,null,null,La Nina
2011GoM-Pma-00823,Sperm Whale,Vulnerable,28.599700000000002,-88.29220000000001,2011,7,30.240000000000002,1.0,null,null,La Nina
2011GoM-Pma-00823,Sperm Whale,Vulnerable,28.5407,-88.3713,2011,7,30.240000000000002,1.0,null,null,La Nina
2011GoM-Pma-00823,Sperm Whale,Vulnerable,28.587200000000003,-88.1255,2011,7,30.240000000000002,1.0,null,null,La Nina
2011GoM-Pma-00823,Sperm Whale,Vulnerable,28.5853,-88.1247,2011,7,30.240000000000002,1.0,null,null,La Nina
2011GoM-Pma-00823,Sperm Whale,Vulnerable,28.3446,-88.00370000000001,2011,7,30.240000000000002,1.0,null,null,La Nina
2011GoM-Pma-00823,Sperm Whale,Vulnerable,28.0639,-87.69290000000001,2011,7,29.990000000000002,0.0,null,null,La Nina
2011GoM-Pma-00823,Sperm Whale,Vulnerable,28.5467,-87.9681,2011,7,30.240000000000002,1.0,null,null,La Nina
2011GoM-Pma-00823,Sperm Whale,Vulnerable,28.2972,-88.07130000000001,2011,7,30.240000000000002,1.0,null,null,La Nina
2011GoM-Pma-00823,Sperm Whale,Vulnerable,28.2904,-88.23610000000001,2011,7,30.240000000000002,1.0,null,null,La Nina
2011GoM-Pma-00823,Sperm Whale,Vulnerable,28.5486,-88.21220000000001,2011,7,30.240000000000002,1.0,null,null,La Nina
2011GoM-Pma-00823,Sperm Whale,Vulnerable,28.6779,-88.3758,2011,7,29.73,0.0,null,null,La Nina
2011GoM-Pma-00823,Sperm Whale,Vulnerable,28.6567,-88.40740000000001,2011,7,29.73,0.0,null,null,La Nina
2011GoM-Pma-00823,Sperm Whale,Vulnerable,28.6905,-88.41470000000001,2011,7,29.73,0.0,null,null,La Nina
2011GoM-Pma-00823,Sperm Whale,Vulnerable,28.6476,-88.36420000000001,2011,7,29.73,0.0,null,null,La Nina
2011GoM-Pma-00823,Sperm Whale,Vulnerable,28.6995,-88.3983,2011,7,29.73,0.0,null,null,La Nina
2011GoM-Pma-00823,Sperm Whale,Vulnerable,28.481900000000003,-88.4522,2011,7,30.23,1.0,null,null,La Nina
2011GoM-Pma-00823,Sperm Whale,Vulnerable,28.456200000000003,-88.47330000000001,2011,7,30.23,1.0,null,null,La Nina
2011GoM-Pma-00823,Sperm Whale,Vulnerable,28.654,-88.367,2011,7,29.73,0.0,null,null,La Nina
2011GoM-Pma-00823,Sperm Whale,Vulnerable,28.436,-88.50930000000001,2011,7,30.23,1.0,null,null,La Nina
2011GoM-Pma-00823,Sperm Whale,Vulnerable,28.3125,-88.24520000000001,2011,7,30.240000000000002,1.0,null,null,La Nina
2011GoM-Pma-00823,Sperm Whale,Vulnerable,28.431,-88.56070000000001,2011,7,30.23,1.0,null,null,La Nina
2011GoM-Pma-00823,Sperm Whale,Vulnerable,28.6724,-88.3755,2011,7,29.73,0.0,null,null,La Nina
2011GoM-Pma-00823,Sperm Whale,Vulnerable,27.901300000000003,-87.5806,2011,8,31.14,1.0,null,null,La Nina
2011GoM-Pma-00823,Sperm Whale,Vulnerable,28.262400000000003,-87.4358,2011,8,31.14,1.0,null,null,La Nina
2011GoM-Pma-00823,Sperm Whale,Vulnerable,27.361500000000003,-89.97080000000001,2011,8,30.8,1.0,null,null,La Nina
2011GoM-Pma-00823,Sperm Whale,Vulnerable,28.4619,-87.6671,2011,8,31.060000000000002,1.0,null,null,La Nina
2011GoM-Pma-00823,Sperm Whale,Vulnerable,28.5452,-87.8493,2011,8,31.060000000000002,1.0,null,null,La Nina
2011GoM-Pma-00823,Sperm Whale,Vulnerable,28.302500000000002,-87.5253,2011,8,31.14,1.0,null,null,La Nina
2011GoM-Pma-00823,Sperm Whale,Vulnerable,27.524600000000003,-89.6554,2011,8,30.8,1.0,null,null,La Nina
2011GoM-Pma-00823,Sperm Whale,Vulnerable,28.353900000000003,-87.9461,2011,8,31.060000000000002,1.0,null,null,La Nina
2011GoM-Pma-00823,Sperm Whale,Vulnerable,27.5104,-89.8668,2011,8,30.8,1.0,null,null,La Nina
2011GoM-Pma-00823,Sperm Whale,Vulnerable,27.470200000000002,-89.7598,2011,8,30.8,1.0,null,null,La Nina
2011GoM-Pma-00823,Sperm Whale,Vulnerable,28.2633,-87.43430000000001,2011,8,31.14,1.0,null,null,La Nina
2011GoM-Pma-00823,Sperm Whale,Vulnerable,27.8961,-89.3289,2011,8,30.830000000000002,1.0,null,null,La Nina
2011GoM-Pma-00823,Sperm Whale,Vulnerable,27.893700000000003,-89.3276,2011,8,30.830000000000002,1.0,null,null,La Nina
2011GoM-Pma-00823,Sperm Whale,Vulnerable,27.4555,-89.641,2011,8,30.8,1.0,null,null,La Nina
2011GoM-Pma-00823,Sperm Whale,Vulnerable,27.829600000000003,-89.3319,2011,8,30.830000000000002,1.0,null,null,La Nina
2011GoM-Pma-00823,Sperm Whale,Vulnerable,28.5243,-87.795,2011,8,31.060000000000002,1.0,null,null,La Nina
2011GoM-Pma-00823,Sperm Whale,Vulnerable,27.509400000000003,-89.87960000000001,2011,8,30.8,1.0,null,null,La Nina
2011GoM-Pma-00823,Sperm Whale,Vulnerable,28.4206,-87.9388,2011,8,31.060000000000002,1.0,null,null,La Nina
2011GoM-Pma-00823,Sperm Whale,Vulnerable,28.359,-87.92280000000001,2011,8,31.060000000000002,1.0,null,null,La Nina
2011GoM-Pma-00823,Sperm Whale,Vulnerable,28.4586,-87.5732,2011,8,31.060000000000002,1.0,null,null,La Nina
2011GoM-Pma-00823,Sperm Whale,Vulnerable,28.5481,-87.8743,2011,8,31.060000000000002,1.0,null,null,La Nina
2011GoM-Pma-00823,Sperm Whale,Vulnerable,28.4742,-87.5633,2011,8,31.060000000000002,1.0,null,null,La Nina
2011GoM-Pma-00823,Sperm Whale,Vulnerable,28.466,-87.671,2011,8,31.060000000000002,1.0,null,null,La Nina
2011GoM-Pma-00823,Sperm Whale,Vulnerable,27.971300000000003,-88.72630000000001,2011,8,31.200000000000003,1.0,null,null,La Nina
2011GoM-Pma-00823,Sperm Whale,Vulnerable,27.511,-89.8776,2011,8,30.8,1.0,null,null,La Nina
2011GoM-Pma-00823,Sperm Whale,Vulnerable,27.975800000000003,-88.7294,2011,8,31.200000000000003,1.0,null,null,La Nina
2011GoM-Pma-00823,Sperm Whale,Vulnerable,28.085700000000003,-88.7202,2011,8,31.200000000000003,1.0,null,null,La Nina
2011GoM-Pma-00823,Sperm Whale,Vulnerable,28.0958,-88.75030000000001,2011,8,31.200000000000003,1.0,null,null,La Nina
2011GoM-Pma-00823,Sperm Whale,Vulnerable,28.213,-88.8133,2011,8,31.200000000000003,1.0,null,null,La Nina
2011GoM-Pma-00823,Sperm Whale,Vulnerable,28.1762,-88.7086,2011,8,31.200000000000003,1.0,null,null,La Nina
2011GoM-Pma-00823,Sperm Whale,Vulnerable,28.124000000000002,-88.6601,2011,8,31.200000000000003,1.0,null,null,La Nina
2011GoM-Pma-00823,Sperm Whale,Vulnerable,28.187900000000003,-88.67830000000001,2011,8,31.200000000000003,1.0,null,null,La Nina
2011GoM-Pma-00823,Sperm Whale,Vulnerable,28.038800000000002,-88.79570000000001,2011,8,31.200000000000003,1.0,null,null,La Nina
2011GoM-Pma-00823,Sperm Whale,Vulnerable,28.284200000000002,-87.50290000000001,2011,8,31.14,1.0,null,null,La Nina
2011GoM-Pma-00823,Sperm Whale,Vulnerable,28.1274,-88.7033,2011,8,31.200000000000003,1.0,null,null,La Nina
2011GoM-Pma-00823,Sperm Whale,Vulnerable,28.128700000000002,-88.7364,2011,8,31.200000000000003,1.0,null,null,La Nina
2011GoM-Pma-00823,Sperm Whale,Vulnerable,28.185100000000002,-88.6987,2011,8,31.200000000000003,1.0,null,null,La Nina
2011GoM-Pma-00823,Sperm Whale,Vulnerable,28.145300000000002,-88.71640000000001,2011,8,31.200000000000003,1.0,null,null,La Nina
2011GoM-Pma-00823,Sperm Whale,Vulnerable,27.9402,-88.95360000000001,2011,8,31.200000000000003,1.0,null,null,La Nina
2011GoM-Pma-00823,Sperm Whale,Vulnerable,28.0653,-88.7513,2011,8,31.200000000000003,1.0,null,null,La Nina
2011GoM-Pma-00823,Sperm Whale,Vulnerable,28.0545,-88.7865,2011,8,31.200000000000003,1.0,null,null,La Nina
2011GoM-Pma-00823,Sperm Whale,Vulnerable,28.178900000000002,-88.7282,2011,8,31.200000000000003,1.0,null,null,La Nina
2011GoM-Pma-00823,Sperm Whale,Vulnerable,28.1854,-88.7292,2011,8,31.200000000000003,1.0,null,null,La Nina
2011GoM-Pma-00823,Sperm Whale,Vulnerable,28.1353,-88.7274,2011,8,31.200000000000003,1.0,null,null,La Nina
2011GoM-Pma-00823,Sperm Whale,Vulnerable,28.1259,-88.75670000000001,2011,8,31.200000000000003,1.0,null,null,La Nina
2011GoM-Pma-00823,Sperm Whale,Vulnerable,28.172700000000003,-88.834,2011,8,31.200000000000003,1.0,null,null,La Nina
2011GoM-Pma-00823,Sperm Whale,Vulnerable,28.0748,-88.671,2011,8,31.200000000000003,1.0,null,null,La Nina
2011GoM-Pma-00823,Sperm Whale,Vulnerable,28.037300000000002,-88.7437,2011,8,31.200000000000003,1.0,null,null,La Nina
2011GoM-Pma-00823,Sperm Whale,Vulnerable,28.091700000000003,-88.7444,2011,8,31.200000000000003,1.0,null,null,La Nina
2011GoM-Pma-00823,Sperm Whale,Vulnerable,28.361800000000002,-88.0163,2011,8,31.060000000000002,1.0,null,null,La Nina
2011GoM-Pma-00823,Sperm Whale,Vulnerable,27.97,-88.8394,2011,8,31.200000000000003,1.0,null,null,La Nina
2011GoM-Pma-00823,Sperm Whale,Vulnerable,28.017300000000002,-88.8058,2011,8,31.200000000000003,1.0,null,null,La Nina
2011GoM-Pma-00823,Sperm Whale,Vulnerable,27.9834,-88.8315,2011,8,31.200000000000003,1.0,null,null,La Nina
2011GoM-Pma-00823,Sperm Whale,Vulnerable,28.086100000000002,-88.7256,2011,8,31.200000000000003,1.0,null,null,La Nina
2011GoM-Pma-00823,Sperm Whale,Vulnerable,27.8294,-89.3274,2011,8,30.830000000000002,1.0,null,null,La Nina
2011GoM-Pma-00823,Sperm Whale,Vulnerable,28.1174,-88.765,2011,8,31.200000000000003,1.0,null,null,La Nina
2011GoM-Pma-00823,Sperm Whale,Vulnerable,27.9887,-88.8217,2011,8,31.200000000000003,1.0,null,null,La Nina
2011GoM-Pma-00823,Sperm Whale,Vulnerable,27.973300000000002,-88.7356,2011,8,31.200000000000003,1.0,null,null,La Nina
2011GoM-Pma-00823,Sperm Whale,Vulnerable,28.0786,-88.7042,2011,8,31.200000000000003,1.0,null,null,La Nina
2011GoM-Pma-00823,Sperm Whale,Vulnerable,28.020200000000003,-88.80340000000001,2011,8,31.200000000000003,1.0,null,null,La Nina
2011GoM-Pma-00823,Sperm Whale,Vulnerable,28.155800000000003,-88.7193,2011,8,31.200000000000003,1.0,null,null,La Nina
2011GoM-Pma-00823,Sperm Whale,Vulnerable,28.018500000000003,-88.915,2011,8,31.200000000000003,1.0,null,null,La Nina
2011GoM-Pma-00823,Sperm Whale,Vulnerable,28.1459,-88.8471,2011,8,31.200000000000003,1.0,null,null,La Nina
2011GoM-Pma-00823,Sperm Whale,Vulnerable,28.1244,-88.736,2011,8,31.200000000000003,1.0,null,null,La Nina
2011GoM-Pma-00823,Sperm Whale,Vulnerable,28.204,-88.6932,2011,8,31.200000000000003,1.0,null,null,La Nina
2011GoM-Pma-00823,Sperm Whale,Vulnerable,27.998800000000003,-88.82560000000001,2011,8,31.200000000000003,1.0,null,null,La Nina
2011GoM-Pma-00823,Sperm Whale,Vulnerable,28.1413,-88.7175,2011,8,31.200000000000003,1.0,null,null,La Nina
2011GoM-Pma-00823,Sperm Whale,Vulnerable,28.041800000000002,-88.7949,2011,8,31.200000000000003,1.0,null,null,La Nina
2011GoM-Pma-00823,Sperm Whale,Vulnerable,28.2127,-88.676,2011,8,31.200000000000003,1.0,null,null,La Nina
2011GoM-Pma-00823,Sperm Whale,Vulnerable,27.9951,-88.9295,2011,8,31.200000000000003,1.0,null,null,La Nina
2011GoM-Pma-00823,Sperm Whale,Vulnerable,27.9664,-88.8001,2011,8,31.200000000000003,1.0,null,null,La Nina
2011GoM-Pma-00823,Sperm Whale,Vulnerable,28.162300000000002,-88.8408,2011,8,31.200000000000003,1.0,null,null,La Nina
2011GoM-Pma-00823,Sperm Whale,Vulnerable,28.084400000000002,-88.7176,2011,8,31.200000000000003,1.0,null,null,La Nina
2011GoM-Pma-00823,Sperm Whale,Vulnerable,28.1581,-88.7166,2011,8,31.200000000000003,1.0,null,null,La Nina
2011GoM-Pma-00823,Sperm Whale,Vulnerable,28.0241,-88.9119,2011,8,31.200000000000003,1.0,null,null,La Nina
2011GoM-Pma-00823,Sperm Whale,Vulnerable,27.9967,-88.7076,2011,8,31.200000000000003,1.0,null,null,La Nina
2011GoM-Pma-00823,Sperm Whale,Vulnerable,27.9693,-88.7232,2011,8,31.200000000000003,1.0,null,null,La Nina
2011GoM-Pma-00823,Sperm Whale,Vulnerable,28.082,-88.71170000000001,2011,8,31.200000000000003,1.0,null,null,La Nina
2011GoM-Pma-00823,Sperm Whale,Vulnerable,28.1578,-88.8387,2011,8,31.200000000000003,1.0,null,null,La Nina
2011GoM-Pma-00823,Sperm Whale,Vulnerable,28.0925,-88.73870000000001,2011,8,31.200000000000003,1.0,null,null,La Nina
2011GoM-Pma-00823,Sperm Whale,Vulnerable,28.133300000000002,-88.7352,2011,8,31.200000000000003,1.0,null,null,La Nina
2011GoM-Pma-00823,Sperm Whale,Vulnerable,28.575300000000002,-87.8238,2011,8,31.060000000000002,1.0,null,null,La Nina
2011GoM-Pma-00823,Sperm Whale,Vulnerable,27.5145,-89.6045,2011,8,30.8,1.0,null,null,La Nina
2011GoM-Pma-00823,Sperm Whale,Vulnerable,27.5347,-89.6774,2011,8,30.8,1.0,null,null,La Nina
2011GoM-Pma-00823,Sperm Whale,Vulnerable,28.555300000000003,-87.9043,2011,8,31.060000000000002,1.0,null,null,La Nina
2011GoM-Pma-00823,Sperm Whale,Vulnerable,28.480700000000002,-87.75,2011,8,31.060000000000002,1.0,null,null,La Nina
2011GoM-Pma-00823,Sperm Whale,Vulnerable,28.4751,-87.60560000000001,2011,8,31.060000000000002,1.0,null,null,La Nina
2011GoM-Pma-00823,Sperm Whale,Vulnerable,27.983800000000002,-87.3734,2011,8,31.14,1.0,null,null,La Nina
2011GoM-Pma-00823,Sperm Whale,Vulnerable,27.515500000000003,-89.9337,2011,8,30.8,1.0,null,null,La Nina
2011GoM-Pma-00823,Sperm Whale,Vulnerable,28.544800000000002,-87.8028,2011,8,31.060000000000002,1.0,null,null,La Nina
2011GoM-Pma-00823,Sperm Whale,Vulnerable,28.4663,-87.7061,2011,8,31.060000000000002,1.0,null,null,La Nina
2011GoM-Pma-00823,Sperm Whale,Vulnerable,28.0136,-88.6616,2011,8,31.200000000000003,1.0,null,null,La Nina
2011GoM-Pma-00823,Sperm Whale,Vulnerable,28.1244,-88.70920000000001,2011,8,31.200000000000003,1.0,null,null,La Nina
2011GoM-Pma-00823,Sperm Whale,Vulnerable,28.0924,-88.7321,2011,8,31.200000000000003,1.0,null,null,La Nina
2011GoM-Pma-00823,Sperm Whale,Vulnerable,28.1062,-88.76960000000001,2011,8,31.200000000000003,1.0,null,null,La Nina
2011GoM-Pma-00823,Sperm Whale,Vulnerable,27.9952,-88.7388,2011,8,31.200000000000003,1.0,null,null,La Nina
2011GoM-Pma-00823,Sperm Whale,Vulnerable,28.4648,-87.57180000000001,2011,8,31.060000000000002,1.0,null,null,La Nina
2011GoM-Pma-00823,Sperm Whale,Vulnerable,28.5878,-87.82730000000001,2011,8,31.060000000000002,1.0,null,null,La Nina
2011GoM-Pma-00823,Sperm Whale,Vulnerable,27.9688,-88.8401,2011,8,31.200000000000003,1.0,null,null,La Nina
2011GoM-Pma-00823,Sperm Whale,Vulnerable,28.148300000000003,-88.71650000000001,2011,8,31.200000000000003,1.0,null,null,La Nina
2011GoM-Pma-00823,Sperm Whale,Vulnerable,28.102500000000003,-88.6931,2011,8,31.200000000000003,1.0,null,null,La Nina
2011GoM-Pma-00823,Sperm Whale,Vulnerable,28.1372,-88.7288,2011,8,31.200000000000003,1.0,null,null,La Nina
2011GoM-Pma-00823,Sperm Whale,Vulnerable,28.142,-88.8465,2011,8,31.200000000000003,1.0,null,null,La Nina
2011GoM-Pma-00823,Sperm Whale,Vulnerable,27.5023,-89.6212,2011,8,30.8,1.0,null,null,La Nina
2011GoM-Pma-00823,Sperm Whale,Vulnerable,27.4902,-89.6289,2011,8,30.8,1.0,null,null,La Nina
2011GoM-Pma-00823,Sperm Whale,Vulnerable,27.997200000000003,-88.674,2011,8,31.200000000000003,1.0,null,null,La Nina
2011GoM-Pma-00823,Sperm Whale,Vulnerable,28.1705,-88.6643,2011,8,31.200000000000003,1.0,null,null,La Nina
2011GoM-Pma-00823,Sperm Whale,Vulnerable,27.968300000000003,-88.9454,2011,8,31.200000000000003,1.0,null,null,La Nina
2011GoM-Pma-00823,Sperm Whale,Vulnerable,28.0866,-88.74690000000001,2011,8,31.200000000000003,1.0,null,null,La Nina
2011GoM-Pma-00823,Sperm Whale,Vulnerable,28.473100000000002,-87.5708,2011,8,31.060000000000002,1.0,null,null,La Nina
2011GoM-Pma-00823,Sperm Whale,Vulnerable,27.4736,-89.6344,2011,8,30.8,1.0,null,null,La Nina
2011GoM-Pma-00823,Sperm Whale,Vulnerable,28.0425,-88.7431,2011,8,31.200000000000003,1.0,null,null,La Nina
2011GoM-Pma-00823,Sperm Whale,Vulnerable,28.191100000000002,-88.8262,2011,8,31.200000000000003,1.0,null,null,La Nina
2011GoM-Pma-00823,Sperm Whale,Vulnerable,28.5093,-87.9115,2011,8,31.060000000000002,1.0,null,null,La Nina
2011GoM-Pma-00823,Sperm Whale,Vulnerable,27.842000000000002,-89.2977,2011,8,30.830000000000002,1.0,null,null,La Nina
2011GoM-Pma-00823,Sperm Whale,Vulnerable,27.4644,-89.6341,2011,8,30.8,1.0,null,null,La Nina
2011GoM-Pma-00823,Sperm Whale,Vulnerable,28.555400000000002,-87.9075,2011,8,31.060000000000002,1.0,null,null,La Nina
2011GoM-Pma-00823,Sperm Whale,Vulnerable,28.015700000000002,-88.64460000000001,2011,8,31.1,1.0,null,null,La Nina
2011GoM-Pma-00823,Sperm Whale,Vulnerable,28.230500000000003,-88.7895,2011,8,31.200000000000003,1.0,null,null,La Nina
2011GoM-Pma-00823,Sperm Whale,Vulnerable,27.5809,-89.773,2011,8,30.8,1.0,null,null,La Nina
2011GoM-Pma-00823,Sperm Whale,Vulnerable,27.456300000000002,-89.6277,2011,8,30.8,1.0,null,null,La Nina
2011GoM-Pma-00823,Sperm Whale,Vulnerable,27.482400000000002,-89.7826,2011,8,30.8,1.0,null,null,La Nina
2011GoM-Pma-00823,Sperm Whale,Vulnerable,28.365000000000002,-87.7223,2011,8,31.060000000000002,1.0,null,null,La Nina
2011GoM-Pma-00823,Sperm Whale,Vulnerable,28.3778,-87.6883,2011,8,31.060000000000002,1.0,null,null,La Nina
2011GoM-Pma-00823,Sperm Whale,Vulnerable,27.8871,-88.9723,2011,8,30.830000000000002,1.0,null,null,La Nina
2011GoM-Pma-00823,Sperm Whale,Vulnerable,28.0839,-88.70020000000001,2011,8,31.200000000000003,1.0,null,null,La Nina
2011GoM-Pma-00823,Sperm Whale,Vulnerable,28.2637,-87.4698,2011,8,31.14,1.0,null,null,La Nina
2011GoM-Pma-00823,Sperm Whale,Vulnerable,27.4635,-89.6307,2011,8,30.8,1.0,null,null,La Nina
2011GoM-Pma-00823,Sperm Whale,Vulnerable,28.4724,-87.55550000000001,2011,8,31.060000000000002,1.0,null,null,La Nina
2011GoM-Pma-00823,Sperm Whale,Vulnerable,27.5106,-89.61030000000001,2011,8,30.8,1.0,null,null,La Nina
2011GoM-Pma-00823,Sperm Whale,Vulnerable,27.4615,-89.6315,2011,8,30.8,1.0,null,null,La Nina
2011GoM-Pma-00823,Sperm Whale,Vulnerable,27.864600000000003,-88.9809,2011,8,30.830000000000002,1.0,null,null,La Nina
2011GoM-Pma-00823,Sperm Whale,Vulnerable,27.547800000000002,-89.7037,2011,8,30.8,1.0,null,null,La Nina
2011GoM-Pma-00823,Sperm Whale,Vulnerable,27.5086,-89.8947,2011,8,30.8,1.0,null,null,La Nina
2011GoM-Pma-00823,Sperm Whale,Vulnerable,28.503500000000003,-87.7694,2011,8,31.060000000000002,1.0,null,null,La Nina
2011GoM-Pma-00823,Sperm Whale,Vulnerable,27.582800000000002,-89.7099,2011,8,30.8,1.0,null,null,La Nina
2011GoM-Pma-00823,Sperm Whale,Vulnerable,28.543300000000002,-87.7861,2011,8,31.060000000000002,1.0,null,null,La Nina
2011GoM-Pma-00823,Sperm Whale,Vulnerable,27.3534,-89.98920000000001,2011,8,30.8,1.0,null,null,La Nina
2011GoM-Pma-00823,Sperm Whale,Vulnerable,27.5455,-89.702,2011,8,30.8,1.0,null,null,La Nina
2011GoM-Pma-00823,Sperm Whale,Vulnerable,27.541900000000002,-89.7294,2011,8,30.8,1.0,null,null,La Nina
2011GoM-Pma-00823,Sperm Whale,Vulnerable,27.453300000000002,-89.6474,2011,8,30.8,1.0,null,null,La Nina
2011GoM-Pma-00823,Sperm Whale,Vulnerable,28.503400000000003,-87.77120000000001,2011,8,31.060000000000002,1.0,null,null,La Nina
2011GoM-Pma-00823,Sperm Whale,Vulnerable,27.847900000000003,-89.30420000000001,2011,8,30.830000000000002,1.0,null,null,La Nina
2011GoM-Pma-00823,Sperm Whale,Vulnerable,27.370800000000003,-89.9539,2011,8,30.8,1.0,null,null,La Nina
2011GoM-Pma-00823,Sperm Whale,Vulnerable,27.862000000000002,-89.3172,2011,8,30.830000000000002,1.0,null,null,La Nina
2011GoM-Pma-00823,Sperm Whale,Vulnerable,28.467200000000002,-87.70920000000001,2011,8,31.060000000000002,1.0,null,null,La Nina
2011GoM-Pma-00823,Sperm Whale,Vulnerable,28.5466,-87.8784,2011,8,31.060000000000002,1.0,null,null,La Nina
2011GoM-Pma-00823,Sperm Whale,Vulnerable,28.2104,-88.80770000000001,2011,8,31.200000000000003,1.0,null,null,La Nina
2011GoM-Pma-00823,Sperm Whale,Vulnerable,27.604300000000002,-89.7288,2011,8,30.8,1.0,null,null,La Nina
2011GoM-Pma-00823,Sperm Whale,Vulnerable,27.9005,-87.94930000000001,2011,8,31.04,1.0,null,null,La Nina
2011GoM-Pma-00823,Sperm Whale,Vulnerable,28.3398,-87.94250000000001,2011,8,31.04,1.0,null,null,La Nina
2011GoM-Pma-00823,Sperm Whale,Vulnerable,28.282400000000003,-88.10170000000001,2011,8,31.060000000000002,1.0,null,null,La Nina
2011GoM-Pma-00823,Sperm Whale,Vulnerable,28.387600000000003,-87.96390000000001,2011,8,31.060000000000002,1.0,null,null,La Nina
2011GoM-Pma-00823,Sperm Whale,Vulnerable,28.5243,-87.79350000000001,2011,8,31.060000000000002,1.0,null,null,La Nina
2011GoM-Pma-00823,Sperm Whale,Vulnerable,28.408900000000003,-88.1072,2011,8,31.060000000000002,1.0,null,null,La Nina
2011GoM-Pma-00823,Sperm Whale,Vulnerable,27.8978,-88.7214,2011,8,30.88,1.0,null,null,La Nina
2011GoM-Pma-00823,Sperm Whale,Vulnerable,28.449,-87.9799,2011,8,31.060000000000002,1.0,null,null,La Nina
2011GoM-Pma-00823,Sperm Whale,Vulnerable,28.450100000000003,-87.89020000000001,2011,8,31.060000000000002,1.0,null,null,La Nina
2011GoM-Pma-00823,Sperm Whale,Vulnerable,27.9829,-87.9257,2011,8,31.04,1.0,null,null,La Nina
2011GoM-Pma-00823,Sperm Whale,Vulnerable,28.221300000000003,-88.1666,2011,8,31.04,1.0,null,null,La Nina
2011GoM-Pma-00823,Sperm Whale,Vulnerable,28.282400000000003,-88.2514,2011,8,31.060000000000002,1.0,null,null,La Nina
2011GoM-Pma-00823,Sperm Whale,Vulnerable,28.451400000000003,-88.26480000000001,2011,8,31.060000000000002,1.0,null,null,La Nina
2011GoM-Pma-00823,Sperm Whale,Vulnerable,28.438,-87.4683,2011,8,31.12,1.0,null,null,La Nina
2011GoM-Pma-00823,Sperm Whale,Vulnerable,28.3915,-87.48060000000001,2011,8,31.12,1.0,null,null,La Nina
2011GoM-Pma-00823,Sperm Whale,Vulnerable,28.4553,-88.3996,2011,8,31.060000000000002,1.0,null,null,La Nina
2011GoM-Pma-00823,Sperm Whale,Vulnerable,28.459,-88.2886,2011,8,31.060000000000002,1.0,null,null,La Nina
2011GoM-Pma-00823,Sperm Whale,Vulnerable,28.672,-87.9621,2011,8,31.01,1.0,null,null,La Nina
2011GoM-Pma-00823,Sperm Whale,Vulnerable,27.5055,-89.8341,2011,8,30.8,1.0,null,null,La Nina
2011GoM-Pma-00823,Sperm Whale,Vulnerable,28.5424,-88.0677,2011,8,31.060000000000002,1.0,null,null,La Nina
2011GoM-Pma-00823,Sperm Whale,Vulnerable,28.4505,-88.2278,2011,8,31.060000000000002,1.0,null,null,La Nina
2011GoM-Pma-00823,Sperm Whale,Vulnerable,28.459,-88.3369,2011,8,31.060000000000002,1.0,null,null,La Nina
2011GoM-Pma-00823,Sperm Whale,Vulnerable,28.384500000000003,-88.3018,2011,8,31.060000000000002,1.0,null,null,La Nina
2011GoM-Pma-00823,Sperm Whale,Vulnerable,28.4449,-88.1474,2011,8,31.060000000000002,1.0,null,null,La Nina
2011GoM-Pma-00823,Sperm Whale,Vulnerable,28.4325,-88.03150000000001,2011,8,31.060000000000002,1.0,null,null,La Nina
2011GoM-Pma-00823,Sperm Whale,Vulnerable,28.4267,-88.3816,2011,8,31.060000000000002,1.0,null,null,La Nina
2011GoM-Pma-00823,Sperm Whale,Vulnerable,28.370800000000003,-88.1525,2011,8,31.060000000000002,1.0,null,null,La Nina
2011GoM-Pma-00823,Sperm Whale,Vulnerable,28.4177,-88.2112,2011,8,31.060000000000002,1.0,null,null,La Nina
2011GoM-Pma-00823,Sperm Whale,Vulnerable,28.3277,-88.13980000000001,2011,8,31.060000000000002,1.0,null,null,La Nina
2011GoM-Pma-00823,Sperm Whale,Vulnerable,28.2959,-88.0806,2011,8,31.060000000000002,1.0,null,null,La Nina
2011GoM-Pma-00823,Sperm Whale,Vulnerable,28.465400000000002,-88.3381,2011,8,31.060000000000002,1.0,null,null,La Nina
2011GoM-Pma-00823,Sperm Whale,Vulnerable,28.457700000000003,-88.3204,2011,8,31.060000000000002,1.0,null,null,La Nina
2011GoM-Pma-00823,Sperm Whale,Vulnerable,28.457,-88.4025,2011,8,31.060000000000002,1.0,null,null,La Nina
2011GoM-Pma-00823,Sperm Whale,Vulnerable,28.317700000000002,-88.1408,2011,8,31.060000000000002,1.0,null,null,La Nina
2011GoM-Pma-00823,Sperm Whale,Vulnerable,28.2908,-88.1042,2011,8,31.060000000000002,1.0,null,null,La Nina
2011GoM-Pma-00823,Sperm Whale,Vulnerable,28.299500000000002,-88.12230000000001,2011,8,31.060000000000002,1.0,null,null,La Nina
2011GoM-Pma-00823,Sperm Whale,Vulnerable,28.329800000000002,-88.14020000000001,2011,8,31.060000000000002,1.0,null,null,La Nina
2011GoM-Pma-00823,Sperm Whale,Vulnerable,28.4248,-88.3668,2011,8,31.060000000000002,1.0,null,null,La Nina
2011GoM-Pma-00823,Sperm Whale,Vulnerable,28.3534,-88.1451,2011,8,31.060000000000002,1.0,null,null,La Nina
2011GoM-Pma-00823,Sperm Whale,Vulnerable,28.483900000000002,-88.07610000000001,2011,8,31.060000000000002,1.0,null,null,La Nina
2011GoM-Pma-00823,Sperm Whale,Vulnerable,28.4127,-88.052,2011,8,31.060000000000002,1.0,null,null,La Nina
2011GoM-Pma-00823,Sperm Whale,Vulnerable,28.2852,-88.255,2011,8,31.060000000000002,1.0,null,null,La Nina
2011GoM-Pma-00823,Sperm Whale,Vulnerable,28.446,-87.9555,2011,8,31.060000000000002,1.0,null,null,La Nina
2011GoM-Pma-00823,Sperm Whale,Vulnerable,28.382900000000003,-88.2866,2011,8,31.060000000000002,1.0,null,null,La Nina
2011GoM-Pma-00823,Sperm Whale,Vulnerable,28.5593,-87.9971,2011,8,31.060000000000002,1.0,null,null,La Nina
2011GoM-Pma-00823,Sperm Whale,Vulnerable,28.542,-88.0738,2011,8,31.060000000000002,1.0,null,null,La Nina
2011GoM-Pma-00823,Sperm Whale,Vulnerable,28.4141,-87.47460000000001,2011,8,31.12,1.0,null,null,La Nina
2011GoM-Pma-00823,Sperm Whale,Vulnerable,27.8104,-89.3114,2011,8,30.830000000000002,1.0,null,null,La Nina
2011GoM-Pma-00823,Sperm Whale,Vulnerable,28.375200000000003,-87.4935,2011,8,31.12,1.0,null,null,La Nina
2011GoM-Pma-00823,Sperm Whale,Vulnerable,28.3734,-87.49340000000001,2011,8,31.12,1.0,null,null,La Nina
2011GoM-Pma-00823,Sperm Whale,Vulnerable,28.286800000000003,-87.94680000000001,2011,8,31.04,1.0,null,null,La Nina
2011GoM-Pma-00823,Sperm Whale,Vulnerable,28.344700000000003,-87.9358,2011,8,31.04,1.0,null,null,La Nina
2011GoM-Pma-00823,Sperm Whale,Vulnerable,28.271,-88.14280000000001,2011,8,31.060000000000002,1.0,null,null,La Nina
2011GoM-Pma-00823,Sperm Whale,Vulnerable,27.9429,-88.72030000000001,2011,8,30.88,1.0,null,null,La Nina
2011GoM-Pma-00823,Sperm Whale,Vulnerable,27.9572,-88.73270000000001,2011,8,30.88,1.0,null,null,La Nina
2011GoM-Pma-00823,Sperm Whale,Vulnerable,27.992800000000003,-88.6577,2011,8,30.88,1.0,null,null,La Nina
2011GoM-Pma-00823,Sperm Whale,Vulnerable,27.9753,-88.6692,2011,8,30.88,1.0,null,null,La Nina
2011GoM-Pma-00823,Sperm Whale,Vulnerable,28.445,-87.93610000000001,2011,8,31.060000000000002,1.0,null,null,La Nina
2011GoM-Pma-00823,Sperm Whale,Vulnerable,28.0825,-88.67020000000001,2011,8,31.200000000000003,1.0,null,null,La Nina
2011GoM-Pma-00823,Sperm Whale,Vulnerable,28.1198,-88.74470000000001,2011,8,31.200000000000003,1.0,null,null,La Nina
2011GoM-Pma-00823,Sperm Whale,Vulnerable,28.102700000000002,-88.67580000000001,2011,8,31.200000000000003,1.0,null,null,La Nina
2011GoM-Pma-00823,Sperm Whale,Vulnerable,28.026500000000002,-88.7993,2011,8,31.200000000000003,1.0,null,null,La Nina
2011GoM-Pma-00823,Sperm Whale,Vulnerable,28.0953,-88.7478,2011,8,31.200000000000003,1.0,null,null,La Nina
2011GoM-Pma-00823,Sperm Whale,Vulnerable,28.1766,-88.70410000000001,2011,8,31.200000000000003,1.0,null,null,La Nina
2011GoM-Pma-00823,Sperm Whale,Vulnerable,28.162,-88.83840000000001,2011,8,31.200000000000003,1.0,null,null,La Nina
2011GoM-Pma-00823,Sperm Whale,Vulnerable,28.066,-88.71990000000001,2011,8,31.200000000000003,1.0,null,null,La Nina
2011GoM-Pma-00823,Sperm Whale,Vulnerable,27.8598,-89.311,2011,8,30.830000000000002,1.0,null,null,La Nina
2011GoM-Pma-00823,Sperm Whale,Vulnerable,28.1049,-88.7688,2011,8,31.200000000000003,1.0,null,null,La Nina
2011GoM-Pma-00823,Sperm Whale,Vulnerable,27.5257,-89.65570000000001,2011,8,30.8,1.0,null,null,La Nina
2011GoM-Pma-00823,Sperm Whale,Vulnerable,28.3278,-87.5189,2011,8,31.14,1.0,null,null,La Nina
2011GoM-Pma-00823,Sperm Whale,Vulnerable,27.8337,-89.295,2011,8,30.830000000000002,1.0,null,null,La Nina
2011GoM-Pma-00823,Sperm Whale,Vulnerable,28.209600000000002,-88.678,2011,8,31.200000000000003,1.0,null,null,La Nina
2011GoM-Pma-00823,Sperm Whale,Vulnerable,28.235500000000002,-88.6765,2011,8,31.200000000000003,1.0,null,null,La Nina
2011GoM-Pma-00823,Sperm Whale,Vulnerable,28.290100000000002,-88.1448,2011,8,31.060000000000002,1.0,null,null,La Nina
2011GoM-Pma-00823,Sperm Whale,Vulnerable,28.2146,-88.68010000000001,2011,8,31.200000000000003,1.0,null,null,La Nina
2011GoM-Pma-00823,Sperm Whale,Vulnerable,28.183400000000002,-88.82560000000001,2011,8,31.200000000000003,1.0,null,null,La Nina
2011GoM-Pma-00823,Sperm Whale,Vulnerable,28.1,-88.6776,2011,8,31.200000000000003,1.0,null,null,La Nina
2011GoM-Pma-00823,Sperm Whale,Vulnerable,27.994400000000002,-88.708,2011,8,31.200000000000003,1.0,null,null,La Nina
2011GoM-Pma-00823,Sperm Whale,Vulnerable,28.0289,-88.7971,2011,8,31.200000000000003,1.0,null,null,La Nina
2011GoM-Pma-00823,Sperm Whale,Vulnerable,27.8735,-89.3168,2011,8,30.830000000000002,1.0,null,null,La Nina
2011GoM-Pma-00823,Sperm Whale,Vulnerable,27.9386,-88.9542,2011,8,31.200000000000003,1.0,null,null,La Nina
2011GoM-Pma-00823,Sperm Whale,Vulnerable,28.1677,-88.85210000000001,2011,8,31.200000000000003,1.0,null,null,La Nina
2011GoM-Pma-00823,Sperm Whale,Vulnerable,28.563200000000002,-87.8259,2011,8,31.060000000000002,1.0,null,null,La Nina
2011GoM-Pma-00823,Sperm Whale,Vulnerable,27.979100000000003,-88.7352,2011,8,31.200000000000003,1.0,null,null,La Nina
2011GoM-Pma-00823,Sperm Whale,Vulnerable,28.044800000000002,-88.7423,2011,8,31.200000000000003,1.0,null,null,La Nina
2011GoM-Pma-00823,Sperm Whale,Vulnerable,27.451700000000002,-89.63,2011,8,30.8,1.0,null,null,La Nina
2011GoM-Pma-00823,Sperm Whale,Vulnerable,28.547,-87.84580000000001,2011,8,31.060000000000002,1.0,null,null,La Nina
2011GoM-Pma-00823,Sperm Whale,Vulnerable,28.561600000000002,-87.8271,2011,8,31.060000000000002,1.0,null,null,La Nina
2011GoM-Pma-00823,Sperm Whale,Vulnerable,28.004800000000003,-88.117,2011,8,31.04,1.0,null,null,La Nina
2011GoM-Pma-00823,Sperm Whale,Vulnerable,28.3653,-87.9624,2011,8,31.060000000000002,1.0,null,null,La Nina
2011GoM-Pma-00823,Sperm Whale,Vulnerable,28.063100000000002,-88.1555,2011,8,31.04,1.0,null,null,La Nina
2011GoM-Pma-00823,Sperm Whale,Vulnerable,28.4113,-88.4094,2011,8,31.060000000000002,1.0,null,null,La Nina
2011GoM-Pma-00823,Sperm Whale,Vulnerable,28.2254,-88.18390000000001,2011,8,31.04,1.0,null,null,La Nina
2011GoM-Pma-00823,Sperm Whale,Vulnerable,27.986600000000003,-88.7458,2011,8,31.200000000000003,1.0,null,null,La Nina
2011GoM-Pma-00823,Sperm Whale,Vulnerable,28.3934,-87.4807,2011,8,31.12,1.0,null,null,La Nina
2011GoM-Pma-00823,Sperm Whale,Vulnerable,28.5375,-88.09360000000001,2011,8,31.060000000000002,1.0,null,null,La Nina
2011GoM-Pma-00823,Sperm Whale,Vulnerable,28.532,-88.1038,2011,8,31.060000000000002,1.0,null,null,La Nina
2011GoM-Pma-00823,Sperm Whale,Vulnerable,28.443900000000003,-88.21260000000001,2011,8,31.060000000000002,1.0,null,null,La Nina
2011GoM-Pma-00823,Sperm Whale,Vulnerable,27.9529,-88.71900000000001,2011,8,30.88,1.0,null,null,La Nina
2011GoM-Pma-00823,Sperm Whale,Vulnerable,28.393900000000002,-88.2842,2011,8,31.060000000000002,1.0,null,null,La Nina
2011GoM-Pma-00823,Sperm Whale,Vulnerable,28.3,-88.1421,2011,8,31.060000000000002,1.0,null,null,La Nina
2011GoM-Pma-00823,Sperm Whale,Vulnerable,27.840700000000002,-88.60810000000001,2011,8,30.88,1.0,null,null,La Nina
2011GoM-Pma-00823,Sperm Whale,Vulnerable,28.4649,-88.38770000000001,2011,8,31.060000000000002,1.0,null,null,La Nina
2011GoM-Pma-00823,Sperm Whale,Vulnerable,28.3806,-88.296,2011,8,31.060000000000002,1.0,null,null,La Nina
2011GoM-Pma-00823,Sperm Whale,Vulnerable,28.296200000000002,-87.9193,2011,8,31.04,1.0,null,null,La Nina
2011GoM-Pma-00823,Sperm Whale,Vulnerable,28.1245,-88.1846,2011,8,31.04,1.0,null,null,La Nina
2011GoM-Pma-00823,Sperm Whale,Vulnerable,28.444100000000002,-87.4684,2011,8,31.12,1.0,null,null,La Nina
2011GoM-Pma-00823,Sperm Whale,Vulnerable,28.4526,-87.4914,2011,8,31.12,1.0,null,null,La Nina
2011GoM-Pma-00823,Sperm Whale,Vulnerable,28.5212,-88.11670000000001,2011,8,31.060000000000002,1.0,null,null,La Nina
2011GoM-Pma-00823,Sperm Whale,Vulnerable,28.4581,-88.371,2011,8,31.060000000000002,1.0,null,null,La Nina
2011GoM-Pma-00823,Sperm Whale,Vulnerable,28.3896,-88.17710000000001,2011,8,31.060000000000002,1.0,null,null,La Nina
2011GoM-Pma-00823,Sperm Whale,Vulnerable,28.3183,-88.1693,2011,8,31.060000000000002,1.0,null,null,La Nina
2011GoM-Pma-00823,Sperm Whale,Vulnerable,28.358,-88.1485,2011,8,31.060000000000002,1.0,null,null,La Nina
2011GoM-Pma-00823,Sperm Whale,Vulnerable,28.297700000000003,-88.0806,2011,8,31.060000000000002,1.0,null,null,La Nina
2011GoM-Pma-00823,Sperm Whale,Vulnerable,28.433300000000003,-87.9829,2011,8,31.060000000000002,1.0,null,null,La Nina
2011GoM-Pma-00823,Sperm Whale,Vulnerable,28.363400000000002,-87.99640000000001,2011,8,31.060000000000002,1.0,null,null,La Nina
2011GoM-Pma-00823,Sperm Whale,Vulnerable,28.555,-88.01910000000001,2011,8,31.060000000000002,1.0,null,null,La Nina
2011GoM-Pma-00823,Sperm Whale,Vulnerable,28.446900000000003,-88.2047,2011,8,31.060000000000002,1.0,null,null,La Nina
2011GoM-Pma-00823,Sperm Whale,Vulnerable,28.4389,-88.2442,2011,8,31.060000000000002,1.0,null,null,La Nina
2011GoM-Pma-00823,Sperm Whale,Vulnerable,28.0149,-88.12190000000001,2011,8,31.04,1.0,null,null,La Nina
2011GoM-Pma-00823,Sperm Whale,Vulnerable,28.5437,-87.9723,2011,8,31.060000000000002,1.0,null,null,La Nina
2011GoM-Pma-00823,Sperm Whale,Vulnerable,28.3856,-88.17110000000001,2011,8,31.060000000000002,1.0,null,null,La Nina
2011GoM-Pma-00823,Sperm Whale,Vulnerable,27.890800000000002,-89.331,2011,8,30.830000000000002,1.0,null,null,La Nina
2011GoM-Pma-00823,Sperm Whale,Vulnerable,28.432000000000002,-88.34740000000001,2011,8,31.060000000000002,1.0,null,null,La Nina
2011GoM-Pma-00823,Sperm Whale,Vulnerable,28.0392,-88.0301,2011,8,31.04,1.0,null,null,La Nina
2011GoM-Pma-00823,Sperm Whale,Vulnerable,28.287100000000002,-88.0027,2011,8,31.04,1.0,null,null,La Nina
2011GoM-Pma-00823,Sperm Whale,Vulnerable,28.1584,-88.0556,2011,8,31.04,1.0,null,null,La Nina
2011GoM-Pma-00823,Sperm Whale,Vulnerable,28.555400000000002,-88.02,2011,8,31.060000000000002,1.0,null,null,La Nina
2011GoM-Pma-00823,Sperm Whale,Vulnerable,28.415100000000002,-88.2642,2011,8,31.060000000000002,1.0,null,null,La Nina
2011GoM-Pma-00823,Sperm Whale,Vulnerable,28.3745,-88.3167,2011,8,31.060000000000002,1.0,null,null,La Nina
2011GoM-Pma-00823,Sperm Whale,Vulnerable,28.4493,-88.2176,2011,8,31.060000000000002,1.0,null,null,La Nina
2011GoM-Pma-00823,Sperm Whale,Vulnerable,28.4209,-88.21480000000001,2011,8,31.060000000000002,1.0,null,null,La Nina
2011GoM-Pma-00823,Sperm Whale,Vulnerable,28.4056,-88.3576,2011,8,31.060000000000002,1.0,null,null,La Nina
2011GoM-Pma-00823,Sperm Whale,Vulnerable,28.315900000000003,-88.18520000000001,2011,8,31.060000000000002,1.0,null,null,La Nina
2011GoM-Pma-00823,Sperm Whale,Vulnerable,28.454600000000003,-88.36580000000001,2011,8,31.060000000000002,1.0,null,null,La Nina
2011GoM-Pma-00823,Sperm Whale,Vulnerable,28.391000000000002,-88.1584,2011,8,31.060000000000002,1.0,null,null,La Nina
2011GoM-Pma-00823,Sperm Whale,Vulnerable,28.4602,-88.3508,2011,8,31.060000000000002,1.0,null,null,La Nina
2011GoM-Pma-00823,Sperm Whale,Vulnerable,28.4571,-88.39070000000001,2011,8,31.060000000000002,1.0,null,null,La Nina
2011GoM-Pma-00823,Sperm Whale,Vulnerable,28.402900000000002,-88.41040000000001,2011,8,31.060000000000002,1.0,null,null,La Nina
2011GoM-Pma-00823,Sperm Whale,Vulnerable,28.300600000000003,-88.1246,2011,8,31.060000000000002,1.0,null,null,La Nina
2011GoM-Pma-00823,Sperm Whale,Vulnerable,28.4768,-88.12190000000001,2011,8,31.060000000000002,1.0,null,null,La Nina
2011GoM-Pma-00823,Sperm Whale,Vulnerable,28.377200000000002,-88.31410000000001,2011,8,31.060000000000002,1.0,null,null,La Nina
2011GoM-Pma-00823,Sperm Whale,Vulnerable,28.315,-88.18130000000001,2011,8,31.060000000000002,1.0,null,null,La Nina
2011GoM-Pma-00823,Sperm Whale,Vulnerable,28.4307,-88.3421,2011,8,31.060000000000002,1.0,null,null,La Nina
2011GoM-Pma-00823,Sperm Whale,Vulnerable,28.4616,-88.3545,2011,8,31.060000000000002,1.0,null,null,La Nina
2011GoM-Pma-00823,Sperm Whale,Vulnerable,28.4512,-87.48570000000001,2011,8,31.12,1.0,null,null,La Nina
2011GoM-Pma-00823,Sperm Whale,Vulnerable,28.548000000000002,-88.0449,2011,8,31.060000000000002,1.0,null,null,La Nina
2011GoM-Pma-00823,Sperm Whale,Vulnerable,28.4173,-87.4743,2011,8,31.12,1.0,null,null,La Nina
2011GoM-Pma-00823,Sperm Whale,Vulnerable,28.5485,-88.0481,2011,8,31.060000000000002,1.0,null,null,La Nina
2011GoM-Pma-00823,Sperm Whale,Vulnerable,28.215500000000002,-88.1746,2011,8,31.04,1.0,null,null,La Nina
2011GoM-Pma-00823,Sperm Whale,Vulnerable,28.0093,-88.11890000000001,2011,8,31.04,1.0,null,null,La Nina
2011GoM-Pma-00823,Sperm Whale,Vulnerable,28.5328,-88.10390000000001,2011,8,31.060000000000002,1.0,null,null,La Nina
2011GoM-Pma-00823,Sperm Whale,Vulnerable,27.933300000000003,-88.724,2011,8,30.88,1.0,null,null,La Nina
2011GoM-Pma-00823,Sperm Whale,Vulnerable,28.2767,-88.00710000000001,2011,8,31.04,1.0,null,null,La Nina
2011GoM-Pma-00823,Sperm Whale,Vulnerable,27.933300000000003,-88.72240000000001,2011,8,30.88,1.0,null,null,La Nina
2011GoM-Pma-00823,Sperm Whale,Vulnerable,28.1218,-89.3224,2011,8,31.23,1.0,null,null,La Nina
2011GoM-Pma-00823,Sperm Whale,Vulnerable,28.017200000000003,-88.48490000000001,2011,8,31.1,1.0,null,null,La Nina
2011GoM-Pma-00823,Sperm Whale,Vulnerable,28.0132,-88.6434,2011,8,31.1,1.0,null,null,La Nina
2011GoM-Pma-00823,Sperm Whale,Vulnerable,27.8412,-89.39540000000001,2011,8,30.93,1.0,null,null,La Nina
2011GoM-Pma-00823,Sperm Whale,Vulnerable,28.056,-88.6393,2011,8,31.1,1.0,null,null,La Nina
2011GoM-Pma-00823,Sperm Whale,Vulnerable,27.809900000000003,-89.5102,2011,8,30.93,1.0,null,null,La Nina
2011GoM-Pma-00823,Sperm Whale,Vulnerable,27.9482,-89.436,2011,8,30.93,1.0,null,null,La Nina
2011GoM-Pma-00823,Sperm Whale,Vulnerable,27.813200000000002,-89.51960000000001,2011,8,30.93,1.0,null,null,La Nina
2011GoM-Pma-00823,Sperm Whale,Vulnerable,27.8142,-89.52940000000001,2011,8,30.93,1.0,null,null,La Nina
2011GoM-Pma-00823,Sperm Whale,Vulnerable,27.820700000000002,-89.5412,2011,8,30.93,1.0,null,null,La Nina
2011GoM-Pma-00823,Sperm Whale,Vulnerable,27.904300000000003,-89.3356,2011,8,31.23,1.0,null,null,La Nina
2011GoM-Pma-00823,Sperm Whale,Vulnerable,27.8773,-89.4299,2011,8,30.93,1.0,null,null,La Nina
2011GoM-Pma-00823,Sperm Whale,Vulnerable,28.0139,-88.41420000000001,2011,8,31.1,1.0,null,null,La Nina
2011GoM-Pma-00823,Sperm Whale,Vulnerable,27.908900000000003,-89.5402,2011,8,30.93,1.0,null,null,La Nina
2011GoM-Pma-00823,Sperm Whale,Vulnerable,27.8762,-89.5827,2011,8,30.93,1.0,null,null,La Nina
2011GoM-Pma-00823,Sperm Whale,Vulnerable,27.9158,-89.50710000000001,2011,8,30.93,1.0,null,null,La Nina
2011GoM-Pma-00823,Sperm Whale,Vulnerable,28.4833,-88.12870000000001,2011,8,31.060000000000002,1.0,null,null,La Nina
2011GoM-Pma-00823,Sperm Whale,Vulnerable,27.8941,-89.5622,2011,8,30.93,1.0,null,null,La Nina
2011GoM-Pma-00823,Sperm Whale,Vulnerable,28.064400000000003,-88.6305,2011,8,31.1,1.0,null,null,La Nina
2011GoM-Pma-00823,Sperm Whale,Vulnerable,28.2784,-88.0172,2011,8,31.04,1.0,null,null,La Nina
2011GoM-Pma-00823,Sperm Whale,Vulnerable,27.816100000000002,-89.52170000000001,2011,8,30.93,1.0,null,null,La Nina
2011GoM-Pma-00823,Sperm Whale,Vulnerable,27.8215,-89.5061,2011,8,30.93,1.0,null,null,La Nina
2011GoM-Pma-00823,Sperm Whale,Vulnerable,28.0136,-88.3627,2011,8,31.1,1.0,null,null,La Nina
2011GoM-Pma-00823,Sperm Whale,Vulnerable,28.447300000000002,-88.2181,2011,8,31.060000000000002,1.0,null,null,La Nina
2011GoM-Pma-00823,Sperm Whale,Vulnerable,28.126800000000003,-88.5755,2011,8,31.1,1.0,null,null,La Nina
2011GoM-Pma-00823,Sperm Whale,Vulnerable,27.8135,-89.5126,2011,8,30.93,1.0,null,null,La Nina
2011GoM-Pma-00823,Sperm Whale,Vulnerable,27.8272,-89.5347,2011,8,30.93,1.0,null,null,La Nina
2011GoM-Pma-00823,Sperm Whale,Vulnerable,28.2956,-88.35810000000001,2011,8,31.1,1.0,null,null,La Nina
2011GoM-Pma-00823,Sperm Whale,Vulnerable,27.905,-87.7034,2011,8,30.990000000000002,1.0,null,null,La Nina
2011GoM-Pma-00823,Sperm Whale,Vulnerable,27.8181,-87.9257,2011,8,30.990000000000002,1.0,null,null,La Nina
2011GoM-Pma-00823,Sperm Whale,Vulnerable,28.0191,-88.3516,2011,8,31.1,1.0,null,null,La Nina
2011GoM-Pma-00823,Sperm Whale,Vulnerable,27.9156,-89.4042,2011,8,30.93,1.0,null,null,La Nina
2011GoM-Pma-00823,Sperm Whale,Vulnerable,28.1308,-88.5746,2011,8,31.1,1.0,null,null,La Nina
2011GoM-Pma-00823,Sperm Whale,Vulnerable,28.2267,-88.4417,2011,8,31.1,1.0,null,null,La Nina
2011GoM-Pma-00823,Sperm Whale,Vulnerable,28.395,-88.59880000000001,2011,8,31.18,1.0,null,null,La Nina
2011GoM-Pma-00823,Sperm Whale,Vulnerable,28.3231,-88.5079,2011,8,31.18,1.0,null,null,La Nina
2011GoM-Pma-00823,Sperm Whale,Vulnerable,27.839100000000002,-89.429,2011,8,30.93,1.0,null,null,La Nina
2011GoM-Pma-00823,Sperm Whale,Vulnerable,27.845200000000002,-89.5925,2011,8,30.93,1.0,null,null,La Nina
2011GoM-Pma-00823,Sperm Whale,Vulnerable,28.410400000000003,-88.62790000000001,2011,8,31.18,1.0,null,null,La Nina
2011GoM-Pma-00823,Sperm Whale,Vulnerable,28.0435,-88.3186,2011,8,31.1,1.0,null,null,La Nina
2011GoM-Pma-00823,Sperm Whale,Vulnerable,27.8522,-89.6256,2011,8,30.93,1.0,null,null,La Nina
2011GoM-Pma-00823,Sperm Whale,Vulnerable,28.294,-88.6058,2011,8,31.18,1.0,null,null,La Nina
2011GoM-Pma-00823,Sperm Whale,Vulnerable,28.322200000000002,-88.6507,2011,8,31.18,1.0,null,null,La Nina
2011GoM-Pma-00823,Sperm Whale,Vulnerable,28.3364,-88.6643,2011,8,31.18,1.0,null,null,La Nina
2011GoM-Pma-00823,Sperm Whale,Vulnerable,28.2361,-88.413,2011,8,31.1,1.0,null,null,La Nina
2011GoM-Pma-00823,Sperm Whale,Vulnerable,27.902700000000003,-89.5956,2011,8,30.93,1.0,null,null,La Nina
2011GoM-Pma-00823,Sperm Whale,Vulnerable,27.7144,-89.7162,2011,8,30.93,1.0,null,null,La Nina
2011GoM-Pma-00823,Sperm Whale,Vulnerable,27.8763,-89.6399,2011,8,30.93,1.0,null,null,La Nina
2011GoM-Pma-00823,Sperm Whale,Vulnerable,28.0878,-88.2823,2011,8,31.1,1.0,null,null,La Nina
2011GoM-Pma-00823,Sperm Whale,Vulnerable,28.2269,-88.4387,2011,8,31.1,1.0,null,null,La Nina
2011GoM-Pma-00823,Sperm Whale,Vulnerable,28.4404,-88.3071,2011,8,31.060000000000002,1.0,null,null,La Nina
2011GoM-Pma-00823,Sperm Whale,Vulnerable,28.0452,-88.324,2011,8,31.1,1.0,null,null,La Nina
2011GoM-Pma-00823,Sperm Whale,Vulnerable,28.271800000000002,-88.35690000000001,2011,8,31.1,1.0,null,null,La Nina
2011GoM-Pma-00823,Sperm Whale,Vulnerable,28.2469,-88.3678,2011,8,31.1,1.0,null,null,La Nina
2011GoM-Pma-00823,Sperm Whale,Vulnerable,28.0824,-89.3743,2011,8,31.23,1.0,null,null,La Nina
2011GoM-Pma-00823,Sperm Whale,Vulnerable,28.0452,-88.3215,2011,8,31.1,1.0,null,null,La Nina
2011GoM-Pma-00823,Sperm Whale,Vulnerable,28.0894,-89.3717,2011,8,31.23,1.0,null,null,La Nina
2011GoM-Pma-00823,Sperm Whale,Vulnerable,28.102400000000003,-89.3116,2011,8,31.23,1.0,null,null,La Nina
2011GoM-Pma-00823,Sperm Whale,Vulnerable,28.107200000000002,-89.3501,2011,8,31.23,1.0,null,null,La Nina
2011GoM-Pma-00823,Sperm Whale,Vulnerable,28.280700000000003,-88.3255,2011,8,31.1,1.0,null,null,La Nina
2011GoM-Pma-00823,Sperm Whale,Vulnerable,28.041500000000003,-89.34440000000001,2011,8,31.23,1.0,null,null,La Nina
2011GoM-Pma-00823,Sperm Whale,Vulnerable,27.9114,-89.3426,2011,8,31.23,1.0,null,null,La Nina
2011GoM-Pma-00823,Sperm Whale,Vulnerable,27.9147,-89.3465,2011,8,31.23,1.0,null,null,La Nina
2011GoM-Pma-00823,Sperm Whale,Vulnerable,28.0062,-88.6007,2011,8,31.1,1.0,null,null,La Nina
2011GoM-Pma-00823,Sperm Whale,Vulnerable,28.1151,-89.3381,2011,8,31.23,1.0,null,null,La Nina
2011GoM-Pma-00823,Sperm Whale,Vulnerable,27.9635,-89.4285,2011,8,31.23,1.0,null,null,La Nina
2011GoM-Pma-00823,Sperm Whale,Vulnerable,28.1752,-88.23910000000001,2011,8,31.1,1.0,null,null,La Nina
2011GoM-Pma-00823,Sperm Whale,Vulnerable,28.1099,-88.2699,2011,8,31.1,1.0,null,null,La Nina
2011GoM-Pma-00823,Sperm Whale,Vulnerable,28.2288,-88.2337,2011,8,31.1,1.0,null,null,La Nina
2011GoM-Pma-00823,Sperm Whale,Vulnerable,28.2815,-88.3178,2011,8,31.1,1.0,null,null,La Nina
2011GoM-Pma-00823,Sperm Whale,Vulnerable,27.832,-89.35170000000001,2011,8,30.93,1.0,null,null,La Nina
2011GoM-Pma-00823,Sperm Whale,Vulnerable,27.848100000000002,-89.3927,2011,8,30.93,1.0,null,null,La Nina
2011GoM-Pma-00823,Sperm Whale,Vulnerable,28.2493,-88.6282,2011,8,31.1,1.0,null,null,La Nina
2011GoM-Pma-00823,Sperm Whale,Vulnerable,27.8135,-89.7034,2011,8,30.93,1.0,null,null,La Nina
2011GoM-Pma-00823,Sperm Whale,Vulnerable,28.1979,-88.2286,2011,8,31.1,1.0,null,null,La Nina
2011GoM-Pma-00823,Sperm Whale,Vulnerable,28.288400000000003,-88.66210000000001,2011,8,31.18,1.0,null,null,La Nina
2011GoM-Pma-00823,Sperm Whale,Vulnerable,28.230900000000002,-88.2364,2011,8,31.1,1.0,null,null,La Nina
2011GoM-Pma-00823,Sperm Whale,Vulnerable,28.0702,-88.3006,2011,8,31.1,1.0,null,null,La Nina
2011GoM-Pma-00823,Sperm Whale,Vulnerable,28.0302,-89.36,2011,8,31.23,1.0,null,null,La Nina
2011GoM-Pma-00823,Sperm Whale,Vulnerable,28.375400000000003,-88.431,2011,8,31.18,1.0,null,null,La Nina
2011GoM-Pma-00823,Sperm Whale,Vulnerable,27.916500000000003,-89.35690000000001,2011,8,31.23,1.0,null,null,La Nina
2011GoM-Pma-00823,Sperm Whale,Vulnerable,28.304100000000002,-88.62570000000001,2011,8,31.18,1.0,null,null,La Nina
2011GoM-Pma-00823,Sperm Whale,Vulnerable,28.114900000000002,-89.3105,2011,8,31.23,1.0,null,null,La Nina
2011GoM-Pma-00823,Sperm Whale,Vulnerable,28.2911,-88.66210000000001,2011,8,31.18,1.0,null,null,La Nina
2011GoM-Pma-00823,Sperm Whale,Vulnerable,28.438100000000002,-88.3045,2011,8,31.060000000000002,1.0,null,null,La Nina
2011GoM-Pma-00823,Sperm Whale,Vulnerable,28.0653,-88.19810000000001,2011,8,31.1,1.0,null,null,La Nina
2011GoM-Pma-00823,Sperm Whale,Vulnerable,28.360300000000002,-88.6747,2011,8,31.18,1.0,null,null,La Nina
2011GoM-Pma-00823,Sperm Whale,Vulnerable,28.3551,-88.6842,2011,8,31.18,1.0,null,null,La Nina
2011GoM-Pma-00823,Sperm Whale,Vulnerable,28.0381,-88.5133,2011,8,31.1,1.0,null,null,La Nina
2011GoM-Pma-00823,Sperm Whale,Vulnerable,28.338600000000003,-88.6653,2011,8,31.18,1.0,null,null,La Nina
2011GoM-Pma-00823,Sperm Whale,Vulnerable,28.235,-88.4362,2011,8,31.1,1.0,null,null,La Nina
2011GoM-Pma-00823,Sperm Whale,Vulnerable,27.957900000000002,-88.3341,2011,8,31.1,1.0,null,null,La Nina
2011GoM-Pma-00823,Sperm Whale,Vulnerable,28.0773,-88.54220000000001,2011,8,31.1,1.0,null,null,La Nina
2011GoM-Pma-00823,Sperm Whale,Vulnerable,27.7554,-89.666,2011,8,30.93,1.0,null,null,La Nina
2011GoM-Pma-00823,Sperm Whale,Vulnerable,28.302,-88.4727,2011,8,31.1,1.0,null,null,La Nina
2011GoM-Pma-00823,Sperm Whale,Vulnerable,28.306900000000002,-88.6263,2011,8,31.18,1.0,null,null,La Nina
2011GoM-Pma-00823,Sperm Whale,Vulnerable,28.3242,-88.49340000000001,2011,8,31.1,1.0,null,null,La Nina
2011GoM-Pma-00823,Sperm Whale,Vulnerable,28.0512,-88.32610000000001,2011,8,31.1,1.0,null,null,La Nina
2011GoM-Pma-00823,Sperm Whale,Vulnerable,28.0044,-88.263,2011,8,31.1,1.0,null,null,La Nina
2011GoM-Pma-00823,Sperm Whale,Vulnerable,28.0897,-88.39330000000001,2011,8,31.1,1.0,null,null,La Nina
2011GoM-Pma-00823,Sperm Whale,Vulnerable,27.9171,-89.38470000000001,2011,8,30.93,1.0,null,null,La Nina
2011GoM-Pma-00823,Sperm Whale,Vulnerable,28.086100000000002,-88.6144,2011,8,31.1,1.0,null,null,La Nina
2011GoM-Pma-00823,Sperm Whale,Vulnerable,27.858600000000003,-89.4582,2011,8,30.93,1.0,null,null,La Nina
2011GoM-Pma-00823,Sperm Whale,Vulnerable,28.2662,-88.5794,2011,8,31.1,1.0,null,null,La Nina
2011GoM-Pma-00823,Sperm Whale,Vulnerable,28.1898,-88.19080000000001,2011,8,31.1,1.0,null,null,La Nina
2011GoM-Pma-00823,Sperm Whale,Vulnerable,28.1387,-88.556,2011,8,31.1,1.0,null,null,La Nina
2011GoM-Pma-00823,Sperm Whale,Vulnerable,27.655900000000003,-89.71860000000001,2011,8,30.93,1.0,null,null,La Nina
2011GoM-Pma-00823,Sperm Whale,Vulnerable,28.2837,-88.5687,2011,8,31.1,1.0,null,null,La Nina
2011GoM-Pma-00823,Sperm Whale,Vulnerable,28.0062,-88.5783,2011,8,31.1,1.0,null,null,La Nina
2011GoM-Pma-00823,Sperm Whale,Vulnerable,28.2088,-88.5822,2011,8,31.1,1.0,null,null,La Nina
2011GoM-Pma-00823,Sperm Whale,Vulnerable,28.1414,-88.556,2011,8,31.1,1.0,null,null,La Nina
2011GoM-Pma-00823,Sperm Whale,Vulnerable,27.837400000000002,-89.49510000000001,2011,8,30.93,1.0,null,null,La Nina
2011GoM-Pma-00823,Sperm Whale,Vulnerable,28.2697,-88.5976,2011,8,31.1,1.0,null,null,La Nina
2011GoM-Pma-00823,Sperm Whale,Vulnerable,27.972800000000003,-88.4975,2011,8,31.1,1.0,null,null,La Nina
2011GoM-Pma-00823,Sperm Whale,Vulnerable,28.187700000000003,-88.1915,2011,8,31.1,1.0,null,null,La Nina
2011GoM-Pma-00823,Sperm Whale,Vulnerable,28.2272,-88.6199,2011,8,31.1,1.0,null,null,La Nina
2011GoM-Pma-00823,Sperm Whale,Vulnerable,28.2131,-88.5827,2011,8,31.1,1.0,null,null,La Nina
2011GoM-Pma-00823,Sperm Whale,Vulnerable,28.066100000000002,-88.5051,2011,8,31.1,1.0,null,null,La Nina
2011GoM-Pma-00823,Sperm Whale,Vulnerable,28.3138,-88.6109,2011,8,31.18,1.0,null,null,La Nina
2011GoM-Pma-00823,Sperm Whale,Vulnerable,28.326,-88.6542,2011,8,31.18,1.0,null,null,La Nina
2011GoM-Pma-00823,Sperm Whale,Vulnerable,28.0562,-88.5286,2011,8,31.1,1.0,null,null,La Nina
2011GoM-Pma-00823,Sperm Whale,Vulnerable,27.8394,-88.0854,2011,8,30.93,1.0,null,null,La Nina
2011GoM-Pma-00823,Sperm Whale,Vulnerable,28.2448,-88.5908,2011,8,31.1,1.0,null,null,La Nina
2011GoM-Pma-00823,Sperm Whale,Vulnerable,28.343600000000002,-88.4058,2011,8,31.1,1.0,null,null,La Nina
2011GoM-Pma-00823,Sperm Whale,Vulnerable,27.837,-88.2068,2011,8,30.93,1.0,null,null,La Nina
2011GoM-Pma-00823,Sperm Whale,Vulnerable,28.296400000000002,-88.6068,2011,8,31.18,1.0,null,null,La Nina
2011GoM-Pma-00823,Sperm Whale,Vulnerable,27.7996,-88.2572,2011,8,30.93,1.0,null,null,La Nina
2011GoM-Pma-00823,Sperm Whale,Vulnerable,27.849400000000003,-89.4774,2011,8,30.93,1.0,null,null,La Nina
2011GoM-Pma-00823,Sperm Whale,Vulnerable,28.2874,-88.60600000000001,2011,8,31.18,1.0,null,null,La Nina
2011GoM-Pma-00823,Sperm Whale,Vulnerable,28.164,-88.19420000000001,2011,8,31.1,1.0,null,null,La Nina
2011GoM-Pma-00823,Sperm Whale,Vulnerable,28.2371,-88.5913,2011,8,31.1,1.0,null,null,La Nina
2011GoM-Pma-00823,Sperm Whale,Vulnerable,28.3583,-88.6752,2011,8,31.18,1.0,null,null,La Nina
2011GoM-Pma-00823,Sperm Whale,Vulnerable,28.066300000000002,-88.3648,2011,8,31.1,1.0,null,null,La Nina
2011GoM-Pma-00823,Sperm Whale,Vulnerable,28.0394,-88.5145,2011,8,31.1,1.0,null,null,La Nina
2011GoM-Pma-00823,Sperm Whale,Vulnerable,28.1326,-88.2146,2011,8,31.1,1.0,null,null,La Nina
2011GoM-Pma-00823,Sperm Whale,Vulnerable,28.387400000000003,-88.43130000000001,2011,8,31.18,1.0,null,null,La Nina
2011GoM-Pma-00823,Sperm Whale,Vulnerable,27.7561,-87.9038,2011,8,30.990000000000002,1.0,null,null,La Nina
2011GoM-Pma-00823,Sperm Whale,Vulnerable,28.024900000000002,-88.3379,2011,8,31.1,1.0,null,null,La Nina
2011GoM-Pma-00823,Sperm Whale,Vulnerable,28.1197,-88.2125,2011,8,31.1,1.0,null,null,La Nina
2011GoM-Pma-00823,Sperm Whale,Vulnerable,28.229100000000003,-88.3216,2011,8,31.1,1.0,null,null,La Nina
2011GoM-Pma-00823,Sperm Whale,Vulnerable,28.4569,-88.4372,2011,8,31.18,1.0,null,null,La Nina
2011GoM-Pma-00823,Sperm Whale,Vulnerable,27.985100000000003,-88.5616,2011,8,31.1,1.0,null,null,La Nina
2011GoM-Pma-00823,Sperm Whale,Vulnerable,28.107400000000002,-88.43130000000001,2011,8,31.1,1.0,null,null,La Nina
2011GoM-Pma-00823,Sperm Whale,Vulnerable,28.0298,-88.59960000000001,2011,8,31.1,1.0,null,null,La Nina
2011GoM-Pma-00823,Sperm Whale,Vulnerable,28.2654,-88.5977,2011,8,31.1,1.0,null,null,La Nina
2011GoM-Pma-00823,Sperm Whale,Vulnerable,27.8446,-88.1286,2011,8,30.93,1.0,null,null,La Nina
2011GoM-Pma-00823,Sperm Whale,Vulnerable,28.007900000000003,-88.5793,2011,8,31.1,1.0,null,null,La Nina
2011GoM-Pma-00823,Sperm Whale,Vulnerable,28.424300000000002,-88.65570000000001,2011,8,31.18,1.0,null,null,La Nina
2011GoM-Pma-00823,Sperm Whale,Vulnerable,27.903000000000002,-89.5951,2011,8,30.93,1.0,null,null,La Nina
2011GoM-Pma-00823,Sperm Whale,Vulnerable,27.8136,-89.536,2011,8,30.93,1.0,null,null,La Nina
2011GoM-Pma-00823,Sperm Whale,Vulnerable,28.0869,-88.4439,2011,8,31.1,1.0,null,null,La Nina
2011GoM-Pma-00823,Sperm Whale,Vulnerable,28.2646,-88.5834,2011,8,31.1,1.0,null,null,La Nina
2011GoM-Pma-00823,Sperm Whale,Vulnerable,27.8747,-89.6413,2011,8,30.93,1.0,null,null,La Nina
2011GoM-Pma-00823,Sperm Whale,Vulnerable,28.1095,-88.3228,2011,8,31.1,1.0,null,null,La Nina
2011GoM-Pma-00823,Sperm Whale,Vulnerable,28.108800000000002,-88.5475,2011,8,31.1,1.0,null,null,La Nina
2011GoM-Pma-00823,Sperm Whale,Vulnerable,27.8149,-87.89020000000001,2011,8,30.990000000000002,1.0,null,null,La Nina
2011GoM-Pma-00823,Sperm Whale,Vulnerable,27.8243,-89.518,2011,8,30.93,1.0,null,null,La Nina
2011GoM-Pma-00823,Sperm Whale,Vulnerable,28.3107,-88.52680000000001,2011,8,31.1,1.0,null,null,La Nina
2011GoM-Pma-00823,Sperm Whale,Vulnerable,28.323400000000003,-88.4983,2011,8,31.1,1.0,null,null,La Nina
2011GoM-Pma-00823,Sperm Whale,Vulnerable,28.113,-88.2972,2011,8,31.1,1.0,null,null,La Nina
2011GoM-Pma-00823,Sperm Whale,Vulnerable,28.020500000000002,-88.3461,2011,8,31.1,1.0,null,null,La Nina
2011GoM-Pma-00823,Sperm Whale,Vulnerable,28.1064,-88.5476,2011,8,31.1,1.0,null,null,La Nina
2011GoM-Pma-00823,Sperm Whale,Vulnerable,28.277700000000003,-88.5441,2011,8,31.1,1.0,null,null,La Nina
2011GoM-Pma-00823,Sperm Whale,Vulnerable,28.3201,-88.485,2011,8,31.1,1.0,null,null,La Nina
2011GoM-Pma-00823,Sperm Whale,Vulnerable,28.000400000000003,-88.2921,2011,8,31.1,1.0,null,null,La Nina
2011GoM-Pma-00823,Sperm Whale,Vulnerable,27.922,-89.4119,2011,8,30.93,1.0,null,null,La Nina
2011GoM-Pma-00823,Sperm Whale,Vulnerable,28.0789,-88.54260000000001,2011,8,31.1,1.0,null,null,La Nina
2011GoM-Pma-00823,Sperm Whale,Vulnerable,27.6571,-89.54910000000001,2011,8,30.93,1.0,null,null,La Nina
2011GoM-Pma-00823,Sperm Whale,Vulnerable,28.135900000000003,-88.3536,2011,8,31.1,1.0,null,null,La Nina
2011GoM-Pma-00823,Sperm Whale,Vulnerable,28.3061,-88.47080000000001,2011,8,31.1,1.0,null,null,La Nina
2011GoM-Pma-00823,Sperm Whale,Vulnerable,28.2723,-88.5171,2011,8,31.1,1.0,null,null,La Nina
2011GoM-Pma-00823,Sperm Whale,Vulnerable,28.2418,-88.4047,2011,8,31.1,1.0,null,null,La Nina
2011GoM-Pma-00823,Sperm Whale,Vulnerable,28.2713,-88.4518,2011,8,31.1,1.0,null,null,La Nina
2011GoM-Pma-00823,Sperm Whale,Vulnerable,28.1853,-88.458,2011,8,31.1,1.0,null,null,La Nina
2011GoM-Pma-00823,Sperm Whale,Vulnerable,28.2713,-88.51610000000001,2011,8,31.1,1.0,null,null,La Nina
2011GoM-Pma-00823,Sperm Whale,Vulnerable,28.0686,-88.3013,2011,8,31.1,1.0,null,null,La Nina
2011GoM-Pma-00823,Sperm Whale,Vulnerable,28.012700000000002,-89.413,2011,8,31.23,1.0,null,null,La Nina
2011GoM-Pma-00823,Sperm Whale,Vulnerable,28.088,-89.37020000000001,2011,8,31.23,1.0,null,null,La Nina
2011GoM-Pma-00823,Sperm Whale,Vulnerable,28.2894,-88.6067,2011,8,31.18,1.0,null,null,La Nina
2011GoM-Pma-00823,Sperm Whale,Vulnerable,28.2478,-88.3764,2011,8,31.1,1.0,null,null,La Nina
2011GoM-Pma-00823,Sperm Whale,Vulnerable,28.0892,-89.3686,2011,8,31.23,1.0,null,null,La Nina
2011GoM-Pma-00823,Sperm Whale,Vulnerable,28.5896,-88.4851,2011,8,31.18,1.0,null,null,La Nina
2011GoM-Pma-00823,Sperm Whale,Vulnerable,28.2708,-88.48190000000001,2011,8,31.1,1.0,null,null,La Nina
2011GoM-Pma-00823,Sperm Whale,Vulnerable,28.3243,-88.5107,2011,8,31.18,1.0,null,null,La Nina
2011GoM-Pma-00823,Sperm Whale,Vulnerable,27.918100000000003,-89.363,2011,8,31.23,1.0,null,null,La Nina
2011GoM-Pma-00823,Sperm Whale,Vulnerable,28.3895,-88.42670000000001,2011,8,31.18,1.0,null,null,La Nina
2011GoM-Pma-00823,Sperm Whale,Vulnerable,28.3397,-88.6353,2011,8,31.18,1.0,null,null,La Nina
2011GoM-Pma-00823,Sperm Whale,Vulnerable,28.1931,-88.61120000000001,2011,8,31.1,1.0,null,null,La Nina
2011GoM-Pma-00823,Sperm Whale,Vulnerable,28.1338,-88.2629,2011,8,31.1,1.0,null,null,La Nina
2011GoM-Pma-00823,Sperm Whale,Vulnerable,28.3139,-88.64460000000001,2011,8,31.18,1.0,null,null,La Nina
2011GoM-Pma-00823,Sperm Whale,Vulnerable,28.2912,-88.43350000000001,2011,8,31.1,1.0,null,null,La Nina
2011GoM-Pma-00823,Sperm Whale,Vulnerable,28.0806,-89.3142,2011,8,31.23,1.0,null,null,La Nina
2011GoM-Pma-00823,Sperm Whale,Vulnerable,28.174200000000003,-88.30170000000001,2011,8,31.1,1.0,null,null,La Nina
2011GoM-Pma-00823,Sperm Whale,Vulnerable,27.6795,-89.5616,2011,8,30.93,1.0,null,null,La Nina
2011GoM-Pma-00823,Sperm Whale,Vulnerable,28.0894,-88.33510000000001,2011,8,31.1,1.0,null,null,La Nina
2011GoM-Pma-00823,Sperm Whale,Vulnerable,28.323800000000002,-88.39280000000001,2011,8,31.1,1.0,null,null,La Nina
2011GoM-Pma-00823,Sperm Whale,Vulnerable,28.2788,-88.5473,2011,8,31.1,1.0,null,null,La Nina
2011GoM-Pma-00823,Sperm Whale,Vulnerable,28.125400000000003,-88.2638,2011,8,31.1,1.0,null,null,La Nina
2011GoM-Pma-00823,Sperm Whale,Vulnerable,27.9039,-87.6763,2011,8,30.990000000000002,1.0,null,null,La Nina
2011GoM-Pma-00823,Sperm Whale,Vulnerable,28.255100000000002,-88.2474,2011,8,31.1,1.0,null,null,La Nina
2011GoM-Pma-00823,Sperm Whale,Vulnerable,27.8514,-89.6233,2011,8,30.93,1.0,null,null,La Nina
2011GoM-Pma-00823,Sperm Whale,Vulnerable,28.324900000000003,-88.3859,2011,8,31.1,1.0,null,null,La Nina
2011GoM-Pma-00823,Sperm Whale,Vulnerable,28.110400000000002,-88.27,2011,8,31.1,1.0,null,null,La Nina
2011GoM-Pma-00823,Sperm Whale,Vulnerable,28.1355,-88.2647,2011,8,31.1,1.0,null,null,La Nina
2011GoM-Pma-00823,Sperm Whale,Vulnerable,28.3411,-88.368,2011,8,31.1,1.0,null,null,La Nina
2011GoM-Pma-00823,Sperm Whale,Vulnerable,28.1032,-89.3122,2011,8,31.23,1.0,null,null,La Nina
2011GoM-Pma-00823,Sperm Whale,Vulnerable,27.9176,-89.3751,2011,8,30.93,1.0,null,null,La Nina
2011GoM-Pma-00823,Sperm Whale,Vulnerable,28.386400000000002,-88.0216,2011,8,31.060000000000002,1.0,null,null,La Nina
2011GoM-Pma-00823,Sperm Whale,Vulnerable,28.0426,-88.1477,2011,8,31.04,1.0,null,null,La Nina
2011GoM-Pma-00832,Sperm Whale,Vulnerable,28.33802986,-89.55995941,2011,7,30.23,1.0,null,null,La Nina
2011GoM-Pma-00832,Sperm Whale,Vulnerable,28.30810165,-89.18917084,2011,7,30.46,1.0,null,null,La Nina
2011GoM-Pma-00832,Sperm Whale,Vulnerable,28.28718567,-89.59177399000001,2011,7,30.23,1.0,null,null,La Nina
2011GoM-Pma-00832,Sperm Whale,Vulnerable,28.33834076,-89.32078552,2011,7,30.46,1.0,null,null,La Nina
2011GoM-Pma-00832,Sperm Whale,Vulnerable,28.37324142,-89.6111145,2011,7,30.23,1.0,null,null,La Nina
2011GoM-Pma-00832,Sperm Whale,Vulnerable,28.42073822,-89.57113647,2011,7,30.23,1.0,null,null,La Nina
2011GoM-Pma-00832,Sperm Whale,Vulnerable,28.37003517,-89.57276917,2011,7,30.23,1.0,null,null,La Nina
2011GoM-Pma-00832,Sperm Whale,Vulnerable,28.3981514,-89.58491516000001,2011,7,30.23,1.0,null,null,La Nina
2011GoM-Pma-00832,Sperm Whale,Vulnerable,28.26760864,-89.43967438,2011,7,30.46,1.0,null,null,La Nina
2011GoM-Pma-00832,Sperm Whale,Vulnerable,28.51409721,-89.12493134,2011,7,30.07,1.0,null,null,La Nina
2011GoM-Pma-00832,Sperm Whale,Vulnerable,28.40011406,-89.17080688,2011,7,30.07,1.0,null,null,La Nina
2011GoM-Pma-00832,Sperm Whale,Vulnerable,28.384061810000002,-89.13828278,2011,7,30.07,1.0,null,null,La Nina
2011GoM-Pma-00832,Sperm Whale,Vulnerable,28.27778435,-89.69944763000001,2011,7,30.63,1.0,null,null,La Nina
2011GoM-Pma-00832,Sperm Whale,Vulnerable,28.42253304,-89.12512207,2011,7,30.07,1.0,null,null,La Nina
2011GoM-Pma-00832,Sperm Whale,Vulnerable,28.29955292,-89.73659515,2011,7,30.63,1.0,null,null,La Nina
2011GoM-Pma-00832,Sperm Whale,Vulnerable,28.287763599999998,-89.72245026,2011,7,30.63,1.0,null,null,La Nina
2011GoM-Pma-00832,Sperm Whale,Vulnerable,28.35086823,-89.09088135,2011,7,30.07,1.0,null,null,La Nina
2011GoM-Pma-00832,Sperm Whale,Vulnerable,28.49025345,-88.96457672,2011,7,30.07,1.0,null,null,La Nina
2011GoM-Pma-00832,Sperm Whale,Vulnerable,28.36229706,-89.06356812,2011,7,30.07,1.0,null,null,La Nina
2011GoM-Pma-00832,Sperm Whale,Vulnerable,28.32573318,-89.18738556,2011,7,30.07,1.0,null,null,La Nina
2011GoM-Pma-00832,Sperm Whale,Vulnerable,28.51753044,-89.0824585,2011,7,30.07,1.0,null,null,La Nina
2011GoM-Pma-00832,Sperm Whale,Vulnerable,28.498163220000002,-89.15348053,2011,7,30.07,1.0,null,null,La Nina
2011GoM-Pma-00832,Sperm Whale,Vulnerable,28.45868874,-89.21356964,2011,7,30.07,1.0,null,null,La Nina
2011GoM-Pma-00832,Sperm Whale,Vulnerable,28.502267840000002,-88.97730255,2011,7,30.07,1.0,null,null,La Nina
2011GoM-Pma-00832,Sperm Whale,Vulnerable,28.31140327,-89.68562317,2011,7,30.63,1.0,null,null,La Nina
2011GoM-Pma-00832,Sperm Whale,Vulnerable,28.32278442,-89.67682648,2011,7,30.63,1.0,null,null,La Nina
2011GoM-Pma-00832,Sperm Whale,Vulnerable,28.32210922,-89.68676758000001,2011,7,30.63,1.0,null,null,La Nina
2011GoM-Pma-00832,Sperm Whale,Vulnerable,28.39922714,-89.17073059,2011,7,30.07,1.0,null,null,La Nina
2011GoM-Pma-00832,Sperm Whale,Vulnerable,28.421836850000002,-89.12491608,2011,7,30.07,1.0,null,null,La Nina
2011GoM-Pma-00832,Sperm Whale,Vulnerable,28.462757110000002,-89.08266449,2011,7,30.07,1.0,null,null,La Nina
2011GoM-Pma-00832,Sperm Whale,Vulnerable,28.38662529,-89.22792816,2011,7,30.07,1.0,null,null,La Nina
2011GoM-Pma-00832,Sperm Whale,Vulnerable,28.39177895,-89.10801697000001,2011,7,30.07,1.0,null,null,La Nina
2011GoM-Pma-00832,Sperm Whale,Vulnerable,28.352212910000002,-89.17569733,2011,7,30.07,1.0,null,null,La Nina
2011GoM-Pma-00832,Sperm Whale,Vulnerable,28.44635773,-89.58953094,2011,7,30.23,1.0,null,null,La Nina
2011GoM-Pma-00832,Sperm Whale,Vulnerable,28.52340889,-89.08872223,2011,7,30.07,1.0,null,null,La Nina
2011GoM-Pma-00832,Sperm Whale,Vulnerable,28.433904650000002,-89.10722351,2011,7,30.07,1.0,null,null,La Nina
2011GoM-Pma-00832,Sperm Whale,Vulnerable,28.49001694,-89.0772171,2011,7,30.07,1.0,null,null,La Nina
2011GoM-Pma-00832,Sperm Whale,Vulnerable,28.46161079,-89.13538361,2011,7,30.07,1.0,null,null,La Nina
2011GoM-Pma-00832,Sperm Whale,Vulnerable,28.50797081,-89.06723785,2011,7,30.07,1.0,null,null,La Nina
2011GoM-Pma-00832,Sperm Whale,Vulnerable,28.28259468,-89.70449066,2011,7,30.63,1.0,null,null,La Nina
2011GoM-Pma-00832,Sperm Whale,Vulnerable,28.51124001,-89.08965302,2011,7,30.07,1.0,null,null,La Nina
2011GoM-Pma-00832,Sperm Whale,Vulnerable,28.266126630000002,-89.59941864,2011,7,30.63,1.0,null,null,La Nina
2011GoM-Pma-00832,Sperm Whale,Vulnerable,28.40526581,-89.06092834,2011,7,30.07,1.0,null,null,La Nina
2011GoM-Pma-00832,Sperm Whale,Vulnerable,28.4128418,-89.10790253,2011,7,30.07,1.0,null,null,La Nina
2011GoM-Pma-00832,Sperm Whale,Vulnerable,28.51425362,-89.01611328,2011,7,30.07,1.0,null,null,La Nina
2011GoM-Pma-00832,Sperm Whale,Vulnerable,28.44615555,-89.08392334,2011,7,30.07,1.0,null,null,La Nina
2011GoM-Pma-00832,Sperm Whale,Vulnerable,28.50095749,-89.07252502,2011,7,30.07,1.0,null,null,La Nina
2011GoM-Pma-00832,Sperm Whale,Vulnerable,28.32322121,-89.33587646000001,2011,7,30.46,1.0,null,null,La Nina
2011GoM-Pma-00832,Sperm Whale,Vulnerable,28.549808499999997,-89.01296997,2011,7,30.07,1.0,null,null,La Nina
2011GoM-Pma-00832,Sperm Whale,Vulnerable,28.49472427,-89.00535583,2011,7,30.07,1.0,null,null,La Nina
2011GoM-Pma-00832,Sperm Whale,Vulnerable,28.4100647,-89.16571808,2011,7,30.07,1.0,null,null,La Nina
2011GoM-Pma-00832,Sperm Whale,Vulnerable,28.54813004,-89.03292084,2011,7,30.07,1.0,null,null,La Nina
2011GoM-Pma-00832,Sperm Whale,Vulnerable,28.29005814,-89.50615692,2011,7,30.46,1.0,null,null,La Nina
2011GoM-Pma-00832,Sperm Whale,Vulnerable,28.41342926,-89.57653046,2011,7,30.23,1.0,null,null,La Nina
2011GoM-Pma-00832,Sperm Whale,Vulnerable,28.46954727,-89.73278046,2011,7,30.23,1.0,null,null,La Nina
2011GoM-Pma-00832,Sperm Whale,Vulnerable,28.365314480000002,-89.55514526,2011,7,30.23,1.0,null,null,La Nina
2011GoM-Pma-00832,Sperm Whale,Vulnerable,28.48592949,-89.55163574000001,2011,7,30.23,1.0,null,null,La Nina
2011GoM-Pma-00832,Sperm Whale,Vulnerable,28.420135499999997,-89.60791016,2011,7,30.23,1.0,null,null,La Nina
2011GoM-Pma-00832,Sperm Whale,Vulnerable,28.43032837,-89.60160065000001,2011,7,30.23,1.0,null,null,La Nina
2011GoM-Pma-00832,Sperm Whale,Vulnerable,28.48902321,-89.53462982,2011,7,30.23,1.0,null,null,La Nina
2011GoM-Pma-00832,Sperm Whale,Vulnerable,28.26451683,-89.71855927,2011,8,31.13,1.0,null,null,La Nina
2011GoM-Pma-00832,Sperm Whale,Vulnerable,28.30709457,-89.63991547,2011,8,31.13,1.0,null,null,La Nina
2011GoM-Pma-00832,Sperm Whale,Vulnerable,28.30550003,-89.70288086000001,2011,8,31.13,1.0,null,null,La Nina
2011GoM-Pma-00832,Sperm Whale,Vulnerable,28.26940155,-89.74739838,2011,8,31.13,1.0,null,null,La Nina
2011GoM-Pma-00832,Sperm Whale,Vulnerable,28.24471664,-89.75883484,2011,8,31.13,1.0,null,null,La Nina
2011GoM-Pma-00832,Sperm Whale,Vulnerable,28.26146698,-89.75095367,2011,8,31.13,1.0,null,null,La Nina
2011GoM-Pma-00832,Sperm Whale,Vulnerable,28.26373672,-89.48104095000001,2011,8,31.23,1.0,null,null,La Nina
2011GoM-Pma-00832,Sperm Whale,Vulnerable,28.35703468,-89.64476013000001,2011,8,31.19,1.0,null,null,La Nina
2011GoM-Pma-00832,Sperm Whale,Vulnerable,28.35154343,-89.66336823,2011,8,31.19,1.0,null,null,La Nina
2011GoM-Pma-00832,Sperm Whale,Vulnerable,28.33955193,-89.57211304,2011,8,31.19,1.0,null,null,La Nina
2011GoM-Pma-00832,Sperm Whale,Vulnerable,28.39435577,-89.69857788,2011,8,31.19,1.0,null,null,La Nina
2011GoM-Pma-00832,Sperm Whale,Vulnerable,28.38498116,-89.67211151000001,2011,8,31.19,1.0,null,null,La Nina
2011GoM-Pma-00832,Sperm Whale,Vulnerable,28.350757599999998,-89.68336487,2011,8,31.19,1.0,null,null,La Nina
2011GoM-Pma-00832,Sperm Whale,Vulnerable,28.395938870000002,-89.69898987,2011,8,31.19,1.0,null,null,La Nina
2011GoM-Pma-00832,Sperm Whale,Vulnerable,28.36998749,-89.65962219000001,2011,8,31.19,1.0,null,null,La Nina
2011GoM-Pma-00832,Sperm Whale,Vulnerable,28.29658699,-89.73693085000001,2011,8,31.13,1.0,null,null,La Nina
2011GoM-Pma-00832,Sperm Whale,Vulnerable,28.3009491,-89.72974396000001,2011,8,31.13,1.0,null,null,La Nina
2011GoM-Pma-00832,Sperm Whale,Vulnerable,28.28420448,-89.71710205000001,2011,8,31.13,1.0,null,null,La Nina
2011GoM-Pma-00832,Sperm Whale,Vulnerable,28.333320620000002,-89.74810791,2011,8,31.13,1.0,null,null,La Nina
2011GoM-Pma-00832,Sperm Whale,Vulnerable,28.228826520000002,-89.7230072,2011,8,31.13,1.0,null,null,La Nina
2011GoM-Pma-00832,Sperm Whale,Vulnerable,28.300888060000002,-89.69267273,2011,8,31.13,1.0,null,null,La Nina
2011GoM-Pma-00832,Sperm Whale,Vulnerable,28.269023899999997,-89.73587036,2011,8,31.13,1.0,null,null,La Nina
2011GoM-Pma-00832,Sperm Whale,Vulnerable,28.3070755,-89.65468597,2011,8,31.13,1.0,null,null,La Nina
2011GoM-Pma-00832,Sperm Whale,Vulnerable,28.28914261,-89.67928314,2011,8,31.13,1.0,null,null,La Nina
2011GoM-Pma-00832,Sperm Whale,Vulnerable,28.24517059,-89.72554016000001,2011,8,31.13,1.0,null,null,La Nina
2011GoM-Pma-00832,Sperm Whale,Vulnerable,28.24867821,-89.69851685,2011,8,31.13,1.0,null,null,La Nina
2011GoM-Pma-00832,Sperm Whale,Vulnerable,28.32883263,-89.70959473,2011,8,31.13,1.0,null,null,La Nina
2011GoM-Pma-00832,Sperm Whale,Vulnerable,28.29252243,-89.74476624,2011,8,31.13,1.0,null,null,La Nina
2011GoM-Pma-00832,Sperm Whale,Vulnerable,28.28801918,-89.74410248,2011,8,31.13,1.0,null,null,La Nina
2011GoM-Pma-00832,Sperm Whale,Vulnerable,28.26730919,-89.73751831,2011,8,31.13,1.0,null,null,La Nina
2011GoM-Pma-00832,Sperm Whale,Vulnerable,28.230493550000002,-89.65704346,2011,8,31.13,1.0,null,null,La Nina
2011GoM-Pma-00832,Sperm Whale,Vulnerable,28.27946472,-89.72985077,2011,8,31.13,1.0,null,null,La Nina
2011GoM-Pma-00832,Sperm Whale,Vulnerable,28.22728729,-89.76187134,2011,8,31.13,1.0,null,null,La Nina
2011GoM-Pma-00832,Sperm Whale,Vulnerable,28.24505043,-89.77089691,2011,8,31.13,1.0,null,null,La Nina
2011GoM-Pma-00832,Sperm Whale,Vulnerable,28.26650047,-89.72023773000001,2011,8,31.13,1.0,null,null,La Nina
2011GoM-Pma-00832,Sperm Whale,Vulnerable,28.24337006,-89.7410965,2011,8,31.13,1.0,null,null,La Nina
2011GoM-Pma-00832,Sperm Whale,Vulnerable,28.11957741,-89.7756424,2011,8,31.13,1.0,null,null,La Nina
2011GoM-Pma-00832,Sperm Whale,Vulnerable,28.23714447,-89.77610779,2011,8,31.13,1.0,null,null,La Nina
2011GoM-Pma-00832,Sperm Whale,Vulnerable,28.298749920000002,-89.69289398000001,2011,8,31.13,1.0,null,null,La Nina
2011GoM-Pma-00832,Sperm Whale,Vulnerable,28.30910492,-89.71783447,2011,8,31.13,1.0,null,null,La Nina
2011GoM-Pma-00832,Sperm Whale,Vulnerable,28.28748512,-89.7057724,2011,8,31.13,1.0,null,null,La Nina
2011GoM-Pma-00832,Sperm Whale,Vulnerable,28.344854350000002,-89.64277649,2011,8,31.19,1.0,null,null,La Nina
2011GoM-Pma-00838,Sperm Whale,Vulnerable,28.57776833,-88.23578644,2011,7,30.240000000000002,1.0,null,null,La Nina
2011GoM-Pma-00838,Sperm Whale,Vulnerable,28.517911910000002,-88.22940826,2011,7,30.240000000000002,1.0,null,null,La Nina
2011GoM-Pma-00838,Sperm Whale,Vulnerable,27.71581459,-88.2766037,2011,7,30.04,1.0,null,null,La Nina
2011GoM-Pma-00838,Sperm Whale,Vulnerable,28.162265780000002,-88.12456512,2011,7,30.09,1.0,null,null,La Nina
2011GoM-Pma-00838,Sperm Whale,Vulnerable,27.94072151,-88.20318604,2011,7,30.04,1.0,null,null,La Nina
2011GoM-Pma-00838,Sperm Whale,Vulnerable,28.09893036,-88.16904449,2011,7,30.09,1.0,null,null,La Nina
2011GoM-Pma-00838,Sperm Whale,Vulnerable,27.900207520000002,-88.09720612,2011,7,30.04,1.0,null,null,La Nina
2011GoM-Pma-00838,Sperm Whale,Vulnerable,28.20486832,-88.10608673,2011,7,30.09,1.0,null,null,La Nina
2011GoM-Pma-00838,Sperm Whale,Vulnerable,28.14800835,-88.03952789,2011,7,30.09,1.0,null,null,La Nina
2011GoM-Pma-00838,Sperm Whale,Vulnerable,27.862594599999998,-88.24085236,2011,7,30.04,1.0,null,null,La Nina
2011GoM-Pma-00838,Sperm Whale,Vulnerable,27.72663498,-88.27004242,2011,7,30.04,1.0,null,null,La Nina
2011GoM-Pma-00838,Sperm Whale,Vulnerable,27.79210854,-88.12087249999999,2011,7,30.04,1.0,null,null,La Nina
2011GoM-Pma-00838,Sperm Whale,Vulnerable,27.92731857,-88.20066071000001,2011,7,30.04,1.0,null,null,La Nina
2011GoM-Pma-00838,Sperm Whale,Vulnerable,27.901844020000002,-88.07930756,2011,7,30.04,1.0,null,null,La Nina
2011GoM-Pma-00838,Sperm Whale,Vulnerable,27.927030560000002,-88.19743347,2011,7,30.04,1.0,null,null,La Nina
2011GoM-Pma-00838,Sperm Whale,Vulnerable,27.97554779,-88.17591095,2011,7,30.04,1.0,null,null,La Nina
2011GoM-Pma-00838,Sperm Whale,Vulnerable,28.0100956,-88.17941284,2011,7,30.09,1.0,null,null,La Nina
2011GoM-Pma-00838,Sperm Whale,Vulnerable,28.33182716,-87.9875946,2011,7,30.09,1.0,null,null,La Nina
2011GoM-Pma-00838,Sperm Whale,Vulnerable,28.20419502,-88.04978179999999,2011,7,30.09,1.0,null,null,La Nina
2011GoM-Pma-00838,Sperm Whale,Vulnerable,28.07868767,-87.78359985,2011,7,30.09,1.0,null,null,La Nina
2011GoM-Pma-00838,Sperm Whale,Vulnerable,28.067043299999998,-87.75924683,2011,7,30.09,1.0,null,null,La Nina
2011GoM-Pma-00838,Sperm Whale,Vulnerable,28.10751152,-88.08829498,2011,7,30.09,1.0,null,null,La Nina
2011GoM-Pma-00838,Sperm Whale,Vulnerable,28.25506401,-88.23041534000001,2011,7,30.26,1.0,null,null,La Nina
2011GoM-Pma-00838,Sperm Whale,Vulnerable,28.145946499999997,-88.22878265,2011,7,30.26,1.0,null,null,La Nina
2011GoM-Pma-00838,Sperm Whale,Vulnerable,28.12394905,-88.25727844000001,2011,7,30.26,1.0,null,null,La Nina
2011GoM-Pma-00838,Sperm Whale,Vulnerable,28.12238884,-88.25685883,2011,7,30.26,1.0,null,null,La Nina
2011GoM-Pma-00838,Sperm Whale,Vulnerable,28.66387939,-88.38455963,2011,7,29.73,0.0,null,null,La Nina
2011GoM-Pma-00838,Sperm Whale,Vulnerable,28.10857201,-88.08976746,2011,7,30.09,1.0,null,null,La Nina
2011GoM-Pma-00838,Sperm Whale,Vulnerable,27.9390564,-88.20062256,2011,7,30.04,1.0,null,null,La Nina
2011GoM-Pma-00838,Sperm Whale,Vulnerable,27.86591721,-88.11484528,2011,7,30.04,1.0,null,null,La Nina
2011GoM-Pma-00838,Sperm Whale,Vulnerable,27.73536491,-88.2611084,2011,7,30.04,1.0,null,null,La Nina
2011GoM-Pma-00838,Sperm Whale,Vulnerable,28.16818619,-88.21650696,2011,7,30.26,1.0,null,null,La Nina
2011GoM-Pma-00838,Sperm Whale,Vulnerable,28.12785149,-88.07820129,2011,7,30.09,1.0,null,null,La Nina
2011GoM-Pma-00838,Sperm Whale,Vulnerable,28.19153404,-88.12171173,2011,7,30.09,1.0,null,null,La Nina
2011GoM-Pma-00838,Sperm Whale,Vulnerable,27.92334747,-88.15225219999999,2011,7,30.04,1.0,null,null,La Nina
2011GoM-Pma-00838,Sperm Whale,Vulnerable,28.195972440000002,-88.17726898000001,2011,7,30.09,1.0,null,null,La Nina
2011GoM-Pma-00838,Sperm Whale,Vulnerable,27.69769478,-88.26039886,2011,7,30.04,1.0,null,null,La Nina
2011GoM-Pma-00838,Sperm Whale,Vulnerable,27.72039604,-88.27813721,2011,7,30.04,1.0,null,null,La Nina
2011GoM-Pma-00838,Sperm Whale,Vulnerable,27.72130966,-88.28126526,2011,7,30.04,1.0,null,null,La Nina
2011GoM-Pma-00838,Sperm Whale,Vulnerable,27.91737175,-88.22561646,2011,7,30.04,1.0,null,null,La Nina
2011GoM-Pma-00838,Sperm Whale,Vulnerable,28.136934280000002,-88.14471436000001,2011,7,30.09,1.0,null,null,La Nina
2011GoM-Pma-00838,Sperm Whale,Vulnerable,28.509147640000002,-88.39073181,2011,7,30.240000000000002,1.0,null,null,La Nina
2011GoM-Pma-00838,Sperm Whale,Vulnerable,28.519334790000002,-88.27633667,2011,7,30.240000000000002,1.0,null,null,La Nina
2011GoM-Pma-00838,Sperm Whale,Vulnerable,28.501144410000002,-88.2576828,2011,7,30.240000000000002,1.0,null,null,La Nina
2011GoM-Pma-00838,Sperm Whale,Vulnerable,28.58211899,-88.00745392,2011,7,30.240000000000002,1.0,null,null,La Nina
2011GoM-Pma-00838,Sperm Whale,Vulnerable,28.564945220000002,-88.16300201,2011,7,30.240000000000002,1.0,null,null,La Nina
2011GoM-Pma-00838,Sperm Whale,Vulnerable,28.5734024,-88.28837585000001,2011,7,30.240000000000002,1.0,null,null,La Nina
2011GoM-Pma-00838,Sperm Whale,Vulnerable,28.34042931,-88.02175903,2011,7,30.240000000000002,1.0,null,null,La Nina
2011GoM-Pma-00838,Sperm Whale,Vulnerable,28.57191467,-88.28634644,2011,7,30.240000000000002,1.0,null,null,La Nina
2011GoM-Pma-00838,Sperm Whale,Vulnerable,28.58965302,-88.05278778,2011,7,30.240000000000002,1.0,null,null,La Nina
2011GoM-Pma-00838,Sperm Whale,Vulnerable,28.59337807,-88.02901459,2011,7,30.240000000000002,1.0,null,null,La Nina
2011GoM-Pma-00838,Sperm Whale,Vulnerable,28.34071732,-88.02136993,2011,7,30.240000000000002,1.0,null,null,La Nina
2011GoM-Pma-00838,Sperm Whale,Vulnerable,28.35661507,-88.174263,2011,7,30.240000000000002,1.0,null,null,La Nina
2011GoM-Pma-00838,Sperm Whale,Vulnerable,28.57097054,-88.13269043,2011,7,30.240000000000002,1.0,null,null,La Nina
2011GoM-Pma-00838,Sperm Whale,Vulnerable,28.36235428,-88.15462494,2011,7,30.240000000000002,1.0,null,null,La Nina
2011GoM-Pma-00838,Sperm Whale,Vulnerable,28.25125885,-88.03920746,2011,7,30.09,1.0,null,null,La Nina
2011GoM-Pma-00838,Sperm Whale,Vulnerable,28.412687299999998,-87.82756805,2011,7,30.0,0.0,null,null,La Nina
2011GoM-Pma-00838,Sperm Whale,Vulnerable,28.513778690000002,-87.85644531,2011,7,30.0,0.0,null,null,La Nina
2011GoM-Pma-00838,Sperm Whale,Vulnerable,28.36644745,-87.54644775,2011,7,30.0,0.0,null,null,La Nina
2011GoM-Pma-00838,Sperm Whale,Vulnerable,28.039491650000002,-87.68264771,2011,7,29.990000000000002,0.0,null,null,La Nina
2011GoM-Pma-00838,Sperm Whale,Vulnerable,28.32915688,-87.52993774000001,2011,7,30.0,0.0,null,null,La Nina
2011GoM-Pma-00838,Sperm Whale,Vulnerable,28.36379051,-87.5447464,2011,7,30.0,0.0,null,null,La Nina
2011GoM-Pma-00838,Sperm Whale,Vulnerable,28.12000084,-87.45855713,2011,7,29.990000000000002,0.0,null,null,La Nina
2011GoM-Pma-00838,Sperm Whale,Vulnerable,28.30796623,-87.63477325,2011,7,30.0,0.0,null,null,La Nina
2011GoM-Pma-00838,Sperm Whale,Vulnerable,28.4009304,-87.88561249,2011,7,30.0,0.0,null,null,La Nina
2011GoM-Pma-00838,Sperm Whale,Vulnerable,28.31303024,-87.52680969000001,2011,7,29.990000000000002,0.0,null,null,La Nina
2011GoM-Pma-00838,Sperm Whale,Vulnerable,28.67517853,-88.43471527,2011,7,29.73,0.0,null,null,La Nina
2011GoM-Pma-00838,Sperm Whale,Vulnerable,28.444610599999997,-88.46263123,2011,7,30.23,1.0,null,null,La Nina
2011GoM-Pma-00838,Sperm Whale,Vulnerable,28.42973328,-88.48731995,2011,7,30.23,1.0,null,null,La Nina
2011GoM-Pma-00838,Sperm Whale,Vulnerable,28.66076469,-88.38412476,2011,7,29.73,0.0,null,null,La Nina
2011GoM-Pma-00838,Sperm Whale,Vulnerable,28.466178890000002,-88.43165588000001,2011,7,30.23,1.0,null,null,La Nina
2011GoM-Pma-00838,Sperm Whale,Vulnerable,28.38569832,-87.92189026,2011,7,30.0,0.0,null,null,La Nina
2011GoM-Pma-00838,Sperm Whale,Vulnerable,28.23884964,-88.26129913,2011,8,31.1,1.0,null,null,La Nina
2011GoM-Pma-00838,Sperm Whale,Vulnerable,28.5568428,-88.08670044,2011,8,31.060000000000002,1.0,null,null,La Nina
2011GoM-Pma-00838,Sperm Whale,Vulnerable,28.37924957,-88.21208954000001,2011,8,31.060000000000002,1.0,null,null,La Nina
2011GoM-Pma-00838,Sperm Whale,Vulnerable,28.439876560000002,-87.48690033,2011,8,31.12,1.0,null,null,La Nina
2011GoM-Pma-00838,Sperm Whale,Vulnerable,28.300054550000002,-88.14987183,2011,8,31.060000000000002,1.0,null,null,La Nina
2011GoM-Pma-00838,Sperm Whale,Vulnerable,28.320564270000002,-88.25624847,2011,8,31.060000000000002,1.0,null,null,La Nina
2011GoM-Pma-00838,Sperm Whale,Vulnerable,28.36939049,-88.38349915,2011,8,31.060000000000002,1.0,null,null,La Nina
2011GoM-Pma-00838,Sperm Whale,Vulnerable,28.39914894,-87.46110535,2011,8,31.12,1.0,null,null,La Nina
2011GoM-Pma-00838,Sperm Whale,Vulnerable,28.084403990000002,-88.18105316,2011,8,31.04,1.0,null,null,La Nina
2011GoM-Pma-00838,Sperm Whale,Vulnerable,28.29531479,-88.48197174,2011,8,31.1,1.0,null,null,La Nina
2011GoM-Pma-00838,Sperm Whale,Vulnerable,28.15937614,-88.13843536,2011,8,31.04,1.0,null,null,La Nina
2011GoM-Pma-00838,Sperm Whale,Vulnerable,28.31333733,-88.24594879,2011,8,31.060000000000002,1.0,null,null,La Nina
2011GoM-Pma-00838,Sperm Whale,Vulnerable,28.48556519,-88.19203949,2011,8,31.060000000000002,1.0,null,null,La Nina
2011GoM-Pma-00838,Sperm Whale,Vulnerable,28.358394620000002,-88.23781586,2011,8,31.060000000000002,1.0,null,null,La Nina
2011GoM-Pma-00838,Sperm Whale,Vulnerable,28.42568588,-87.46542358,2011,8,31.12,1.0,null,null,La Nina
2011GoM-Pma-00838,Sperm Whale,Vulnerable,28.04506683,-88.34538269000001,2011,8,31.1,1.0,null,null,La Nina
2011GoM-Pma-00838,Sperm Whale,Vulnerable,28.0222187,-88.40697479,2011,8,31.1,1.0,null,null,La Nina
2011GoM-Pma-00838,Sperm Whale,Vulnerable,28.17690659,-88.21627808,2011,8,31.1,1.0,null,null,La Nina
2011GoM-Pma-00838,Sperm Whale,Vulnerable,28.103033070000002,-88.19580078,2011,8,31.1,1.0,null,null,La Nina
2011GoM-Pma-00838,Sperm Whale,Vulnerable,28.31956482,-88.41881561,2011,8,31.1,1.0,null,null,La Nina
2011GoM-Pma-00838,Sperm Whale,Vulnerable,28.35437393,-88.62722778,2011,8,31.18,1.0,null,null,La Nina
2011GoM-Pma-00838,Sperm Whale,Vulnerable,28.35400581,-88.62693024000001,2011,8,31.18,1.0,null,null,La Nina
2011GoM-Pma-00838,Sperm Whale,Vulnerable,28.29753685,-88.47698212,2011,8,31.1,1.0,null,null,La Nina
2011GoM-Pma-00838,Sperm Whale,Vulnerable,28.444046020000002,-87.54879761000001,2011,8,31.060000000000002,1.0,null,null,La Nina
2011GoM-Pma-00838,Sperm Whale,Vulnerable,28.26165581,-87.44957733,2011,8,31.14,1.0,null,null,La Nina
2011GoM-Pma-00838,Sperm Whale,Vulnerable,28.520906450000002,-87.77890778,2011,8,31.060000000000002,1.0,null,null,La Nina
2011GoM-Pma-00838,Sperm Whale,Vulnerable,28.56984329,-87.83580017,2011,8,31.060000000000002,1.0,null,null,La Nina
2011GoM-Pma-00838,Sperm Whale,Vulnerable,28.49647331,-87.72696686,2011,8,31.060000000000002,1.0,null,null,La Nina
2011GoM-Pma-00845,Sperm Whale,Vulnerable,27.76751328,-88.41416168,2011,7,30.04,1.0,null,null,La Nina
2011GoM-Pma-00845,Sperm Whale,Vulnerable,27.937257770000002,-88.16378021,2011,7,30.04,1.0,null,null,La Nina
2011GoM-Pma-00845,Sperm Whale,Vulnerable,28.18980598,-88.79061127,2011,7,30.26,1.0,null,null,La Nina
2011GoM-Pma-00845,Sperm Whale,Vulnerable,28.30060959,-88.73345947,2011,7,30.26,1.0,null,null,La Nina
2011GoM-Pma-00845,Sperm Whale,Vulnerable,28.223978040000002,-88.71648407,2011,7,30.26,1.0,null,null,La Nina
2011GoM-Pma-00845,Sperm Whale,Vulnerable,28.33637238,-87.97619629,2011,7,30.09,1.0,null,null,La Nina
2011GoM-Pma-00845,Sperm Whale,Vulnerable,28.176128390000002,-88.6290741,2011,7,30.26,1.0,null,null,La Nina
2011GoM-Pma-00845,Sperm Whale,Vulnerable,27.951627730000002,-88.35669708,2011,7,30.26,1.0,null,null,La Nina
2011GoM-Pma-00845,Sperm Whale,Vulnerable,28.00027275,-88.43321991,2011,7,30.26,1.0,null,null,La Nina
2011GoM-Pma-00845,Sperm Whale,Vulnerable,27.93977928,-88.4705658,2011,7,30.26,1.0,null,null,La Nina
2011GoM-Pma-00845,Sperm Whale,Vulnerable,28.40028763,-88.48262787,2011,7,30.23,1.0,null,null,La Nina
2011GoM-Pma-00845,Sperm Whale,Vulnerable,28.330049510000002,-88.01441193000001,2011,7,30.240000000000002,1.0,null,null,La Nina
2011GoM-Pma-00845,Sperm Whale,Vulnerable,28.28886795,-88.78894806,2011,7,30.26,1.0,null,null,La Nina
2011GoM-Pma-00845,Sperm Whale,Vulnerable,28.53855324,-88.03274536,2011,7,30.240000000000002,1.0,null,null,La Nina
2011GoM-Pma-00845,Sperm Whale,Vulnerable,27.95305443,-88.26900482,2011,7,30.04,1.0,null,null,La Nina
2011GoM-Pma-00845,Sperm Whale,Vulnerable,27.76251984,-88.39177704000001,2011,7,30.04,1.0,null,null,La Nina
2011GoM-Pma-00845,Sperm Whale,Vulnerable,28.423458099999998,-88.37449646,2011,7,30.240000000000002,1.0,null,null,La Nina
2011GoM-Pma-00845,Sperm Whale,Vulnerable,28.28110695,-88.76844025,2011,7,30.26,1.0,null,null,La Nina
2011GoM-Pma-00845,Sperm Whale,Vulnerable,28.1899929,-88.79043579,2011,7,30.26,1.0,null,null,La Nina
2011GoM-Pma-00845,Sperm Whale,Vulnerable,27.93619347,-87.89859009,2011,7,30.09,1.0,null,null,La Nina
2011GoM-Pma-00845,Sperm Whale,Vulnerable,28.29841232,-88.88227844000001,2011,7,30.26,1.0,null,null,La Nina
2011GoM-Pma-00845,Sperm Whale,Vulnerable,28.522905350000002,-88.05905914,2011,7,30.240000000000002,1.0,null,null,La Nina
2011GoM-Pma-00845,Sperm Whale,Vulnerable,28.51433182,-88.05536652,2011,7,30.240000000000002,1.0,null,null,La Nina
2011GoM-Pma-00845,Sperm Whale,Vulnerable,28.31772614,-88.04492188,2011,7,30.240000000000002,1.0,null,null,La Nina
2011GoM-Pma-00845,Sperm Whale,Vulnerable,28.30770493,-88.07798004,2011,7,30.240000000000002,1.0,null,null,La Nina
2011GoM-Pma-00845,Sperm Whale,Vulnerable,28.43087006,-88.09166718,2011,7,30.240000000000002,1.0,null,null,La Nina
2011GoM-Pma-00845,Sperm Whale,Vulnerable,28.49603462,-88.05751801,2011,7,30.240000000000002,1.0,null,null,La Nina
2011GoM-Pma-00845,Sperm Whale,Vulnerable,28.538570399999998,-88.03780365,2011,7,30.240000000000002,1.0,null,null,La Nina
2011GoM-Pma-00845,Sperm Whale,Vulnerable,28.30347252,-88.12698364,2011,7,30.240000000000002,1.0,null,null,La Nina
2011GoM-Pma-00845,Sperm Whale,Vulnerable,28.47757149,-88.0670166,2011,7,30.240000000000002,1.0,null,null,La Nina
2011GoM-Pma-00845,Sperm Whale,Vulnerable,28.29603195,-88.17301941,2011,7,30.240000000000002,1.0,null,null,La Nina
2011GoM-Pma-00845,Sperm Whale,Vulnerable,27.944852830000002,-88.21444702000001,2011,7,30.04,1.0,null,null,La Nina
2011GoM-Pma-00845,Sperm Whale,Vulnerable,28.294666290000002,-88.17433929,2011,7,30.240000000000002,1.0,null,null,La Nina
2011GoM-Pma-00845,Sperm Whale,Vulnerable,28.30682564,-88.16130066,2011,7,30.240000000000002,1.0,null,null,La Nina
2011GoM-Pma-00845,Sperm Whale,Vulnerable,28.299804690000002,-88.11566162,2011,7,30.240000000000002,1.0,null,null,La Nina
2011GoM-Pma-00845,Sperm Whale,Vulnerable,28.30963898,-88.09058379999999,2011,7,30.240000000000002,1.0,null,null,La Nina
2011GoM-Pma-00845,Sperm Whale,Vulnerable,28.19362259,-88.74086761,2011,7,30.26,1.0,null,null,La Nina
2011GoM-Pma-00845,Sperm Whale,Vulnerable,28.15579796,-87.55351257,2011,7,29.990000000000002,0.0,null,null,La Nina
2011GoM-Pma-00845,Sperm Whale,Vulnerable,27.81085205,-88.61522675,2011,7,30.1,1.0,null,null,La Nina
2011GoM-Pma-00845,Sperm Whale,Vulnerable,27.83872032,-88.59697723000001,2011,7,30.1,1.0,null,null,La Nina
2011GoM-Pma-00845,Sperm Whale,Vulnerable,27.76888084,-88.43601227,2011,7,30.1,1.0,null,null,La Nina
2011GoM-Pma-00845,Sperm Whale,Vulnerable,27.856613160000002,-88.43819427,2011,7,30.1,1.0,null,null,La Nina
2011GoM-Pma-00845,Sperm Whale,Vulnerable,28.39770126,-87.72505188,2011,7,30.0,0.0,null,null,La Nina
2011GoM-Pma-00845,Sperm Whale,Vulnerable,27.89325714,-88.57408142,2011,7,30.1,1.0,null,null,La Nina
2011GoM-Pma-00845,Sperm Whale,Vulnerable,28.39566612,-87.7999115,2011,7,30.0,0.0,null,null,La Nina
2011GoM-Pma-00845,Sperm Whale,Vulnerable,27.74390984,-88.49591827,2011,7,30.1,1.0,null,null,La Nina
2011GoM-Pma-00845,Sperm Whale,Vulnerable,28.5705204,-87.64260101,2011,7,30.0,0.0,null,null,La Nina
2011GoM-Pma-00845,Sperm Whale,Vulnerable,27.75871658,-88.45303345,2011,7,30.1,1.0,null,null,La Nina
2011GoM-Pma-00845,Sperm Whale,Vulnerable,28.13178253,-87.55657959,2011,7,29.990000000000002,0.0,null,null,La Nina
2011GoM-Pma-00845,Sperm Whale,Vulnerable,28.10624313,-87.56760406000001,2011,7,29.990000000000002,0.0,null,null,La Nina
2011GoM-Pma-00845,Sperm Whale,Vulnerable,28.44031906,-87.65235901,2011,7,30.0,0.0,null,null,La Nina
2011GoM-Pma-00845,Sperm Whale,Vulnerable,27.99862862,-87.66004181,2011,7,29.990000000000002,0.0,null,null,La Nina
2011GoM-Pma-00845,Sperm Whale,Vulnerable,27.92048264,-88.57419586,2011,7,30.1,1.0,null,null,La Nina
2011GoM-Pma-00845,Sperm Whale,Vulnerable,27.90527916,-88.78126526,2011,7,30.1,1.0,null,null,La Nina
2011GoM-Pma-00845,Sperm Whale,Vulnerable,27.81972504,-88.54960632,2011,7,30.1,1.0,null,null,La Nina
2011GoM-Pma-00845,Sperm Whale,Vulnerable,28.30684853,-88.68344116,2011,7,30.23,1.0,null,null,La Nina
2011GoM-Pma-00845,Sperm Whale,Vulnerable,28.31111336,-88.70586395000001,2011,7,30.23,1.0,null,null,La Nina
2011GoM-Pma-00845,Sperm Whale,Vulnerable,28.388469699999998,-88.51699066,2011,7,30.23,1.0,null,null,La Nina
2011GoM-Pma-00845,Sperm Whale,Vulnerable,28.33341217,-88.70388031,2011,7,30.23,1.0,null,null,La Nina
2011GoM-Pma-00845,Sperm Whale,Vulnerable,28.33774948,-88.68640137,2011,7,30.23,1.0,null,null,La Nina
2011GoM-Pma-00845,Sperm Whale,Vulnerable,28.28657341,-88.697052,2011,7,30.23,1.0,null,null,La Nina
2011GoM-Pma-00845,Sperm Whale,Vulnerable,28.05722809,-88.65557861,2011,8,31.200000000000003,1.0,null,null,La Nina
2011GoM-Pma-00845,Sperm Whale,Vulnerable,27.99664116,-88.67223358,2011,8,31.200000000000003,1.0,null,null,La Nina
2011GoM-Pma-00845,Sperm Whale,Vulnerable,28.00528717,-88.70685577,2011,8,31.200000000000003,1.0,null,null,La Nina
2011GoM-Pma-00845,Sperm Whale,Vulnerable,27.99501801,-88.68766022,2011,8,31.200000000000003,1.0,null,null,La Nina
2011GoM-Pma-00845,Sperm Whale,Vulnerable,28.285036090000002,-88.00079346,2011,8,31.04,1.0,null,null,La Nina
2011GoM-Pma-00845,Sperm Whale,Vulnerable,28.30259514,-88.00034332,2011,8,31.04,1.0,null,null,La Nina
2011GoM-Pma-00845,Sperm Whale,Vulnerable,28.14484406,-88.1656723,2011,8,31.04,1.0,null,null,La Nina
2011GoM-Pma-00845,Sperm Whale,Vulnerable,28.21908188,-88.10887146,2011,8,31.04,1.0,null,null,La Nina
2011GoM-Pma-00845,Sperm Whale,Vulnerable,28.49396133,-88.08202362,2011,8,31.060000000000002,1.0,null,null,La Nina
2011GoM-Pma-00845,Sperm Whale,Vulnerable,28.51925468,-88.10714722,2011,8,31.060000000000002,1.0,null,null,La Nina
2011GoM-Pma-00845,Sperm Whale,Vulnerable,28.49213409,-88.14597321000001,2011,8,31.060000000000002,1.0,null,null,La Nina
2011GoM-Pma-00845,Sperm Whale,Vulnerable,28.32489777,-88.22925568000001,2011,8,31.060000000000002,1.0,null,null,La Nina
2011GoM-Pma-00845,Sperm Whale,Vulnerable,28.365629199999997,-88.352211,2011,8,31.060000000000002,1.0,null,null,La Nina
2011GoM-Pma-00845,Sperm Whale,Vulnerable,28.34534073,-88.32888031,2011,8,31.060000000000002,1.0,null,null,La Nina
2011GoM-Pma-00845,Sperm Whale,Vulnerable,28.54797363,-88.24138641,2011,8,31.060000000000002,1.0,null,null,La Nina
2011GoM-Pma-00845,Sperm Whale,Vulnerable,28.23949051,-88.00337982,2011,8,31.04,1.0,null,null,La Nina
2011GoM-Pma-00845,Sperm Whale,Vulnerable,28.52132988,-88.13075256,2011,8,31.060000000000002,1.0,null,null,La Nina
2011GoM-Pma-00845,Sperm Whale,Vulnerable,28.14066887,-88.03087616,2011,8,31.04,1.0,null,null,La Nina
2011GoM-Pma-00845,Sperm Whale,Vulnerable,28.18224716,-88.01559448,2011,8,31.04,1.0,null,null,La Nina
2011GoM-Pma-00845,Sperm Whale,Vulnerable,28.02924156,-88.69038391000001,2011,8,31.200000000000003,1.0,null,null,La Nina
2011GoM-Pma-00845,Sperm Whale,Vulnerable,28.06558609,-88.57822418,2011,8,31.1,1.0,null,null,La Nina
2011GoM-Pma-00845,Sperm Whale,Vulnerable,28.236448290000002,-88.30173492,2011,8,31.1,1.0,null,null,La Nina
2011GoM-Pma-00845,Sperm Whale,Vulnerable,28.17941475,-88.62408447,2011,8,31.1,1.0,null,null,La Nina
2011GoM-Pma-00845,Sperm Whale,Vulnerable,28.2305088,-88.59407043,2011,8,31.1,1.0,null,null,La Nina
2011GoM-Pma-00845,Sperm Whale,Vulnerable,28.19260597,-88.20857239,2011,8,31.1,1.0,null,null,La Nina
2011GoM-Pma-00845,Sperm Whale,Vulnerable,28.23044777,-88.19307709,2011,8,31.1,1.0,null,null,La Nina
2011GoM-Pma-00845,Sperm Whale,Vulnerable,28.12524223,-88.53004456000001,2011,8,31.1,1.0,null,null,La Nina
2011GoM-Pma-00845,Sperm Whale,Vulnerable,28.14971352,-88.21072388,2011,8,31.1,1.0,null,null,La Nina
2011GoM-Pma-00845,Sperm Whale,Vulnerable,28.23377991,-88.23150635,2011,8,31.1,1.0,null,null,La Nina
2011GoM-Pma-00845,Sperm Whale,Vulnerable,28.169416430000002,-88.37911224,2011,8,31.1,1.0,null,null,La Nina
2011GoM-Pma-00845,Sperm Whale,Vulnerable,28.23847771,-88.21323395,2011,8,31.1,1.0,null,null,La Nina
2011GoM-Pma-00845,Sperm Whale,Vulnerable,28.11876869,-88.60069275000001,2011,8,31.1,1.0,null,null,La Nina
2011GoM-Pma-00845,Sperm Whale,Vulnerable,28.14184952,-88.34201813,2011,8,31.1,1.0,null,null,La Nina
2011GoM-Pma-00845,Sperm Whale,Vulnerable,28.26153564,-88.19039154000001,2011,8,31.060000000000002,1.0,null,null,La Nina
2011GoM-Pma-00845,Sperm Whale,Vulnerable,28.14693451,-88.61393738,2011,8,31.1,1.0,null,null,La Nina
2011GoM-Pma-00845,Sperm Whale,Vulnerable,28.19200134,-88.39157104,2011,8,31.1,1.0,null,null,La Nina
2011GoM-Pma-00845,Sperm Whale,Vulnerable,28.10687256,-88.4006424,2011,8,31.1,1.0,null,null,La Nina
2011GoM-Pma-00845,Sperm Whale,Vulnerable,28.2273674,-88.59386444,2011,8,31.1,1.0,null,null,La Nina
2011GoM-Pma-00845,Sperm Whale,Vulnerable,28.20221519,-88.34799957,2011,8,31.1,1.0,null,null,La Nina
2011GoM-Pma-00845,Sperm Whale,Vulnerable,28.21014595,-88.31919861,2011,8,31.1,1.0,null,null,La Nina
2011GoM-Pma-00845,Sperm Whale,Vulnerable,28.04017639,-88.56936646,2011,8,31.1,1.0,null,null,La Nina
2011GoM-Pma-00845,Sperm Whale,Vulnerable,27.95363235,-88.41803741,2011,8,31.1,1.0,null,null,La Nina
2011GoM-Pma-00845,Sperm Whale,Vulnerable,28.230829240000002,-88.62188721,2011,8,31.1,1.0,null,null,La Nina
2011GoM-Pma-00845,Sperm Whale,Vulnerable,28.22223091,-88.31326294,2011,8,31.1,1.0,null,null,La Nina
2011GoM-Pma-00845,Sperm Whale,Vulnerable,28.22330093,-88.64199066,2011,8,31.1,1.0,null,null,La Nina
2011GoM-Pma-00845,Sperm Whale,Vulnerable,28.27705765,-88.26359558,2011,8,31.1,1.0,null,null,La Nina
2011GoM-Pma-00845,Sperm Whale,Vulnerable,28.341413499999998,-88.40892029,2011,8,31.1,1.0,null,null,La Nina
2011GoM-Pma-00845,Sperm Whale,Vulnerable,27.98702621,-88.43834686,2011,8,31.1,1.0,null,null,La Nina
2011GoM-Pma-00845,Sperm Whale,Vulnerable,27.9794178,-88.52027893,2011,8,31.1,1.0,null,null,La Nina
2011GoM-Pma-00845,Sperm Whale,Vulnerable,27.951650620000002,-88.42182922,2011,8,31.1,1.0,null,null,La Nina
2011GoM-Pma-00845,Sperm Whale,Vulnerable,28.328702930000002,-88.57435608,2011,8,31.18,1.0,null,null,La Nina
2011GoM-Pma-00845,Sperm Whale,Vulnerable,28.29568672,-88.58685303,2011,8,31.18,1.0,null,null,La Nina
2011GoM-Pma-00845,Sperm Whale,Vulnerable,28.35057449,-88.56554413,2011,8,31.18,1.0,null,null,La Nina
2011GoM-Pma-00845,Sperm Whale,Vulnerable,28.290456770000002,-88.41980743,2011,8,31.1,1.0,null,null,La Nina
2011GoM-Pma-00845,Sperm Whale,Vulnerable,28.44155121,-88.0512619,2011,8,31.060000000000002,1.0,null,null,La Nina
2011GoM-Pma-00845,Sperm Whale,Vulnerable,28.27453423,-88.12646484,2011,8,31.060000000000002,1.0,null,null,La Nina
2011GoM-Pma-00845,Sperm Whale,Vulnerable,28.27775574,-88.12285614,2011,8,31.060000000000002,1.0,null,null,La Nina
2011GoM-Pma-00845,Sperm Whale,Vulnerable,28.5790062,-88.22570801,2011,8,31.060000000000002,1.0,null,null,La Nina
2011GoM-Pma-00845,Sperm Whale,Vulnerable,28.410144810000002,-88.24016571,2011,8,31.060000000000002,1.0,null,null,La Nina
2011GoM-Pma-00845,Sperm Whale,Vulnerable,28.362697599999997,-87.97293854,2011,8,31.060000000000002,1.0,null,null,La Nina
2011GoM-Pma-00845,Sperm Whale,Vulnerable,28.381637570000002,-88.23331451,2011,8,31.060000000000002,1.0,null,null,La Nina
2011GoM-Pma-00845,Sperm Whale,Vulnerable,28.551662450000002,-88.24066162,2011,8,31.060000000000002,1.0,null,null,La Nina
2011GoM-Pma-00845,Sperm Whale,Vulnerable,28.14082146,-88.02861023,2011,8,31.04,1.0,null,null,La Nina
2011GoM-Pma-00845,Sperm Whale,Vulnerable,28.42448235,-87.42168427,2011,8,31.12,1.0,null,null,La Nina
2011GoM-Pma-00845,Sperm Whale,Vulnerable,28.193489070000002,-88.01629639000001,2011,8,31.04,1.0,null,null,La Nina
2011GoM-Pma-00845,Sperm Whale,Vulnerable,28.50095558,-88.15251923,2011,8,31.060000000000002,1.0,null,null,La Nina
2011GoM-Pma-00845,Sperm Whale,Vulnerable,28.26247787,-88.00633239999999,2011,8,31.04,1.0,null,null,La Nina
2011GoM-Pma-00845,Sperm Whale,Vulnerable,28.23060608,-88.06755066,2011,8,31.04,1.0,null,null,La Nina
2011GoM-Pma-00845,Sperm Whale,Vulnerable,28.25550652,-88.0938797,2011,8,31.04,1.0,null,null,La Nina
2011GoM-Pma-00845,Sperm Whale,Vulnerable,28.2218132,-88.00413513000001,2011,8,31.04,1.0,null,null,La Nina
2011GoM-Pma-00845,Sperm Whale,Vulnerable,28.30703545,-87.99395752,2011,8,31.04,1.0,null,null,La Nina
2011GoM-Pma-00845,Sperm Whale,Vulnerable,28.497301099999998,-87.54977417,2011,8,31.060000000000002,1.0,null,null,La Nina
2011GoM-Pma-00845,Sperm Whale,Vulnerable,28.3157444,-87.48947144,2011,8,31.14,1.0,null,null,La Nina
2011GoM-Pma-00845,Sperm Whale,Vulnerable,28.48545265,-87.66849518000001,2011,8,31.060000000000002,1.0,null,null,La Nina
2011GoM-Pma-00845,Sperm Whale,Vulnerable,28.487308499999997,-87.62900543,2011,8,31.060000000000002,1.0,null,null,La Nina
2011GoM-Pma-00845,Sperm Whale,Vulnerable,28.31361389,-87.49156189,2011,8,31.14,1.0,null,null,La Nina
2011GoM-Pma-00845,Sperm Whale,Vulnerable,28.45361137,-87.88545227,2011,8,31.060000000000002,1.0,null,null,La Nina
2011GoM-Pma-05640,Sperm Whale,Vulnerable,27.79222679,-89.89720917,2011,7,30.41,1.0,null,null,La Nina
2011GoM-Pma-05640,Sperm Whale,Vulnerable,27.79140472,-90.18655396,2011,7,30.41,1.0,null,null,La Nina
2011GoM-Pma-05640,Sperm Whale,Vulnerable,28.41446304,-89.08065033,2011,7,30.07,1.0,null,null,La Nina
2011GoM-Pma-05640,Sperm Whale,Vulnerable,27.63389778,-89.97737885000001,2011,7,30.41,1.0,null,null,La Nina
2011GoM-Pma-05640,Sperm Whale,Vulnerable,27.79231834,-90.19022369,2011,7,30.41,1.0,null,null,La Nina
2011GoM-Pma-05640,Sperm Whale,Vulnerable,28.41453743,-89.09449768,2011,7,30.07,1.0,null,null,La Nina
2011GoM-Pma-05640,Sperm Whale,Vulnerable,28.40854263,-89.0807724,2011,7,30.07,1.0,null,null,La Nina
2011GoM-Pma-05640,Sperm Whale,Vulnerable,28.39309502,-89.10739136000001,2011,7,30.07,1.0,null,null,La Nina
2011GoM-Pma-05640,Sperm Whale,Vulnerable,28.43842888,-89.05108643,2011,7,30.07,1.0,null,null,La Nina
2011GoM-Pma-05640,Sperm Whale,Vulnerable,28.54790306,-88.98838806,2011,7,30.07,1.0,null,null,La Nina
2011GoM-Pma-05640,Sperm Whale,Vulnerable,28.25239754,-89.73180389,2011,7,30.63,1.0,null,null,La Nina
2011GoM-Pma-05640,Sperm Whale,Vulnerable,28.16361427,-89.67810822,2011,7,30.63,1.0,null,null,La Nina
2011GoM-Pma-05640,Sperm Whale,Vulnerable,28.02265739,-89.82269287,2011,7,30.63,1.0,null,null,La Nina
2011GoM-Pma-05640,Sperm Whale,Vulnerable,28.438463210000002,-89.0582962,2011,7,30.07,1.0,null,null,La Nina
2011GoM-Pma-05640,Sperm Whale,Vulnerable,28.34045601,-89.13065338,2011,7,30.07,1.0,null,null,La Nina
2011GoM-Pma-05640,Sperm Whale,Vulnerable,27.67328835,-89.90307617,2011,7,30.41,1.0,null,null,La Nina
2011GoM-Pma-05640,Sperm Whale,Vulnerable,28.38815117,-89.10301971,2011,7,30.07,1.0,null,null,La Nina
2011GoM-Pma-05640,Sperm Whale,Vulnerable,28.11107063,-89.84545135,2011,7,30.63,1.0,null,null,La Nina
2011GoM-Pma-05640,Sperm Whale,Vulnerable,28.35967445,-89.07514954,2011,7,30.07,1.0,null,null,La Nina
2011GoM-Pma-05640,Sperm Whale,Vulnerable,27.693357470000002,-89.7674408,2011,7,30.54,1.0,null,null,La Nina
2011GoM-Pma-05640,Sperm Whale,Vulnerable,28.40777397,-89.08187866,2011,7,30.07,1.0,null,null,La Nina
2011GoM-Pma-05640,Sperm Whale,Vulnerable,28.41470337,-89.08033752,2011,7,30.07,1.0,null,null,La Nina
2011GoM-Pma-05640,Sperm Whale,Vulnerable,28.39193153,-89.01124573,2011,7,30.07,1.0,null,null,La Nina
2011GoM-Pma-05640,Sperm Whale,Vulnerable,28.27206421,-89.64714049999999,2011,7,30.63,1.0,null,null,La Nina
2011GoM-Pma-05640,Sperm Whale,Vulnerable,28.421003340000002,-88.93036652,2011,7,30.07,1.0,null,null,La Nina
2011GoM-Pma-05640,Sperm Whale,Vulnerable,28.21602821,-89.46705627,2011,7,30.46,1.0,null,null,La Nina
2011GoM-Pma-05640,Sperm Whale,Vulnerable,28.21786499,-89.46416473000001,2011,7,30.46,1.0,null,null,La Nina
2011GoM-Pma-05640,Sperm Whale,Vulnerable,28.00075531,-89.31668854,2011,7,30.46,1.0,null,null,La Nina
2011GoM-Pma-05640,Sperm Whale,Vulnerable,28.10925674,-89.22450256,2011,7,30.46,1.0,null,null,La Nina
2011GoM-Pma-05654,Sperm Whale,Vulnerable,28.24391937,-88.09548187,2011,7,30.09,1.0,null,null,La Nina
2011GoM-Pma-05654,Sperm Whale,Vulnerable,28.1313076,-88.07294464,2011,7,30.09,1.0,null,null,La Nina
2011GoM-Pma-05654,Sperm Whale,Vulnerable,28.15296364,-88.14595795,2011,7,30.09,1.0,null,null,La Nina
2011GoM-Pma-05654,Sperm Whale,Vulnerable,27.70678329,-88.26798248,2011,7,30.04,1.0,null,null,La Nina
2011GoM-Pma-05654,Sperm Whale,Vulnerable,28.32031441,-88.00116729999999,2011,7,30.09,1.0,null,null,La Nina
2011GoM-Pma-05654,Sperm Whale,Vulnerable,28.14161682,-88.14834595,2011,7,30.09,1.0,null,null,La Nina
2011GoM-Pma-05654,Sperm Whale,Vulnerable,28.07865906,-87.76644135000001,2011,7,30.09,1.0,null,null,La Nina
2011GoM-Pma-05654,Sperm Whale,Vulnerable,27.83039665,-88.25904846,2011,7,30.04,1.0,null,null,La Nina
2011GoM-Pma-05654,Sperm Whale,Vulnerable,27.818330760000002,-88.09452057,2011,7,30.04,1.0,null,null,La Nina
2011GoM-Pma-05654,Sperm Whale,Vulnerable,27.76490974,-88.26761627,2011,7,30.04,1.0,null,null,La Nina
2011GoM-Pma-05654,Sperm Whale,Vulnerable,28.14042091,-88.14518738,2011,7,30.09,1.0,null,null,La Nina
2011GoM-Pma-05654,Sperm Whale,Vulnerable,28.20758057,-88.05895233,2011,7,30.09,1.0,null,null,La Nina
2011GoM-Pma-05654,Sperm Whale,Vulnerable,28.07853699,-87.76877594,2011,7,30.09,1.0,null,null,La Nina
2011GoM-Pma-05654,Sperm Whale,Vulnerable,27.8850441,-88.16931915,2011,7,30.04,1.0,null,null,La Nina
2011GoM-Pma-05654,Sperm Whale,Vulnerable,28.07988739,-88.2678833,2011,7,30.26,1.0,null,null,La Nina
2011GoM-Pma-05654,Sperm Whale,Vulnerable,27.92889023,-88.14958191,2011,7,30.04,1.0,null,null,La Nina
2011GoM-Pma-05654,Sperm Whale,Vulnerable,28.15032578,-88.05458832000001,2011,7,30.09,1.0,null,null,La Nina
2011GoM-Pma-05654,Sperm Whale,Vulnerable,28.10831833,-88.08855438,2011,7,30.09,1.0,null,null,La Nina
2011GoM-Pma-05654,Sperm Whale,Vulnerable,27.87392426,-88.14626312,2011,7,30.04,1.0,null,null,La Nina
2011GoM-Pma-05654,Sperm Whale,Vulnerable,28.67767715,-88.39958191,2011,7,29.73,0.0,null,null,La Nina
2011GoM-Pma-05654,Sperm Whale,Vulnerable,28.394025799999998,-88.01370239,2011,7,30.240000000000002,1.0,null,null,La Nina
2011GoM-Pma-05654,Sperm Whale,Vulnerable,28.54157639,-88.23073578,2011,7,30.240000000000002,1.0,null,null,La Nina
2011GoM-Pma-05654,Sperm Whale,Vulnerable,28.28216934,-87.38516235,2011,7,29.93,0.0,null,null,La Nina
2011GoM-Pma-05654,Sperm Whale,Vulnerable,28.37049103,-88.02185059,2011,7,30.240000000000002,1.0,null,null,La Nina
2011GoM-Pma-05654,Sperm Whale,Vulnerable,28.60617256,-88.32524109,2011,7,30.240000000000002,1.0,null,null,La Nina
2011GoM-Pma-05654,Sperm Whale,Vulnerable,28.5822525,-88.27257538,2011,7,30.240000000000002,1.0,null,null,La Nina
2011GoM-Pma-05654,Sperm Whale,Vulnerable,28.30435944,-88.13170624,2011,7,30.240000000000002,1.0,null,null,La Nina
2011GoM-Pma-05654,Sperm Whale,Vulnerable,28.35294151,-88.18106079,2011,7,30.240000000000002,1.0,null,null,La Nina
2011GoM-Pma-05654,Sperm Whale,Vulnerable,28.61064148,-88.32608032,2011,7,30.240000000000002,1.0,null,null,La Nina
2011GoM-Pma-05654,Sperm Whale,Vulnerable,28.3374176,-87.81040955,2011,7,30.0,0.0,null,null,La Nina
2011GoM-Pma-05654,Sperm Whale,Vulnerable,28.118295670000002,-87.45559692,2011,7,29.990000000000002,0.0,null,null,La Nina
2011GoM-Pma-05654,Sperm Whale,Vulnerable,28.07084656,-87.65939331,2011,7,29.990000000000002,0.0,null,null,La Nina
2011GoM-Pma-05654,Sperm Whale,Vulnerable,28.07025146,-87.66036987,2011,7,29.990000000000002,0.0,null,null,La Nina
2011GoM-Pma-05654,Sperm Whale,Vulnerable,28.40394592,-87.89041901,2011,7,30.0,0.0,null,null,La Nina
2011GoM-Pma-05654,Sperm Whale,Vulnerable,28.15419579,-87.41774749999999,2011,7,29.990000000000002,0.0,null,null,La Nina
2011GoM-Pma-05654,Sperm Whale,Vulnerable,28.03978348,-88.19989014000001,2011,7,30.26,1.0,null,null,La Nina
2011GoM-Pma-05654,Sperm Whale,Vulnerable,27.9392662,-88.15937805,2011,7,30.04,1.0,null,null,La Nina
2011GoM-Pma-05654,Sperm Whale,Vulnerable,28.20049286,-88.21351624,2011,7,30.26,1.0,null,null,La Nina
2011GoM-Pma-05654,Sperm Whale,Vulnerable,27.88909912,-88.06573486,2011,7,30.04,1.0,null,null,La Nina
2011GoM-Pma-05654,Sperm Whale,Vulnerable,28.06969833,-87.69146729,2011,7,29.990000000000002,0.0,null,null,La Nina
2011GoM-Pma-05654,Sperm Whale,Vulnerable,27.94478416,-88.20653534,2011,7,30.04,1.0,null,null,La Nina
2011GoM-Pma-05654,Sperm Whale,Vulnerable,28.21021843,-87.91059875,2011,7,30.09,1.0,null,null,La Nina
2011GoM-Pma-05654,Sperm Whale,Vulnerable,28.166353230000002,-88.02019501,2011,7,30.09,1.0,null,null,La Nina
2011GoM-Pma-05654,Sperm Whale,Vulnerable,28.42316818,-87.87686157,2011,7,30.0,0.0,null,null,La Nina
2011GoM-Pma-05654,Sperm Whale,Vulnerable,27.71773148,-88.27983856,2011,7,30.04,1.0,null,null,La Nina
2011GoM-Pma-05654,Sperm Whale,Vulnerable,28.34761238,-87.82260895,2011,7,30.0,0.0,null,null,La Nina
2011GoM-Pma-05654,Sperm Whale,Vulnerable,28.18364906,-87.98345184,2011,7,30.09,1.0,null,null,La Nina
2011GoM-Pma-05654,Sperm Whale,Vulnerable,28.47255135,-87.80033112,2011,7,30.0,0.0,null,null,La Nina
2011GoM-Pma-05654,Sperm Whale,Vulnerable,28.29272842,-87.66326141,2011,7,30.0,0.0,null,null,La Nina
2011GoM-Pma-05654,Sperm Whale,Vulnerable,28.13328362,-88.07836151000001,2011,7,30.09,1.0,null,null,La Nina
2011GoM-Pma-05654,Sperm Whale,Vulnerable,28.43919373,-87.85218048,2011,7,30.0,0.0,null,null,La Nina
2011GoM-Pma-05654,Sperm Whale,Vulnerable,28.43363571,-88.48700714,2011,7,30.23,1.0,null,null,La Nina
2011GoM-Pma-05654,Sperm Whale,Vulnerable,28.66190529,-88.40880585000001,2011,7,29.73,0.0,null,null,La Nina
2011GoM-Pma-05654,Sperm Whale,Vulnerable,28.43640327,-88.56620026,2011,7,30.23,1.0,null,null,La Nina
2011GoM-Pma-05654,Sperm Whale,Vulnerable,28.162483220000002,-88.76049042,2011,8,31.200000000000003,1.0,null,null,La Nina
2011GoM-Pma-05654,Sperm Whale,Vulnerable,28.08058357,-88.79590607,2011,8,31.200000000000003,1.0,null,null,La Nina
2011GoM-Pma-05654,Sperm Whale,Vulnerable,28.02321815,-88.79962921,2011,8,31.200000000000003,1.0,null,null,La Nina
2011GoM-Pma-05654,Sperm Whale,Vulnerable,28.06776619,-88.8094101,2011,8,31.200000000000003,1.0,null,null,La Nina
2011GoM-Pma-05654,Sperm Whale,Vulnerable,28.09945679,-88.76675415,2011,8,31.200000000000003,1.0,null,null,La Nina
2011GoM-Pma-05654,Sperm Whale,Vulnerable,28.103523250000002,-88.65200043,2011,8,31.200000000000003,1.0,null,null,La Nina
2011GoM-Pma-05654,Sperm Whale,Vulnerable,27.99741364,-88.82499695,2011,8,31.200000000000003,1.0,null,null,La Nina
2011GoM-Pma-05654,Sperm Whale,Vulnerable,28.19016075,-88.1622467,2011,8,31.04,1.0,null,null,La Nina
2011GoM-Pma-05654,Sperm Whale,Vulnerable,28.263484950000002,-88.13635254,2011,8,31.04,1.0,null,null,La Nina
2011GoM-Pma-05654,Sperm Whale,Vulnerable,28.373525620000002,-87.45449066,2011,8,31.12,1.0,null,null,La Nina
2011GoM-Pma-05654,Sperm Whale,Vulnerable,28.41571999,-88.1206131,2011,8,31.060000000000002,1.0,null,null,La Nina
2011GoM-Pma-05654,Sperm Whale,Vulnerable,28.28915977,-88.14112091,2011,8,31.060000000000002,1.0,null,null,La Nina
2011GoM-Pma-05654,Sperm Whale,Vulnerable,28.35938454,-88.37337494,2011,8,31.060000000000002,1.0,null,null,La Nina
2011GoM-Pma-05654,Sperm Whale,Vulnerable,28.3667984,-88.147789,2011,8,31.060000000000002,1.0,null,null,La Nina
2011GoM-Pma-05654,Sperm Whale,Vulnerable,28.35470772,-88.12973022,2011,8,31.060000000000002,1.0,null,null,La Nina
2011GoM-Pma-05654,Sperm Whale,Vulnerable,27.96188545,-88.71308899,2011,8,30.88,1.0,null,null,La Nina
2011GoM-Pma-05654,Sperm Whale,Vulnerable,27.948722840000002,-88.75582123,2011,8,30.88,1.0,null,null,La Nina
2011GoM-Pma-05654,Sperm Whale,Vulnerable,27.86607933,-88.78174591,2011,8,30.88,1.0,null,null,La Nina
2011GoM-Pma-05654,Sperm Whale,Vulnerable,27.92448997,-88.7088089,2011,8,30.88,1.0,null,null,La Nina
2011GoM-Pma-05654,Sperm Whale,Vulnerable,27.88552094,-88.74312592,2011,8,30.88,1.0,null,null,La Nina
2011GoM-Pma-05654,Sperm Whale,Vulnerable,27.990512850000002,-88.76969147,2011,8,31.200000000000003,1.0,null,null,La Nina
2011GoM-Pma-05654,Sperm Whale,Vulnerable,27.95699883,-88.76066589,2011,8,31.200000000000003,1.0,null,null,La Nina
2011GoM-Pma-05654,Sperm Whale,Vulnerable,28.11347961,-88.71054077000001,2011,8,31.200000000000003,1.0,null,null,La Nina
2011GoM-Pma-05654,Sperm Whale,Vulnerable,28.08760834,-88.32169342,2011,8,31.1,1.0,null,null,La Nina
2011GoM-Pma-05654,Sperm Whale,Vulnerable,28.02935219,-88.60448456,2011,8,31.1,1.0,null,null,La Nina
2011GoM-Pma-05654,Sperm Whale,Vulnerable,28.06960487,-88.17774963000001,2011,8,31.04,1.0,null,null,La Nina
2011GoM-Pma-05654,Sperm Whale,Vulnerable,28.56335068,-88.02381897000001,2011,8,31.060000000000002,1.0,null,null,La Nina
2011GoM-Pma-05654,Sperm Whale,Vulnerable,28.28839493,-88.49970245,2011,8,31.1,1.0,null,null,La Nina
2011GoM-Pma-05654,Sperm Whale,Vulnerable,28.085807799999998,-88.54737091,2011,8,31.1,1.0,null,null,La Nina
2011GoM-Pma-05654,Sperm Whale,Vulnerable,28.132385250000002,-88.57147979999999,2011,8,31.1,1.0,null,null,La Nina
2011GoM-Pma-05654,Sperm Whale,Vulnerable,28.11289978,-88.31034088,2011,8,31.1,1.0,null,null,La Nina
2011GoM-Pma-05654,Sperm Whale,Vulnerable,28.04888725,-88.52762604,2011,8,31.1,1.0,null,null,La Nina
2011GoM-Pma-05654,Sperm Whale,Vulnerable,28.15827179,-88.58018494,2011,8,31.1,1.0,null,null,La Nina
2011GoM-Pma-05654,Sperm Whale,Vulnerable,28.32317162,-88.38890076,2011,8,31.1,1.0,null,null,La Nina
2011GoM-Pma-05654,Sperm Whale,Vulnerable,28.04849815,-88.32759857,2011,8,31.1,1.0,null,null,La Nina
2011GoM-Pma-05654,Sperm Whale,Vulnerable,28.20793915,-88.20581818000001,2011,8,31.1,1.0,null,null,La Nina
2011GoM-Pma-05654,Sperm Whale,Vulnerable,28.20861626,-88.20285034,2011,8,31.1,1.0,null,null,La Nina
2011GoM-Pma-05654,Sperm Whale,Vulnerable,28.17313957,-88.27545929,2011,8,31.1,1.0,null,null,La Nina
2011GoM-Pma-05654,Sperm Whale,Vulnerable,28.259708399999997,-88.31980896,2011,8,31.1,1.0,null,null,La Nina
2011GoM-Pma-05654,Sperm Whale,Vulnerable,28.1211338,-88.55433655,2011,8,31.1,1.0,null,null,La Nina
2011GoM-Pma-05654,Sperm Whale,Vulnerable,28.06754303,-88.33926392000001,2011,8,31.1,1.0,null,null,La Nina
2011GoM-Pma-05654,Sperm Whale,Vulnerable,28.29077721,-88.30570984,2011,8,31.1,1.0,null,null,La Nina
2011GoM-Pma-05654,Sperm Whale,Vulnerable,28.16806984,-88.35578156,2011,8,31.1,1.0,null,null,La Nina
2011GoM-Pma-05654,Sperm Whale,Vulnerable,28.14349174,-88.35668945,2011,8,31.1,1.0,null,null,La Nina
2011GoM-Pma-05654,Sperm Whale,Vulnerable,28.02426529,-88.37830353,2011,8,31.1,1.0,null,null,La Nina
2011GoM-Pma-05654,Sperm Whale,Vulnerable,28.09545708,-88.38301849,2011,8,31.1,1.0,null,null,La Nina
2011GoM-Pma-05654,Sperm Whale,Vulnerable,28.0452919,-88.21188354,2011,8,31.1,1.0,null,null,La Nina
2011GoM-Pma-05654,Sperm Whale,Vulnerable,28.31141853,-88.39851379,2011,8,31.1,1.0,null,null,La Nina
2011GoM-Pma-05654,Sperm Whale,Vulnerable,28.10079193,-88.56755829000001,2011,8,31.1,1.0,null,null,La Nina
2011GoM-Pma-05654,Sperm Whale,Vulnerable,28.14790154,-88.27884674,2011,8,31.1,1.0,null,null,La Nina
2011GoM-Pma-05654,Sperm Whale,Vulnerable,28.2423687,-88.6258316,2011,8,31.1,1.0,null,null,La Nina
2011GoM-Pma-05654,Sperm Whale,Vulnerable,27.97547531,-88.47924805,2011,8,31.1,1.0,null,null,La Nina
2011GoM-Pma-05654,Sperm Whale,Vulnerable,28.18990517,-88.57901001,2011,8,31.1,1.0,null,null,La Nina
2011GoM-Pma-05654,Sperm Whale,Vulnerable,28.18703842,-88.57872772,2011,8,31.1,1.0,null,null,La Nina
2011GoM-Pma-05654,Sperm Whale,Vulnerable,28.194028850000002,-88.4559021,2011,8,31.1,1.0,null,null,La Nina
2011GoM-Pma-05654,Sperm Whale,Vulnerable,27.84794617,-89.35274506,2011,8,30.93,1.0,null,null,La Nina
2011GoM-Pma-05654,Sperm Whale,Vulnerable,28.18220711,-88.48737335,2011,8,31.1,1.0,null,null,La Nina
2011GoM-Pma-05654,Sperm Whale,Vulnerable,28.32786369,-88.60225677,2011,8,31.18,1.0,null,null,La Nina
2011GoM-Pma-05654,Sperm Whale,Vulnerable,28.36246681,-88.66065979,2011,8,31.18,1.0,null,null,La Nina
2011GoM-Pma-05654,Sperm Whale,Vulnerable,27.813930510000002,-88.95933533,2011,8,30.830000000000002,1.0,null,null,La Nina
2011GoM-Pma-05654,Sperm Whale,Vulnerable,27.78716278,-88.96501923,2011,8,30.830000000000002,1.0,null,null,La Nina
2011GoM-Pma-05654,Sperm Whale,Vulnerable,27.836900710000002,-89.31321716000001,2011,8,30.830000000000002,1.0,null,null,La Nina
2011GoM-Pma-05654,Sperm Whale,Vulnerable,27.87705231,-88.94937134,2011,8,30.830000000000002,1.0,null,null,La Nina
2011GoM-Pma-05654,Sperm Whale,Vulnerable,28.25852203,-87.46901703,2011,8,31.14,1.0,null,null,La Nina
2011GoM-Pma-05654,Sperm Whale,Vulnerable,28.54744148,-87.79527283,2011,8,31.060000000000002,1.0,null,null,La Nina
2011GoM-Pma-05654,Sperm Whale,Vulnerable,28.56684303,-87.80588531000001,2011,8,31.060000000000002,1.0,null,null,La Nina
2011GoM-Pma-05654,Sperm Whale,Vulnerable,27.96198463,-88.70599365,2011,8,30.88,1.0,null,null,La Nina
2011GoM-Pma-05654,Sperm Whale,Vulnerable,27.86533737,-88.78979492,2011,8,30.88,1.0,null,null,La Nina
2011GoM-Pma-05654,Sperm Whale,Vulnerable,28.40552711,-88.19844055,2011,8,31.060000000000002,1.0,null,null,La Nina
2011GoM-Pma-05654,Sperm Whale,Vulnerable,28.30872154,-88.25878906,2011,8,31.060000000000002,1.0,null,null,La Nina
2011GoM-Pma-05654,Sperm Whale,Vulnerable,28.17386627,-88.13836669999999,2011,8,31.04,1.0,null,null,La Nina
2011GoM-Pma-05654,Sperm Whale,Vulnerable,28.424837110000002,-88.22087859999999,2011,8,31.060000000000002,1.0,null,null,La Nina
2011GoM-Pma-05654,Sperm Whale,Vulnerable,28.29798889,-88.15705872,2011,8,31.060000000000002,1.0,null,null,La Nina
2011GoM-Pma-05654,Sperm Whale,Vulnerable,28.50514412,-87.77098083,2011,8,31.060000000000002,1.0,null,null,La Nina
2011GoM-Pma-05655,Sperm Whale,Vulnerable,28.48491096,-89.00667572,2011,7,30.07,1.0,null,null,La Nina
2011GoM-Pma-05655,Sperm Whale,Vulnerable,28.41135216,-88.87625885,2011,7,30.07,1.0,null,null,La Nina
2011GoM-Pma-05655,Sperm Whale,Vulnerable,28.32631111,-89.13179016000001,2011,7,30.07,1.0,null,null,La Nina
2011GoM-Pma-05655,Sperm Whale,Vulnerable,28.28631973,-89.09040833,2011,7,30.07,1.0,null,null,La Nina
2011GoM-Pma-05655,Sperm Whale,Vulnerable,28.39318275,-89.08968353,2011,7,30.07,1.0,null,null,La Nina
2011GoM-Pma-05655,Sperm Whale,Vulnerable,28.41724968,-89.04679871,2011,7,30.07,1.0,null,null,La Nina
2011GoM-Pma-05655,Sperm Whale,Vulnerable,28.30784988,-89.03929138000001,2011,7,30.07,1.0,null,null,La Nina
2011GoM-Pma-05655,Sperm Whale,Vulnerable,28.30672646,-89.03791046,2011,7,30.07,1.0,null,null,La Nina
2011GoM-Pma-05655,Sperm Whale,Vulnerable,28.33008766,-89.05476379,2011,7,30.07,1.0,null,null,La Nina
2011GoM-Pma-05655,Sperm Whale,Vulnerable,28.38367462,-89.08678436,2011,7,30.07,1.0,null,null,La Nina
2011GoM-Pma-05655,Sperm Whale,Vulnerable,28.433839799999998,-89.17372894,2011,7,30.07,1.0,null,null,La Nina
2011GoM-Pma-05655,Sperm Whale,Vulnerable,28.27545166,-89.05371094,2011,7,30.26,1.0,null,null,La Nina
2011GoM-Pma-05655,Sperm Whale,Vulnerable,28.24646759,-89.07054901000001,2011,7,30.26,1.0,null,null,La Nina
2011GoM-Pma-05655,Sperm Whale,Vulnerable,28.19588852,-88.98307799999999,2011,7,30.26,1.0,null,null,La Nina
2011GoM-Pma-05655,Sperm Whale,Vulnerable,28.72930527,-88.78534698,2011,7,29.48,0.0,null,null,La Nina
2011GoM-Pma-05655,Sperm Whale,Vulnerable,28.71011925,-88.77425385000001,2011,7,29.48,0.0,null,null,La Nina
2011GoM-Pma-05655,Sperm Whale,Vulnerable,28.73353195,-88.70011139,2011,7,29.48,0.0,null,null,La Nina
2011GoM-Pma-05655,Sperm Whale,Vulnerable,28.44592476,-89.09694672,2011,7,30.07,1.0,null,null,La Nina
2011GoM-Pma-05655,Sperm Whale,Vulnerable,28.58313751,-88.92685699,2011,7,30.07,1.0,null,null,La Nina
2011GoM-Pma-05655,Sperm Whale,Vulnerable,28.28676796,-89.09378815000001,2011,7,30.07,1.0,null,null,La Nina
2011GoM-Pma-05655,Sperm Whale,Vulnerable,28.39692307,-89.14478302,2011,7,30.07,1.0,null,null,La Nina
2011GoM-Pma-05655,Sperm Whale,Vulnerable,28.73182297,-88.72280121,2011,7,29.48,0.0,null,null,La Nina
2011GoM-Pma-05655,Sperm Whale,Vulnerable,28.815284730000002,-88.47850799999999,2011,7,29.73,0.0,null,null,La Nina
2011GoM-Pma-05655,Sperm Whale,Vulnerable,28.324131010000002,-89.31629181,2011,7,30.46,1.0,null,null,La Nina
2011GoM-Pma-05655,Sperm Whale,Vulnerable,28.21622276,-89.22505188,2011,7,30.46,1.0,null,null,La Nina
2011GoM-Pma-05655,Sperm Whale,Vulnerable,28.39825058,-89.55387878,2011,7,30.23,1.0,null,null,La Nina
2011GoM-Pma-05655,Sperm Whale,Vulnerable,28.33829117,-89.27967072,2011,7,30.46,1.0,null,null,La Nina
2011GoM-Pma-05655,Sperm Whale,Vulnerable,28.30087662,-89.17275238,2011,7,30.46,1.0,null,null,La Nina
2011GoM-Pma-05655,Sperm Whale,Vulnerable,28.41711426,-89.54534912,2011,7,30.23,1.0,null,null,La Nina
2011GoM-Pma-05655,Sperm Whale,Vulnerable,28.20391846,-89.14539337000001,2011,7,30.46,1.0,null,null,La Nina
2011GoM-Pma-05655,Sperm Whale,Vulnerable,28.80530739,-88.65114594,2011,7,29.48,0.0,null,null,La Nina
2011GoM-Pma-05655,Sperm Whale,Vulnerable,28.31049919,-88.88771057,2011,7,30.26,1.0,null,null,La Nina
2011GoM-Pma-05655,Sperm Whale,Vulnerable,28.73159218,-88.74752808,2011,7,29.48,0.0,null,null,La Nina
2011GoM-Pma-05655,Sperm Whale,Vulnerable,28.30615616,-89.10461426,2011,7,30.07,1.0,null,null,La Nina
2011GoM-Pma-05655,Sperm Whale,Vulnerable,28.37015533,-89.12531281,2011,7,30.07,1.0,null,null,La Nina
2011GoM-Pma-05655,Sperm Whale,Vulnerable,28.35564423,-89.14275359999999,2011,7,30.07,1.0,null,null,La Nina
2011GoM-Pma-05655,Sperm Whale,Vulnerable,28.32355118,-89.14630127,2011,7,30.07,1.0,null,null,La Nina
2011GoM-Pma-05655,Sperm Whale,Vulnerable,28.38545799,-89.08781433,2011,7,30.07,1.0,null,null,La Nina
2011GoM-Pma-05655,Sperm Whale,Vulnerable,28.78343391,-88.56739044,2011,7,29.73,0.0,null,null,La Nina
2011GoM-Pma-05655,Sperm Whale,Vulnerable,28.85176849,-88.57499695,2011,7,29.73,0.0,null,null,La Nina
2011GoM-Pma-05655,Sperm Whale,Vulnerable,28.93300247,-88.49715424,2011,7,29.73,0.0,null,null,La Nina
2011GoM-Pma-05655,Sperm Whale,Vulnerable,28.41090012,-89.09384918,2011,7,30.07,1.0,null,null,La Nina
2011GoM-Pma-05655,Sperm Whale,Vulnerable,28.96772575,-88.42931366,2011,8,31.13,1.0,null,null,La Nina
2011GoM-Pma-05655,Sperm Whale,Vulnerable,28.85566139,-88.60663605,2011,8,31.13,1.0,null,null,La Nina
2011GoM-Pma-05655,Sperm Whale,Vulnerable,28.89373398,-88.44932556,2011,8,31.13,1.0,null,null,La Nina
2011GoM-Pma-05655,Sperm Whale,Vulnerable,28.85956192,-88.58410645000001,2011,8,31.13,1.0,null,null,La Nina
2011GoM-Pma-05655,Sperm Whale,Vulnerable,28.8443737,-88.56066132000001,2011,8,31.13,1.0,null,null,La Nina
2011GoM-Pma-05655,Sperm Whale,Vulnerable,28.95843315,-88.36804962000001,2011,8,31.13,1.0,null,null,La Nina
2011GoM-Pma-05655,Sperm Whale,Vulnerable,28.88529015,-88.46446228,2011,8,31.13,1.0,null,null,La Nina
2011GoM-Pma-05655,Sperm Whale,Vulnerable,28.95822334,-88.36661529999999,2011,8,31.13,1.0,null,null,La Nina
2011GoM-Pma-05655,Sperm Whale,Vulnerable,28.996082310000002,-88.45411682,2011,8,31.13,1.0,null,null,La Nina
2011GoM-Pma-05655,Sperm Whale,Vulnerable,29.00905991,-88.44830322,2011,8,31.13,1.0,null,null,La Nina
2011GoM-Pma-05655,Sperm Whale,Vulnerable,29.0177269,-88.39356232,2011,8,31.13,1.0,null,null,La Nina
2011GoM-Pma-05655,Sperm Whale,Vulnerable,28.94699287,-88.4593811,2011,8,31.13,1.0,null,null,La Nina
2011GoM-Pma-05655,Sperm Whale,Vulnerable,28.935989380000002,-88.34747314,2011,8,31.13,1.0,null,null,La Nina
2011GoM-Pma-05655,Sperm Whale,Vulnerable,28.82656097,-88.50029755,2011,8,31.13,1.0,null,null,La Nina
2011GoM-Pma-05655,Sperm Whale,Vulnerable,28.90725136,-88.4493103,2011,8,31.13,1.0,null,null,La Nina
2011GoM-Pma-05655,Sperm Whale,Vulnerable,28.91504669,-88.40654755,2011,8,31.13,1.0,null,null,La Nina
2011GoM-Pma-05655,Sperm Whale,Vulnerable,28.83416939,-88.60397339000001,2011,8,31.13,1.0,null,null,La Nina
2011GoM-Pma-05655,Sperm Whale,Vulnerable,28.83901596,-88.60095978,2011,8,31.13,1.0,null,null,La Nina
2011GoM-Pma-05655,Sperm Whale,Vulnerable,28.98558998,-88.45088959,2011,8,31.13,1.0,null,null,La Nina
2011GoM-Pma-05655,Sperm Whale,Vulnerable,29.01568031,-88.45620728,2011,8,31.13,1.0,null,null,La Nina
2011GoM-Pma-05655,Sperm Whale,Vulnerable,28.98963547,-88.41665649000001,2011,8,31.13,1.0,null,null,La Nina
2011GoM-Pma-05655,Sperm Whale,Vulnerable,28.90530396,-88.44800568000001,2011,8,31.13,1.0,null,null,La Nina
2011GoM-Pma-05655,Sperm Whale,Vulnerable,28.82042885,-88.63162231,2011,8,31.13,1.0,null,null,La Nina
2011GoM-Pma-05655,Sperm Whale,Vulnerable,28.87040138,-88.50031281,2011,8,31.13,1.0,null,null,La Nina
2011GoM-Pma-05655,Sperm Whale,Vulnerable,28.9214344,-88.38456726,2011,8,31.13,1.0,null,null,La Nina
2011GoM-Pma-05655,Sperm Whale,Vulnerable,28.820940020000002,-88.569664,2011,8,31.13,1.0,null,null,La Nina
2011GoM-Pma-05655,Sperm Whale,Vulnerable,28.82710075,-88.49838257,2011,8,31.13,1.0,null,null,La Nina
2011GoM-Pma-05655,Sperm Whale,Vulnerable,28.868223190000002,-88.52435303,2011,8,31.13,1.0,null,null,La Nina
2011GoM-Pma-05655,Sperm Whale,Vulnerable,28.85865402,-88.62083435,2011,8,31.13,1.0,null,null,La Nina
2011GoM-Pma-05655,Sperm Whale,Vulnerable,28.93629646,-88.34508514,2011,8,31.13,1.0,null,null,La Nina
2011GoM-Pma-05655,Sperm Whale,Vulnerable,28.71674919,-88.83482361,2011,8,31.14,1.0,null,null,La Nina
2011GoM-Pma-05655,Sperm Whale,Vulnerable,28.62973785,-88.87257385,2011,8,31.14,1.0,null,null,La Nina
2011GoM-Pma-05655,Sperm Whale,Vulnerable,28.816366199999997,-88.72583008000001,2011,8,31.14,1.0,null,null,La Nina
2011GoM-Pma-05655,Sperm Whale,Vulnerable,28.85339737,-88.66661072000001,2011,8,31.14,1.0,null,null,La Nina
2011GoM-Pma-05655,Sperm Whale,Vulnerable,28.74000359,-88.81980133,2011,8,31.14,1.0,null,null,La Nina
2011GoM-Pma-05655,Sperm Whale,Vulnerable,28.355539320000002,-89.49627686000001,2011,8,31.19,1.0,null,null,La Nina
2011GoM-Pma-05655,Sperm Whale,Vulnerable,28.383422850000002,-89.5475235,2011,8,31.19,1.0,null,null,La Nina
2011GoM-Pma-05655,Sperm Whale,Vulnerable,28.70495415,-88.75611877,2011,8,31.14,1.0,null,null,La Nina
2011GoM-Pma-05655,Sperm Whale,Vulnerable,28.78798866,-88.7092514,2011,8,31.14,1.0,null,null,La Nina
2011GoM-Pma-05655,Sperm Whale,Vulnerable,28.64130402,-88.92612457,2011,8,31.35,1.0,null,null,La Nina
2011GoM-Pma-05655,Sperm Whale,Vulnerable,28.75313568,-88.73030853,2011,8,31.14,1.0,null,null,La Nina
2011GoM-Pma-05655,Sperm Whale,Vulnerable,28.76660156,-88.72513579999999,2011,8,31.14,1.0,null,null,La Nina
2011GoM-Pma-05655,Sperm Whale,Vulnerable,28.78618431,-88.65432739,2011,8,31.14,1.0,null,null,La Nina
2011GoM-Pma-05655,Sperm Whale,Vulnerable,28.80600166,-88.65292358,2011,8,31.14,1.0,null,null,La Nina
2011GoM-Pma-05655,Sperm Whale,Vulnerable,28.80604744,-88.68571472,2011,8,31.14,1.0,null,null,La Nina
2011GoM-Pma-05655,Sperm Whale,Vulnerable,28.442945480000002,-89.05387115,2011,8,31.35,1.0,null,null,La Nina
2011GoM-Pma-05655,Sperm Whale,Vulnerable,28.40829277,-89.54882049999999,2011,8,31.19,1.0,null,null,La Nina
2011GoM-Pma-05655,Sperm Whale,Vulnerable,28.69394302,-88.81188965,2011,8,31.14,1.0,null,null,La Nina
2011GoM-Pma-05655,Sperm Whale,Vulnerable,28.3886261,-89.57040405000001,2011,8,31.19,1.0,null,null,La Nina
2011GoM-Pma-05655,Sperm Whale,Vulnerable,28.72411919,-88.73554229999999,2011,8,31.14,1.0,null,null,La Nina
2011GoM-Pma-05655,Sperm Whale,Vulnerable,28.58516121,-88.94152832,2011,8,31.35,1.0,null,null,La Nina
2011GoM-Pma-05655,Sperm Whale,Vulnerable,28.70147896,-88.85983276,2011,8,31.14,1.0,null,null,La Nina
2011GoM-Pma-05655,Sperm Whale,Vulnerable,28.78204155,-88.65349579000001,2011,8,31.14,1.0,null,null,La Nina
2011GoM-Pma-05655,Sperm Whale,Vulnerable,28.638814930000002,-88.87746429,2011,8,31.14,1.0,null,null,La Nina
2011GoM-Pma-05655,Sperm Whale,Vulnerable,28.783323290000002,-88.65619659000001,2011,8,31.14,1.0,null,null,La Nina
2011GoM-Pma-05655,Sperm Whale,Vulnerable,28.73653221,-88.8533783,2011,8,31.14,1.0,null,null,La Nina
2011GoM-Pma-05655,Sperm Whale,Vulnerable,28.68724823,-88.76937103,2011,8,31.14,1.0,null,null,La Nina
2011GoM-Pma-05655,Sperm Whale,Vulnerable,28.77318382,-88.66823578,2011,8,31.14,1.0,null,null,La Nina
2011GoM-Pma-05655,Sperm Whale,Vulnerable,28.69988632,-88.75164032,2011,8,31.14,1.0,null,null,La Nina
2011GoM-Pma-05655,Sperm Whale,Vulnerable,28.585227970000002,-88.90380096,2011,8,31.35,1.0,null,null,La Nina
2011GoM-Pma-05655,Sperm Whale,Vulnerable,28.80282593,-88.66899109,2011,8,31.14,1.0,null,null,La Nina
2011GoM-Pma-05655,Sperm Whale,Vulnerable,28.63408279,-88.92299652,2011,8,31.35,1.0,null,null,La Nina
2011GoM-Pma-05655,Sperm Whale,Vulnerable,28.76786995,-88.81639099,2011,8,31.14,1.0,null,null,La Nina
2011GoM-Pma-05655,Sperm Whale,Vulnerable,28.32819176,-89.42137909,2011,8,31.23,1.0,null,null,La Nina
2011GoM-Pma-05655,Sperm Whale,Vulnerable,29.028329850000002,-88.12099457000001,2011,8,31.060000000000002,1.0,null,null,La Nina
2011GoM-Pma-05655,Sperm Whale,Vulnerable,29.02164459,-88.19207001,2011,8,31.060000000000002,1.0,null,null,La Nina
2011GoM-Pma-05655,Sperm Whale,Vulnerable,29.07672501,-88.1245575,2011,8,31.060000000000002,1.0,null,null,La Nina
2011GoM-Pma-05655,Sperm Whale,Vulnerable,29.02869606,-88.12242889,2011,8,31.060000000000002,1.0,null,null,La Nina
2011GoM-Pma-05655,Sperm Whale,Vulnerable,29.00912476,-88.13471222,2011,8,31.060000000000002,1.0,null,null,La Nina
2011GoM-Pma-05655,Sperm Whale,Vulnerable,29.009260180000002,-88.13384247,2011,8,31.060000000000002,1.0,null,null,La Nina
2011GoM-Pma-05655,Sperm Whale,Vulnerable,28.61724663,-88.84361267,2011,8,31.18,1.0,null,null,La Nina
2011GoM-Pma-05655,Sperm Whale,Vulnerable,28.5974884,-88.86306,2011,8,31.18,1.0,null,null,La Nina
2011GoM-Pma-05655,Sperm Whale,Vulnerable,28.635923390000002,-88.87473297,2011,8,31.14,1.0,null,null,La Nina
2011GoM-Pma-05655,Sperm Whale,Vulnerable,28.60920715,-88.87756348,2011,8,31.35,1.0,null,null,La Nina
2011GoM-Pma-05655,Sperm Whale,Vulnerable,28.7662487,-88.72720337,2011,8,31.14,1.0,null,null,La Nina
2011GoM-Pma-05655,Sperm Whale,Vulnerable,28.60679817,-88.88148499,2011,8,31.35,1.0,null,null,La Nina
2011GoM-Pma-05655,Sperm Whale,Vulnerable,28.57637215,-88.94160461,2011,8,31.35,1.0,null,null,La Nina
2011GoM-Pma-05655,Sperm Whale,Vulnerable,28.57576942,-88.94473267000001,2011,8,31.35,1.0,null,null,La Nina
2011GoM-Pma-05655,Sperm Whale,Vulnerable,28.55054474,-88.96893311000001,2011,8,31.35,1.0,null,null,La Nina
2011GoM-Pma-05655,Sperm Whale,Vulnerable,28.812603,-88.78129578000001,2011,8,31.14,1.0,null,null,La Nina
2011GoM-Pma-05655,Sperm Whale,Vulnerable,28.58636856,-88.92605591,2011,8,31.35,1.0,null,null,La Nina
2011GoM-Pma-05655,Sperm Whale,Vulnerable,28.69940758,-88.88884735,2011,8,31.14,1.0,null,null,La Nina
2011GoM-Pma-05826,Sperm Whale,Vulnerable,28.60232925,-88.87406158,2011,7,30.07,1.0,null,null,La Nina
2011GoM-Pma-05826,Sperm Whale,Vulnerable,28.649473190000002,-88.88329315,2011,7,29.48,0.0,null,null,La Nina
2011GoM-Pma-05826,Sperm Whale,Vulnerable,28.65916061,-88.89388275,2011,7,29.48,0.0,null,null,La Nina
2011GoM-Pma-05826,Sperm Whale,Vulnerable,28.50406837,-88.99559021,2011,7,30.07,1.0,null,null,La Nina
2011GoM-Pma-05826,Sperm Whale,Vulnerable,28.55145073,-88.94303131,2011,7,30.07,1.0,null,null,La Nina
2011GoM-Pma-05826,Sperm Whale,Vulnerable,28.508014680000002,-88.96470642,2011,7,30.07,1.0,null,null,La Nina
2011GoM-Pma-05826,Sperm Whale,Vulnerable,28.53173447,-88.94762421,2011,7,30.07,1.0,null,null,La Nina
2011GoM-Pma-05826,Sperm Whale,Vulnerable,28.5033474,-88.99364471,2011,7,30.07,1.0,null,null,La Nina
2011GoM-Pma-05826,Sperm Whale,Vulnerable,28.3956852,-89.09371948,2011,7,30.07,1.0,null,null,La Nina
2011GoM-Pma-05826,Sperm Whale,Vulnerable,28.49716759,-89.00576019,2011,7,30.07,1.0,null,null,La Nina
2011GoM-Pma-05826,Sperm Whale,Vulnerable,28.64424133,-88.72131348,2011,7,30.23,1.0,null,null,La Nina
2011GoM-Pma-05826,Sperm Whale,Vulnerable,28.64104652,-88.69548798,2011,7,30.23,1.0,null,null,La Nina
2011GoM-Pma-05826,Sperm Whale,Vulnerable,28.63020325,-88.8165741,2011,7,30.23,1.0,null,null,La Nina
2011GoM-Pma-05910,Sperm Whale,Vulnerable,28.336294170000002,-89.06164551,2011,7,30.07,1.0,null,null,La Nina
2011GoM-Pma-05910,Sperm Whale,Vulnerable,28.30620193,-89.10838318,2011,7,30.07,1.0,null,null,La Nina
2011GoM-Pma-05910,Sperm Whale,Vulnerable,28.29997063,-89.10114288,2011,7,30.07,1.0,null,null,La Nina
2011GoM-Pma-05910,Sperm Whale,Vulnerable,28.34272194,-89.13440704,2011,7,30.07,1.0,null,null,La Nina
2011GoM-Pma-05910,Sperm Whale,Vulnerable,28.32336426,-89.1353302,2011,7,30.07,1.0,null,null,La Nina
2011GoM-Pma-05910,Sperm Whale,Vulnerable,28.41942787,-89.07406616,2011,7,30.07,1.0,null,null,La Nina
2011GoM-Pma-05910,Sperm Whale,Vulnerable,28.484712599999998,-89.00678253,2011,7,30.07,1.0,null,null,La Nina
2011GoM-Pma-05910,Sperm Whale,Vulnerable,28.30019569,-89.09540558,2011,7,30.07,1.0,null,null,La Nina
2011GoM-Pma-05910,Sperm Whale,Vulnerable,28.35803986,-89.14126587,2011,7,30.07,1.0,null,null,La Nina
2011GoM-Pma-05910,Sperm Whale,Vulnerable,28.36723709,-89.1297226,2011,7,30.07,1.0,null,null,La Nina
2011GoM-Pma-05910,Sperm Whale,Vulnerable,28.42244148,-89.03591919,2011,7,30.07,1.0,null,null,La Nina
2011GoM-Pma-05910,Sperm Whale,Vulnerable,28.46620369,-89.07676697000001,2011,7,30.07,1.0,null,null,La Nina
2011GoM-Pma-05910,Sperm Whale,Vulnerable,28.53447723,-88.98421478,2011,7,30.07,1.0,null,null,La Nina
2011GoM-Pma-05910,Sperm Whale,Vulnerable,28.441471099999998,-89.09464264,2011,7,30.07,1.0,null,null,La Nina
2011GoM-Pma-05910,Sperm Whale,Vulnerable,28.39871407,-89.21421814,2011,7,30.07,1.0,null,null,La Nina
2011GoM-Pma-05910,Sperm Whale,Vulnerable,28.44382477,-89.17076111,2011,7,30.07,1.0,null,null,La Nina
2011GoM-Pma-05910,Sperm Whale,Vulnerable,28.21921158,-89.08771515000001,2011,7,30.26,1.0,null,null,La Nina
2011GoM-Pma-05910,Sperm Whale,Vulnerable,28.72902298,-88.70829773,2011,7,29.48,0.0,null,null,La Nina
2011GoM-Pma-05910,Sperm Whale,Vulnerable,28.7262249,-88.72724152,2011,7,29.48,0.0,null,null,La Nina
2011GoM-Pma-05910,Sperm Whale,Vulnerable,28.79989624,-88.6499176,2011,7,29.48,0.0,null,null,La Nina
2011GoM-Pma-05910,Sperm Whale,Vulnerable,28.37530899,-89.23415375,2011,7,30.07,1.0,null,null,La Nina
2011GoM-Pma-05910,Sperm Whale,Vulnerable,28.71064758,-88.77140045,2011,7,29.48,0.0,null,null,La Nina
2011GoM-Pma-05910,Sperm Whale,Vulnerable,28.34495163,-89.20947266,2011,7,30.07,1.0,null,null,La Nina
2011GoM-Pma-05910,Sperm Whale,Vulnerable,28.7171402,-88.80216217,2011,7,29.48,0.0,null,null,La Nina
2011GoM-Pma-05910,Sperm Whale,Vulnerable,28.476402280000002,-88.93006134000001,2011,7,30.07,1.0,null,null,La Nina
2011GoM-Pma-05910,Sperm Whale,Vulnerable,28.75140953,-88.72382355,2011,7,29.48,0.0,null,null,La Nina
2011GoM-Pma-05910,Sperm Whale,Vulnerable,28.39885902,-89.55734253,2011,7,30.23,1.0,null,null,La Nina
2011GoM-Pma-05910,Sperm Whale,Vulnerable,28.21796036,-89.2210083,2011,7,30.46,1.0,null,null,La Nina
2011GoM-Pma-05910,Sperm Whale,Vulnerable,28.39154816,-89.56987000000001,2011,7,30.23,1.0,null,null,La Nina
2011GoM-Pma-05910,Sperm Whale,Vulnerable,28.41246223,-89.54551697000001,2011,7,30.23,1.0,null,null,La Nina
2011GoM-Pma-05910,Sperm Whale,Vulnerable,28.39667892,-89.16945648000001,2011,7,30.07,1.0,null,null,La Nina
2011GoM-Pma-05910,Sperm Whale,Vulnerable,28.37744141,-88.86527252,2011,7,30.26,1.0,null,null,La Nina
2011GoM-Pma-05910,Sperm Whale,Vulnerable,28.39809036,-89.09218597,2011,7,30.07,1.0,null,null,La Nina
2011GoM-Pma-05910,Sperm Whale,Vulnerable,28.35354424,-89.13995361,2011,7,30.07,1.0,null,null,La Nina
2011GoM-Pma-05910,Sperm Whale,Vulnerable,28.42200279,-88.87844086,2011,7,30.07,1.0,null,null,La Nina
2011GoM-Pma-05910,Sperm Whale,Vulnerable,28.31876945,-89.07161713,2011,7,30.07,1.0,null,null,La Nina
2011GoM-Pma-05910,Sperm Whale,Vulnerable,28.36964798,-89.1228714,2011,7,30.07,1.0,null,null,La Nina
2011GoM-Pma-05910,Sperm Whale,Vulnerable,28.29617691,-89.15296936,2011,7,30.07,1.0,null,null,La Nina
2011GoM-Pma-05910,Sperm Whale,Vulnerable,28.342628480000002,-89.05947113,2011,7,30.07,1.0,null,null,La Nina
2011GoM-Pma-05910,Sperm Whale,Vulnerable,28.64899635,-88.84814453,2011,7,29.48,0.0,null,null,La Nina
2011GoM-Pma-05910,Sperm Whale,Vulnerable,28.32569504,-89.07039642000001,2011,7,30.07,1.0,null,null,La Nina
2011GoM-Pma-05910,Sperm Whale,Vulnerable,28.81816101,-88.48815155,2011,7,29.73,0.0,null,null,La Nina
2011GoM-Pma-05910,Sperm Whale,Vulnerable,28.84178734,-88.58377075,2011,7,29.73,0.0,null,null,La Nina
2011GoM-Pma-05910,Sperm Whale,Vulnerable,28.77972984,-88.53030396,2011,7,29.73,0.0,null,null,La Nina
2011GoM-Pma-05910,Sperm Whale,Vulnerable,28.96349525,-88.42873383,2011,8,31.13,1.0,null,null,La Nina
2011GoM-Pma-05910,Sperm Whale,Vulnerable,28.8425808,-88.61733246,2011,8,31.13,1.0,null,null,La Nina
2011GoM-Pma-05910,Sperm Whale,Vulnerable,28.96762085,-88.39749908,2011,8,31.13,1.0,null,null,La Nina
2011GoM-Pma-05910,Sperm Whale,Vulnerable,28.84587669,-88.59047699,2011,8,31.13,1.0,null,null,La Nina
2011GoM-Pma-05910,Sperm Whale,Vulnerable,28.81220818,-88.51804352,2011,8,31.13,1.0,null,null,La Nina
2011GoM-Pma-05910,Sperm Whale,Vulnerable,28.810897830000002,-88.51808167,2011,8,31.13,1.0,null,null,La Nina
2011GoM-Pma-05910,Sperm Whale,Vulnerable,28.91524124,-88.4182663,2011,8,31.13,1.0,null,null,La Nina
2011GoM-Pma-05910,Sperm Whale,Vulnerable,28.97286606,-88.38658905,2011,8,31.13,1.0,null,null,La Nina
2011GoM-Pma-05910,Sperm Whale,Vulnerable,28.91916656,-88.37561798,2011,8,31.13,1.0,null,null,La Nina
2011GoM-Pma-05910,Sperm Whale,Vulnerable,28.935005190000002,-88.47150421,2011,8,31.13,1.0,null,null,La Nina
2011GoM-Pma-05910,Sperm Whale,Vulnerable,29.00529289,-88.46685791,2011,8,31.13,1.0,null,null,La Nina
2011GoM-Pma-05910,Sperm Whale,Vulnerable,28.964057920000002,-88.26786041,2011,8,31.13,1.0,null,null,La Nina
2011GoM-Pma-05910,Sperm Whale,Vulnerable,28.93284988,-88.475914,2011,8,31.13,1.0,null,null,La Nina
2011GoM-Pma-05910,Sperm Whale,Vulnerable,29.00891113,-88.49160004000001,2011,8,31.13,1.0,null,null,La Nina
2011GoM-Pma-05910,Sperm Whale,Vulnerable,28.96722984,-88.397995,2011,8,31.13,1.0,null,null,La Nina
2011GoM-Pma-05910,Sperm Whale,Vulnerable,28.970750810000002,-88.42603302,2011,8,31.13,1.0,null,null,La Nina
2011GoM-Pma-05910,Sperm Whale,Vulnerable,28.92040253,-88.23728179999999,2011,8,31.13,1.0,null,null,La Nina
2011GoM-Pma-05910,Sperm Whale,Vulnerable,28.82208824,-88.52556609999999,2011,8,31.13,1.0,null,null,La Nina
2011GoM-Pma-05910,Sperm Whale,Vulnerable,28.99149513,-88.44743347,2011,8,31.13,1.0,null,null,La Nina
2011GoM-Pma-05910,Sperm Whale,Vulnerable,28.82405472,-88.54522705000001,2011,8,31.13,1.0,null,null,La Nina
2011GoM-Pma-05910,Sperm Whale,Vulnerable,29.01027107,-88.36125946,2011,8,31.13,1.0,null,null,La Nina
2011GoM-Pma-05910,Sperm Whale,Vulnerable,28.91169739,-88.39950562,2011,8,31.13,1.0,null,null,La Nina
2011GoM-Pma-05910,Sperm Whale,Vulnerable,28.84218979,-88.62218475,2011,8,31.13,1.0,null,null,La Nina
2011GoM-Pma-05910,Sperm Whale,Vulnerable,28.949954990000002,-88.35778046,2011,8,31.13,1.0,null,null,La Nina
2011GoM-Pma-05910,Sperm Whale,Vulnerable,28.919738770000002,-88.41750336,2011,8,31.13,1.0,null,null,La Nina
2011GoM-Pma-05910,Sperm Whale,Vulnerable,29.004421230000002,-88.45043945,2011,8,31.13,1.0,null,null,La Nina
2011GoM-Pma-05910,Sperm Whale,Vulnerable,28.93506622,-88.50659943000001,2011,8,31.13,1.0,null,null,La Nina
2011GoM-Pma-05910,Sperm Whale,Vulnerable,29.01826286,-88.40171051,2011,8,31.13,1.0,null,null,La Nina
2011GoM-Pma-05910,Sperm Whale,Vulnerable,28.85281944,-88.58908844,2011,8,31.13,1.0,null,null,La Nina
2011GoM-Pma-05910,Sperm Whale,Vulnerable,28.83937263,-88.58579254,2011,8,31.13,1.0,null,null,La Nina
2011GoM-Pma-05910,Sperm Whale,Vulnerable,28.98728752,-88.41279602,2011,8,31.13,1.0,null,null,La Nina
2011GoM-Pma-05910,Sperm Whale,Vulnerable,28.84421349,-88.61599731,2011,8,31.13,1.0,null,null,La Nina
2011GoM-Pma-05910,Sperm Whale,Vulnerable,28.86256599,-88.52315521,2011,8,31.13,1.0,null,null,La Nina
2011GoM-Pma-05910,Sperm Whale,Vulnerable,28.92455482,-88.46245575,2011,8,31.13,1.0,null,null,La Nina
2011GoM-Pma-05910,Sperm Whale,Vulnerable,28.880458830000002,-88.62760925,2011,8,31.13,1.0,null,null,La Nina
2011GoM-Pma-05910,Sperm Whale,Vulnerable,28.8190918,-88.59098053,2011,8,31.13,1.0,null,null,La Nina
2011GoM-Pma-05910,Sperm Whale,Vulnerable,28.75717735,-88.72016907,2011,8,31.14,1.0,null,null,La Nina
2011GoM-Pma-05910,Sperm Whale,Vulnerable,28.75194931,-88.76597595,2011,8,31.14,1.0,null,null,La Nina
2011GoM-Pma-05910,Sperm Whale,Vulnerable,28.75304413,-88.73620605,2011,8,31.14,1.0,null,null,La Nina
2011GoM-Pma-05910,Sperm Whale,Vulnerable,28.759691240000002,-88.77355957,2011,8,31.14,1.0,null,null,La Nina
2011GoM-Pma-05910,Sperm Whale,Vulnerable,28.75694847,-88.8246994,2011,8,31.14,1.0,null,null,La Nina
2011GoM-Pma-05910,Sperm Whale,Vulnerable,28.65868378,-88.90279388,2011,8,31.14,1.0,null,null,La Nina
2011GoM-Pma-05910,Sperm Whale,Vulnerable,28.86335564,-88.65787506,2011,8,31.14,1.0,null,null,La Nina
2011GoM-Pma-05910,Sperm Whale,Vulnerable,28.74371529,-88.7760849,2011,8,31.14,1.0,null,null,La Nina
2011GoM-Pma-05910,Sperm Whale,Vulnerable,28.76976204,-88.66124725,2011,8,31.14,1.0,null,null,La Nina
2011GoM-Pma-05910,Sperm Whale,Vulnerable,28.723642350000002,-88.77433014,2011,8,31.14,1.0,null,null,La Nina
2011GoM-Pma-05910,Sperm Whale,Vulnerable,28.7597599,-88.68152618,2011,8,31.14,1.0,null,null,La Nina
2011GoM-Pma-05910,Sperm Whale,Vulnerable,28.35025597,-89.51728821,2011,8,31.19,1.0,null,null,La Nina
2011GoM-Pma-05910,Sperm Whale,Vulnerable,28.39081764,-89.5381012,2011,8,31.19,1.0,null,null,La Nina
2011GoM-Pma-05910,Sperm Whale,Vulnerable,28.72835159,-88.76118469000001,2011,8,31.14,1.0,null,null,La Nina
2011GoM-Pma-05910,Sperm Whale,Vulnerable,28.74518776,-88.74938202,2011,8,31.14,1.0,null,null,La Nina
2011GoM-Pma-05910,Sperm Whale,Vulnerable,28.54135513,-88.9706192,2011,8,31.35,1.0,null,null,La Nina
2011GoM-Pma-05910,Sperm Whale,Vulnerable,28.349498750000002,-89.5154953,2011,8,31.19,1.0,null,null,La Nina
2011GoM-Pma-05910,Sperm Whale,Vulnerable,28.56677437,-88.9709549,2011,8,31.35,1.0,null,null,La Nina
2011GoM-Pma-05910,Sperm Whale,Vulnerable,28.72961426,-88.84805298,2011,8,31.14,1.0,null,null,La Nina
2011GoM-Pma-05910,Sperm Whale,Vulnerable,28.34840775,-89.46668243,2011,8,31.19,1.0,null,null,La Nina
2011GoM-Pma-05910,Sperm Whale,Vulnerable,28.75834846,-88.77336884,2011,8,31.14,1.0,null,null,La Nina
2011GoM-Pma-05910,Sperm Whale,Vulnerable,28.57842255,-88.87173462,2011,8,31.35,1.0,null,null,La Nina
2011GoM-Pma-05910,Sperm Whale,Vulnerable,28.74280548,-88.76894379000001,2011,8,31.14,1.0,null,null,La Nina
2011GoM-Pma-05910,Sperm Whale,Vulnerable,28.76117706,-88.75626373,2011,8,31.14,1.0,null,null,La Nina
2011GoM-Pma-05910,Sperm Whale,Vulnerable,28.625726699999998,-88.89154816,2011,8,31.35,1.0,null,null,La Nina
2011GoM-Pma-05910,Sperm Whale,Vulnerable,28.7663269,-88.8175354,2011,8,31.14,1.0,null,null,La Nina
2011GoM-Pma-05910,Sperm Whale,Vulnerable,28.68793678,-88.77086639,2011,8,31.14,1.0,null,null,La Nina
2011GoM-Pma-05910,Sperm Whale,Vulnerable,28.70640373,-88.75086212000001,2011,8,31.14,1.0,null,null,La Nina
2011GoM-Pma-05910,Sperm Whale,Vulnerable,28.78986168,-88.65973663,2011,8,31.14,1.0,null,null,La Nina
2011GoM-Pma-05910,Sperm Whale,Vulnerable,28.80220795,-88.66410828000001,2011,8,31.14,1.0,null,null,La Nina
2011GoM-Pma-05910,Sperm Whale,Vulnerable,28.821008680000002,-88.64238739,2011,8,31.14,1.0,null,null,La Nina
2011GoM-Pma-05910,Sperm Whale,Vulnerable,28.80074883,-88.65551758000001,2011,8,31.14,1.0,null,null,La Nina
2011GoM-Pma-05910,Sperm Whale,Vulnerable,28.59119797,-88.92227173,2011,8,31.35,1.0,null,null,La Nina
2011GoM-Pma-05910,Sperm Whale,Vulnerable,28.81978989,-88.64452362,2011,8,31.14,1.0,null,null,La Nina
2011GoM-Pma-05910,Sperm Whale,Vulnerable,28.32233238,-89.15691376,2011,8,31.35,1.0,null,null,La Nina
2011GoM-Pma-05910,Sperm Whale,Vulnerable,28.69582176,-88.77047729,2011,8,31.14,1.0,null,null,La Nina
2011GoM-Pma-05910,Sperm Whale,Vulnerable,28.83630943,-88.63722229,2011,8,31.14,1.0,null,null,La Nina
2011GoM-Pma-05910,Sperm Whale,Vulnerable,28.537261960000002,-88.98389435,2011,8,31.35,1.0,null,null,La Nina
2011GoM-Pma-05910,Sperm Whale,Vulnerable,28.6390152,-88.87683868,2011,8,31.14,1.0,null,null,La Nina
2011GoM-Pma-05910,Sperm Whale,Vulnerable,28.86473274,-88.73805237,2011,8,31.14,1.0,null,null,La Nina
2011GoM-Pma-05910,Sperm Whale,Vulnerable,28.806865690000002,-88.78274536,2011,8,31.14,1.0,null,null,La Nina
2011GoM-Pma-05910,Sperm Whale,Vulnerable,28.29856682,-89.09489441,2011,8,31.35,1.0,null,null,La Nina
2011GoM-Pma-05910,Sperm Whale,Vulnerable,28.81801605,-88.66194153000001,2011,8,31.14,1.0,null,null,La Nina
2011GoM-Pma-05910,Sperm Whale,Vulnerable,29.059036250000002,-88.25905609,2011,8,31.060000000000002,1.0,null,null,La Nina
2011GoM-Pma-05910,Sperm Whale,Vulnerable,29.13048363,-87.86209106,2011,8,31.07,1.0,null,null,La Nina
2011GoM-Pma-05910,Sperm Whale,Vulnerable,29.2134304,-87.66718292,2011,8,31.07,1.0,null,null,La Nina
2011GoM-Pma-05910,Sperm Whale,Vulnerable,28.29221153,-89.36914825,2011,8,31.23,1.0,null,null,La Nina
2011GoM-Pma-05910,Sperm Whale,Vulnerable,29.11354637,-88.11465454,2011,8,31.060000000000002,1.0,null,null,La Nina
2011GoM-Pma-05910,Sperm Whale,Vulnerable,29.06572151,-88.23616791,2011,8,31.060000000000002,1.0,null,null,La Nina
2011GoM-Pma-05910,Sperm Whale,Vulnerable,29.09301567,-88.18769073,2011,8,31.060000000000002,1.0,null,null,La Nina
2011GoM-Pma-05910,Sperm Whale,Vulnerable,29.011512760000002,-88.14675903,2011,8,31.060000000000002,1.0,null,null,La Nina
2011GoM-Pma-05910,Sperm Whale,Vulnerable,29.09143829,-88.25627136,2011,8,31.060000000000002,1.0,null,null,La Nina
2011GoM-Pma-05910,Sperm Whale,Vulnerable,29.10368919,-88.12426758000001,2011,8,31.060000000000002,1.0,null,null,La Nina
2011GoM-Pma-05910,Sperm Whale,Vulnerable,29.08937263,-88.14434814,2011,8,31.060000000000002,1.0,null,null,La Nina
2011GoM-Pma-05910,Sperm Whale,Vulnerable,29.06661606,-88.17127228,2011,8,31.060000000000002,1.0,null,null,La Nina
2011GoM-Pma-05910,Sperm Whale,Vulnerable,29.06012535,-88.15309143,2011,8,31.060000000000002,1.0,null,null,La Nina
2011GoM-Pma-05910,Sperm Whale,Vulnerable,29.0746479,-88.06858826,2011,8,31.060000000000002,1.0,null,null,La Nina
2011GoM-Pma-05910,Sperm Whale,Vulnerable,29.09785652,-88.18267822,2011,8,31.060000000000002,1.0,null,null,La Nina
2011GoM-Pma-05910,Sperm Whale,Vulnerable,29.00968933,-88.15908051,2011,8,31.060000000000002,1.0,null,null,La Nina
2011GoM-Pma-05910,Sperm Whale,Vulnerable,29.07225418,-88.07130432,2011,8,31.060000000000002,1.0,null,null,La Nina
2011GoM-Pma-05910,Sperm Whale,Vulnerable,29.068140030000002,-88.1492157,2011,8,31.060000000000002,1.0,null,null,La Nina
2011GoM-Pma-05910,Sperm Whale,Vulnerable,29.08107185,-88.12239075000001,2011,8,31.060000000000002,1.0,null,null,La Nina
2011GoM-Pma-05910,Sperm Whale,Vulnerable,29.01148224,-88.14012909,2011,8,31.060000000000002,1.0,null,null,La Nina
2011GoM-Pma-05910,Sperm Whale,Vulnerable,29.074937820000002,-88.12032318,2011,8,31.060000000000002,1.0,null,null,La Nina
2011GoM-Pma-05910,Sperm Whale,Vulnerable,28.65019035,-88.79569244,2011,8,31.18,1.0,null,null,La Nina
2011GoM-Pma-05910,Sperm Whale,Vulnerable,28.99976349,-88.13053131,2011,8,31.060000000000002,1.0,null,null,La Nina
2011GoM-Pma-05910,Sperm Whale,Vulnerable,29.060432430000002,-88.2586441,2011,8,31.060000000000002,1.0,null,null,La Nina
2011GoM-Pma-05921,Sperm Whale,Vulnerable,28.04528999,-88.2723999,2011,7,30.26,1.0,null,null,La Nina
2011GoM-Pma-05921,Sperm Whale,Vulnerable,28.3069191,-88.8331604,2011,7,30.26,1.0,null,null,La Nina
2011GoM-Pma-05921,Sperm Whale,Vulnerable,28.30598068,-88.83469391,2011,7,30.26,1.0,null,null,La Nina
2011GoM-Pma-05921,Sperm Whale,Vulnerable,28.03304482,-88.53759766,2011,7,30.26,1.0,null,null,La Nina
2011GoM-Pma-05921,Sperm Whale,Vulnerable,28.13095665,-88.70207214,2011,7,30.26,1.0,null,null,La Nina
2011GoM-Pma-05921,Sperm Whale,Vulnerable,28.13098145,-88.70407867,2011,7,30.26,1.0,null,null,La Nina
2011GoM-Pma-05921,Sperm Whale,Vulnerable,28.217990880000002,-88.69912719999999,2011,7,30.26,1.0,null,null,La Nina
2011GoM-Pma-05921,Sperm Whale,Vulnerable,28.24662018,-88.64310455,2011,7,30.26,1.0,null,null,La Nina
2011GoM-Pma-05921,Sperm Whale,Vulnerable,28.149795530000002,-88.68988037,2011,7,30.26,1.0,null,null,La Nina
2011GoM-Pma-05921,Sperm Whale,Vulnerable,28.30620193,-87.99468994,2011,7,30.09,1.0,null,null,La Nina
2011GoM-Pma-05921,Sperm Whale,Vulnerable,27.92931747,-87.96598053,2011,7,30.09,1.0,null,null,La Nina
2011GoM-Pma-05921,Sperm Whale,Vulnerable,28.31734467,-87.96492767000001,2011,7,30.09,1.0,null,null,La Nina
2011GoM-Pma-05921,Sperm Whale,Vulnerable,27.912588120000002,-88.33625031,2011,7,30.04,1.0,null,null,La Nina
2011GoM-Pma-05921,Sperm Whale,Vulnerable,27.76039314,-88.40582275,2011,7,30.04,1.0,null,null,La Nina
2011GoM-Pma-05921,Sperm Whale,Vulnerable,27.91947365,-88.32769012,2011,7,30.04,1.0,null,null,La Nina
2011GoM-Pma-05921,Sperm Whale,Vulnerable,27.75998116,-88.40476989999999,2011,7,30.04,1.0,null,null,La Nina
2011GoM-Pma-05921,Sperm Whale,Vulnerable,27.91404533,-88.12953186,2011,7,30.04,1.0,null,null,La Nina
2011GoM-Pma-05921,Sperm Whale,Vulnerable,28.14383125,-88.59893799,2011,7,30.26,1.0,null,null,La Nina
2011GoM-Pma-05921,Sperm Whale,Vulnerable,28.32744026,-87.93930054,2011,7,30.09,1.0,null,null,La Nina
2011GoM-Pma-05921,Sperm Whale,Vulnerable,27.96359444,-88.26935577,2011,7,30.26,1.0,null,null,La Nina
2011GoM-Pma-05921,Sperm Whale,Vulnerable,28.330850599999998,-87.89204407,2011,7,30.0,0.0,null,null,La Nina
2011GoM-Pma-05921,Sperm Whale,Vulnerable,28.35530281,-87.83454895,2011,7,30.0,0.0,null,null,La Nina
2011GoM-Pma-05921,Sperm Whale,Vulnerable,28.36173248,-87.806427,2011,7,30.0,0.0,null,null,La Nina
2011GoM-Pma-05921,Sperm Whale,Vulnerable,27.9989872,-87.60860443,2011,7,29.990000000000002,0.0,null,null,La Nina
2011GoM-Pma-05921,Sperm Whale,Vulnerable,28.07975769,-87.57440948,2011,7,29.990000000000002,0.0,null,null,La Nina
2011GoM-Pma-05921,Sperm Whale,Vulnerable,27.885936740000002,-88.58287811,2011,7,30.1,1.0,null,null,La Nina
2011GoM-Pma-05921,Sperm Whale,Vulnerable,28.48044586,-87.58579254,2011,7,30.0,0.0,null,null,La Nina
2011GoM-Pma-05921,Sperm Whale,Vulnerable,28.3841362,-87.73674774,2011,7,30.0,0.0,null,null,La Nina
2011GoM-Pma-05921,Sperm Whale,Vulnerable,27.73157501,-88.46370697,2011,7,30.1,1.0,null,null,La Nina
2011GoM-Pma-05921,Sperm Whale,Vulnerable,27.84788322,-88.564888,2011,7,30.1,1.0,null,null,La Nina
2011GoM-Pma-05921,Sperm Whale,Vulnerable,27.9124527,-87.79515076,2011,7,29.93,0.0,null,null,La Nina
2011GoM-Pma-05921,Sperm Whale,Vulnerable,27.92985153,-88.67650604,2011,7,30.1,1.0,null,null,La Nina
2011GoM-Pma-05921,Sperm Whale,Vulnerable,27.91592979,-87.76451111,2011,7,29.93,0.0,null,null,La Nina
2011GoM-Pma-05921,Sperm Whale,Vulnerable,27.97290611,-87.65238953000001,2011,7,29.990000000000002,0.0,null,null,La Nina
2011GoM-Pma-05921,Sperm Whale,Vulnerable,27.79218483,-88.58937073,2011,7,30.1,1.0,null,null,La Nina
2011GoM-Pma-05921,Sperm Whale,Vulnerable,27.92925453,-87.73174286,2011,7,29.93,0.0,null,null,La Nina
2011GoM-Pma-05921,Sperm Whale,Vulnerable,27.85371971,-88.69065857,2011,7,30.1,1.0,null,null,La Nina
2011GoM-Pma-05921,Sperm Whale,Vulnerable,27.80717087,-88.56568909,2011,7,30.1,1.0,null,null,La Nina
2011GoM-Pma-05921,Sperm Whale,Vulnerable,27.83671188,-88.56029509999999,2011,7,30.1,1.0,null,null,La Nina
2011GoM-Pma-05921,Sperm Whale,Vulnerable,28.29865265,-88.12436676,2011,7,30.240000000000002,1.0,null,null,La Nina
2011GoM-Pma-05921,Sperm Whale,Vulnerable,28.47502136,-88.06478882,2011,7,30.240000000000002,1.0,null,null,La Nina
2011GoM-Pma-05921,Sperm Whale,Vulnerable,28.30329704,-88.05992889,2011,7,30.240000000000002,1.0,null,null,La Nina
2011GoM-Pma-05921,Sperm Whale,Vulnerable,28.27897072,-88.13782501,2011,7,30.240000000000002,1.0,null,null,La Nina
2011GoM-Pma-05921,Sperm Whale,Vulnerable,28.53539276,-88.04306793,2011,7,30.240000000000002,1.0,null,null,La Nina
2011GoM-Pma-05921,Sperm Whale,Vulnerable,28.48880959,-88.05224609,2011,7,30.240000000000002,1.0,null,null,La Nina
2011GoM-Pma-05921,Sperm Whale,Vulnerable,28.53117752,-88.04967499,2011,7,30.240000000000002,1.0,null,null,La Nina
2011GoM-Pma-05921,Sperm Whale,Vulnerable,28.51985741,-88.06410217,2011,7,30.240000000000002,1.0,null,null,La Nina
2011GoM-Pma-05921,Sperm Whale,Vulnerable,28.35774612,-88.11012268,2011,7,30.240000000000002,1.0,null,null,La Nina
2011GoM-Pma-05921,Sperm Whale,Vulnerable,28.4104538,-88.09365845,2011,7,30.240000000000002,1.0,null,null,La Nina
2011GoM-Pma-05921,Sperm Whale,Vulnerable,28.40683174,-88.39805603,2011,7,30.240000000000002,1.0,null,null,La Nina
2011GoM-Pma-05921,Sperm Whale,Vulnerable,27.93538284,-88.26644897,2011,7,30.04,1.0,null,null,La Nina
2011GoM-Pma-05921,Sperm Whale,Vulnerable,27.912601470000002,-88.33388519,2011,7,30.04,1.0,null,null,La Nina
2011GoM-Pma-05921,Sperm Whale,Vulnerable,27.92023468,-88.19709015000001,2011,7,30.04,1.0,null,null,La Nina
2011GoM-Pma-05921,Sperm Whale,Vulnerable,28.22170639,-88.67105103,2011,7,30.26,1.0,null,null,La Nina
2011GoM-Pma-05921,Sperm Whale,Vulnerable,28.26210594,-88.86431885,2011,7,30.26,1.0,null,null,La Nina
2011GoM-Pma-05921,Sperm Whale,Vulnerable,28.30508614,-88.82605743,2011,7,30.26,1.0,null,null,La Nina
2011GoM-Pma-05921,Sperm Whale,Vulnerable,28.28859711,-88.78981781,2011,7,30.26,1.0,null,null,La Nina
2011GoM-Pma-05921,Sperm Whale,Vulnerable,28.28587151,-88.8476944,2011,7,30.26,1.0,null,null,La Nina
2011GoM-Pma-05921,Sperm Whale,Vulnerable,28.15330887,-88.56904602,2011,7,30.26,1.0,null,null,La Nina
2011GoM-Pma-05921,Sperm Whale,Vulnerable,28.16676331,-88.55665588000001,2011,7,30.26,1.0,null,null,La Nina
2011GoM-Pma-05921,Sperm Whale,Vulnerable,28.29347229,-88.64064026,2011,7,30.23,1.0,null,null,La Nina
2011GoM-Pma-05921,Sperm Whale,Vulnerable,28.01652336,-88.68758392000001,2011,8,31.200000000000003,1.0,null,null,La Nina
2011GoM-Pma-05921,Sperm Whale,Vulnerable,28.503532410000002,-88.22557831,2011,8,31.060000000000002,1.0,null,null,La Nina
2011GoM-Pma-05921,Sperm Whale,Vulnerable,28.5061264,-88.14263916,2011,8,31.060000000000002,1.0,null,null,La Nina
2011GoM-Pma-05921,Sperm Whale,Vulnerable,28.19591522,-88.04579163,2011,8,31.04,1.0,null,null,La Nina
2011GoM-Pma-05921,Sperm Whale,Vulnerable,28.247392650000002,-87.98931122,2011,8,31.04,1.0,null,null,La Nina
2011GoM-Pma-05921,Sperm Whale,Vulnerable,28.21641541,-87.9997406,2011,8,31.04,1.0,null,null,La Nina
2011GoM-Pma-05921,Sperm Whale,Vulnerable,28.27192497,-88.00458527,2011,8,31.04,1.0,null,null,La Nina
2011GoM-Pma-05921,Sperm Whale,Vulnerable,28.24802589,-88.00283813,2011,8,31.04,1.0,null,null,La Nina
2011GoM-Pma-05921,Sperm Whale,Vulnerable,28.325540540000002,-87.97848511000001,2011,8,31.04,1.0,null,null,La Nina
2011GoM-Pma-05921,Sperm Whale,Vulnerable,28.2512989,-88.10018158,2011,8,31.04,1.0,null,null,La Nina
2011GoM-Pma-05921,Sperm Whale,Vulnerable,28.049962999999998,-87.94743347,2011,8,31.04,1.0,null,null,La Nina
2011GoM-Pma-05921,Sperm Whale,Vulnerable,28.079414370000002,-88.01125336,2011,8,31.04,1.0,null,null,La Nina
2011GoM-Pma-05921,Sperm Whale,Vulnerable,28.25571823,-88.09119415,2011,8,31.04,1.0,null,null,La Nina
2011GoM-Pma-05921,Sperm Whale,Vulnerable,28.33846283,-88.15782928,2011,8,31.060000000000002,1.0,null,null,La Nina
2011GoM-Pma-05921,Sperm Whale,Vulnerable,28.188146590000002,-88.12821198,2011,8,31.04,1.0,null,null,La Nina
2011GoM-Pma-05921,Sperm Whale,Vulnerable,28.25627136,-88.17592621,2011,8,31.060000000000002,1.0,null,null,La Nina
2011GoM-Pma-05921,Sperm Whale,Vulnerable,28.27535629,-88.19184875,2011,8,31.060000000000002,1.0,null,null,La Nina
2011GoM-Pma-05921,Sperm Whale,Vulnerable,28.42391014,-88.14882659999999,2011,8,31.060000000000002,1.0,null,null,La Nina
2011GoM-Pma-05921,Sperm Whale,Vulnerable,28.30726433,-88.18521881,2011,8,31.060000000000002,1.0,null,null,La Nina
2011GoM-Pma-05921,Sperm Whale,Vulnerable,28.40908432,-88.23458099,2011,8,31.060000000000002,1.0,null,null,La Nina
2011GoM-Pma-05921,Sperm Whale,Vulnerable,28.28985596,-88.18891907,2011,8,31.060000000000002,1.0,null,null,La Nina
2011GoM-Pma-05921,Sperm Whale,Vulnerable,28.470722199999997,-88.29161072000001,2011,8,31.060000000000002,1.0,null,null,La Nina
2011GoM-Pma-05921,Sperm Whale,Vulnerable,28.35866928,-88.19756317,2011,8,31.060000000000002,1.0,null,null,La Nina
2011GoM-Pma-05921,Sperm Whale,Vulnerable,28.25721931,-87.59237671,2011,8,31.14,1.0,null,null,La Nina
2011GoM-Pma-05921,Sperm Whale,Vulnerable,28.4835453,-87.6335907,2011,8,31.060000000000002,1.0,null,null,La Nina
2011GoM-Pma-05921,Sperm Whale,Vulnerable,28.6848793,-87.75489044,2011,8,31.060000000000002,1.0,null,null,La Nina
2011GoM-Pma-05921,Sperm Whale,Vulnerable,28.28855896,-87.74611664,2011,8,31.060000000000002,1.0,null,null,La Nina
2011GoM-Pma-05921,Sperm Whale,Vulnerable,28.4660244,-87.78036499,2011,8,31.060000000000002,1.0,null,null,La Nina
2011GoM-Pma-05921,Sperm Whale,Vulnerable,28.48241234,-87.69580078,2011,8,31.060000000000002,1.0,null,null,La Nina
2011GoM-Pma-05921,Sperm Whale,Vulnerable,28.14185333,-88.53244019,2011,8,31.1,1.0,null,null,La Nina
2011GoM-Pma-05921,Sperm Whale,Vulnerable,28.15476799,-88.32617188,2011,8,31.1,1.0,null,null,La Nina
2011GoM-Pma-05921,Sperm Whale,Vulnerable,28.18722916,-88.18700409,2011,8,31.1,1.0,null,null,La Nina
2011GoM-Pma-05921,Sperm Whale,Vulnerable,28.18217087,-88.34829712,2011,8,31.1,1.0,null,null,La Nina
2011GoM-Pma-05921,Sperm Whale,Vulnerable,28.237337110000002,-88.27442169,2011,8,31.1,1.0,null,null,La Nina
2011GoM-Pma-05921,Sperm Whale,Vulnerable,28.21049118,-88.32072449,2011,8,31.1,1.0,null,null,La Nina
2011GoM-Pma-05921,Sperm Whale,Vulnerable,28.07511711,-88.57196045,2011,8,31.1,1.0,null,null,La Nina
2011GoM-Pma-05921,Sperm Whale,Vulnerable,28.25928116,-88.23134613,2011,8,31.1,1.0,null,null,La Nina
2011GoM-Pma-05921,Sperm Whale,Vulnerable,28.13547325,-88.60214996,2011,8,31.1,1.0,null,null,La Nina
2011GoM-Pma-05921,Sperm Whale,Vulnerable,28.16971016,-88.20014954,2011,8,31.1,1.0,null,null,La Nina
2011GoM-Pma-05921,Sperm Whale,Vulnerable,27.9702301,-88.49861145,2011,8,31.1,1.0,null,null,La Nina
2011GoM-Pma-05921,Sperm Whale,Vulnerable,28.1542511,-88.2143631,2011,8,31.1,1.0,null,null,La Nina
2011GoM-Pma-05921,Sperm Whale,Vulnerable,28.00662422,-88.24329376,2011,8,31.1,1.0,null,null,La Nina
2011GoM-Pma-05921,Sperm Whale,Vulnerable,28.18038177,-88.61824799,2011,8,31.1,1.0,null,null,La Nina
2011GoM-Pma-05921,Sperm Whale,Vulnerable,28.24166489,-88.30660248,2011,8,31.1,1.0,null,null,La Nina
2011GoM-Pma-05921,Sperm Whale,Vulnerable,28.079927440000002,-88.50634766,2011,8,31.1,1.0,null,null,La Nina
2011GoM-Pma-05921,Sperm Whale,Vulnerable,28.15960312,-88.26187897,2011,8,31.1,1.0,null,null,La Nina
2011GoM-Pma-05921,Sperm Whale,Vulnerable,27.95641136,-88.43088531000001,2011,8,31.1,1.0,null,null,La Nina
2011GoM-Pma-05921,Sperm Whale,Vulnerable,28.20343781,-88.54825592,2011,8,31.1,1.0,null,null,La Nina
2011GoM-Pma-05921,Sperm Whale,Vulnerable,28.20903397,-88.26544189,2011,8,31.1,1.0,null,null,La Nina
2011GoM-Pma-05921,Sperm Whale,Vulnerable,28.352476120000002,-88.4026947,2011,8,31.1,1.0,null,null,La Nina
2011GoM-Pma-05921,Sperm Whale,Vulnerable,28.245664599999998,-88.565979,2011,8,31.1,1.0,null,null,La Nina
2011GoM-Pma-05921,Sperm Whale,Vulnerable,28.34393692,-88.37253571000001,2011,8,31.1,1.0,null,null,La Nina
2011GoM-Pma-05921,Sperm Whale,Vulnerable,28.06801033,-88.53397369,2011,8,31.1,1.0,null,null,La Nina
2011GoM-Pma-05921,Sperm Whale,Vulnerable,27.92142105,-88.43849182,2011,8,31.1,1.0,null,null,La Nina
2011GoM-Pma-05921,Sperm Whale,Vulnerable,28.00180054,-88.38662719999999,2011,8,31.1,1.0,null,null,La Nina
2011GoM-Pma-05921,Sperm Whale,Vulnerable,28.090616230000002,-88.49884796,2011,8,31.1,1.0,null,null,La Nina
2011GoM-Pma-05921,Sperm Whale,Vulnerable,27.79760361,-88.29283905,2011,8,30.93,1.0,null,null,La Nina
2011GoM-Pma-05921,Sperm Whale,Vulnerable,28.43786621,-88.47145081000001,2011,8,31.18,1.0,null,null,La Nina
2011GoM-Pma-05921,Sperm Whale,Vulnerable,27.807724,-88.26709747,2011,8,30.93,1.0,null,null,La Nina
2011GoM-Pma-05921,Sperm Whale,Vulnerable,28.33127785,-88.22211456000001,2011,8,31.060000000000002,1.0,null,null,La Nina
2011GoM-Pma-05921,Sperm Whale,Vulnerable,28.36203575,-88.15977478,2011,8,31.060000000000002,1.0,null,null,La Nina
2011GoM-Pma-05921,Sperm Whale,Vulnerable,28.31051064,-87.99331665,2011,8,31.04,1.0,null,null,La Nina
2011GoM-Pma-05921,Sperm Whale,Vulnerable,28.19224358,-88.00473785,2011,8,31.04,1.0,null,null,La Nina
2011GoM-Pma-05921,Sperm Whale,Vulnerable,28.22816849,-88.00263977,2011,8,31.04,1.0,null,null,La Nina
2011GoM-Pma-05921,Sperm Whale,Vulnerable,28.355167390000002,-88.19454193,2011,8,31.060000000000002,1.0,null,null,La Nina
2011GoM-Pma-05921,Sperm Whale,Vulnerable,28.43075562,-88.23654175,2011,8,31.060000000000002,1.0,null,null,La Nina
2013GoM-Pma-00840,Sperm Whale,Vulnerable,28.7479,-88.5244,2013,7,28.14,0.0,null,null,La Nina
2013GoM-Pma-00840,Sperm Whale,Vulnerable,28.7847,-88.74170000000001,2013,7,28.22,0.0,null,null,La Nina
2013GoM-Pma-00840,Sperm Whale,Vulnerable,28.7466,-88.7964,2013,7,28.22,0.0,null,null,La Nina
2013GoM-Pma-00840,Sperm Whale,Vulnerable,28.6952,-88.8324,2013,7,28.22,0.0,null,null,La Nina
2013GoM-Pma-00840,Sperm Whale,Vulnerable,28.7543,-88.6905,2013,7,28.22,0.0,null,null,La Nina
2013GoM-Pma-00840,Sperm Whale,Vulnerable,28.6764,-88.824,2013,7,28.22,0.0,null,null,La Nina
2013GoM-Pma-00840,Sperm Whale,Vulnerable,28.7982,-88.6661,2013,7,28.22,0.0,null,null,La Nina
2013GoM-Pma-00840,Sperm Whale,Vulnerable,28.8226,-88.706,2013,7,28.22,0.0,null,null,La Nina
2013GoM-Pma-00840,Sperm Whale,Vulnerable,28.683600000000002,-88.85390000000001,2013,7,28.22,0.0,null,null,La Nina
2013GoM-Pma-00840,Sperm Whale,Vulnerable,28.693800000000003,-88.8054,2013,7,28.22,0.0,null,null,La Nina
2013GoM-Pma-00840,Sperm Whale,Vulnerable,28.7024,-88.73190000000001,2013,7,28.22,0.0,null,null,La Nina
2013GoM-Pma-00840,Sperm Whale,Vulnerable,28.7924,-88.69800000000001,2013,7,28.22,0.0,null,null,La Nina
2013GoM-Pma-00840,Sperm Whale,Vulnerable,28.6736,-88.8704,2013,7,28.22,0.0,null,null,La Nina
2013GoM-Pma-00840,Sperm Whale,Vulnerable,28.715500000000002,-88.7155,2013,7,28.22,0.0,null,null,La Nina
2013GoM-Pma-00840,Sperm Whale,Vulnerable,28.666,-88.8751,2013,7,28.22,0.0,null,null,La Nina
2013GoM-Pma-00840,Sperm Whale,Vulnerable,28.7013,-88.74220000000001,2013,7,28.22,0.0,null,null,La Nina
2013GoM-Pma-00840,Sperm Whale,Vulnerable,28.6672,-88.8917,2013,7,28.22,0.0,null,null,La Nina
2013GoM-Pma-00840,Sperm Whale,Vulnerable,28.6538,-88.8829,2013,7,28.22,0.0,null,null,La Nina
2013GoM-Pma-00840,Sperm Whale,Vulnerable,28.7148,-88.71390000000001,2013,7,28.22,0.0,null,null,La Nina
2013GoM-Pma-00840,Sperm Whale,Vulnerable,28.687,-88.8708,2013,7,28.22,0.0,null,null,La Nina
2013GoM-Pma-00840,Sperm Whale,Vulnerable,28.674500000000002,-88.81920000000001,2013,7,28.22,0.0,null,null,La Nina
2013GoM-Pma-00840,Sperm Whale,Vulnerable,28.6639,-88.8913,2013,7,28.22,0.0,null,null,La Nina
2013GoM-Pma-00840,Sperm Whale,Vulnerable,28.6749,-88.8882,2013,7,28.22,0.0,null,null,La Nina
2013GoM-Pma-00840,Sperm Whale,Vulnerable,28.6479,-88.899,2013,7,28.22,0.0,null,null,La Nina
2013GoM-Pma-00840,Sperm Whale,Vulnerable,28.6854,-88.84440000000001,2013,7,28.22,0.0,null,null,La Nina
2013GoM-Pma-00840,Sperm Whale,Vulnerable,28.665,-88.8729,2013,7,28.22,0.0,null,null,La Nina
2013GoM-Pma-00840,Sperm Whale,Vulnerable,28.701800000000002,-88.741,2013,7,28.22,0.0,null,null,La Nina
2013GoM-Pma-00840,Sperm Whale,Vulnerable,28.840600000000002,-88.6763,2013,7,28.22,0.0,null,null,La Nina
2013GoM-Pma-00840,Sperm Whale,Vulnerable,28.6937,-88.8065,2013,7,28.22,0.0,null,null,La Nina
2013GoM-Pma-00840,Sperm Whale,Vulnerable,28.7117,-88.781,2013,7,28.22,0.0,null,null,La Nina
2013GoM-Pma-00840,Sperm Whale,Vulnerable,28.7041,-88.7894,2013,7,28.22,0.0,null,null,La Nina
2013GoM-Pma-00840,Sperm Whale,Vulnerable,28.6648,-88.7976,2013,7,28.22,0.0,null,null,La Nina
2013GoM-Pma-00840,Sperm Whale,Vulnerable,28.820800000000002,-88.70700000000001,2013,7,28.22,0.0,null,null,La Nina
2013GoM-Pma-00840,Sperm Whale,Vulnerable,28.7087,-88.8199,2013,7,28.22,0.0,null,null,La Nina
2013GoM-Pma-00840,Sperm Whale,Vulnerable,28.7556,-88.7663,2013,7,28.22,0.0,null,null,La Nina
2013GoM-Pma-00840,Sperm Whale,Vulnerable,28.6715,-88.8262,2013,7,28.22,0.0,null,null,La Nina
2013GoM-Pma-00840,Sperm Whale,Vulnerable,28.7805,-88.6982,2013,7,28.22,0.0,null,null,La Nina
2013GoM-Pma-00840,Sperm Whale,Vulnerable,28.738,-88.67240000000001,2013,7,28.22,0.0,null,null,La Nina
2013GoM-Pma-00840,Sperm Whale,Vulnerable,28.7556,-88.6909,2013,7,28.22,0.0,null,null,La Nina
2013GoM-Pma-00840,Sperm Whale,Vulnerable,28.7509,-88.6892,2013,7,28.22,0.0,null,null,La Nina
2013GoM-Pma-00840,Sperm Whale,Vulnerable,28.7867,-88.70100000000001,2013,7,28.22,0.0,null,null,La Nina
2013GoM-Pma-00840,Sperm Whale,Vulnerable,28.710700000000003,-88.8165,2013,7,28.22,0.0,null,null,La Nina
2013GoM-Pma-00840,Sperm Whale,Vulnerable,28.7895,-88.7227,2013,7,28.22,0.0,null,null,La Nina
2013GoM-Pma-00840,Sperm Whale,Vulnerable,28.7679,-88.7776,2013,7,28.22,0.0,null,null,La Nina
2013GoM-Pma-00840,Sperm Whale,Vulnerable,28.7897,-88.72250000000001,2013,7,28.22,0.0,null,null,La Nina
2013GoM-Pma-00840,Sperm Whale,Vulnerable,28.7206,-88.8197,2013,7,28.22,0.0,null,null,La Nina
2013GoM-Pma-00840,Sperm Whale,Vulnerable,28.651500000000002,-88.87660000000001,2013,7,28.22,0.0,null,null,La Nina
2013GoM-Pma-00840,Sperm Whale,Vulnerable,28.6739,-88.8578,2013,7,28.22,0.0,null,null,La Nina
2013GoM-Pma-00840,Sperm Whale,Vulnerable,28.654400000000003,-88.87660000000001,2013,7,28.22,0.0,null,null,La Nina
2013GoM-Pma-00840,Sperm Whale,Vulnerable,28.6717,-88.8574,2013,7,28.22,0.0,null,null,La Nina
2013GoM-Pma-00840,Sperm Whale,Vulnerable,28.7448,-88.7964,2013,7,28.22,0.0,null,null,La Nina
2013GoM-Pma-00840,Sperm Whale,Vulnerable,28.190800000000003,-89.1556,2013,7,28.19,0.0,null,null,La Nina
2013GoM-Pma-00840,Sperm Whale,Vulnerable,28.2239,-89.1701,2013,7,28.19,0.0,null,null,La Nina
2013GoM-Pma-00840,Sperm Whale,Vulnerable,28.21,-89.2585,2013,7,28.19,0.0,null,null,La Nina
2013GoM-Pma-00840,Sperm Whale,Vulnerable,28.8857,-88.3421,2013,7,28.14,0.0,null,null,La Nina
2013GoM-Pma-00840,Sperm Whale,Vulnerable,28.1874,-89.1151,2013,7,28.19,0.0,null,null,La Nina
2013GoM-Pma-00840,Sperm Whale,Vulnerable,28.2043,-89.1224,2013,7,28.19,0.0,null,null,La Nina
2013GoM-Pma-00840,Sperm Whale,Vulnerable,28.2588,-89.4169,2013,7,28.19,0.0,null,null,La Nina
2013GoM-Pma-00840,Sperm Whale,Vulnerable,28.710900000000002,-88.5728,2013,7,28.14,0.0,null,null,La Nina
2013GoM-Pma-00840,Sperm Whale,Vulnerable,28.2729,-89.4381,2013,7,28.19,0.0,null,null,La Nina
2013GoM-Pma-00840,Sperm Whale,Vulnerable,28.262600000000003,-89.4756,2013,7,28.19,0.0,null,null,La Nina
2013GoM-Pma-00840,Sperm Whale,Vulnerable,28.247300000000003,-89.392,2013,7,28.19,0.0,null,null,La Nina
2013GoM-Pma-00840,Sperm Whale,Vulnerable,28.083000000000002,-89.5689,2013,7,28.14,0.0,null,null,La Nina
2013GoM-Pma-00840,Sperm Whale,Vulnerable,28.2727,-89.4469,2013,7,28.19,0.0,null,null,La Nina
2013GoM-Pma-00840,Sperm Whale,Vulnerable,28.294500000000003,-89.4735,2013,7,28.19,0.0,null,null,La Nina
2013GoM-Pma-00840,Sperm Whale,Vulnerable,28.335600000000003,-89.4272,2013,7,28.19,0.0,null,null,La Nina
2013GoM-Pma-00840,Sperm Whale,Vulnerable,28.273400000000002,-89.4714,2013,7,28.19,0.0,null,null,La Nina
2013GoM-Pma-00840,Sperm Whale,Vulnerable,28.872200000000003,-88.4651,2013,7,28.14,0.0,null,null,La Nina
2013GoM-Pma-00840,Sperm Whale,Vulnerable,28.197200000000002,-89.4997,2013,7,28.19,0.0,null,null,La Nina
2013GoM-Pma-00840,Sperm Whale,Vulnerable,28.143,-89.5181,2013,7,28.19,0.0,null,null,La Nina
2013GoM-Pma-00840,Sperm Whale,Vulnerable,28.229400000000002,-89.4916,2013,7,28.19,0.0,null,null,La Nina
2013GoM-Pma-00840,Sperm Whale,Vulnerable,28.168100000000003,-89.50540000000001,2013,7,28.19,0.0,null,null,La Nina
2013GoM-Pma-00840,Sperm Whale,Vulnerable,28.8533,-88.38080000000001,2013,7,28.14,0.0,null,null,La Nina
2013GoM-Pma-00840,Sperm Whale,Vulnerable,28.1857,-89.4847,2013,7,28.19,0.0,null,null,La Nina
2013GoM-Pma-00840,Sperm Whale,Vulnerable,28.12,-89.52430000000001,2013,7,28.19,0.0,null,null,La Nina
2013GoM-Pma-00840,Sperm Whale,Vulnerable,28.897000000000002,-88.2471,2013,7,28.14,0.0,null,null,La Nina
2013GoM-Pma-00840,Sperm Whale,Vulnerable,28.254900000000003,-89.4967,2013,7,28.19,0.0,null,null,La Nina
2013GoM-Pma-00840,Sperm Whale,Vulnerable,28.311600000000002,-89.4824,2013,7,28.19,0.0,null,null,La Nina
2013GoM-Pma-00840,Sperm Whale,Vulnerable,28.332900000000002,-89.4469,2013,7,28.19,0.0,null,null,La Nina
2013GoM-Pma-00840,Sperm Whale,Vulnerable,28.1443,-89.518,2013,7,28.19,0.0,null,null,La Nina
2013GoM-Pma-00840,Sperm Whale,Vulnerable,28.759900000000002,-88.6087,2013,7,28.14,0.0,null,null,La Nina
2013GoM-Pma-00840,Sperm Whale,Vulnerable,28.261400000000002,-89.1855,2013,7,28.19,0.0,null,null,La Nina
2013GoM-Pma-00840,Sperm Whale,Vulnerable,28.2456,-89.18,2013,7,28.19,0.0,null,null,La Nina
2013GoM-Pma-00840,Sperm Whale,Vulnerable,28.8993,-88.2,2013,7,28.14,0.0,null,null,La Nina
2013GoM-Pma-00840,Sperm Whale,Vulnerable,28.280900000000003,-88.98620000000001,2013,7,28.400000000000002,0.0,null,null,La Nina
2013GoM-Pma-00840,Sperm Whale,Vulnerable,28.3087,-88.9822,2013,7,28.400000000000002,0.0,null,null,La Nina
2013GoM-Pma-00840,Sperm Whale,Vulnerable,28.883100000000002,-88.2472,2013,7,28.14,0.0,null,null,La Nina
2013GoM-Pma-00840,Sperm Whale,Vulnerable,28.2667,-88.9838,2013,7,28.400000000000002,0.0,null,null,La Nina
2013GoM-Pma-00840,Sperm Whale,Vulnerable,28.8644,-88.4418,2013,7,28.14,0.0,null,null,La Nina
2013GoM-Pma-00840,Sperm Whale,Vulnerable,28.302300000000002,-89.2303,2013,7,28.19,0.0,null,null,La Nina
2013GoM-Pma-00840,Sperm Whale,Vulnerable,28.2361,-89.0239,2013,7,28.400000000000002,0.0,null,null,La Nina
2013GoM-Pma-00840,Sperm Whale,Vulnerable,28.165300000000002,-89.0771,2013,7,28.400000000000002,0.0,null,null,La Nina
2013GoM-Pma-00840,Sperm Whale,Vulnerable,28.1917,-89.0561,2013,7,28.400000000000002,0.0,null,null,La Nina
2013GoM-Pma-00840,Sperm Whale,Vulnerable,28.2358,-88.9914,2013,7,28.400000000000002,0.0,null,null,La Nina
2013GoM-Pma-00840,Sperm Whale,Vulnerable,28.308600000000002,-89.3353,2013,7,28.19,0.0,null,null,La Nina
2013GoM-Pma-00840,Sperm Whale,Vulnerable,28.7682,-88.6135,2013,7,28.14,0.0,null,null,La Nina
2013GoM-Pma-00840,Sperm Whale,Vulnerable,28.807100000000002,-88.4753,2013,7,28.14,0.0,null,null,La Nina
2013GoM-Pma-00840,Sperm Whale,Vulnerable,28.270300000000002,-89.45880000000001,2013,7,28.19,0.0,null,null,La Nina
2013GoM-Pma-00840,Sperm Whale,Vulnerable,28.8764,-88.3853,2013,7,28.14,0.0,null,null,La Nina
2013GoM-Pma-00840,Sperm Whale,Vulnerable,28.314500000000002,-89.4231,2013,7,28.19,0.0,null,null,La Nina
2013GoM-Pma-00840,Sperm Whale,Vulnerable,28.1143,-89.1738,2013,7,28.19,0.0,null,null,La Nina
2013GoM-Pma-00840,Sperm Whale,Vulnerable,28.7649,-88.51780000000001,2013,7,28.14,0.0,null,null,La Nina
2013GoM-Pma-00840,Sperm Whale,Vulnerable,28.9694,-88.0663,2013,7,28.17,0.0,null,null,La Nina
2013GoM-Pma-00840,Sperm Whale,Vulnerable,28.872400000000003,-88.5382,2013,7,28.14,0.0,null,null,La Nina
2013GoM-Pma-00840,Sperm Whale,Vulnerable,29.003,-88.2004,2013,7,28.09,0.0,null,null,La Nina
2013GoM-Pma-00840,Sperm Whale,Vulnerable,28.1449,-89.1526,2013,7,28.19,0.0,null,null,La Nina
2013GoM-Pma-00840,Sperm Whale,Vulnerable,28.898200000000003,-88.23960000000001,2013,7,28.14,0.0,null,null,La Nina
2013GoM-Pma-00840,Sperm Whale,Vulnerable,28.1279,-89.17530000000001,2013,7,28.19,0.0,null,null,La Nina
2013GoM-Pma-00840,Sperm Whale,Vulnerable,28.7743,-88.5081,2013,7,28.14,0.0,null,null,La Nina
2013GoM-Pma-00840,Sperm Whale,Vulnerable,28.6933,-88.8318,2013,7,28.22,0.0,null,null,La Nina
2013GoM-Pma-00840,Sperm Whale,Vulnerable,29.0543,-88.1748,2013,7,28.09,0.0,null,null,La Nina
2013GoM-Pma-00840,Sperm Whale,Vulnerable,28.8699,-88.1229,2013,7,28.17,0.0,null,null,La Nina
2013GoM-Pma-00840,Sperm Whale,Vulnerable,29.072300000000002,-88.12490000000001,2013,7,28.09,0.0,null,null,La Nina
2013GoM-Pma-00840,Sperm Whale,Vulnerable,28.869300000000003,-88.1079,2013,7,28.17,0.0,null,null,La Nina
2013GoM-Pma-00840,Sperm Whale,Vulnerable,28.8842,-88.3438,2013,7,28.14,0.0,null,null,La Nina
2013GoM-Pma-00840,Sperm Whale,Vulnerable,28.9796,-88.1162,2013,7,28.17,0.0,null,null,La Nina
2013GoM-Pma-00840,Sperm Whale,Vulnerable,28.8991,-88.19640000000001,2013,7,28.14,0.0,null,null,La Nina
2013GoM-Pma-00840,Sperm Whale,Vulnerable,28.9399,-88.07180000000001,2013,7,28.17,0.0,null,null,La Nina
2013GoM-Pma-00840,Sperm Whale,Vulnerable,28.878,-88.1549,2013,7,28.17,0.0,null,null,La Nina
2013GoM-Pma-00840,Sperm Whale,Vulnerable,28.9753,-88.04860000000001,2013,7,28.17,0.0,null,null,La Nina
2013GoM-Pma-00840,Sperm Whale,Vulnerable,28.7958,-88.3955,2013,7,28.14,0.0,null,null,La Nina
2013GoM-Pma-00840,Sperm Whale,Vulnerable,29.1003,-88.0163,2013,7,28.09,0.0,null,null,La Nina
2013GoM-Pma-00840,Sperm Whale,Vulnerable,28.793,-88.5189,2013,7,28.14,0.0,null,null,La Nina
2013GoM-Pma-00840,Sperm Whale,Vulnerable,28.8766,-88.2902,2013,7,28.14,0.0,null,null,La Nina
2013GoM-Pma-00840,Sperm Whale,Vulnerable,28.796100000000003,-88.7005,2013,7,28.22,0.0,null,null,La Nina
2013GoM-Pma-00840,Sperm Whale,Vulnerable,28.883100000000002,-88.2432,2013,7,28.14,0.0,null,null,La Nina
2013GoM-Pma-00840,Sperm Whale,Vulnerable,28.268,-88.9723,2013,7,28.400000000000002,0.0,null,null,La Nina
2013GoM-Pma-00840,Sperm Whale,Vulnerable,28.7843,-88.74940000000001,2013,7,28.22,0.0,null,null,La Nina
2013GoM-Pma-00840,Sperm Whale,Vulnerable,28.769000000000002,-88.7774,2013,7,28.22,0.0,null,null,La Nina
2013GoM-Pma-00840,Sperm Whale,Vulnerable,28.788600000000002,-88.69930000000001,2013,7,28.22,0.0,null,null,La Nina
2013GoM-Pma-00840,Sperm Whale,Vulnerable,28.864900000000002,-88.5706,2013,7,28.14,0.0,null,null,La Nina
2013GoM-Pma-00840,Sperm Whale,Vulnerable,28.8712,-88.5391,2013,7,28.14,0.0,null,null,La Nina
2013GoM-Pma-00840,Sperm Whale,Vulnerable,28.846300000000003,-88.421,2013,7,28.14,0.0,null,null,La Nina
2013GoM-Pma-00840,Sperm Whale,Vulnerable,28.7984,-88.6695,2013,7,28.22,0.0,null,null,La Nina
2013GoM-Pma-00840,Sperm Whale,Vulnerable,28.774900000000002,-88.5077,2013,7,28.14,0.0,null,null,La Nina
2013GoM-Pma-00840,Sperm Whale,Vulnerable,28.786900000000003,-88.6979,2013,7,28.22,0.0,null,null,La Nina
2013GoM-Pma-00840,Sperm Whale,Vulnerable,28.727600000000002,-88.7878,2013,7,28.22,0.0,null,null,La Nina
2013GoM-Pma-00840,Sperm Whale,Vulnerable,28.7485,-88.637,2013,7,28.22,0.0,null,null,La Nina
2013GoM-Pma-00840,Sperm Whale,Vulnerable,28.8062,-88.6345,2013,7,28.22,0.0,null,null,La Nina
2013GoM-Pma-00840,Sperm Whale,Vulnerable,28.744600000000002,-88.53150000000001,2013,7,28.14,0.0,null,null,La Nina
2013GoM-Pma-00840,Sperm Whale,Vulnerable,28.7314,-88.6594,2013,7,28.22,0.0,null,null,La Nina
2013GoM-Pma-00840,Sperm Whale,Vulnerable,28.7879,-88.7393,2013,7,28.22,0.0,null,null,La Nina
2013GoM-Pma-00840,Sperm Whale,Vulnerable,28.8211,-88.4668,2013,7,28.14,0.0,null,null,La Nina
2013GoM-Pma-00840,Sperm Whale,Vulnerable,28.8138,-88.7138,2013,7,28.22,0.0,null,null,La Nina
2013GoM-Pma-00840,Sperm Whale,Vulnerable,28.8519,-88.6414,2013,7,28.22,0.0,null,null,La Nina
2013GoM-Pma-00840,Sperm Whale,Vulnerable,28.6951,-88.76830000000001,2013,7,28.22,0.0,null,null,La Nina
2013GoM-Pma-00840,Sperm Whale,Vulnerable,28.7682,-88.6156,2013,7,28.14,0.0,null,null,La Nina
2013GoM-Pma-00840,Sperm Whale,Vulnerable,28.7725,-88.5871,2013,7,28.14,0.0,null,null,La Nina
2013GoM-Pma-00840,Sperm Whale,Vulnerable,28.683100000000003,-88.85600000000001,2013,7,28.22,0.0,null,null,La Nina
2013GoM-Pma-00840,Sperm Whale,Vulnerable,28.6733,-88.87180000000001,2013,7,28.22,0.0,null,null,La Nina
2013GoM-Pma-00840,Sperm Whale,Vulnerable,28.7821,-88.5459,2013,7,28.14,0.0,null,null,La Nina
2013GoM-Pma-00840,Sperm Whale,Vulnerable,28.652800000000003,-88.8842,2013,7,28.22,0.0,null,null,La Nina
2013GoM-Pma-00840,Sperm Whale,Vulnerable,28.6946,-88.8369,2013,7,28.22,0.0,null,null,La Nina
2013GoM-Pma-00840,Sperm Whale,Vulnerable,28.6993,-88.85560000000001,2013,7,28.22,0.0,null,null,La Nina
2013GoM-Pma-00840,Sperm Whale,Vulnerable,28.776600000000002,-88.5569,2013,7,28.14,0.0,null,null,La Nina
2013GoM-Pma-00840,Sperm Whale,Vulnerable,28.797,-88.3588,2013,7,28.14,0.0,null,null,La Nina
2013GoM-Pma-00840,Sperm Whale,Vulnerable,28.6476,-88.8978,2013,7,28.22,0.0,null,null,La Nina
2013GoM-Pma-00840,Sperm Whale,Vulnerable,28.68,-88.77120000000001,2013,7,28.22,0.0,null,null,La Nina
2013GoM-Pma-00840,Sperm Whale,Vulnerable,28.7499,-88.7668,2013,7,28.22,0.0,null,null,La Nina
2013GoM-Pma-00840,Sperm Whale,Vulnerable,28.7484,-88.6388,2013,7,28.22,0.0,null,null,La Nina
2013GoM-Pma-00840,Sperm Whale,Vulnerable,28.6648,-88.8743,2013,7,28.22,0.0,null,null,La Nina
2013GoM-Pma-00840,Sperm Whale,Vulnerable,28.6798,-88.86290000000001,2013,7,28.22,0.0,null,null,La Nina
2013GoM-Pma-00840,Sperm Whale,Vulnerable,28.878300000000003,-88.1042,2013,7,28.17,0.0,null,null,La Nina
2013GoM-Pma-00840,Sperm Whale,Vulnerable,28.9968,-88.1733,2013,7,28.09,0.0,null,null,La Nina
2013GoM-Pma-00840,Sperm Whale,Vulnerable,28.686700000000002,-88.83590000000001,2013,7,28.22,0.0,null,null,La Nina
2013GoM-Pma-00840,Sperm Whale,Vulnerable,28.8491,-88.64280000000001,2013,7,28.22,0.0,null,null,La Nina
2013GoM-Pma-00840,Sperm Whale,Vulnerable,28.8655,-88.0728,2013,7,28.17,0.0,null,null,La Nina
2013GoM-Pma-00840,Sperm Whale,Vulnerable,28.7084,-88.8417,2013,7,28.22,0.0,null,null,La Nina
2013GoM-Pma-00840,Sperm Whale,Vulnerable,28.701500000000003,-88.79,2013,7,28.22,0.0,null,null,La Nina
2013GoM-Pma-00840,Sperm Whale,Vulnerable,28.767,-88.7266,2013,7,28.22,0.0,null,null,La Nina
2013GoM-Pma-00840,Sperm Whale,Vulnerable,28.8824,-88.1131,2013,7,28.17,0.0,null,null,La Nina
2013GoM-Pma-00840,Sperm Whale,Vulnerable,28.875,-88.0907,2013,7,28.17,0.0,null,null,La Nina
2013GoM-Pma-00840,Sperm Whale,Vulnerable,28.080000000000002,-89.5762,2013,7,28.14,0.0,null,null,La Nina
2013GoM-Pma-00840,Sperm Whale,Vulnerable,28.87,-88.0809,2013,7,28.17,0.0,null,null,La Nina
2013GoM-Pma-00840,Sperm Whale,Vulnerable,28.8551,-88.37830000000001,2013,7,28.14,0.0,null,null,La Nina
2013GoM-Pma-00840,Sperm Whale,Vulnerable,29.063200000000002,-88.01520000000001,2013,7,28.09,0.0,null,null,La Nina
2013GoM-Pma-00840,Sperm Whale,Vulnerable,28.8805,-88.1027,2013,7,28.17,0.0,null,null,La Nina
2013GoM-Pma-00840,Sperm Whale,Vulnerable,28.8719,-88.0571,2013,7,28.17,0.0,null,null,La Nina
2013GoM-Pma-00840,Sperm Whale,Vulnerable,29.069,-88.0107,2013,7,28.09,0.0,null,null,La Nina
2013GoM-Pma-00840,Sperm Whale,Vulnerable,28.879900000000003,-88.0419,2013,7,28.17,0.0,null,null,La Nina
2013GoM-Pma-00840,Sperm Whale,Vulnerable,28.079900000000002,-89.57770000000001,2013,7,28.14,0.0,null,null,La Nina
2013GoM-Pma-00840,Sperm Whale,Vulnerable,28.7972,-88.3982,2013,7,28.14,0.0,null,null,La Nina
2013GoM-Pma-00840,Sperm Whale,Vulnerable,28.867900000000002,-88.0629,2013,7,28.17,0.0,null,null,La Nina
2013GoM-Pma-00840,Sperm Whale,Vulnerable,28.8749,-88.0883,2013,7,28.17,0.0,null,null,La Nina
2013GoM-Pma-00840,Sperm Whale,Vulnerable,28.871100000000002,-88.04950000000001,2013,7,28.17,0.0,null,null,La Nina
2013GoM-Pma-00840,Sperm Whale,Vulnerable,29.073800000000002,-88.0086,2013,7,28.09,0.0,null,null,La Nina
2013GoM-Pma-00840,Sperm Whale,Vulnerable,28.6567,-88.88080000000001,2013,7,28.22,0.0,null,null,La Nina
2013GoM-Pma-00840,Sperm Whale,Vulnerable,28.870900000000002,-88.0535,2013,7,28.17,0.0,null,null,La Nina
2013GoM-Pma-00840,Sperm Whale,Vulnerable,28.794,-88.512,2013,7,28.14,0.0,null,null,La Nina
2013GoM-Pma-00840,Sperm Whale,Vulnerable,28.9056,-88.0228,2013,7,28.17,0.0,null,null,La Nina
2013GoM-Pma-00840,Sperm Whale,Vulnerable,29.0712,-88.00930000000001,2013,7,28.09,0.0,null,null,La Nina
2013GoM-Pma-00840,Sperm Whale,Vulnerable,29.0883,-87.9914,2013,7,28.09,0.0,null,null,La Nina
2013GoM-Pma-00840,Sperm Whale,Vulnerable,28.884500000000003,-88.0369,2013,7,28.17,0.0,null,null,La Nina
2013GoM-Pma-00840,Sperm Whale,Vulnerable,28.886400000000002,-88.0343,2013,7,28.17,0.0,null,null,La Nina
2013GoM-Pma-00840,Sperm Whale,Vulnerable,28.9048,-88.0236,2013,7,28.17,0.0,null,null,La Nina
2013GoM-Pma-00840,Sperm Whale,Vulnerable,28.880100000000002,-88.0407,2013,7,28.17,0.0,null,null,La Nina
2013GoM-Pma-00840,Sperm Whale,Vulnerable,28.8941,-88.0252,2013,7,28.17,0.0,null,null,La Nina
2013GoM-Pma-00840,Sperm Whale,Vulnerable,28.0792,-89.58330000000001,2013,7,28.14,0.0,null,null,La Nina
2013GoM-Pma-00840,Sperm Whale,Vulnerable,29.0833,-87.99560000000001,2013,7,28.09,0.0,null,null,La Nina
2013GoM-Pma-00840,Sperm Whale,Vulnerable,29.082700000000003,-87.9959,2013,7,28.09,0.0,null,null,La Nina
2013GoM-Pma-00840,Sperm Whale,Vulnerable,28.6978,-88.85520000000001,2013,7,28.22,0.0,null,null,La Nina
2013GoM-Pma-00840,Sperm Whale,Vulnerable,28.9368,-88.0081,2013,7,28.17,0.0,null,null,La Nina
2013GoM-Pma-00840,Sperm Whale,Vulnerable,29.088900000000002,-87.9911,2013,7,28.09,0.0,null,null,La Nina
2013GoM-Pma-00840,Sperm Whale,Vulnerable,29.0317,-87.9636,2013,7,28.17,0.0,null,null,La Nina
2013GoM-Pma-00840,Sperm Whale,Vulnerable,28.910600000000002,-88.0207,2013,7,28.17,0.0,null,null,La Nina
2013GoM-Pma-00840,Sperm Whale,Vulnerable,28.966,-87.9991,2013,7,28.17,0.0,null,null,La Nina
2013GoM-Pma-00840,Sperm Whale,Vulnerable,28.079500000000003,-89.5848,2013,7,28.14,0.0,null,null,La Nina
2013GoM-Pma-00840,Sperm Whale,Vulnerable,29.094800000000003,-87.9875,2013,7,28.09,0.0,null,null,La Nina
2013GoM-Pma-00840,Sperm Whale,Vulnerable,28.9985,-87.9758,2013,7,28.17,0.0,null,null,La Nina
2013GoM-Pma-00840,Sperm Whale,Vulnerable,28.817300000000003,-88.328,2013,7,28.14,0.0,null,null,La Nina
2013GoM-Pma-00840,Sperm Whale,Vulnerable,29.0958,-87.9867,2013,7,28.09,0.0,null,null,La Nina
2013GoM-Pma-00840,Sperm Whale,Vulnerable,28.935100000000002,-88.0087,2013,7,28.17,0.0,null,null,La Nina
2013GoM-Pma-00840,Sperm Whale,Vulnerable,28.966900000000003,-87.9979,2013,7,28.17,0.0,null,null,La Nina
2013GoM-Pma-00840,Sperm Whale,Vulnerable,29.0641,-87.95620000000001,2013,7,28.17,0.0,null,null,La Nina
2013GoM-Pma-00840,Sperm Whale,Vulnerable,28.6856,-88.87060000000001,2013,7,28.22,0.0,null,null,La Nina
2013GoM-Pma-00840,Sperm Whale,Vulnerable,29.062700000000003,-87.9567,2013,7,28.17,0.0,null,null,La Nina
2013GoM-Pma-00840,Sperm Whale,Vulnerable,28.7724,-88.5845,2013,7,28.14,0.0,null,null,La Nina
2013GoM-Pma-00840,Sperm Whale,Vulnerable,29.034100000000002,-87.962,2013,7,28.17,0.0,null,null,La Nina
2013GoM-Pma-00840,Sperm Whale,Vulnerable,29.116400000000002,-87.9933,2013,7,28.09,0.0,null,null,La Nina
2013GoM-Pma-00840,Sperm Whale,Vulnerable,29.0633,-87.973,2013,7,28.17,0.0,null,null,La Nina
2013GoM-Pma-00840,Sperm Whale,Vulnerable,29.0439,-88.0013,2013,7,28.17,0.0,null,null,La Nina
2013GoM-Pma-00840,Sperm Whale,Vulnerable,29.043100000000003,-88.002,2013,7,28.17,0.0,null,null,La Nina
2013GoM-Pma-00840,Sperm Whale,Vulnerable,28.8758,-88.10040000000001,2013,7,28.17,0.0,null,null,La Nina
2013GoM-Pma-00840,Sperm Whale,Vulnerable,29.063,-87.974,2013,7,28.17,0.0,null,null,La Nina
2013GoM-Pma-00840,Sperm Whale,Vulnerable,28.9405,-88.0728,2013,7,28.17,0.0,null,null,La Nina
2013GoM-Pma-00840,Sperm Whale,Vulnerable,29.0999,-88.0149,2013,7,28.09,0.0,null,null,La Nina
2013GoM-Pma-00840,Sperm Whale,Vulnerable,29.0851,-88.0429,2013,7,28.09,0.0,null,null,La Nina
2013GoM-Pma-00840,Sperm Whale,Vulnerable,28.0791,-89.581,2013,7,28.14,0.0,null,null,La Nina
2013GoM-Pma-00840,Sperm Whale,Vulnerable,29.0762,-88.0951,2013,7,28.09,0.0,null,null,La Nina
2013GoM-Pma-00840,Sperm Whale,Vulnerable,28.881700000000002,-88.0952,2013,7,28.17,0.0,null,null,La Nina
2013GoM-Pma-00840,Sperm Whale,Vulnerable,29.0757,-88.09400000000001,2013,7,28.09,0.0,null,null,La Nina
2013GoM-Pma-00840,Sperm Whale,Vulnerable,28.9768,-88.0481,2013,7,28.17,0.0,null,null,La Nina
2013GoM-Pma-00840,Sperm Whale,Vulnerable,28.903100000000002,-88.0806,2013,7,28.17,0.0,null,null,La Nina
2013GoM-Pma-00840,Sperm Whale,Vulnerable,28.8703,-88.1228,2013,7,28.17,0.0,null,null,La Nina
2013GoM-Pma-00840,Sperm Whale,Vulnerable,29.0756,-88.06750000000001,2013,7,28.09,0.0,null,null,La Nina
2013GoM-Pma-00840,Sperm Whale,Vulnerable,28.8685,-88.1078,2013,7,28.17,0.0,null,null,La Nina
2013GoM-Pma-00840,Sperm Whale,Vulnerable,29.0714,-88.1237,2013,7,28.09,0.0,null,null,La Nina
2013GoM-Pma-00840,Sperm Whale,Vulnerable,28.7955,-88.5052,2013,7,28.14,0.0,null,null,La Nina
2013GoM-Pma-00840,Sperm Whale,Vulnerable,29.0687,-88.1536,2013,7,28.09,0.0,null,null,La Nina
2013GoM-Pma-00840,Sperm Whale,Vulnerable,28.9017,-88.0811,2013,7,28.17,0.0,null,null,La Nina
2013GoM-Pma-00840,Sperm Whale,Vulnerable,28.6792,-88.86370000000001,2013,7,28.22,0.0,null,null,La Nina
2013GoM-Pma-00840,Sperm Whale,Vulnerable,28.079500000000003,-89.5806,2013,7,28.14,0.0,null,null,La Nina
2013GoM-Pma-00840,Sperm Whale,Vulnerable,28.8776,-88.155,2013,7,28.17,0.0,null,null,La Nina
2013GoM-Pma-00840,Sperm Whale,Vulnerable,28.7301,-88.662,2013,7,28.22,0.0,null,null,La Nina
2013GoM-Pma-00840,Sperm Whale,Vulnerable,28.873,-88.1412,2013,7,28.17,0.0,null,null,La Nina
2013GoM-Pma-00840,Sperm Whale,Vulnerable,28.7495,-88.52770000000001,2013,7,28.14,0.0,null,null,La Nina
2013GoM-Pma-00840,Sperm Whale,Vulnerable,28.8734,-88.1417,2013,7,28.17,0.0,null,null,La Nina
2013GoM-Pma-00840,Sperm Whale,Vulnerable,29.067700000000002,-88.15310000000001,2013,7,28.09,0.0,null,null,La Nina
2013GoM-Pma-00840,Sperm Whale,Vulnerable,29.0573,-88.1894,2013,7,28.09,0.0,null,null,La Nina
2013GoM-Pma-00840,Sperm Whale,Vulnerable,28.986,-88.1447,2013,7,28.17,0.0,null,null,La Nina
2013GoM-Pma-00840,Sperm Whale,Vulnerable,28.9615,-88.0908,2013,7,28.17,0.0,null,null,La Nina
2013GoM-Pma-00840,Sperm Whale,Vulnerable,28.8834,-88.1686,2013,7,28.17,0.0,null,null,La Nina
2013GoM-Pma-00840,Sperm Whale,Vulnerable,28.8761,-88.1675,2013,7,28.17,0.0,null,null,La Nina
2013GoM-Pma-00840,Sperm Whale,Vulnerable,28.964100000000002,-88.0939,2013,7,28.17,0.0,null,null,La Nina
2013GoM-Pma-00840,Sperm Whale,Vulnerable,28.0816,-89.5787,2013,7,28.14,0.0,null,null,La Nina
2013GoM-Pma-00840,Sperm Whale,Vulnerable,28.985500000000002,-88.142,2013,7,28.17,0.0,null,null,La Nina
2013GoM-Pma-00840,Sperm Whale,Vulnerable,29.0578,-88.1913,2013,7,28.09,0.0,null,null,La Nina
2013GoM-Pma-00840,Sperm Whale,Vulnerable,28.674200000000003,-88.819,2013,7,28.22,0.0,null,null,La Nina
2013GoM-Pma-00840,Sperm Whale,Vulnerable,28.9779,-88.1109,2013,7,28.17,0.0,null,null,La Nina
2013GoM-Pma-00840,Sperm Whale,Vulnerable,28.1266,-89.1747,2013,7,28.19,0.0,null,null,La Nina
2013GoM-Pma-00840,Sperm Whale,Vulnerable,29.0563,-88.1748,2013,7,28.09,0.0,null,null,La Nina
2013GoM-Pma-00840,Sperm Whale,Vulnerable,29.033,-88.1932,2013,7,28.09,0.0,null,null,La Nina
2013GoM-Pma-00840,Sperm Whale,Vulnerable,28.0818,-89.5796,2013,7,28.14,0.0,null,null,La Nina
2013GoM-Pma-00840,Sperm Whale,Vulnerable,28.9696,-88.0754,2013,7,28.17,0.0,null,null,La Nina
2013GoM-Pma-00840,Sperm Whale,Vulnerable,28.9739,-88.0505,2013,7,28.17,0.0,null,null,La Nina
2013GoM-Pma-00840,Sperm Whale,Vulnerable,29.0045,-88.0383,2013,7,28.17,0.0,null,null,La Nina
2013GoM-Pma-00840,Sperm Whale,Vulnerable,28.7208,-88.5629,2013,7,28.14,0.0,null,null,La Nina
2013GoM-Pma-00840,Sperm Whale,Vulnerable,28.968400000000003,-88.07300000000001,2013,7,28.17,0.0,null,null,La Nina
2013GoM-Pma-00840,Sperm Whale,Vulnerable,28.9741,-88.056,2013,7,28.17,0.0,null,null,La Nina
2013GoM-Pma-00840,Sperm Whale,Vulnerable,28.3136,-89.4204,2013,7,28.19,0.0,null,null,La Nina
2013GoM-Pma-00840,Sperm Whale,Vulnerable,29.0045,-88.03630000000001,2013,7,28.17,0.0,null,null,La Nina
2013GoM-Pma-00840,Sperm Whale,Vulnerable,29.0333,-88.02250000000001,2013,7,28.17,0.0,null,null,La Nina
2013GoM-Pma-00840,Sperm Whale,Vulnerable,28.1129,-89.17360000000001,2013,7,28.19,0.0,null,null,La Nina
2013GoM-Pma-00840,Sperm Whale,Vulnerable,29.0337,-88.0218,2013,7,28.17,0.0,null,null,La Nina
2013GoM-Pma-00840,Sperm Whale,Vulnerable,28.256300000000003,-89.496,2013,7,28.19,0.0,null,null,La Nina
2013GoM-Pma-00840,Sperm Whale,Vulnerable,28.122200000000003,-89.1405,2013,7,28.19,0.0,null,null,La Nina
2013GoM-Pma-00840,Sperm Whale,Vulnerable,28.309900000000003,-89.2679,2013,7,28.19,0.0,null,null,La Nina
2013GoM-Pma-00840,Sperm Whale,Vulnerable,28.0805,-89.58380000000001,2013,7,28.14,0.0,null,null,La Nina
2013GoM-Pma-00840,Sperm Whale,Vulnerable,28.3522,-88.8726,2013,7,28.400000000000002,0.0,null,null,La Nina
2013GoM-Pma-00840,Sperm Whale,Vulnerable,28.339100000000002,-88.90610000000001,2013,7,28.400000000000002,0.0,null,null,La Nina
2013GoM-Pma-00840,Sperm Whale,Vulnerable,28.339100000000002,-88.9086,2013,7,28.400000000000002,0.0,null,null,La Nina
2013GoM-Pma-00840,Sperm Whale,Vulnerable,28.3532,-88.8696,2013,7,28.400000000000002,0.0,null,null,La Nina
2013GoM-Pma-00840,Sperm Whale,Vulnerable,28.320800000000002,-88.9424,2013,7,28.400000000000002,0.0,null,null,La Nina
2013GoM-Pma-00840,Sperm Whale,Vulnerable,28.294600000000003,-89.3639,2013,7,28.19,0.0,null,null,La Nina
2013GoM-Pma-00840,Sperm Whale,Vulnerable,28.266000000000002,-89.1914,2013,7,28.19,0.0,null,null,La Nina
2013GoM-Pma-00840,Sperm Whale,Vulnerable,28.294700000000002,-88.9616,2013,7,28.400000000000002,0.0,null,null,La Nina
2013GoM-Pma-00840,Sperm Whale,Vulnerable,28.797800000000002,-88.35640000000001,2013,7,28.14,0.0,null,null,La Nina
2013GoM-Pma-00840,Sperm Whale,Vulnerable,28.294900000000002,-89.3668,2013,7,28.19,0.0,null,null,La Nina
2013GoM-Pma-00840,Sperm Whale,Vulnerable,28.2968,-88.96050000000001,2013,7,28.400000000000002,0.0,null,null,La Nina
2013GoM-Pma-00840,Sperm Whale,Vulnerable,28.2358,-88.9944,2013,7,28.400000000000002,0.0,null,null,La Nina
2013GoM-Pma-00840,Sperm Whale,Vulnerable,28.2208,-89.0262,2013,7,28.400000000000002,0.0,null,null,La Nina
2013GoM-Pma-00840,Sperm Whale,Vulnerable,28.227500000000003,-89.0335,2013,7,28.400000000000002,0.0,null,null,La Nina
2013GoM-Pma-00840,Sperm Whale,Vulnerable,28.8715,-88.3306,2013,7,28.14,0.0,null,null,La Nina
2013GoM-Pma-00840,Sperm Whale,Vulnerable,28.1921,-89.0587,2013,7,28.400000000000002,0.0,null,null,La Nina
2013GoM-Pma-00840,Sperm Whale,Vulnerable,28.1661,-89.0751,2013,7,28.400000000000002,0.0,null,null,La Nina
2013GoM-Pma-00840,Sperm Whale,Vulnerable,28.2665,-88.9752,2013,7,28.400000000000002,0.0,null,null,La Nina
2013GoM-Pma-00840,Sperm Whale,Vulnerable,28.322,-88.9398,2013,7,28.400000000000002,0.0,null,null,La Nina
2013GoM-Pma-00840,Sperm Whale,Vulnerable,28.6811,-88.7703,2013,7,28.22,0.0,null,null,La Nina
2013GoM-Pma-00840,Sperm Whale,Vulnerable,28.134600000000002,-89.0973,2013,7,28.400000000000002,0.0,null,null,La Nina
2013GoM-Pma-00840,Sperm Whale,Vulnerable,28.1339,-89.0998,2013,7,28.400000000000002,0.0,null,null,La Nina
2013GoM-Pma-00840,Sperm Whale,Vulnerable,28.2054,-89.0874,2013,7,28.400000000000002,0.0,null,null,La Nina
2013GoM-Pma-00840,Sperm Whale,Vulnerable,28.2053,-89.0864,2013,7,28.400000000000002,0.0,null,null,La Nina
2013GoM-Pma-00840,Sperm Whale,Vulnerable,28.8775,-88.2874,2013,7,28.14,0.0,null,null,La Nina
2013GoM-Pma-00840,Sperm Whale,Vulnerable,28.299500000000002,-89.4,2013,7,28.19,0.0,null,null,La Nina
2013GoM-Pma-00840,Sperm Whale,Vulnerable,28.2192,-89.0569,2013,7,28.400000000000002,0.0,null,null,La Nina
2013GoM-Pma-00840,Sperm Whale,Vulnerable,28.2483,-88.9962,2013,7,28.400000000000002,0.0,null,null,La Nina
2013GoM-Pma-00840,Sperm Whale,Vulnerable,28.3165,-89.3023,2013,7,28.19,0.0,null,null,La Nina
2013GoM-Pma-00840,Sperm Whale,Vulnerable,28.2204,-89.056,2013,7,28.400000000000002,0.0,null,null,La Nina
2013GoM-Pma-00840,Sperm Whale,Vulnerable,28.236900000000002,-89.0228,2013,7,28.400000000000002,0.0,null,null,La Nina
2013GoM-Pma-00840,Sperm Whale,Vulnerable,28.2498,-88.9948,2013,7,28.400000000000002,0.0,null,null,La Nina
2013GoM-Pma-00840,Sperm Whale,Vulnerable,28.3187,-89.3007,2013,7,28.19,0.0,null,null,La Nina
2013GoM-Pma-00840,Sperm Whale,Vulnerable,29.0154,-88.0318,2013,7,28.17,0.0,null,null,La Nina
2013GoM-Pma-00840,Sperm Whale,Vulnerable,28.2943,-88.9854,2013,7,28.400000000000002,0.0,null,null,La Nina
2013GoM-Pma-00840,Sperm Whale,Vulnerable,28.3103,-88.98100000000001,2013,7,28.400000000000002,0.0,null,null,La Nina
2013GoM-Pma-00840,Sperm Whale,Vulnerable,28.8065,-88.48530000000001,2013,7,28.14,0.0,null,null,La Nina
2013GoM-Pma-00840,Sperm Whale,Vulnerable,28.317,-88.9768,2013,7,28.400000000000002,0.0,null,null,La Nina
2013GoM-Pma-00840,Sperm Whale,Vulnerable,28.302100000000003,-89.2275,2013,7,28.19,0.0,null,null,La Nina
2013GoM-Pma-00840,Sperm Whale,Vulnerable,28.3197,-88.9757,2013,7,28.400000000000002,0.0,null,null,La Nina
2013GoM-Pma-00840,Sperm Whale,Vulnerable,28.273100000000003,-89.1988,2013,7,28.19,0.0,null,null,La Nina
2013GoM-Pma-00840,Sperm Whale,Vulnerable,28.259700000000002,-89.1824,2013,7,28.19,0.0,null,null,La Nina
2013GoM-Pma-00840,Sperm Whale,Vulnerable,28.277,-89.205,2013,7,28.19,0.0,null,null,La Nina
2013GoM-Pma-00840,Sperm Whale,Vulnerable,28.1463,-89.15270000000001,2013,7,28.19,0.0,null,null,La Nina
2013GoM-Pma-00840,Sperm Whale,Vulnerable,28.123800000000003,-89.14330000000001,2013,7,28.19,0.0,null,null,La Nina
2013GoM-Pma-00840,Sperm Whale,Vulnerable,28.8703,-88.33420000000001,2013,7,28.14,0.0,null,null,La Nina
2013GoM-Pma-00840,Sperm Whale,Vulnerable,28.2558,-89.1816,2013,7,28.19,0.0,null,null,La Nina
2013GoM-Pma-00840,Sperm Whale,Vulnerable,28.174500000000002,-89.1532,2013,7,28.19,0.0,null,null,La Nina
2013GoM-Pma-00840,Sperm Whale,Vulnerable,28.238200000000003,-89.17790000000001,2013,7,28.19,0.0,null,null,La Nina
2013GoM-Pma-00840,Sperm Whale,Vulnerable,28.3103,-89.2662,2013,7,28.19,0.0,null,null,La Nina
2013GoM-Pma-00840,Sperm Whale,Vulnerable,28.2767,-89.2033,2013,7,28.19,0.0,null,null,La Nina
2013GoM-Pma-00840,Sperm Whale,Vulnerable,28.301000000000002,-89.3999,2013,7,28.19,0.0,null,null,La Nina
2013GoM-Pma-00840,Sperm Whale,Vulnerable,28.895500000000002,-88.2889,2013,7,28.14,0.0,null,null,La Nina
2013GoM-Pma-00840,Sperm Whale,Vulnerable,28.285700000000002,-89.4927,2013,7,28.19,0.0,null,null,La Nina
2013GoM-Pma-00840,Sperm Whale,Vulnerable,28.308400000000002,-89.3327,2013,7,28.19,0.0,null,null,La Nina
2013GoM-Pma-00840,Sperm Whale,Vulnerable,28.2866,-89.4915,2013,7,28.19,0.0,null,null,La Nina
2013GoM-Pma-00840,Sperm Whale,Vulnerable,28.151500000000002,-89.4954,2013,7,28.19,0.0,null,null,La Nina
2013GoM-Pma-00840,Sperm Whale,Vulnerable,28.3126,-89.4812,2013,7,28.19,0.0,null,null,La Nina
2013GoM-Pma-00840,Sperm Whale,Vulnerable,28.2494,-89.4997,2013,7,28.19,0.0,null,null,La Nina
2013GoM-Pma-00840,Sperm Whale,Vulnerable,28.1534,-89.49430000000001,2013,7,28.19,0.0,null,null,La Nina
2013GoM-Pma-00840,Sperm Whale,Vulnerable,28.220200000000002,-89.4919,2013,7,28.19,0.0,null,null,La Nina
2013GoM-Pma-00840,Sperm Whale,Vulnerable,28.9998,-87.9743,2013,7,28.17,0.0,null,null,La Nina
2013GoM-Pma-00840,Sperm Whale,Vulnerable,28.1843,-89.4852,2013,7,28.19,0.0,null,null,La Nina
2013GoM-Pma-00840,Sperm Whale,Vulnerable,28.169600000000003,-89.5061,2013,7,28.19,0.0,null,null,La Nina
2013GoM-Pma-00840,Sperm Whale,Vulnerable,28.2196,-89.4906,2013,7,28.19,0.0,null,null,La Nina
2013GoM-Pma-00840,Sperm Whale,Vulnerable,28.113300000000002,-89.5316,2013,7,28.19,0.0,null,null,La Nina
2013GoM-Pma-00840,Sperm Whale,Vulnerable,28.1002,-89.55380000000001,2013,7,28.19,0.0,null,null,La Nina
2013GoM-Pma-00840,Sperm Whale,Vulnerable,28.0848,-89.5669,2013,7,28.19,0.0,null,null,La Nina
2013GoM-Pma-00840,Sperm Whale,Vulnerable,28.1046,-89.5466,2013,7,28.19,0.0,null,null,La Nina
2013GoM-Pma-00840,Sperm Whale,Vulnerable,28.098,-89.548,2013,7,28.19,0.0,null,null,La Nina
2013GoM-Pma-00840,Sperm Whale,Vulnerable,28.1018,-89.5518,2013,7,28.19,0.0,null,null,La Nina
2013GoM-Pma-00840,Sperm Whale,Vulnerable,28.0914,-89.55810000000001,2013,7,28.19,0.0,null,null,La Nina
2013GoM-Pma-00840,Sperm Whale,Vulnerable,28.8929,-88.2021,2013,7,28.14,0.0,null,null,La Nina
2013GoM-Pma-00840,Sperm Whale,Vulnerable,28.091700000000003,-89.5574,2013,7,28.19,0.0,null,null,La Nina
2013GoM-Pma-00840,Sperm Whale,Vulnerable,28.106900000000003,-89.5429,2013,7,28.19,0.0,null,null,La Nina
2013GoM-Pma-00840,Sperm Whale,Vulnerable,29.1159,-87.99220000000001,2013,7,28.09,0.0,null,null,La Nina
2013GoM-Pma-00840,Sperm Whale,Vulnerable,29.0634,-88.0445,2013,7,28.09,0.0,null,null,La Nina
2013GoM-Pma-00840,Sperm Whale,Vulnerable,28.1114,-89.53450000000001,2013,7,28.19,0.0,null,null,La Nina
2013GoM-Pma-00840,Sperm Whale,Vulnerable,28.320500000000003,-89.4477,2013,7,28.19,0.0,null,null,La Nina
2013GoM-Pma-00840,Sperm Whale,Vulnerable,28.1128,-89.53450000000001,2013,7,28.19,0.0,null,null,La Nina
2013GoM-Pma-00840,Sperm Whale,Vulnerable,28.198800000000002,-89.50030000000001,2013,7,28.19,0.0,null,null,La Nina
2013GoM-Pma-00840,Sperm Whale,Vulnerable,28.8653,-88.5051,2013,7,28.14,0.0,null,null,La Nina
2013GoM-Pma-00840,Sperm Whale,Vulnerable,28.2623,-89.4744,2013,7,28.19,0.0,null,null,La Nina
2013GoM-Pma-00840,Sperm Whale,Vulnerable,28.268600000000003,-89.47250000000001,2013,7,28.19,0.0,null,null,La Nina
2013GoM-Pma-00840,Sperm Whale,Vulnerable,28.2575,-89.47670000000001,2013,7,28.19,0.0,null,null,La Nina
2013GoM-Pma-00840,Sperm Whale,Vulnerable,28.3198,-89.447,2013,7,28.19,0.0,null,null,La Nina
2013GoM-Pma-00840,Sperm Whale,Vulnerable,28.2271,-89.4912,2013,7,28.19,0.0,null,null,La Nina
2013GoM-Pma-00840,Sperm Whale,Vulnerable,28.2798,-89.46900000000001,2013,7,28.19,0.0,null,null,La Nina
2013GoM-Pma-00840,Sperm Whale,Vulnerable,28.2939,-89.468,2013,7,28.19,0.0,null,null,La Nina
2013GoM-Pma-00840,Sperm Whale,Vulnerable,28.280900000000003,-89.46940000000001,2013,7,28.19,0.0,null,null,La Nina
2013GoM-Pma-00840,Sperm Whale,Vulnerable,28.898400000000002,-88.02680000000001,2013,7,28.17,0.0,null,null,La Nina
2013GoM-Pma-00840,Sperm Whale,Vulnerable,28.2813,-89.4714,2013,7,28.19,0.0,null,null,La Nina
2013GoM-Pma-00840,Sperm Whale,Vulnerable,28.282200000000003,-89.4722,2013,7,28.19,0.0,null,null,La Nina
2013GoM-Pma-00840,Sperm Whale,Vulnerable,28.797,-88.4418,2013,7,28.14,0.0,null,null,La Nina
2013GoM-Pma-00840,Sperm Whale,Vulnerable,28.3363,-89.4259,2013,7,28.19,0.0,null,null,La Nina
2013GoM-Pma-00840,Sperm Whale,Vulnerable,28.3079,-89.46010000000001,2013,7,28.19,0.0,null,null,La Nina
2013GoM-Pma-00840,Sperm Whale,Vulnerable,28.306600000000003,-89.46180000000001,2013,7,28.19,0.0,null,null,La Nina
2013GoM-Pma-00840,Sperm Whale,Vulnerable,28.326800000000002,-89.4239,2013,7,28.19,0.0,null,null,La Nina
2013GoM-Pma-00840,Sperm Whale,Vulnerable,28.2725,-89.4847,2013,7,28.19,0.0,null,null,La Nina
2013GoM-Pma-00840,Sperm Whale,Vulnerable,28.326,-89.4257,2013,7,28.19,0.0,null,null,La Nina
2013GoM-Pma-00840,Sperm Whale,Vulnerable,28.2633,-89.4739,2013,7,28.19,0.0,null,null,La Nina
2013GoM-Pma-00840,Sperm Whale,Vulnerable,28.280700000000003,-89.48150000000001,2013,7,28.19,0.0,null,null,La Nina
2013GoM-Pma-00840,Sperm Whale,Vulnerable,28.8733,-88.42490000000001,2013,7,28.14,0.0,null,null,La Nina
2013GoM-Pma-00840,Sperm Whale,Vulnerable,28.2789,-89.4825,2013,7,28.19,0.0,null,null,La Nina
2013GoM-Pma-00840,Sperm Whale,Vulnerable,28.3455,-89.41290000000001,2013,7,28.19,0.0,null,null,La Nina
2013GoM-Pma-00840,Sperm Whale,Vulnerable,28.2639,-89.48780000000001,2013,7,28.19,0.0,null,null,La Nina
2013GoM-Pma-00840,Sperm Whale,Vulnerable,28.2257,-89.2883,2013,7,28.19,0.0,null,null,La Nina
2013GoM-Pma-00840,Sperm Whale,Vulnerable,28.2571,-89.4846,2013,7,28.19,0.0,null,null,La Nina
2013GoM-Pma-00840,Sperm Whale,Vulnerable,28.2646,-89.4264,2013,7,28.19,0.0,null,null,La Nina
2013GoM-Pma-00840,Sperm Whale,Vulnerable,28.253,-89.411,2013,7,28.19,0.0,null,null,La Nina
2013GoM-Pma-00840,Sperm Whale,Vulnerable,28.2514,-89.4077,2013,7,28.19,0.0,null,null,La Nina
2013GoM-Pma-00840,Sperm Whale,Vulnerable,28.2544,-89.4118,2013,7,28.19,0.0,null,null,La Nina
2013GoM-Pma-00840,Sperm Whale,Vulnerable,28.2257,-89.29440000000001,2013,7,28.19,0.0,null,null,La Nina
2013GoM-Pma-00840,Sperm Whale,Vulnerable,28.2646,-89.4248,2013,7,28.19,0.0,null,null,La Nina
2013GoM-Pma-00840,Sperm Whale,Vulnerable,28.248800000000003,-89.38250000000001,2013,7,28.19,0.0,null,null,La Nina
2013GoM-Pma-00840,Sperm Whale,Vulnerable,28.2404,-89.3238,2013,7,28.19,0.0,null,null,La Nina
2013GoM-Pma-00840,Sperm Whale,Vulnerable,28.2525,-89.3686,2013,7,28.19,0.0,null,null,La Nina
2013GoM-Pma-00840,Sperm Whale,Vulnerable,29.0786,-88.00290000000001,2013,7,28.09,0.0,null,null,La Nina
2013GoM-Pma-00840,Sperm Whale,Vulnerable,28.2481,-89.3531,2013,7,28.19,0.0,null,null,La Nina
2013GoM-Pma-00840,Sperm Whale,Vulnerable,28.2087,-89.25750000000001,2013,7,28.19,0.0,null,null,La Nina
2013GoM-Pma-00840,Sperm Whale,Vulnerable,28.2417,-89.3249,2013,7,28.19,0.0,null,null,La Nina
2013GoM-Pma-00840,Sperm Whale,Vulnerable,28.2234,-89.28240000000001,2013,7,28.19,0.0,null,null,La Nina
2013GoM-Pma-00840,Sperm Whale,Vulnerable,28.844800000000003,-88.42360000000001,2013,7,28.14,0.0,null,null,La Nina
2013GoM-Pma-00840,Sperm Whale,Vulnerable,28.2218,-89.28150000000001,2013,7,28.19,0.0,null,null,La Nina
2013GoM-Pma-00840,Sperm Whale,Vulnerable,28.2524,-89.36710000000001,2013,7,28.19,0.0,null,null,La Nina
2013GoM-Pma-00840,Sperm Whale,Vulnerable,28.213600000000003,-89.2693,2013,7,28.19,0.0,null,null,La Nina
2013GoM-Pma-00840,Sperm Whale,Vulnerable,28.196,-89.221,2013,7,28.19,0.0,null,null,La Nina
2013GoM-Pma-00840,Sperm Whale,Vulnerable,28.212200000000003,-89.26870000000001,2013,7,28.19,0.0,null,null,La Nina
2013GoM-Pma-00840,Sperm Whale,Vulnerable,28.1904,-89.15520000000001,2013,7,28.19,0.0,null,null,La Nina
2013GoM-Pma-00840,Sperm Whale,Vulnerable,28.204900000000002,-89.24690000000001,2013,7,28.19,0.0,null,null,La Nina
2013GoM-Pma-00840,Sperm Whale,Vulnerable,28.8533,-88.6055,2013,7,28.14,0.0,null,null,La Nina
2013GoM-Pma-00840,Sperm Whale,Vulnerable,28.196,-89.22290000000001,2013,7,28.19,0.0,null,null,La Nina
2013GoM-Pma-00840,Sperm Whale,Vulnerable,28.218300000000003,-89.2771,2013,7,28.19,0.0,null,null,La Nina
2013GoM-Pma-00840,Sperm Whale,Vulnerable,28.172900000000002,-89.1536,2013,7,28.19,0.0,null,null,La Nina
2013GoM-Pma-00840,Sperm Whale,Vulnerable,28.8979,-88.027,2013,7,28.17,0.0,null,null,La Nina
2013GoM-Pma-00840,Sperm Whale,Vulnerable,28.1944,-89.1907,2013,7,28.19,0.0,null,null,La Nina
2013GoM-Pma-00840,Sperm Whale,Vulnerable,28.197200000000002,-89.1586,2013,7,28.19,0.0,null,null,La Nina
2013GoM-Pma-00840,Sperm Whale,Vulnerable,28.194,-89.19030000000001,2013,7,28.19,0.0,null,null,La Nina
2013GoM-Pma-00840,Sperm Whale,Vulnerable,28.1976,-89.1579,2013,7,28.19,0.0,null,null,La Nina
2013GoM-Pma-00840,Sperm Whale,Vulnerable,28.748700000000003,-88.52210000000001,2013,7,28.14,0.0,null,null,La Nina
2013GoM-Pma-00840,Sperm Whale,Vulnerable,28.2225,-89.1686,2013,7,28.19,0.0,null,null,La Nina
2013GoM-Pma-00840,Sperm Whale,Vulnerable,28.2313,-89.1748,2013,7,28.19,0.0,null,null,La Nina
2013GoM-Pma-00840,Sperm Whale,Vulnerable,28.8942,-88.1551,2013,7,28.17,0.0,null,null,La Nina
2013GoM-Pma-00840,Sperm Whale,Vulnerable,28.8945,-88.1571,2013,7,28.17,0.0,null,null,La Nina
2013GoM-Pma-00840,Sperm Whale,Vulnerable,28.882900000000003,-88.1179,2013,7,28.17,0.0,null,null,La Nina
2013GoM-Pma-00840,Sperm Whale,Vulnerable,28.9968,-88.17660000000001,2013,7,28.09,0.0,null,null,La Nina
2013GoM-Pma-00840,Sperm Whale,Vulnerable,28.872600000000002,-88.0557,2013,7,28.17,0.0,null,null,La Nina
2013GoM-Pma-00840,Sperm Whale,Vulnerable,28.8091,-88.51820000000001,2013,7,28.14,0.0,null,null,La Nina
2013GoM-Pma-00840,Sperm Whale,Vulnerable,28.756300000000003,-88.5291,2013,7,28.14,0.0,null,null,La Nina
2013GoM-Pma-00840,Sperm Whale,Vulnerable,28.8674,-88.0643,2013,7,28.17,0.0,null,null,La Nina
2013GoM-Pma-00840,Sperm Whale,Vulnerable,28.8764,-88.486,2013,7,28.14,0.0,null,null,La Nina
2013GoM-Pma-00840,Sperm Whale,Vulnerable,28.8471,-88.5162,2013,7,28.14,0.0,null,null,La Nina
2013GoM-Pma-00840,Sperm Whale,Vulnerable,29.075200000000002,-88.00750000000001,2013,7,28.09,0.0,null,null,La Nina
2013GoM-Pma-00840,Sperm Whale,Vulnerable,28.6855,-88.8426,2013,7,28.22,0.0,null,null,La Nina
2013GoM-Pma-00840,Sperm Whale,Vulnerable,28.754,-88.5325,2013,7,28.14,0.0,null,null,La Nina
2013GoM-Pma-00840,Sperm Whale,Vulnerable,28.6964,-88.7671,2013,7,28.22,0.0,null,null,La Nina
2013GoM-Pma-00840,Sperm Whale,Vulnerable,28.807100000000002,-88.5163,2013,7,28.14,0.0,null,null,La Nina
2013GoM-Pma-00840,Sperm Whale,Vulnerable,29.0626,-88.0168,2013,7,28.09,0.0,null,null,La Nina
2013GoM-Pma-00840,Sperm Whale,Vulnerable,28.8717,-88.05080000000001,2013,7,28.17,0.0,null,null,La Nina
2013GoM-Pma-00840,Sperm Whale,Vulnerable,28.7851,-88.7493,2013,7,28.22,0.0,null,null,La Nina
2013GoM-Pma-00840,Sperm Whale,Vulnerable,28.9735,-88.3087,2013,7,28.14,0.0,null,null,La Nina
2013GoM-Pma-00840,Sperm Whale,Vulnerable,28.953400000000002,-88.3815,2013,7,28.14,0.0,null,null,La Nina
2013GoM-Pma-00840,Sperm Whale,Vulnerable,28.867800000000003,-88.0775,2013,7,28.17,0.0,null,null,La Nina
2013GoM-Pma-00840,Sperm Whale,Vulnerable,29.0687,-88.0112,2013,7,28.09,0.0,null,null,La Nina
2013GoM-Pma-00840,Sperm Whale,Vulnerable,28.9842,-88.25750000000001,2013,7,28.14,0.0,null,null,La Nina
2013GoM-Pma-00840,Sperm Whale,Vulnerable,28.931700000000003,-88.4054,2013,7,28.14,0.0,null,null,La Nina
2013GoM-Pma-00840,Sperm Whale,Vulnerable,28.729200000000002,-88.7852,2013,7,28.22,0.0,null,null,La Nina
2013GoM-Pma-00840,Sperm Whale,Vulnerable,28.0778,-89.586,2013,7,28.14,0.0,null,null,La Nina
2013GoM-Pma-00840,Sperm Whale,Vulnerable,28.9177,-88.43350000000001,2013,7,28.14,0.0,null,null,La Nina
2013GoM-Pma-00840,Sperm Whale,Vulnerable,28.7404,-88.54570000000001,2013,7,28.14,0.0,null,null,La Nina
2013GoM-Pma-00840,Sperm Whale,Vulnerable,28.9965,-88.21470000000001,2013,7,28.14,0.0,null,null,La Nina
2013GoM-Pma-00840,Sperm Whale,Vulnerable,28.788300000000003,-88.4961,2013,7,28.14,0.0,null,null,La Nina
2013GoM-Pma-00840,Sperm Whale,Vulnerable,28.7816,-88.5477,2013,7,28.14,0.0,null,null,La Nina
2013GoM-Pma-00840,Sperm Whale,Vulnerable,28.8964,-88.3889,2013,7,28.14,0.0,null,null,La Nina
2013GoM-Pma-00840,Sperm Whale,Vulnerable,28.8989,-88.366,2013,7,28.14,0.0,null,null,La Nina
2013GoM-Pma-00840,Sperm Whale,Vulnerable,28.6869,-88.8381,2013,7,28.22,0.0,null,null,La Nina
2013GoM-Pma-00840,Sperm Whale,Vulnerable,28.89,-88.3972,2013,7,28.14,0.0,null,null,La Nina
2013GoM-Pma-00840,Sperm Whale,Vulnerable,28.924400000000002,-88.3345,2013,7,28.14,0.0,null,null,La Nina
2013GoM-Pma-00840,Sperm Whale,Vulnerable,28.865000000000002,-88.4303,2013,7,28.14,0.0,null,null,La Nina
2013GoM-Pma-00840,Sperm Whale,Vulnerable,28.8584,-88.43180000000001,2013,7,28.14,0.0,null,null,La Nina
2013GoM-Pma-00840,Sperm Whale,Vulnerable,28.9219,-88.33510000000001,2013,7,28.14,0.0,null,null,La Nina
2013GoM-Pma-00840,Sperm Whale,Vulnerable,28.7029,-88.7334,2013,7,28.22,0.0,null,null,La Nina
2013GoM-Pma-00840,Sperm Whale,Vulnerable,28.7937,-88.5138,2013,7,28.14,0.0,null,null,La Nina
2013GoM-Pma-00840,Sperm Whale,Vulnerable,28.8622,-88.4152,2013,7,28.14,0.0,null,null,La Nina
2013GoM-Pma-00840,Sperm Whale,Vulnerable,28.8149,-88.5176,2013,7,28.14,0.0,null,null,La Nina
2013GoM-Pma-00840,Sperm Whale,Vulnerable,28.8444,-88.4522,2013,7,28.14,0.0,null,null,La Nina
2013GoM-Pma-00840,Sperm Whale,Vulnerable,28.838600000000003,-88.6774,2013,7,28.22,0.0,null,null,La Nina
2013GoM-Pma-00840,Sperm Whale,Vulnerable,28.796400000000002,-88.5008,2013,7,28.14,0.0,null,null,La Nina
2013GoM-Pma-00840,Sperm Whale,Vulnerable,28.777800000000003,-88.5828,2013,7,28.14,0.0,null,null,La Nina
2013GoM-Pma-00840,Sperm Whale,Vulnerable,28.8475,-88.4406,2013,7,28.14,0.0,null,null,La Nina
2013GoM-Pma-00840,Sperm Whale,Vulnerable,28.736700000000003,-88.6233,2013,7,28.14,0.0,null,null,La Nina
2013GoM-Pma-00840,Sperm Whale,Vulnerable,28.7219,-88.56240000000001,2013,7,28.14,0.0,null,null,La Nina
2013GoM-Pma-00840,Sperm Whale,Vulnerable,28.667,-88.7964,2013,7,28.22,0.0,null,null,La Nina
2013GoM-Pma-00840,Sperm Whale,Vulnerable,28.861900000000002,-88.4453,2013,7,28.14,0.0,null,null,La Nina
2013GoM-Pma-00840,Sperm Whale,Vulnerable,28.933600000000002,-88.2753,2013,7,28.14,0.0,null,null,La Nina
2013GoM-Pma-00840,Sperm Whale,Vulnerable,28.819200000000002,-88.46950000000001,2013,7,28.14,0.0,null,null,La Nina
2013GoM-Pma-00840,Sperm Whale,Vulnerable,28.8043,-88.6316,2013,7,28.14,0.0,null,null,La Nina
2013GoM-Pma-00840,Sperm Whale,Vulnerable,28.342100000000002,-89.45020000000001,2013,7,28.18,0.0,null,null,La Nina
2013GoM-Pma-00840,Sperm Whale,Vulnerable,28.718500000000002,-88.5886,2013,7,28.14,0.0,null,null,La Nina
2013GoM-Pma-00840,Sperm Whale,Vulnerable,28.7586,-88.763,2013,7,28.22,0.0,null,null,La Nina
2013GoM-Pma-00840,Sperm Whale,Vulnerable,28.7577,-88.5227,2013,7,28.14,0.0,null,null,La Nina
2013GoM-Pma-00840,Sperm Whale,Vulnerable,28.342000000000002,-89.4513,2013,7,28.18,0.0,null,null,La Nina
2013GoM-Pma-00840,Sperm Whale,Vulnerable,28.745,-88.60260000000001,2013,7,28.14,0.0,null,null,La Nina
2013GoM-Pma-00840,Sperm Whale,Vulnerable,28.866400000000002,-88.56960000000001,2013,7,28.14,0.0,null,null,La Nina
2013GoM-Pma-00840,Sperm Whale,Vulnerable,28.3444,-89.44210000000001,2013,7,28.18,0.0,null,null,La Nina
2013GoM-Pma-00840,Sperm Whale,Vulnerable,28.7661,-88.7307,2013,7,28.22,0.0,null,null,La Nina
2013GoM-Pma-00840,Sperm Whale,Vulnerable,28.7669,-88.60390000000001,2013,7,28.14,0.0,null,null,La Nina
2013GoM-Pma-00840,Sperm Whale,Vulnerable,28.896900000000002,-88.2403,2013,7,28.14,0.0,null,null,La Nina
2013GoM-Pma-00840,Sperm Whale,Vulnerable,28.3335,-89.4478,2013,7,28.18,0.0,null,null,La Nina
2013GoM-Pma-00840,Sperm Whale,Vulnerable,28.3393,-89.4594,2013,7,28.18,0.0,null,null,La Nina
2013GoM-Pma-00840,Sperm Whale,Vulnerable,28.874100000000002,-88.4871,2013,7,28.14,0.0,null,null,La Nina
2013GoM-Pma-00840,Sperm Whale,Vulnerable,28.7267,-88.81960000000001,2013,7,28.22,0.0,null,null,La Nina
2013GoM-Pma-00840,Sperm Whale,Vulnerable,28.892200000000003,-88.20270000000001,2013,7,28.14,0.0,null,null,La Nina
2013GoM-Pma-00840,Sperm Whale,Vulnerable,28.7831,-88.5004,2013,7,28.14,0.0,null,null,La Nina
2013GoM-Pma-00840,Sperm Whale,Vulnerable,28.3438,-89.44380000000001,2013,7,28.18,0.0,null,null,La Nina
2013GoM-Pma-00840,Sperm Whale,Vulnerable,28.787200000000002,-88.6076,2013,7,28.14,0.0,null,null,La Nina
2013GoM-Pma-00840,Sperm Whale,Vulnerable,28.9677,-88.2286,2013,7,28.14,0.0,null,null,La Nina
2013GoM-Pma-00840,Sperm Whale,Vulnerable,28.761,-88.6074,2013,7,28.14,0.0,null,null,La Nina
2013GoM-Pma-00840,Sperm Whale,Vulnerable,28.8747,-88.46350000000001,2013,7,28.14,0.0,null,null,La Nina
2013GoM-Pma-00840,Sperm Whale,Vulnerable,28.796100000000003,-88.55040000000001,2013,7,28.14,0.0,null,null,La Nina
2013GoM-Pma-00840,Sperm Whale,Vulnerable,28.749000000000002,-88.5267,2013,7,28.14,0.0,null,null,La Nina
2013GoM-Pma-00840,Sperm Whale,Vulnerable,28.7974,-88.549,2013,7,28.14,0.0,null,null,La Nina
2013GoM-Pma-00840,Sperm Whale,Vulnerable,28.8929,-88.2983,2013,7,28.14,0.0,null,null,La Nina
2013GoM-Pma-00840,Sperm Whale,Vulnerable,28.8289,-88.4593,2013,7,28.14,0.0,null,null,La Nina
2013GoM-Pma-00840,Sperm Whale,Vulnerable,28.896900000000002,-88.2878,2013,7,28.14,0.0,null,null,La Nina
2013GoM-Pma-00840,Sperm Whale,Vulnerable,28.8475,-88.43780000000001,2013,7,28.14,0.0,null,null,La Nina
2013GoM-Pma-00840,Sperm Whale,Vulnerable,28.7895,-88.6088,2013,7,28.14,0.0,null,null,La Nina
2013GoM-Pma-00840,Sperm Whale,Vulnerable,28.867700000000003,-88.5022,2013,7,28.14,0.0,null,null,La Nina
2013GoM-Pma-00840,Sperm Whale,Vulnerable,28.899,-88.38940000000001,2013,7,28.14,0.0,null,null,La Nina
2013GoM-Pma-00840,Sperm Whale,Vulnerable,28.8423,-88.51820000000001,2013,7,28.14,0.0,null,null,La Nina
2013GoM-Pma-00840,Sperm Whale,Vulnerable,28.797,-88.4437,2013,7,28.14,0.0,null,null,La Nina
2013GoM-Pma-00840,Sperm Whale,Vulnerable,28.749200000000002,-88.5219,2013,7,28.14,0.0,null,null,La Nina
2013GoM-Pma-00840,Sperm Whale,Vulnerable,28.873800000000003,-88.42150000000001,2013,7,28.14,0.0,null,null,La Nina
2013GoM-Pma-00840,Sperm Whale,Vulnerable,28.866300000000003,-88.44200000000001,2013,7,28.14,0.0,null,null,La Nina
2013GoM-Pma-00840,Sperm Whale,Vulnerable,28.8623,-88.4393,2013,7,28.14,0.0,null,null,La Nina
2013GoM-Pma-00840,Sperm Whale,Vulnerable,28.7791,-88.5806,2013,7,28.14,0.0,null,null,La Nina
2013GoM-Pma-00840,Sperm Whale,Vulnerable,28.875600000000002,-88.41720000000001,2013,7,28.14,0.0,null,null,La Nina
2013GoM-Pma-00840,Sperm Whale,Vulnerable,28.8196,-88.49510000000001,2013,7,28.14,0.0,null,null,La Nina
2013GoM-Pma-00840,Sperm Whale,Vulnerable,28.742,-88.60210000000001,2013,7,28.14,0.0,null,null,La Nina
2013GoM-Pma-00840,Sperm Whale,Vulnerable,28.854,-88.4432,2013,7,28.14,0.0,null,null,La Nina
2013GoM-Pma-00840,Sperm Whale,Vulnerable,28.867,-88.43050000000001,2013,7,28.14,0.0,null,null,La Nina
2013GoM-Pma-00840,Sperm Whale,Vulnerable,28.9324,-88.3049,2013,7,28.14,0.0,null,null,La Nina
2013GoM-Pma-00840,Sperm Whale,Vulnerable,28.9359,-88.2753,2013,7,28.14,0.0,null,null,La Nina
2013GoM-Pma-00840,Sperm Whale,Vulnerable,28.9299,-88.3052,2013,7,28.14,0.0,null,null,La Nina
2013GoM-Pma-00840,Sperm Whale,Vulnerable,28.973,-88.33420000000001,2013,7,28.14,0.0,null,null,La Nina
2013GoM-Pma-00840,Sperm Whale,Vulnerable,28.95,-88.2531,2013,7,28.14,0.0,null,null,La Nina
2013GoM-Pma-00840,Sperm Whale,Vulnerable,28.9753,-88.2299,2013,7,28.14,0.0,null,null,La Nina
2013GoM-Pma-00840,Sperm Whale,Vulnerable,28.883,-88.41120000000001,2013,7,28.14,0.0,null,null,La Nina
2013GoM-Pma-00840,Sperm Whale,Vulnerable,28.948500000000003,-88.254,2013,7,28.14,0.0,null,null,La Nina
2013GoM-Pma-00840,Sperm Whale,Vulnerable,28.7494,-88.522,2013,7,28.14,0.0,null,null,La Nina
2013GoM-Pma-00840,Sperm Whale,Vulnerable,28.928900000000002,-88.40740000000001,2013,7,28.14,0.0,null,null,La Nina
2013GoM-Pma-00840,Sperm Whale,Vulnerable,28.951700000000002,-88.3854,2013,7,28.14,0.0,null,null,La Nina
2013GoM-Pma-00840,Sperm Whale,Vulnerable,28.9936,-88.21000000000001,2013,7,28.14,0.0,null,null,La Nina
2013GoM-Pma-00840,Sperm Whale,Vulnerable,28.975800000000003,-88.3037,2013,7,28.14,0.0,null,null,La Nina
2013GoM-Pma-00840,Sperm Whale,Vulnerable,28.869,-88.428,2013,7,28.14,0.0,null,null,La Nina
2013GoM-Pma-00840,Sperm Whale,Vulnerable,28.965600000000002,-88.34790000000001,2013,7,28.14,0.0,null,null,La Nina
2013GoM-Pma-00840,Sperm Whale,Vulnerable,28.770100000000003,-88.60350000000001,2013,7,28.14,0.0,null,null,La Nina
2013GoM-Pma-00840,Sperm Whale,Vulnerable,28.777800000000003,-88.51740000000001,2013,7,28.14,0.0,null,null,La Nina
2013GoM-Pma-00840,Sperm Whale,Vulnerable,28.7771,-88.518,2013,7,28.14,0.0,null,null,La Nina
2013GoM-Pma-00840,Sperm Whale,Vulnerable,28.985500000000002,-88.2535,2013,7,28.14,0.0,null,null,La Nina
2013GoM-Pma-00840,Sperm Whale,Vulnerable,28.896600000000003,-88.47200000000001,2013,7,28.14,0.0,null,null,La Nina
2013GoM-Pma-00840,Sperm Whale,Vulnerable,28.7528,-88.5309,2013,7,28.14,0.0,null,null,La Nina
2013GoM-Pma-00840,Sperm Whale,Vulnerable,28.7493,-88.5229,2013,7,28.14,0.0,null,null,La Nina
2013GoM-Pma-00840,Sperm Whale,Vulnerable,28.9703,-88.2093,2013,7,28.14,0.0,null,null,La Nina
2013GoM-Pma-00840,Sperm Whale,Vulnerable,28.7485,-88.52510000000001,2013,7,28.14,0.0,null,null,La Nina
2013GoM-Pma-00840,Sperm Whale,Vulnerable,28.7542,-88.5325,2013,7,28.14,0.0,null,null,La Nina
2013GoM-Pma-00840,Sperm Whale,Vulnerable,28.739800000000002,-88.5471,2013,7,28.14,0.0,null,null,La Nina
2013GoM-Pma-00840,Sperm Whale,Vulnerable,28.7105,-88.5772,2013,7,28.14,0.0,null,null,La Nina
2013GoM-Pma-00840,Sperm Whale,Vulnerable,28.855900000000002,-88.60300000000001,2013,7,28.14,0.0,null,null,La Nina
2013GoM-Pma-00840,Sperm Whale,Vulnerable,28.7334,-88.54990000000001,2013,7,28.14,0.0,null,null,La Nina
2013GoM-Pma-00840,Sperm Whale,Vulnerable,28.750400000000003,-88.5276,2013,7,28.14,0.0,null,null,La Nina
2013GoM-Pma-00840,Sperm Whale,Vulnerable,28.9689,-88.3433,2013,7,28.14,0.0,null,null,La Nina
2013GoM-Pma-00840,Sperm Whale,Vulnerable,28.732,-88.5531,2013,7,28.14,0.0,null,null,La Nina
2013GoM-Pma-00840,Sperm Whale,Vulnerable,28.8183,-88.4983,2013,7,28.14,0.0,null,null,La Nina
2013GoM-Pma-00840,Sperm Whale,Vulnerable,28.9145,-88.4372,2013,7,28.14,0.0,null,null,La Nina
2013GoM-Pma-00840,Sperm Whale,Vulnerable,28.893700000000003,-88.47460000000001,2013,7,28.14,0.0,null,null,La Nina
2013GoM-Pma-00840,Sperm Whale,Vulnerable,28.4449,-88.8143,2013,7,28.28,0.0,null,null,La Nina
2013GoM-Pma-00840,Sperm Whale,Vulnerable,28.4466,-88.9443,2013,7,28.39,0.0,null,null,La Nina
2013GoM-Pma-00840,Sperm Whale,Vulnerable,28.5548,-88.91550000000001,2013,7,28.39,0.0,null,null,La Nina
2013GoM-Pma-00840,Sperm Whale,Vulnerable,28.6045,-88.9333,2013,7,28.39,0.0,null,null,La Nina
2013GoM-Pma-00840,Sperm Whale,Vulnerable,28.524,-88.9042,2013,7,28.39,0.0,null,null,La Nina
2013GoM-Pma-00840,Sperm Whale,Vulnerable,28.622700000000002,-88.91420000000001,2013,7,28.39,0.0,null,null,La Nina
2013GoM-Pma-00840,Sperm Whale,Vulnerable,28.3912,-88.96340000000001,2013,7,28.39,0.0,null,null,La Nina
2013GoM-Pma-00840,Sperm Whale,Vulnerable,28.6168,-88.9188,2013,7,28.39,0.0,null,null,La Nina
2013GoM-Pma-00840,Sperm Whale,Vulnerable,28.557000000000002,-88.9098,2013,7,28.39,0.0,null,null,La Nina
2013GoM-Pma-00840,Sperm Whale,Vulnerable,28.523500000000002,-88.9338,2013,7,28.39,0.0,null,null,La Nina
2013GoM-Pma-00840,Sperm Whale,Vulnerable,28.623900000000003,-88.9034,2013,7,28.39,0.0,null,null,La Nina
2013GoM-Pma-00840,Sperm Whale,Vulnerable,28.4599,-88.95,2013,7,28.39,0.0,null,null,La Nina
2013GoM-Pma-00840,Sperm Whale,Vulnerable,28.3811,-89.0282,2013,7,28.39,0.0,null,null,La Nina
2013GoM-Pma-00840,Sperm Whale,Vulnerable,28.3078,-89.1272,2013,7,28.39,0.0,null,null,La Nina
2013GoM-Pma-00840,Sperm Whale,Vulnerable,28.4082,-88.9627,2013,7,28.39,0.0,null,null,La Nina
2013GoM-Pma-00840,Sperm Whale,Vulnerable,28.292900000000003,-89.1119,2013,7,28.39,0.0,null,null,La Nina
2013GoM-Pma-00840,Sperm Whale,Vulnerable,28.2939,-89.1096,2013,7,28.39,0.0,null,null,La Nina
2013GoM-Pma-00840,Sperm Whale,Vulnerable,28.4569,-88.89920000000001,2013,7,28.39,0.0,null,null,La Nina
2013GoM-Pma-00840,Sperm Whale,Vulnerable,28.3309,-89.1744,2013,7,28.39,0.0,null,null,La Nina
2013GoM-Pma-00840,Sperm Whale,Vulnerable,28.410800000000002,-89.0361,2013,7,28.39,0.0,null,null,La Nina
2013GoM-Pma-00840,Sperm Whale,Vulnerable,28.312700000000003,-89.1482,2013,7,28.39,0.0,null,null,La Nina
2013GoM-Pma-00840,Sperm Whale,Vulnerable,28.431700000000003,-88.9798,2013,7,28.39,0.0,null,null,La Nina
2013GoM-Pma-00840,Sperm Whale,Vulnerable,28.412,-89.0376,2013,7,28.39,0.0,null,null,La Nina
2013GoM-Pma-00840,Sperm Whale,Vulnerable,28.4054,-89.0695,2013,7,28.39,0.0,null,null,La Nina
2013GoM-Pma-00840,Sperm Whale,Vulnerable,28.3048,-89.139,2013,7,28.39,0.0,null,null,La Nina
2013GoM-Pma-00840,Sperm Whale,Vulnerable,28.4249,-89.01310000000001,2013,7,28.39,0.0,null,null,La Nina
2013GoM-Pma-00840,Sperm Whale,Vulnerable,28.4467,-88.9452,2013,7,28.39,0.0,null,null,La Nina
2013GoM-Pma-00840,Sperm Whale,Vulnerable,28.4742,-88.9192,2013,7,28.39,0.0,null,null,La Nina
2013GoM-Pma-00840,Sperm Whale,Vulnerable,28.5224,-88.8943,2013,7,28.39,0.0,null,null,La Nina
2013GoM-Pma-00840,Sperm Whale,Vulnerable,28.521,-88.89540000000001,2013,7,28.39,0.0,null,null,La Nina
2013GoM-Pma-00840,Sperm Whale,Vulnerable,28.4738,-88.9195,2013,7,28.39,0.0,null,null,La Nina
2013GoM-Pma-00840,Sperm Whale,Vulnerable,28.547600000000003,-88.8798,2013,7,28.39,0.0,null,null,La Nina
2013GoM-Pma-00840,Sperm Whale,Vulnerable,28.4645,-88.8961,2013,7,28.39,0.0,null,null,La Nina
2013GoM-Pma-00840,Sperm Whale,Vulnerable,28.5101,-88.8793,2013,7,28.39,0.0,null,null,La Nina
2013GoM-Pma-00840,Sperm Whale,Vulnerable,28.4385,-88.92540000000001,2013,7,28.39,0.0,null,null,La Nina
2013GoM-Pma-00840,Sperm Whale,Vulnerable,28.466700000000003,-88.8955,2013,7,28.39,0.0,null,null,La Nina
2013GoM-Pma-00840,Sperm Whale,Vulnerable,28.4587,-88.90090000000001,2013,7,28.39,0.0,null,null,La Nina
2013GoM-Pma-00840,Sperm Whale,Vulnerable,28.491400000000002,-88.89150000000001,2013,7,28.39,0.0,null,null,La Nina
2013GoM-Pma-00840,Sperm Whale,Vulnerable,28.442700000000002,-88.9187,2013,7,28.39,0.0,null,null,La Nina
2013GoM-Pma-00840,Sperm Whale,Vulnerable,28.4264,-88.9367,2013,7,28.39,0.0,null,null,La Nina
2013GoM-Pma-00840,Sperm Whale,Vulnerable,28.4373,-88.92710000000001,2013,7,28.39,0.0,null,null,La Nina
2013GoM-Pma-00840,Sperm Whale,Vulnerable,28.4268,-88.94640000000001,2013,7,28.39,0.0,null,null,La Nina
2013GoM-Pma-00840,Sperm Whale,Vulnerable,28.4482,-88.98450000000001,2013,7,28.39,0.0,null,null,La Nina
2013GoM-Pma-00840,Sperm Whale,Vulnerable,28.427200000000003,-88.9604,2013,7,28.39,0.0,null,null,La Nina
2013GoM-Pma-00840,Sperm Whale,Vulnerable,28.496100000000002,-88.9556,2013,7,28.39,0.0,null,null,La Nina
2013GoM-Pma-00840,Sperm Whale,Vulnerable,28.4938,-88.95700000000001,2013,7,28.39,0.0,null,null,La Nina
2013GoM-Pma-00840,Sperm Whale,Vulnerable,28.4462,-88.9833,2013,7,28.39,0.0,null,null,La Nina
2013GoM-Pma-00840,Sperm Whale,Vulnerable,28.547800000000002,-88.89330000000001,2013,7,28.39,0.0,null,null,La Nina
2013GoM-Pma-00840,Sperm Whale,Vulnerable,28.518600000000003,-88.9328,2013,7,28.39,0.0,null,null,La Nina
2013GoM-Pma-00840,Sperm Whale,Vulnerable,28.5452,-88.91,2013,7,28.39,0.0,null,null,La Nina
2013GoM-Pma-00840,Sperm Whale,Vulnerable,28.4266,-88.9642,2013,7,28.39,0.0,null,null,La Nina
2013GoM-Pma-00840,Sperm Whale,Vulnerable,28.616200000000003,-88.8792,2013,7,28.39,0.0,null,null,La Nina
2013GoM-Pma-00840,Sperm Whale,Vulnerable,28.5733,-88.8854,2013,7,28.39,0.0,null,null,La Nina
2013GoM-Pma-00840,Sperm Whale,Vulnerable,28.587,-88.8685,2013,7,28.39,0.0,null,null,La Nina
2013GoM-Pma-00840,Sperm Whale,Vulnerable,28.6017,-88.879,2013,7,28.39,0.0,null,null,La Nina
2013GoM-Pma-00840,Sperm Whale,Vulnerable,28.570600000000002,-88.885,2013,7,28.39,0.0,null,null,La Nina
2013GoM-Pma-00840,Sperm Whale,Vulnerable,28.613500000000002,-88.8786,2013,7,28.39,0.0,null,null,La Nina
2013GoM-Pma-00840,Sperm Whale,Vulnerable,28.588,-88.84530000000001,2013,7,28.28,0.0,null,null,La Nina
2013GoM-Pma-00840,Sperm Whale,Vulnerable,28.521600000000003,-88.9329,2013,7,28.39,0.0,null,null,La Nina
2013GoM-Pma-00840,Sperm Whale,Vulnerable,28.419800000000002,-88.8293,2013,7,28.28,0.0,null,null,La Nina
2013GoM-Pma-00840,Sperm Whale,Vulnerable,28.5896,-88.8451,2013,7,28.28,0.0,null,null,La Nina
2013GoM-Pma-00840,Sperm Whale,Vulnerable,28.7267,-88.64880000000001,2013,7,28.28,0.0,null,null,La Nina
2013GoM-Pma-00840,Sperm Whale,Vulnerable,28.6597,-88.7111,2013,7,28.28,0.0,null,null,La Nina
2013GoM-Pma-00840,Sperm Whale,Vulnerable,28.71,-88.62480000000001,2013,7,28.28,0.0,null,null,La Nina
2013GoM-Pma-00840,Sperm Whale,Vulnerable,28.6738,-88.5695,2013,7,28.28,0.0,null,null,La Nina
2013GoM-Pma-00840,Sperm Whale,Vulnerable,28.635,-88.8463,2013,7,28.28,0.0,null,null,La Nina
2013GoM-Pma-00840,Sperm Whale,Vulnerable,28.6874,-88.58510000000001,2013,7,28.28,0.0,null,null,La Nina
2013GoM-Pma-00840,Sperm Whale,Vulnerable,28.669600000000003,-88.5644,2013,7,28.28,0.0,null,null,La Nina
2013GoM-Pma-00840,Sperm Whale,Vulnerable,28.659100000000002,-88.7124,2013,7,28.28,0.0,null,null,La Nina
2013GoM-Pma-00840,Sperm Whale,Vulnerable,28.6761,-88.5599,2013,7,28.28,0.0,null,null,La Nina
2013GoM-Pma-00840,Sperm Whale,Vulnerable,28.6063,-88.8484,2013,7,28.28,0.0,null,null,La Nina
2013GoM-Pma-00840,Sperm Whale,Vulnerable,28.538700000000002,-88.86410000000001,2013,7,28.28,0.0,null,null,La Nina
2013GoM-Pma-00840,Sperm Whale,Vulnerable,28.5884,-88.8666,2013,7,28.28,0.0,null,null,La Nina
2013GoM-Pma-00840,Sperm Whale,Vulnerable,28.627200000000002,-88.7724,2013,7,28.28,0.0,null,null,La Nina
2013GoM-Pma-00840,Sperm Whale,Vulnerable,28.583000000000002,-88.82350000000001,2013,7,28.28,0.0,null,null,La Nina
2013GoM-Pma-00840,Sperm Whale,Vulnerable,28.581400000000002,-88.8241,2013,7,28.28,0.0,null,null,La Nina
2013GoM-Pma-00840,Sperm Whale,Vulnerable,28.5657,-88.84870000000001,2013,7,28.28,0.0,null,null,La Nina
2013GoM-Pma-00840,Sperm Whale,Vulnerable,28.6137,-88.83800000000001,2013,7,28.28,0.0,null,null,La Nina
2013GoM-Pma-00840,Sperm Whale,Vulnerable,28.713700000000003,-88.6365,2013,7,28.28,0.0,null,null,La Nina
2013GoM-Pma-00840,Sperm Whale,Vulnerable,28.677300000000002,-88.6131,2013,7,28.28,0.0,null,null,La Nina
2013GoM-Pma-00840,Sperm Whale,Vulnerable,28.6937,-88.6622,2013,7,28.28,0.0,null,null,La Nina
2013GoM-Pma-00840,Sperm Whale,Vulnerable,28.7364,-88.6245,2013,7,28.28,0.0,null,null,La Nina
2013GoM-Pma-00840,Sperm Whale,Vulnerable,28.671200000000002,-88.6811,2013,7,28.28,0.0,null,null,La Nina
2013GoM-Pma-00840,Sperm Whale,Vulnerable,28.6582,-88.6408,2013,7,28.28,0.0,null,null,La Nina
2013GoM-Pma-00840,Sperm Whale,Vulnerable,28.6768,-88.6721,2013,7,28.28,0.0,null,null,La Nina
2013GoM-Pma-00840,Sperm Whale,Vulnerable,28.677200000000003,-88.6367,2013,7,28.28,0.0,null,null,La Nina
2013GoM-Pma-00840,Sperm Whale,Vulnerable,28.6173,-88.7676,2013,7,28.28,0.0,null,null,La Nina
2013GoM-Pma-00840,Sperm Whale,Vulnerable,28.7012,-88.65140000000001,2013,7,28.28,0.0,null,null,La Nina
2013GoM-Pma-00840,Sperm Whale,Vulnerable,28.6189,-88.7222,2013,7,28.28,0.0,null,null,La Nina
2013GoM-Pma-00840,Sperm Whale,Vulnerable,28.6792,-88.639,2013,7,28.28,0.0,null,null,La Nina
2013GoM-Pma-00840,Sperm Whale,Vulnerable,28.64,-88.68430000000001,2013,7,28.28,0.0,null,null,La Nina
2013GoM-Pma-00840,Sperm Whale,Vulnerable,28.6197,-88.748,2013,7,28.28,0.0,null,null,La Nina
2013GoM-Pma-00840,Sperm Whale,Vulnerable,28.617800000000003,-88.7603,2013,7,28.28,0.0,null,null,La Nina
2013GoM-Pma-00840,Sperm Whale,Vulnerable,28.6367,-88.81710000000001,2013,7,28.28,0.0,null,null,La Nina
2013GoM-Pma-00840,Sperm Whale,Vulnerable,28.6202,-88.7769,2013,7,28.28,0.0,null,null,La Nina
2013GoM-Pma-00840,Sperm Whale,Vulnerable,28.6188,-88.752,2013,7,28.28,0.0,null,null,La Nina
2013GoM-Pma-00840,Sperm Whale,Vulnerable,28.4186,-88.8304,2013,7,28.28,0.0,null,null,La Nina
2013GoM-Pma-00840,Sperm Whale,Vulnerable,28.559800000000003,-88.8584,2013,7,28.28,0.0,null,null,La Nina
2013GoM-Pma-00840,Sperm Whale,Vulnerable,28.640800000000002,-88.8116,2013,7,28.28,0.0,null,null,La Nina
2013GoM-Pma-00840,Sperm Whale,Vulnerable,28.521,-88.8617,2013,7,28.28,0.0,null,null,La Nina
2013GoM-Pma-00840,Sperm Whale,Vulnerable,28.5714,-88.85940000000001,2013,7,28.28,0.0,null,null,La Nina
2013GoM-Pma-00840,Sperm Whale,Vulnerable,28.57,-88.86,2013,7,28.28,0.0,null,null,La Nina
2013GoM-Pma-00840,Sperm Whale,Vulnerable,28.6262,-88.7898,2013,7,28.28,0.0,null,null,La Nina
2013GoM-Pma-00840,Sperm Whale,Vulnerable,28.523300000000003,-88.8619,2013,7,28.28,0.0,null,null,La Nina
2013GoM-Pma-00840,Sperm Whale,Vulnerable,28.590700000000002,-88.83120000000001,2013,7,28.28,0.0,null,null,La Nina
2013GoM-Pma-00840,Sperm Whale,Vulnerable,28.589000000000002,-88.834,2013,7,28.28,0.0,null,null,La Nina
2013GoM-Pma-00840,Sperm Whale,Vulnerable,28.624200000000002,-88.8164,2013,7,28.28,0.0,null,null,La Nina
2013GoM-Pma-00840,Sperm Whale,Vulnerable,28.6654,-88.6241,2013,7,28.28,0.0,null,null,La Nina
2013GoM-Pma-00840,Sperm Whale,Vulnerable,28.654200000000003,-88.806,2013,7,28.28,0.0,null,null,La Nina
2013GoM-Pma-00840,Sperm Whale,Vulnerable,28.642200000000003,-88.62440000000001,2013,7,28.28,0.0,null,null,La Nina
2013GoM-Pma-00840,Sperm Whale,Vulnerable,28.675700000000003,-88.6182,2013,7,28.28,0.0,null,null,La Nina
2013GoM-Pma-00840,Sperm Whale,Vulnerable,28.633,-88.619,2013,7,28.28,0.0,null,null,La Nina
2013GoM-Pma-00840,Sperm Whale,Vulnerable,28.6358,-88.6225,2013,7,28.28,0.0,null,null,La Nina
2013GoM-Pma-00840,Sperm Whale,Vulnerable,28.643800000000002,-88.6228,2013,7,28.28,0.0,null,null,La Nina
2013GoM-Pma-00840,Sperm Whale,Vulnerable,28.6369,-88.6156,2013,7,28.28,0.0,null,null,La Nina
2013GoM-Pma-00840,Sperm Whale,Vulnerable,28.6353,-88.62190000000001,2013,7,28.28,0.0,null,null,La Nina
2013GoM-Pma-00840,Sperm Whale,Vulnerable,28.6388,-88.6147,2013,7,28.28,0.0,null,null,La Nina
2013GoM-Pma-00840,Sperm Whale,Vulnerable,28.6997,-88.6452,2013,7,28.28,0.0,null,null,La Nina
2013GoM-Pma-00840,Sperm Whale,Vulnerable,28.6417,-88.6145,2013,7,28.28,0.0,null,null,La Nina
2013GoM-Pma-00840,Sperm Whale,Vulnerable,28.69,-88.6426,2013,7,28.28,0.0,null,null,La Nina
2013GoM-Pma-00840,Sperm Whale,Vulnerable,28.700000000000003,-88.63940000000001,2013,7,28.28,0.0,null,null,La Nina
2013GoM-Pma-00840,Sperm Whale,Vulnerable,28.6365,-88.61590000000001,2013,7,28.28,0.0,null,null,La Nina
2013GoM-Pma-00840,Sperm Whale,Vulnerable,28.680100000000003,-88.6503,2013,7,28.28,0.0,null,null,La Nina
2013GoM-Pma-00840,Sperm Whale,Vulnerable,28.700000000000003,-88.6401,2013,7,28.28,0.0,null,null,La Nina
2013GoM-Pma-00840,Sperm Whale,Vulnerable,28.695,-88.653,2013,7,28.28,0.0,null,null,La Nina
2013GoM-Pma-00840,Sperm Whale,Vulnerable,28.7007,-88.6401,2013,7,28.28,0.0,null,null,La Nina
2013GoM-Pma-00840,Sperm Whale,Vulnerable,28.687900000000003,-88.6571,2013,7,28.28,0.0,null,null,La Nina
2013GoM-Pma-00840,Sperm Whale,Vulnerable,28.697100000000002,-88.6495,2013,7,28.28,0.0,null,null,La Nina
2013GoM-Pma-00840,Sperm Whale,Vulnerable,28.6991,-88.64280000000001,2013,7,28.28,0.0,null,null,La Nina
2013GoM-Pma-00840,Sperm Whale,Vulnerable,28.6337,-88.6182,2013,7,28.28,0.0,null,null,La Nina
2013GoM-Pma-00840,Sperm Whale,Vulnerable,28.6936,-88.655,2013,7,28.28,0.0,null,null,La Nina
2013GoM-Pma-00840,Sperm Whale,Vulnerable,28.3718,-88.84,2013,7,28.28,0.0,null,null,La Nina
2013GoM-Pma-00840,Sperm Whale,Vulnerable,28.3868,-88.8251,2013,7,28.28,0.0,null,null,La Nina
2013GoM-Pma-00840,Sperm Whale,Vulnerable,28.666900000000002,-88.614,2013,7,28.28,0.0,null,null,La Nina
2013GoM-Pma-00840,Sperm Whale,Vulnerable,28.6503,-88.6292,2013,7,28.28,0.0,null,null,La Nina
2013GoM-Pma-00840,Sperm Whale,Vulnerable,28.6434,-88.6376,2013,7,28.28,0.0,null,null,La Nina
2013GoM-Pma-00840,Sperm Whale,Vulnerable,28.6602,-88.6119,2013,7,28.28,0.0,null,null,La Nina
2013GoM-Pma-00840,Sperm Whale,Vulnerable,28.6584,-88.61410000000001,2013,7,28.28,0.0,null,null,La Nina
2013GoM-Pma-00840,Sperm Whale,Vulnerable,28.3715,-88.8425,2013,7,28.28,0.0,null,null,La Nina
2013GoM-Pma-00840,Sperm Whale,Vulnerable,28.671,-88.586,2013,7,28.28,0.0,null,null,La Nina
2013GoM-Pma-00840,Sperm Whale,Vulnerable,28.628600000000002,-88.68,2013,7,28.28,0.0,null,null,La Nina
2013GoM-Pma-00840,Sperm Whale,Vulnerable,28.6325,-88.6466,2013,7,28.28,0.0,null,null,La Nina
2013GoM-Pma-00840,Sperm Whale,Vulnerable,28.6201,-88.6554,2013,7,28.28,0.0,null,null,La Nina
2013GoM-Pma-00840,Sperm Whale,Vulnerable,28.622700000000002,-88.654,2013,7,28.28,0.0,null,null,La Nina
2013GoM-Pma-00840,Sperm Whale,Vulnerable,28.689300000000003,-88.673,2013,7,28.28,0.0,null,null,La Nina
2013GoM-Pma-00840,Sperm Whale,Vulnerable,28.7067,-88.69890000000001,2013,7,28.28,0.0,null,null,La Nina
2013GoM-Pma-00840,Sperm Whale,Vulnerable,28.6899,-88.6729,2013,7,28.28,0.0,null,null,La Nina
2013GoM-Pma-00840,Sperm Whale,Vulnerable,28.4282,-88.9359,2013,7,28.39,0.0,null,null,La Nina
2013GoM-Pma-00840,Sperm Whale,Vulnerable,28.663600000000002,-88.685,2013,7,28.28,0.0,null,null,La Nina
2013GoM-Pma-00840,Sperm Whale,Vulnerable,28.3853,-88.815,2013,7,28.28,0.0,null,null,La Nina
2013GoM-Pma-00840,Sperm Whale,Vulnerable,28.384600000000002,-88.80510000000001,2013,7,28.28,0.0,null,null,La Nina
2013GoM-Pma-00840,Sperm Whale,Vulnerable,28.691,-88.658,2013,7,28.28,0.0,null,null,La Nina
2013GoM-Pma-00840,Sperm Whale,Vulnerable,28.499200000000002,-88.8969,2013,7,28.39,0.0,null,null,La Nina
2013GoM-Pma-00840,Sperm Whale,Vulnerable,28.392300000000002,-88.8234,2013,7,28.28,0.0,null,null,La Nina
2013GoM-Pma-00840,Sperm Whale,Vulnerable,28.385,-88.81400000000001,2013,7,28.28,0.0,null,null,La Nina
2013GoM-Pma-00840,Sperm Whale,Vulnerable,28.385,-88.808,2013,7,28.28,0.0,null,null,La Nina
2013GoM-Pma-00840,Sperm Whale,Vulnerable,28.445,-88.9169,2013,7,28.39,0.0,null,null,La Nina
2013GoM-Pma-00840,Sperm Whale,Vulnerable,28.384500000000003,-88.8206,2013,7,28.28,0.0,null,null,La Nina
2013GoM-Pma-00840,Sperm Whale,Vulnerable,28.3842,-88.8045,2013,7,28.28,0.0,null,null,La Nina
2013GoM-Pma-00840,Sperm Whale,Vulnerable,28.384500000000003,-88.7972,2013,7,28.28,0.0,null,null,La Nina
2013GoM-Pma-00840,Sperm Whale,Vulnerable,28.3808,-88.8103,2013,7,28.28,0.0,null,null,La Nina
2013GoM-Pma-00840,Sperm Whale,Vulnerable,28.384900000000002,-88.8194,2013,7,28.28,0.0,null,null,La Nina
2013GoM-Pma-00840,Sperm Whale,Vulnerable,28.489800000000002,-88.8923,2013,7,28.39,0.0,null,null,La Nina
2013GoM-Pma-00840,Sperm Whale,Vulnerable,28.691,-88.64450000000001,2013,7,28.28,0.0,null,null,La Nina
2013GoM-Pma-00840,Sperm Whale,Vulnerable,28.384,-88.79870000000001,2013,7,28.28,0.0,null,null,La Nina
2013GoM-Pma-00840,Sperm Whale,Vulnerable,28.3843,-88.7913,2013,7,28.28,0.0,null,null,La Nina
2013GoM-Pma-00840,Sperm Whale,Vulnerable,28.384800000000002,-88.7934,2013,7,28.28,0.0,null,null,La Nina
2013GoM-Pma-00840,Sperm Whale,Vulnerable,28.6777,-88.6491,2013,7,28.28,0.0,null,null,La Nina
2013GoM-Pma-00840,Sperm Whale,Vulnerable,28.5192,-88.77850000000001,2013,7,28.28,0.0,null,null,La Nina
2013GoM-Pma-00840,Sperm Whale,Vulnerable,28.5984,-88.78490000000001,2013,7,28.28,0.0,null,null,La Nina
2013GoM-Pma-00840,Sperm Whale,Vulnerable,28.450200000000002,-88.80940000000001,2013,7,28.28,0.0,null,null,La Nina
2013GoM-Pma-00840,Sperm Whale,Vulnerable,28.549400000000002,-88.8782,2013,7,28.39,0.0,null,null,La Nina
2013GoM-Pma-00840,Sperm Whale,Vulnerable,28.5165,-88.77770000000001,2013,7,28.28,0.0,null,null,La Nina
2013GoM-Pma-00840,Sperm Whale,Vulnerable,28.487000000000002,-88.8771,2013,7,28.39,0.0,null,null,La Nina
2013GoM-Pma-00840,Sperm Whale,Vulnerable,28.4599,-88.80210000000001,2013,7,28.28,0.0,null,null,La Nina
2013GoM-Pma-00840,Sperm Whale,Vulnerable,28.6776,-88.61890000000001,2013,7,28.28,0.0,null,null,La Nina
2013GoM-Pma-00840,Sperm Whale,Vulnerable,28.302,-89.1357,2013,7,28.39,0.0,null,null,La Nina
2013GoM-Pma-00840,Sperm Whale,Vulnerable,28.4307,-88.95150000000001,2013,7,28.39,0.0,null,null,La Nina
2013GoM-Pma-00840,Sperm Whale,Vulnerable,28.482,-88.7825,2013,7,28.28,0.0,null,null,La Nina
2013GoM-Pma-00840,Sperm Whale,Vulnerable,28.6526,-88.8074,2013,7,28.28,0.0,null,null,La Nina
2013GoM-Pma-00840,Sperm Whale,Vulnerable,28.4832,-88.7856,2013,7,28.28,0.0,null,null,La Nina
2013GoM-Pma-00840,Sperm Whale,Vulnerable,28.4581,-88.8036,2013,7,28.28,0.0,null,null,La Nina
2013GoM-Pma-00840,Sperm Whale,Vulnerable,28.4236,-89.01230000000001,2013,7,28.39,0.0,null,null,La Nina
2013GoM-Pma-00840,Sperm Whale,Vulnerable,28.6205,-88.8182,2013,7,28.28,0.0,null,null,La Nina
2013GoM-Pma-00840,Sperm Whale,Vulnerable,28.5316,-88.7624,2013,7,28.28,0.0,null,null,La Nina
2013GoM-Pma-00840,Sperm Whale,Vulnerable,28.5787,-88.7544,2013,7,28.28,0.0,null,null,La Nina
2013GoM-Pma-00840,Sperm Whale,Vulnerable,28.599400000000003,-88.7778,2013,7,28.28,0.0,null,null,La Nina
2013GoM-Pma-00840,Sperm Whale,Vulnerable,28.402900000000002,-89.06700000000001,2013,7,28.39,0.0,null,null,La Nina
2013GoM-Pma-00840,Sperm Whale,Vulnerable,28.5672,-88.7577,2013,7,28.28,0.0,null,null,La Nina
2013GoM-Pma-00840,Sperm Whale,Vulnerable,28.715500000000002,-88.68520000000001,2013,7,28.28,0.0,null,null,La Nina
2013GoM-Pma-00840,Sperm Whale,Vulnerable,28.5561,-88.75890000000001,2013,7,28.28,0.0,null,null,La Nina
2013GoM-Pma-00840,Sperm Whale,Vulnerable,28.7027,-88.5973,2013,7,28.28,0.0,null,null,La Nina
2013GoM-Pma-00840,Sperm Whale,Vulnerable,28.6214,-88.7946,2013,7,28.28,0.0,null,null,La Nina
2013GoM-Pma-00840,Sperm Whale,Vulnerable,28.3304,-89.1748,2013,7,28.39,0.0,null,null,La Nina
2013GoM-Pma-00840,Sperm Whale,Vulnerable,28.3934,-89.1068,2013,7,28.39,0.0,null,null,La Nina
2013GoM-Pma-00840,Sperm Whale,Vulnerable,28.625500000000002,-88.7891,2013,7,28.28,0.0,null,null,La Nina
2013GoM-Pma-00840,Sperm Whale,Vulnerable,28.3979,-89.1104,2013,7,28.39,0.0,null,null,La Nina
2013GoM-Pma-00840,Sperm Whale,Vulnerable,28.649700000000003,-88.8013,2013,7,28.28,0.0,null,null,La Nina
2013GoM-Pma-00840,Sperm Whale,Vulnerable,28.5655,-88.8652,2013,7,28.28,0.0,null,null,La Nina
2013GoM-Pma-00840,Sperm Whale,Vulnerable,28.6294,-88.6884,2013,7,28.28,0.0,null,null,La Nina
2013GoM-Pma-00840,Sperm Whale,Vulnerable,28.6213,-88.794,2013,7,28.28,0.0,null,null,La Nina
2013GoM-Pma-00840,Sperm Whale,Vulnerable,28.5855,-88.8477,2013,7,28.28,0.0,null,null,La Nina
2013GoM-Pma-00840,Sperm Whale,Vulnerable,28.359,-89.16470000000001,2013,7,28.39,0.0,null,null,La Nina
2013GoM-Pma-00840,Sperm Whale,Vulnerable,28.3872,-89.14920000000001,2013,7,28.39,0.0,null,null,La Nina
2013GoM-Pma-00840,Sperm Whale,Vulnerable,28.358900000000002,-89.1624,2013,7,28.39,0.0,null,null,La Nina
2013GoM-Pma-00840,Sperm Whale,Vulnerable,28.5641,-88.8665,2013,7,28.28,0.0,null,null,La Nina
2013GoM-Pma-00840,Sperm Whale,Vulnerable,28.5869,-88.8471,2013,7,28.28,0.0,null,null,La Nina
2013GoM-Pma-00840,Sperm Whale,Vulnerable,28.6593,-88.6461,2013,7,28.28,0.0,null,null,La Nina
2013GoM-Pma-00840,Sperm Whale,Vulnerable,28.646600000000003,-88.8155,2013,7,28.28,0.0,null,null,La Nina
2013GoM-Pma-00840,Sperm Whale,Vulnerable,28.3142,-89.1603,2013,7,28.39,0.0,null,null,La Nina
2013GoM-Pma-00840,Sperm Whale,Vulnerable,28.715700000000002,-88.68690000000001,2013,7,28.28,0.0,null,null,La Nina
2013GoM-Pma-00840,Sperm Whale,Vulnerable,28.7143,-88.636,2013,7,28.28,0.0,null,null,La Nina
2013GoM-Pma-00840,Sperm Whale,Vulnerable,28.3137,-89.1602,2013,7,28.39,0.0,null,null,La Nina
2013GoM-Pma-00840,Sperm Whale,Vulnerable,28.6151,-88.82780000000001,2013,7,28.28,0.0,null,null,La Nina
2013GoM-Pma-00840,Sperm Whale,Vulnerable,28.6647,-88.7906,2013,7,28.28,0.0,null,null,La Nina
2013GoM-Pma-00840,Sperm Whale,Vulnerable,28.642400000000002,-88.68140000000001,2013,7,28.28,0.0,null,null,La Nina
2013GoM-Pma-00840,Sperm Whale,Vulnerable,28.3029,-89.13860000000001,2013,7,28.39,0.0,null,null,La Nina
2013GoM-Pma-00840,Sperm Whale,Vulnerable,28.664,-88.7916,2013,7,28.28,0.0,null,null,La Nina
2013GoM-Pma-00840,Sperm Whale,Vulnerable,28.309700000000003,-89.1417,2013,7,28.39,0.0,null,null,La Nina
2013GoM-Pma-00840,Sperm Whale,Vulnerable,28.3123,-89.1464,2013,7,28.39,0.0,null,null,La Nina
2013GoM-Pma-00840,Sperm Whale,Vulnerable,28.311700000000002,-89.1473,2013,7,28.39,0.0,null,null,La Nina
2013GoM-Pma-00840,Sperm Whale,Vulnerable,28.2955,-89.1145,2013,7,28.39,0.0,null,null,La Nina
2013GoM-Pma-00840,Sperm Whale,Vulnerable,28.3015,-89.13510000000001,2013,7,28.39,0.0,null,null,La Nina
2013GoM-Pma-00840,Sperm Whale,Vulnerable,28.5636,-88.8476,2013,7,28.28,0.0,null,null,La Nina
2013GoM-Pma-00840,Sperm Whale,Vulnerable,28.2959,-89.1281,2013,7,28.39,0.0,null,null,La Nina
2013GoM-Pma-00840,Sperm Whale,Vulnerable,28.4846,-88.8771,2013,7,28.39,0.0,null,null,La Nina
2013GoM-Pma-00840,Sperm Whale,Vulnerable,28.6476,-88.81490000000001,2013,7,28.28,0.0,null,null,La Nina
2013GoM-Pma-00840,Sperm Whale,Vulnerable,28.690800000000003,-88.5717,2013,7,28.28,0.0,null,null,La Nina
2013GoM-Pma-00840,Sperm Whale,Vulnerable,28.2924,-89.1222,2013,7,28.39,0.0,null,null,La Nina
2013GoM-Pma-00840,Sperm Whale,Vulnerable,28.2927,-89.10950000000001,2013,7,28.39,0.0,null,null,La Nina
2013GoM-Pma-00840,Sperm Whale,Vulnerable,28.2927,-89.1212,2013,7,28.39,0.0,null,null,La Nina
2013GoM-Pma-00840,Sperm Whale,Vulnerable,28.6768,-88.5759,2013,7,28.28,0.0,null,null,La Nina
2013GoM-Pma-00840,Sperm Whale,Vulnerable,28.294500000000003,-89.1096,2013,7,28.39,0.0,null,null,La Nina
2013GoM-Pma-00840,Sperm Whale,Vulnerable,28.6495,-88.80160000000001,2013,7,28.28,0.0,null,null,La Nina
2013GoM-Pma-00840,Sperm Whale,Vulnerable,28.2988,-89.1115,2013,7,28.39,0.0,null,null,La Nina
2013GoM-Pma-00840,Sperm Whale,Vulnerable,28.2924,-89.11070000000001,2013,7,28.39,0.0,null,null,La Nina
2013GoM-Pma-00840,Sperm Whale,Vulnerable,28.330000000000002,-89.1379,2013,7,28.39,0.0,null,null,La Nina
2013GoM-Pma-00840,Sperm Whale,Vulnerable,28.556,-88.7594,2013,7,28.28,0.0,null,null,La Nina
2013GoM-Pma-00840,Sperm Whale,Vulnerable,28.297,-89.1118,2013,7,28.39,0.0,null,null,La Nina
2013GoM-Pma-00840,Sperm Whale,Vulnerable,28.7011,-88.5959,2013,7,28.28,0.0,null,null,La Nina
2013GoM-Pma-00840,Sperm Whale,Vulnerable,28.3089,-89.1277,2013,7,28.39,0.0,null,null,La Nina
2013GoM-Pma-00840,Sperm Whale,Vulnerable,28.383,-89.0263,2013,7,28.39,0.0,null,null,La Nina
2013GoM-Pma-00840,Sperm Whale,Vulnerable,28.53,-88.764,2013,7,28.28,0.0,null,null,La Nina
2013GoM-Pma-00840,Sperm Whale,Vulnerable,28.565900000000003,-88.884,2013,7,28.39,0.0,null,null,La Nina
2013GoM-Pma-00840,Sperm Whale,Vulnerable,28.355700000000002,-89.10430000000001,2013,7,28.39,0.0,null,null,La Nina
2013GoM-Pma-00840,Sperm Whale,Vulnerable,28.3279,-89.13860000000001,2013,7,28.39,0.0,null,null,La Nina
2013GoM-Pma-00840,Sperm Whale,Vulnerable,28.383200000000002,-88.8039,2013,7,28.28,0.0,null,null,La Nina
2013GoM-Pma-00840,Sperm Whale,Vulnerable,28.5621,-88.8861,2013,7,28.39,0.0,null,null,La Nina
2013GoM-Pma-00840,Sperm Whale,Vulnerable,28.3717,-89.07000000000001,2013,7,28.39,0.0,null,null,La Nina
2013GoM-Pma-00840,Sperm Whale,Vulnerable,28.3943,-88.9944,2013,7,28.39,0.0,null,null,La Nina
2013GoM-Pma-00840,Sperm Whale,Vulnerable,28.3736,-89.06790000000001,2013,7,28.39,0.0,null,null,La Nina
2013GoM-Pma-00840,Sperm Whale,Vulnerable,28.3852,-88.8096,2013,7,28.28,0.0,null,null,La Nina
2013GoM-Pma-00840,Sperm Whale,Vulnerable,28.3929,-88.9935,2013,7,28.39,0.0,null,null,La Nina
2013GoM-Pma-00840,Sperm Whale,Vulnerable,28.413,-88.95920000000001,2013,7,28.39,0.0,null,null,La Nina
2013GoM-Pma-00840,Sperm Whale,Vulnerable,28.459600000000002,-88.8982,2013,7,28.39,0.0,null,null,La Nina
2013GoM-Pma-00840,Sperm Whale,Vulnerable,28.472800000000003,-88.976,2013,7,28.39,0.0,null,null,La Nina
2013GoM-Pma-00840,Sperm Whale,Vulnerable,28.706,-88.6984,2013,7,28.28,0.0,null,null,La Nina
2013GoM-Pma-00840,Sperm Whale,Vulnerable,28.4331,-88.9337,2013,7,28.39,0.0,null,null,La Nina
2013GoM-Pma-00840,Sperm Whale,Vulnerable,28.610300000000002,-88.9298,2013,7,28.39,0.0,null,null,La Nina
2013GoM-Pma-00840,Sperm Whale,Vulnerable,28.4285,-88.95490000000001,2013,7,28.39,0.0,null,null,La Nina
2013GoM-Pma-00840,Sperm Whale,Vulnerable,28.4357,-88.93270000000001,2013,7,28.39,0.0,null,null,La Nina
2013GoM-Pma-00840,Sperm Whale,Vulnerable,28.622,-88.9049,2013,7,28.39,0.0,null,null,La Nina
2013GoM-Pma-00840,Sperm Whale,Vulnerable,28.628400000000003,-88.67920000000001,2013,7,28.28,0.0,null,null,La Nina
2013GoM-Pma-00840,Sperm Whale,Vulnerable,28.4284,-88.9444,2013,7,28.39,0.0,null,null,La Nina
2013GoM-Pma-00840,Sperm Whale,Vulnerable,28.5854,-88.9109,2013,7,28.39,0.0,null,null,La Nina
2013GoM-Pma-00840,Sperm Whale,Vulnerable,28.6629,-88.6858,2013,7,28.28,0.0,null,null,La Nina
2013GoM-Pma-00840,Sperm Whale,Vulnerable,28.524700000000003,-88.932,2013,7,28.39,0.0,null,null,La Nina
2013GoM-Pma-00840,Sperm Whale,Vulnerable,28.668300000000002,-88.6144,2013,7,28.28,0.0,null,null,La Nina
2013GoM-Pma-00840,Sperm Whale,Vulnerable,28.587200000000003,-88.90950000000001,2013,7,28.39,0.0,null,null,La Nina
2013GoM-Pma-00840,Sperm Whale,Vulnerable,28.5528,-88.9128,2013,7,28.39,0.0,null,null,La Nina
2013GoM-Pma-00840,Sperm Whale,Vulnerable,28.495800000000003,-88.9371,2013,7,28.39,0.0,null,null,La Nina
2013GoM-Pma-00840,Sperm Whale,Vulnerable,28.512600000000003,-88.8785,2013,7,28.39,0.0,null,null,La Nina
2013GoM-Pma-00840,Sperm Whale,Vulnerable,28.6979,-88.6468,2013,7,28.28,0.0,null,null,La Nina
2013GoM-Pma-00840,Sperm Whale,Vulnerable,28.4617,-88.94890000000001,2013,7,28.39,0.0,null,null,La Nina
2013GoM-Pma-00840,Sperm Whale,Vulnerable,28.5517,-88.915,2013,7,28.39,0.0,null,null,La Nina
2013GoM-Pma-00840,Sperm Whale,Vulnerable,28.4986,-88.8969,2013,7,28.39,0.0,null,null,La Nina
2013GoM-Pma-00840,Sperm Whale,Vulnerable,28.4253,-88.9514,2013,7,28.39,0.0,null,null,La Nina
2013GoM-Pma-00840,Sperm Whale,Vulnerable,28.6672,-88.6251,2013,7,28.28,0.0,null,null,La Nina
2013GoM-Pma-00840,Sperm Whale,Vulnerable,28.492900000000002,-88.9387,2013,7,28.39,0.0,null,null,La Nina
2013GoM-Pma-00840,Sperm Whale,Vulnerable,28.4326,-88.9807,2013,7,28.39,0.0,null,null,La Nina
2013GoM-Pma-00840,Sperm Whale,Vulnerable,28.4323,-88.94680000000001,2013,7,28.39,0.0,null,null,La Nina
2013GoM-Pma-00840,Sperm Whale,Vulnerable,28.3492,-88.96520000000001,2013,7,28.39,0.0,null,null,La Nina
2013GoM-Pma-00840,Sperm Whale,Vulnerable,28.642500000000002,-88.6191,2013,7,28.28,0.0,null,null,La Nina
2013GoM-Pma-00840,Sperm Whale,Vulnerable,28.3883,-88.96430000000001,2013,7,28.39,0.0,null,null,La Nina
2013GoM-Pma-00840,Sperm Whale,Vulnerable,28.4276,-88.9503,2013,7,28.39,0.0,null,null,La Nina
2013GoM-Pma-00840,Sperm Whale,Vulnerable,28.704,-88.5976,2013,7,28.28,0.0,null,null,La Nina
2013GoM-Pma-00840,Sperm Whale,Vulnerable,28.3805,-88.96770000000001,2013,7,28.39,0.0,null,null,La Nina
2013GoM-Pma-00840,Sperm Whale,Vulnerable,28.386100000000003,-89.1456,2013,7,28.39,0.0,null,null,La Nina
2013GoM-Pma-00840,Sperm Whale,Vulnerable,28.6236,-88.91470000000001,2013,7,28.39,0.0,null,null,La Nina
2013GoM-Pma-00840,Sperm Whale,Vulnerable,28.3781,-88.9691,2013,7,28.39,0.0,null,null,La Nina
2013GoM-Pma-00840,Sperm Whale,Vulnerable,28.557100000000002,-88.8587,2013,7,28.28,0.0,null,null,La Nina
2013GoM-Pma-00840,Sperm Whale,Vulnerable,28.296200000000002,-89.1284,2013,7,28.39,0.0,null,null,La Nina
2013GoM-Pma-00840,Sperm Whale,Vulnerable,28.630200000000002,-88.9148,2013,7,28.39,0.0,null,null,La Nina
2013GoM-Pma-00840,Sperm Whale,Vulnerable,28.6175,-88.91640000000001,2013,7,28.39,0.0,null,null,La Nina
2013GoM-Pma-00840,Sperm Whale,Vulnerable,28.6136,-88.9238,2013,7,28.39,0.0,null,null,La Nina
2013GoM-Pma-00840,Sperm Whale,Vulnerable,28.3533,-89.10690000000001,2013,7,28.39,0.0,null,null,La Nina
2013GoM-Pma-00840,Sperm Whale,Vulnerable,28.616,-88.83760000000001,2013,7,28.28,0.0,null,null,La Nina
2013GoM-Pma-00840,Sperm Whale,Vulnerable,28.6171,-88.9152,2013,7,28.39,0.0,null,null,La Nina
2013GoM-Pma-00840,Sperm Whale,Vulnerable,28.6109,-88.9298,2013,7,28.39,0.0,null,null,La Nina
2013GoM-Pma-00840,Sperm Whale,Vulnerable,28.6171,-88.919,2013,7,28.39,0.0,null,null,La Nina
2013GoM-Pma-00840,Sperm Whale,Vulnerable,28.573,-88.9235,2013,7,28.39,0.0,null,null,La Nina
2013GoM-Pma-00840,Sperm Whale,Vulnerable,28.637900000000002,-88.81490000000001,2013,7,28.28,0.0,null,null,La Nina
2013GoM-Pma-00840,Sperm Whale,Vulnerable,28.6034,-88.9324,2013,7,28.39,0.0,null,null,La Nina
2013GoM-Pma-00840,Sperm Whale,Vulnerable,28.351300000000002,-88.9649,2013,7,28.39,0.0,null,null,La Nina
2013GoM-Pma-00840,Sperm Whale,Vulnerable,28.624000000000002,-88.7878,2013,7,28.28,0.0,null,null,La Nina
2013GoM-Pma-00840,Sperm Whale,Vulnerable,28.674100000000003,-88.6748,2013,7,28.28,0.0,null,null,La Nina
2013GoM-Pma-00840,Sperm Whale,Vulnerable,28.593400000000003,-88.9264,2013,7,28.39,0.0,null,null,La Nina
2013GoM-Pma-00840,Sperm Whale,Vulnerable,28.5741,-88.92360000000001,2013,7,28.39,0.0,null,null,La Nina
2013GoM-Pma-00840,Sperm Whale,Vulnerable,28.5557,-88.9158,2013,7,28.39,0.0,null,null,La Nina
2013GoM-Pma-00840,Sperm Whale,Vulnerable,28.592200000000002,-88.9255,2013,7,28.39,0.0,null,null,La Nina
2013GoM-Pma-00840,Sperm Whale,Vulnerable,28.5441,-88.9111,2013,7,28.39,0.0,null,null,La Nina
2013GoM-Pma-00840,Sperm Whale,Vulnerable,28.6811,-88.6018,2013,7,28.28,0.0,null,null,La Nina
2013GoM-Pma-00840,Sperm Whale,Vulnerable,28.524,-88.9032,2013,7,28.39,0.0,null,null,La Nina
2013GoM-Pma-00840,Sperm Whale,Vulnerable,28.565800000000003,-88.923,2013,7,28.39,0.0,null,null,La Nina
2013GoM-Pma-00840,Sperm Whale,Vulnerable,28.626700000000003,-88.77250000000001,2013,7,28.28,0.0,null,null,La Nina
2013GoM-Pma-00840,Sperm Whale,Vulnerable,28.6442,-88.7446,2013,7,28.28,0.0,null,null,La Nina
2013GoM-Pma-00840,Sperm Whale,Vulnerable,28.543100000000003,-88.9101,2013,7,28.39,0.0,null,null,La Nina
2013GoM-Pma-00840,Sperm Whale,Vulnerable,28.5411,-88.8891,2013,7,28.39,0.0,null,null,La Nina
2013GoM-Pma-00840,Sperm Whale,Vulnerable,28.6032,-88.801,2013,7,28.28,0.0,null,null,La Nina
2013GoM-Pma-00840,Sperm Whale,Vulnerable,28.6049,-88.8007,2013,7,28.28,0.0,null,null,La Nina
2013GoM-Pma-00840,Sperm Whale,Vulnerable,28.538700000000002,-88.86590000000001,2013,7,28.28,0.0,null,null,La Nina
2013GoM-Pma-00840,Sperm Whale,Vulnerable,28.5423,-88.88850000000001,2013,7,28.39,0.0,null,null,La Nina
2013GoM-Pma-00840,Sperm Whale,Vulnerable,28.7159,-88.5879,2013,7,28.28,0.0,null,null,La Nina
2013GoM-Pma-00840,Sperm Whale,Vulnerable,28.6112,-88.845,2013,7,28.28,0.0,null,null,La Nina
2013GoM-Pma-00840,Sperm Whale,Vulnerable,28.6907,-88.57140000000001,2013,7,28.28,0.0,null,null,La Nina
2013GoM-Pma-00840,Sperm Whale,Vulnerable,28.606,-88.85210000000001,2013,7,28.28,0.0,null,null,La Nina
2013GoM-Pma-00840,Sperm Whale,Vulnerable,28.6761,-88.57260000000001,2013,7,28.28,0.0,null,null,La Nina
2013GoM-Pma-00840,Sperm Whale,Vulnerable,28.6722,-88.5681,2013,7,28.28,0.0,null,null,La Nina
2013GoM-Pma-00840,Sperm Whale,Vulnerable,28.6768,-88.57610000000001,2013,7,28.28,0.0,null,null,La Nina
2013GoM-Pma-00840,Sperm Whale,Vulnerable,28.6746,-88.5595,2013,7,28.28,0.0,null,null,La Nina
2013GoM-Pma-00840,Sperm Whale,Vulnerable,28.726200000000002,-88.6469,2013,7,28.28,0.0,null,null,La Nina
2013GoM-Pma-00840,Sperm Whale,Vulnerable,28.709500000000002,-88.62270000000001,2013,7,28.28,0.0,null,null,La Nina
2013GoM-Pma-00840,Sperm Whale,Vulnerable,28.712300000000003,-88.6787,2013,7,28.28,0.0,null,null,La Nina
2013GoM-Pma-00840,Sperm Whale,Vulnerable,28.6983,-88.5939,2013,7,28.28,0.0,null,null,La Nina
2013GoM-Pma-00840,Sperm Whale,Vulnerable,28.4297,-88.967,2013,7,28.39,0.0,null,null,La Nina
2013GoM-Pma-00840,Sperm Whale,Vulnerable,28.5511,-88.9064,2013,7,28.39,0.0,null,null,La Nina
2013GoM-Pma-00840,Sperm Whale,Vulnerable,28.4751,-88.9752,2013,7,28.39,0.0,null,null,La Nina
2013GoM-Pma-00840,Sperm Whale,Vulnerable,28.604300000000002,-88.88090000000001,2013,7,28.39,0.0,null,null,La Nina
2013GoM-Pma-00840,Sperm Whale,Vulnerable,28.911,-88.362,2013,7,28.14,0.0,null,null,La Nina
2013GoM-Pma-00840,Sperm Whale,Vulnerable,28.4116,-88.8433,2013,8,29.44,0.0,null,null,Neutral
2013GoM-Pma-00840,Sperm Whale,Vulnerable,28.399700000000003,-88.83720000000001,2013,8,29.44,0.0,null,null,Neutral
2013GoM-Pma-00840,Sperm Whale,Vulnerable,28.4232,-88.84580000000001,2013,8,29.44,0.0,null,null,Neutral
2013GoM-Pma-00840,Sperm Whale,Vulnerable,28.4174,-88.84270000000001,2013,8,29.44,0.0,null,null,Neutral
2013GoM-Pma-00840,Sperm Whale,Vulnerable,28.4026,-88.84280000000001,2013,8,29.44,0.0,null,null,Neutral
2013GoM-Pma-00840,Sperm Whale,Vulnerable,28.4157,-88.8371,2013,8,29.44,0.0,null,null,Neutral
2013GoM-Pma-00840,Sperm Whale,Vulnerable,28.504800000000003,-88.83590000000001,2013,8,29.44,0.0,null,null,Neutral
2013GoM-Pma-00840,Sperm Whale,Vulnerable,28.5025,-88.836,2013,8,29.44,0.0,null,null,Neutral
2013GoM-Pma-00840,Sperm Whale,Vulnerable,28.561300000000003,-88.79390000000001,2013,8,29.44,0.0,null,null,Neutral
2013GoM-Pma-00840,Sperm Whale,Vulnerable,28.459100000000003,-88.8461,2013,8,29.44,0.0,null,null,Neutral
2013GoM-Pma-00840,Sperm Whale,Vulnerable,28.560200000000002,-88.797,2013,8,29.44,0.0,null,null,Neutral
2013GoM-Pma-00840,Sperm Whale,Vulnerable,28.5362,-88.8223,2013,8,29.44,0.0,null,null,Neutral
2013GoM-Pma-00840,Sperm Whale,Vulnerable,28.4709,-88.8477,2013,8,29.44,0.0,null,null,Neutral
2013GoM-Pma-00840,Sperm Whale,Vulnerable,28.6097,-88.75580000000001,2013,8,29.44,0.0,null,null,Neutral
2013GoM-Pma-00840,Sperm Whale,Vulnerable,28.610200000000003,-88.76060000000001,2013,8,29.44,0.0,null,null,Neutral
2013GoM-Pma-00840,Sperm Whale,Vulnerable,28.6084,-88.7317,2013,8,29.44,0.0,null,null,Neutral
2013GoM-Pma-00840,Sperm Whale,Vulnerable,28.584200000000003,-88.7762,2013,8,29.44,0.0,null,null,Neutral
2013GoM-Pma-00840,Sperm Whale,Vulnerable,28.632800000000003,-88.7313,2013,8,29.44,0.0,null,null,Neutral
2013GoM-Pma-00840,Sperm Whale,Vulnerable,28.6336,-88.7288,2013,8,29.44,0.0,null,null,Neutral
2013GoM-Pma-00840,Sperm Whale,Vulnerable,28.606900000000003,-88.7356,2013,8,29.44,0.0,null,null,Neutral
2013GoM-Pma-00840,Sperm Whale,Vulnerable,28.5864,-88.7761,2013,8,29.44,0.0,null,null,Neutral
2013GoM-Pma-00840,Sperm Whale,Vulnerable,28.6569,-88.72080000000001,2013,8,29.44,0.0,null,null,Neutral
2013GoM-Pma-00840,Sperm Whale,Vulnerable,28.6783,-88.71730000000001,2013,8,29.44,0.0,null,null,Neutral
2013GoM-Pma-00840,Sperm Whale,Vulnerable,28.6126,-88.8208,2013,8,29.44,0.0,null,null,Neutral
2013GoM-Pma-00840,Sperm Whale,Vulnerable,28.6582,-88.7253,2013,8,29.44,0.0,null,null,Neutral
2013GoM-Pma-00840,Sperm Whale,Vulnerable,28.713,-88.68260000000001,2013,8,29.44,0.0,null,null,Neutral
2013GoM-Pma-00840,Sperm Whale,Vulnerable,28.680500000000002,-88.7106,2013,8,29.44,0.0,null,null,Neutral
2013GoM-Pma-00840,Sperm Whale,Vulnerable,28.5382,-88.8206,2013,8,29.44,0.0,null,null,Neutral
2013GoM-Pma-00840,Sperm Whale,Vulnerable,28.7097,-88.6849,2013,8,29.44,0.0,null,null,Neutral
2013GoM-Pma-00840,Sperm Whale,Vulnerable,28.6472,-88.8109,2013,8,29.44,0.0,null,null,Neutral
2013GoM-Pma-00840,Sperm Whale,Vulnerable,28.5515,-88.8404,2013,8,29.44,0.0,null,null,Neutral
2013GoM-Pma-00840,Sperm Whale,Vulnerable,28.712,-88.68390000000001,2013,8,29.44,0.0,null,null,Neutral
2013GoM-Pma-00840,Sperm Whale,Vulnerable,28.5822,-88.8313,2013,8,29.44,0.0,null,null,Neutral
2013GoM-Pma-00840,Sperm Whale,Vulnerable,28.552300000000002,-88.84100000000001,2013,8,29.44,0.0,null,null,Neutral
2013GoM-Pma-00840,Sperm Whale,Vulnerable,28.5837,-88.8315,2013,8,29.44,0.0,null,null,Neutral
2013GoM-Pma-00840,Sperm Whale,Vulnerable,28.614,-88.8207,2013,8,29.44,0.0,null,null,Neutral
2013GoM-Pma-00840,Sperm Whale,Vulnerable,28.4995,-88.8587,2013,8,29.44,0.0,null,null,Neutral
2013GoM-Pma-00840,Sperm Whale,Vulnerable,28.4984,-88.858,2013,8,29.44,0.0,null,null,Neutral
2013GoM-Pma-00840,Sperm Whale,Vulnerable,28.5273,-88.86880000000001,2013,8,29.44,0.0,null,null,Neutral
2013GoM-Pma-00840,Sperm Whale,Vulnerable,28.5244,-88.8493,2013,8,29.44,0.0,null,null,Neutral
2013GoM-Pma-00840,Sperm Whale,Vulnerable,28.456300000000002,-88.86590000000001,2013,8,29.44,0.0,null,null,Neutral
2013GoM-Pma-00840,Sperm Whale,Vulnerable,28.474700000000002,-88.85210000000001,2013,8,29.44,0.0,null,null,Neutral
2013GoM-Pma-00840,Sperm Whale,Vulnerable,28.4749,-88.85470000000001,2013,8,29.44,0.0,null,null,Neutral
2013GoM-Pma-00840,Sperm Whale,Vulnerable,28.7009,-88.7132,2013,8,29.44,0.0,null,null,Neutral
2013GoM-Pma-00840,Sperm Whale,Vulnerable,28.5149,-88.84530000000001,2013,8,29.44,0.0,null,null,Neutral
2013GoM-Pma-00840,Sperm Whale,Vulnerable,28.5134,-88.8454,2013,8,29.44,0.0,null,null,Neutral
2013GoM-Pma-00840,Sperm Whale,Vulnerable,28.488200000000003,-88.7963,2013,8,29.44,0.0,null,null,Neutral
2013GoM-Pma-00840,Sperm Whale,Vulnerable,28.526600000000002,-88.868,2013,8,29.44,0.0,null,null,Neutral
2013GoM-Pma-00840,Sperm Whale,Vulnerable,28.4113,-88.836,2013,8,29.44,0.0,null,null,Neutral
2013GoM-Pma-00840,Sperm Whale,Vulnerable,28.473,-88.813,2013,8,29.44,0.0,null,null,Neutral
2013GoM-Pma-00840,Sperm Whale,Vulnerable,28.4738,-88.8114,2013,8,29.44,0.0,null,null,Neutral
2013GoM-Pma-00840,Sperm Whale,Vulnerable,28.491,-88.8369,2013,8,29.44,0.0,null,null,Neutral
2013GoM-Pma-00840,Sperm Whale,Vulnerable,28.4886,-88.8386,2013,8,29.44,0.0,null,null,Neutral
2013GoM-Pma-00840,Sperm Whale,Vulnerable,28.5168,-88.7997,2013,8,29.44,0.0,null,null,Neutral
2013GoM-Pma-00840,Sperm Whale,Vulnerable,28.5453,-88.8082,2013,8,29.44,0.0,null,null,Neutral
2013GoM-Pma-00840,Sperm Whale,Vulnerable,28.491300000000003,-88.7951,2013,8,29.44,0.0,null,null,Neutral
2013GoM-Pma-00840,Sperm Whale,Vulnerable,28.4371,-88.83290000000001,2013,8,29.44,0.0,null,null,Neutral
2013GoM-Pma-00840,Sperm Whale,Vulnerable,28.4581,-88.8649,2013,8,29.44,0.0,null,null,Neutral
2013GoM-Pma-00840,Sperm Whale,Vulnerable,28.515,-88.79860000000001,2013,8,29.44,0.0,null,null,Neutral
2013GoM-Pma-00840,Sperm Whale,Vulnerable,28.4932,-88.8609,2013,8,29.44,0.0,null,null,Neutral
2013GoM-Pma-00840,Sperm Whale,Vulnerable,28.4955,-88.862,2013,8,29.44,0.0,null,null,Neutral
2013GoM-Pma-00840,Sperm Whale,Vulnerable,28.439500000000002,-88.8331,2013,8,29.44,0.0,null,null,Neutral
2013GoM-Pma-00840,Sperm Whale,Vulnerable,28.4751,-88.849,2013,8,29.44,0.0,null,null,Neutral
2013GoM-Pma-00840,Sperm Whale,Vulnerable,28.5709,-88.82610000000001,2013,8,29.44,0.0,null,null,Neutral
2013GoM-Pma-00840,Sperm Whale,Vulnerable,28.2676,-89.04610000000001,2013,8,29.560000000000002,0.0,null,null,Neutral
2013GoM-Pma-00840,Sperm Whale,Vulnerable,28.2235,-89.08760000000001,2013,8,29.560000000000002,0.0,null,null,Neutral
2013GoM-Pma-00840,Sperm Whale,Vulnerable,28.370900000000002,-88.88770000000001,2013,8,29.560000000000002,0.0,null,null,Neutral
2013GoM-Pma-00840,Sperm Whale,Vulnerable,28.291500000000003,-89.03450000000001,2013,8,29.560000000000002,0.0,null,null,Neutral
2013GoM-Pma-00840,Sperm Whale,Vulnerable,28.2679,-89.0467,2013,8,29.560000000000002,0.0,null,null,Neutral
2013GoM-Pma-00840,Sperm Whale,Vulnerable,28.2238,-89.087,2013,8,29.560000000000002,0.0,null,null,Neutral
2013GoM-Pma-00840,Sperm Whale,Vulnerable,28.2499,-89.0651,2013,8,29.560000000000002,0.0,null,null,Neutral
2013GoM-Pma-00840,Sperm Whale,Vulnerable,28.372400000000003,-88.8844,2013,8,29.560000000000002,0.0,null,null,Neutral
2013GoM-Pma-00840,Sperm Whale,Vulnerable,28.249100000000002,-89.0672,2013,8,29.560000000000002,0.0,null,null,Neutral
2013GoM-Pma-00840,Sperm Whale,Vulnerable,28.358700000000002,-89.4263,2013,8,29.560000000000002,0.0,null,null,Neutral
2013GoM-Pma-00840,Sperm Whale,Vulnerable,28.3712,-89.4752,2013,8,29.560000000000002,0.0,null,null,Neutral
2013GoM-Pma-00840,Sperm Whale,Vulnerable,28.3765,-89.4161,2013,8,29.560000000000002,0.0,null,null,Neutral
2013GoM-Pma-00840,Sperm Whale,Vulnerable,28.374100000000002,-89.41760000000001,2013,8,29.560000000000002,0.0,null,null,Neutral
2013GoM-Pma-00840,Sperm Whale,Vulnerable,28.3667,-89.433,2013,8,29.560000000000002,0.0,null,null,Neutral
2013GoM-Pma-00840,Sperm Whale,Vulnerable,28.4726,-89.53450000000001,2013,8,29.560000000000002,0.0,null,null,Neutral
2013GoM-Pma-00840,Sperm Whale,Vulnerable,28.4816,-89.525,2013,8,29.560000000000002,0.0,null,null,Neutral
2013GoM-Pma-00840,Sperm Whale,Vulnerable,28.460600000000003,-89.5421,2013,8,29.560000000000002,0.0,null,null,Neutral
2013GoM-Pma-00840,Sperm Whale,Vulnerable,28.494500000000002,-89.4884,2013,8,29.560000000000002,0.0,null,null,Neutral
2013GoM-Pma-00840,Sperm Whale,Vulnerable,28.3775,-89.4899,2013,8,29.560000000000002,0.0,null,null,Neutral
2013GoM-Pma-00840,Sperm Whale,Vulnerable,28.492700000000003,-89.5008,2013,8,29.560000000000002,0.0,null,null,Neutral
2013GoM-Pma-00840,Sperm Whale,Vulnerable,28.4967,-89.46730000000001,2013,8,29.560000000000002,0.0,null,null,Neutral
2013GoM-Pma-00840,Sperm Whale,Vulnerable,28.497200000000003,-89.46310000000001,2013,8,29.560000000000002,0.0,null,null,Neutral
2013GoM-Pma-00840,Sperm Whale,Vulnerable,28.4963,-89.4728,2013,8,29.560000000000002,0.0,null,null,Neutral
2013GoM-Pma-00840,Sperm Whale,Vulnerable,28.488400000000002,-89.453,2013,8,29.560000000000002,0.0,null,null,Neutral
2013GoM-Pma-00840,Sperm Whale,Vulnerable,28.495800000000003,-89.4698,2013,8,29.560000000000002,0.0,null,null,Neutral
2013GoM-Pma-00840,Sperm Whale,Vulnerable,28.469900000000003,-89.47240000000001,2013,8,29.560000000000002,0.0,null,null,Neutral
2013GoM-Pma-00840,Sperm Whale,Vulnerable,28.4962,-89.4581,2013,8,29.560000000000002,0.0,null,null,Neutral
2013GoM-Pma-00840,Sperm Whale,Vulnerable,28.4932,-89.4546,2013,8,29.560000000000002,0.0,null,null,Neutral
2013GoM-Pma-00840,Sperm Whale,Vulnerable,28.496000000000002,-89.4781,2013,8,29.560000000000002,0.0,null,null,Neutral
2013GoM-Pma-00840,Sperm Whale,Vulnerable,28.4826,-89.4529,2013,8,29.560000000000002,0.0,null,null,Neutral
2013GoM-Pma-00840,Sperm Whale,Vulnerable,28.491100000000003,-89.5681,2013,8,29.560000000000002,0.0,null,null,Neutral
2013GoM-Pma-00840,Sperm Whale,Vulnerable,28.477400000000003,-89.45490000000001,2013,8,29.560000000000002,0.0,null,null,Neutral
2013GoM-Pma-00840,Sperm Whale,Vulnerable,28.4634,-89.5171,2013,8,29.560000000000002,0.0,null,null,Neutral
2013GoM-Pma-00840,Sperm Whale,Vulnerable,28.4843,-89.5673,2013,8,29.560000000000002,0.0,null,null,Neutral
2013GoM-Pma-00840,Sperm Whale,Vulnerable,28.4633,-89.5318,2013,8,29.560000000000002,0.0,null,null,Neutral
2013GoM-Pma-00840,Sperm Whale,Vulnerable,28.476300000000002,-89.5625,2013,8,29.560000000000002,0.0,null,null,Neutral
2013GoM-Pma-00840,Sperm Whale,Vulnerable,28.4692,-89.5189,2013,8,29.560000000000002,0.0,null,null,Neutral
2013GoM-Pma-00840,Sperm Whale,Vulnerable,28.466,-89.5447,2013,8,29.560000000000002,0.0,null,null,Neutral
2013GoM-Pma-00840,Sperm Whale,Vulnerable,28.497,-89.5664,2013,8,29.560000000000002,0.0,null,null,Neutral
2013GoM-Pma-00840,Sperm Whale,Vulnerable,28.500600000000002,-89.56190000000001,2013,8,29.560000000000002,0.0,null,null,Neutral
2013GoM-Pma-00840,Sperm Whale,Vulnerable,28.481,-89.52770000000001,2013,8,29.560000000000002,0.0,null,null,Neutral
2013GoM-Pma-00840,Sperm Whale,Vulnerable,28.5017,-89.55640000000001,2013,8,29.560000000000002,0.0,null,null,Neutral
2013GoM-Pma-00840,Sperm Whale,Vulnerable,28.5009,-89.55030000000001,2013,8,29.560000000000002,0.0,null,null,Neutral
2013GoM-Pma-00840,Sperm Whale,Vulnerable,28.343400000000003,-89.4837,2013,8,29.560000000000002,0.0,null,null,Neutral
2013GoM-Pma-00840,Sperm Whale,Vulnerable,28.497300000000003,-89.54350000000001,2013,8,29.560000000000002,0.0,null,null,Neutral
2013GoM-Pma-00840,Sperm Whale,Vulnerable,28.4389,-89.50290000000001,2013,8,29.560000000000002,0.0,null,null,Neutral
2013GoM-Pma-00840,Sperm Whale,Vulnerable,28.3536,-89.4872,2013,8,29.560000000000002,0.0,null,null,Neutral
2013GoM-Pma-00840,Sperm Whale,Vulnerable,28.4206,-89.49680000000001,2013,8,29.560000000000002,0.0,null,null,Neutral
2013GoM-Pma-00840,Sperm Whale,Vulnerable,28.3826,-89.49260000000001,2013,8,29.560000000000002,0.0,null,null,Neutral
2013GoM-Pma-00840,Sperm Whale,Vulnerable,28.324,-89.4907,2013,8,29.560000000000002,0.0,null,null,Neutral
2013GoM-Pma-00840,Sperm Whale,Vulnerable,28.367700000000003,-89.4916,2013,8,29.560000000000002,0.0,null,null,Neutral
2013GoM-Pma-00840,Sperm Whale,Vulnerable,28.334500000000002,-89.5132,2013,8,29.560000000000002,0.0,null,null,Neutral
2013GoM-Pma-00840,Sperm Whale,Vulnerable,28.3339,-89.4824,2013,8,29.560000000000002,0.0,null,null,Neutral
2013GoM-Pma-00840,Sperm Whale,Vulnerable,28.328300000000002,-89.48440000000001,2013,8,29.560000000000002,0.0,null,null,Neutral
2013GoM-Pma-00840,Sperm Whale,Vulnerable,28.401100000000003,-89.49340000000001,2013,8,29.560000000000002,0.0,null,null,Neutral
2013GoM-Pma-00840,Sperm Whale,Vulnerable,28.3218,-89.495,2013,8,29.560000000000002,0.0,null,null,Neutral
2013GoM-Pma-00840,Sperm Whale,Vulnerable,28.3614,-89.44680000000001,2013,8,29.560000000000002,0.0,null,null,Neutral
2013GoM-Pma-00840,Sperm Whale,Vulnerable,28.314600000000002,-89.5019,2013,8,29.560000000000002,0.0,null,null,Neutral
2013GoM-Pma-00840,Sperm Whale,Vulnerable,28.3549,-89.50750000000001,2013,8,29.560000000000002,0.0,null,null,Neutral
2013GoM-Pma-00840,Sperm Whale,Vulnerable,28.373900000000003,-89.4748,2013,8,29.560000000000002,0.0,null,null,Neutral
2013GoM-Pma-00840,Sperm Whale,Vulnerable,28.358800000000002,-89.5034,2013,8,29.560000000000002,0.0,null,null,Neutral
2013GoM-Pma-00840,Sperm Whale,Vulnerable,28.3683,-89.4911,2013,8,29.560000000000002,0.0,null,null,Neutral
2013GoM-Pma-00840,Sperm Whale,Vulnerable,28.3721,-89.4828,2013,8,29.560000000000002,0.0,null,null,Neutral
2013GoM-Pma-00840,Sperm Whale,Vulnerable,28.3507,-89.429,2013,8,29.560000000000002,0.0,null,null,Neutral
2013GoM-Pma-00840,Sperm Whale,Vulnerable,28.3637,-89.498,2013,8,29.560000000000002,0.0,null,null,Neutral
2013GoM-Pma-00840,Sperm Whale,Vulnerable,28.547700000000003,-88.8083,2013,8,29.44,0.0,null,null,Neutral
2013GoM-Pma-00840,Sperm Whale,Vulnerable,28.438200000000002,-88.8485,2013,8,29.44,0.0,null,null,Neutral
2013GoM-Pma-00840,Sperm Whale,Vulnerable,28.398100000000003,-88.8371,2013,8,29.44,0.0,null,null,Neutral
2013GoM-Pma-00840,Sperm Whale,Vulnerable,28.421400000000002,-88.8469,2013,8,29.44,0.0,null,null,Neutral
2013GoM-Pma-00840,Sperm Whale,Vulnerable,28.4053,-88.8439,2013,8,29.44,0.0,null,null,Neutral
2013GoM-Pma-00840,Sperm Whale,Vulnerable,28.326400000000003,-89.5115,2013,8,29.560000000000002,0.0,null,null,Neutral
2013GoM-Pma-00840,Sperm Whale,Vulnerable,28.349600000000002,-89.51050000000001,2013,8,29.560000000000002,0.0,null,null,Neutral
2013GoM-Pma-00840,Sperm Whale,Vulnerable,28.3425,-89.512,2013,8,29.560000000000002,0.0,null,null,Neutral
2013GoM-Pma-00840,Sperm Whale,Vulnerable,28.4551,-89.51060000000001,2013,8,29.560000000000002,0.0,null,null,Neutral
2013GoM-Pma-00840,Sperm Whale,Vulnerable,28.4901,-89.5365,2013,8,29.560000000000002,0.0,null,null,Neutral
2013GoM-Pma-00840,Sperm Whale,Vulnerable,28.4647,-89.5019,2013,8,29.560000000000002,0.0,null,null,Neutral
2013GoM-Pma-00840,Sperm Whale,Vulnerable,28.469900000000003,-89.5544,2013,8,29.560000000000002,0.0,null,null,Neutral
2013GoM-Pma-00840,Sperm Whale,Vulnerable,28.472900000000003,-89.46170000000001,2013,8,29.560000000000002,0.0,null,null,Neutral
2013GoM-Pma-00840,Sperm Whale,Vulnerable,28.467200000000002,-89.48750000000001,2013,8,29.560000000000002,0.0,null,null,Neutral
2013GoM-Pma-00840,Sperm Whale,Vulnerable,28.486900000000002,-89.51350000000001,2013,8,29.560000000000002,0.0,null,null,Neutral
2013GoM-Pma-00840,Sperm Whale,Vulnerable,28.4482,-89.5412,2013,8,29.560000000000002,0.0,null,null,Neutral
2013GoM-Pma-00840,Sperm Whale,Vulnerable,28.3469,-89.43310000000001,2013,8,29.560000000000002,0.0,null,null,Neutral
2013GoM-Pma-00840,Sperm Whale,Vulnerable,28.371100000000002,-88.8858,2013,8,29.560000000000002,0.0,null,null,Neutral
2013GoM-Pma-00840,Sperm Whale,Vulnerable,28.291600000000003,-89.035,2013,8,29.560000000000002,0.0,null,null,Neutral
2013GoM-Pma-00840,Sperm Whale,Vulnerable,28.5727,-88.828,2013,8,29.44,0.0,null,null,Neutral
2013GoM-Pma-00840,Sperm Whale,Vulnerable,28.5802,-88.8591,2013,8,29.44,0.0,null,null,Neutral
2013GoM-Pma-00840,Sperm Whale,Vulnerable,28.5786,-88.8621,2013,8,29.44,0.0,null,null,Neutral
2013GoM-Pma-00840,Sperm Whale,Vulnerable,28.454600000000003,-88.8375,2013,8,29.44,0.0,null,null,Neutral
2013GoM-Pma-00840,Sperm Whale,Vulnerable,28.456100000000003,-88.8374,2013,8,29.44,0.0,null,null,Neutral
2013GoM-Pma-00840,Sperm Whale,Vulnerable,28.476300000000002,-88.84870000000001,2013,8,29.44,0.0,null,null,Neutral
2013GoM-Pma-00840,Sperm Whale,Vulnerable,28.7009,-88.71350000000001,2013,8,29.44,0.0,null,null,Neutral
2013GoM-Pma-00840,Sperm Whale,Vulnerable,28.5517,-88.9298,2013,8,29.52,0.0,null,null,Neutral
2013GoM-Pma-00840,Sperm Whale,Vulnerable,28.6404,-88.8969,2013,8,29.52,0.0,null,null,Neutral
2013GoM-Pma-00840,Sperm Whale,Vulnerable,28.4494,-89.0667,2013,8,29.52,0.0,null,null,Neutral
2013GoM-Pma-00840,Sperm Whale,Vulnerable,28.451900000000002,-89.0633,2013,8,29.52,0.0,null,null,Neutral
2013GoM-Pma-00840,Sperm Whale,Vulnerable,28.434700000000003,-89.08210000000001,2013,8,29.52,0.0,null,null,Neutral
2013GoM-Pma-00840,Sperm Whale,Vulnerable,28.433600000000002,-89.08,2013,8,29.52,0.0,null,null,Neutral
2013GoM-Pma-00840,Sperm Whale,Vulnerable,28.4782,-89.0334,2013,8,29.52,0.0,null,null,Neutral
2013GoM-Pma-00840,Sperm Whale,Vulnerable,28.4994,-89.0181,2013,8,29.52,0.0,null,null,Neutral
2013GoM-Pma-00840,Sperm Whale,Vulnerable,28.5497,-88.9589,2013,8,29.52,0.0,null,null,Neutral
2013GoM-Pma-00840,Sperm Whale,Vulnerable,28.5153,-89.00030000000001,2013,8,29.52,0.0,null,null,Neutral
2013GoM-Pma-00840,Sperm Whale,Vulnerable,28.536800000000003,-88.988,2013,8,29.52,0.0,null,null,Neutral
2013GoM-Pma-00840,Sperm Whale,Vulnerable,28.538400000000003,-88.9869,2013,8,29.52,0.0,null,null,Neutral
2013GoM-Pma-00840,Sperm Whale,Vulnerable,28.5515,-88.95710000000001,2013,8,29.52,0.0,null,null,Neutral
2013GoM-Pma-00840,Sperm Whale,Vulnerable,28.516000000000002,-88.9993,2013,8,29.52,0.0,null,null,Neutral
2013GoM-Pma-00840,Sperm Whale,Vulnerable,28.6123,-88.89760000000001,2013,8,29.52,0.0,null,null,Neutral
2013GoM-Pma-00840,Sperm Whale,Vulnerable,28.7112,-88.7125,2013,8,29.3,0.0,null,null,Neutral
2013GoM-Pma-00840,Sperm Whale,Vulnerable,28.5511,-88.9287,2013,8,29.52,0.0,null,null,Neutral
2013GoM-Pma-00840,Sperm Whale,Vulnerable,28.5515,-88.902,2013,8,29.52,0.0,null,null,Neutral
2013GoM-Pma-00840,Sperm Whale,Vulnerable,28.393,-88.888,2013,8,29.52,0.0,null,null,Neutral
2013GoM-Pma-00840,Sperm Whale,Vulnerable,28.550700000000003,-88.899,2013,8,29.52,0.0,null,null,Neutral
2013GoM-Pma-00840,Sperm Whale,Vulnerable,28.5896,-88.9026,2013,8,29.52,0.0,null,null,Neutral
2013GoM-Pma-00840,Sperm Whale,Vulnerable,28.5135,-88.9238,2013,8,29.52,0.0,null,null,Neutral
2013GoM-Pma-00840,Sperm Whale,Vulnerable,28.588800000000003,-88.87910000000001,2013,8,29.52,0.0,null,null,Neutral
2013GoM-Pma-00840,Sperm Whale,Vulnerable,28.5883,-88.8781,2013,8,29.52,0.0,null,null,Neutral
2013GoM-Pma-00840,Sperm Whale,Vulnerable,28.585600000000003,-88.9043,2013,8,29.52,0.0,null,null,Neutral
2013GoM-Pma-00840,Sperm Whale,Vulnerable,28.533900000000003,-88.9131,2013,8,29.52,0.0,null,null,Neutral
2013GoM-Pma-00840,Sperm Whale,Vulnerable,28.5377,-88.9123,2013,8,29.52,0.0,null,null,Neutral
2013GoM-Pma-00840,Sperm Whale,Vulnerable,28.5657,-88.90610000000001,2013,8,29.52,0.0,null,null,Neutral
2013GoM-Pma-00840,Sperm Whale,Vulnerable,28.567700000000002,-88.9042,2013,8,29.52,0.0,null,null,Neutral
2013GoM-Pma-00840,Sperm Whale,Vulnerable,28.724500000000003,-88.69,2013,8,29.3,0.0,null,null,Neutral
2013GoM-Pma-00840,Sperm Whale,Vulnerable,28.584600000000002,-88.9059,2013,8,29.52,0.0,null,null,Neutral
2013GoM-Pma-00840,Sperm Whale,Vulnerable,28.538400000000003,-88.913,2013,8,29.52,0.0,null,null,Neutral
2013GoM-Pma-00840,Sperm Whale,Vulnerable,28.5453,-88.91080000000001,2013,8,29.52,0.0,null,null,Neutral
2013GoM-Pma-00840,Sperm Whale,Vulnerable,28.556700000000003,-88.9071,2013,8,29.52,0.0,null,null,Neutral
2013GoM-Pma-00840,Sperm Whale,Vulnerable,28.7695,-88.7355,2013,8,29.3,0.0,null,null,Neutral
2013GoM-Pma-00840,Sperm Whale,Vulnerable,28.555,-88.9071,2013,8,29.52,0.0,null,null,Neutral
2013GoM-Pma-00840,Sperm Whale,Vulnerable,28.512900000000002,-88.9227,2013,8,29.52,0.0,null,null,Neutral
2013GoM-Pma-00840,Sperm Whale,Vulnerable,28.4177,-88.88340000000001,2013,8,29.52,0.0,null,null,Neutral
2013GoM-Pma-00840,Sperm Whale,Vulnerable,28.544,-88.9076,2013,8,29.52,0.0,null,null,Neutral
2013GoM-Pma-00840,Sperm Whale,Vulnerable,28.642300000000002,-88.93520000000001,2013,8,29.52,0.0,null,null,Neutral
2013GoM-Pma-00840,Sperm Whale,Vulnerable,28.521600000000003,-88.91460000000001,2013,8,29.52,0.0,null,null,Neutral
2013GoM-Pma-00840,Sperm Whale,Vulnerable,28.5453,-88.90740000000001,2013,8,29.52,0.0,null,null,Neutral
2013GoM-Pma-00840,Sperm Whale,Vulnerable,28.7513,-88.74340000000001,2013,8,29.3,0.0,null,null,Neutral
2013GoM-Pma-00840,Sperm Whale,Vulnerable,28.520100000000003,-88.917,2013,8,29.52,0.0,null,null,Neutral
2013GoM-Pma-00840,Sperm Whale,Vulnerable,28.5837,-88.89330000000001,2013,8,29.52,0.0,null,null,Neutral
2013GoM-Pma-00840,Sperm Whale,Vulnerable,28.5197,-88.9188,2013,8,29.52,0.0,null,null,Neutral
2013GoM-Pma-00840,Sperm Whale,Vulnerable,28.654,-88.9336,2013,8,29.52,0.0,null,null,Neutral
2013GoM-Pma-00840,Sperm Whale,Vulnerable,28.447300000000002,-88.88470000000001,2013,8,29.52,0.0,null,null,Neutral
2013GoM-Pma-00840,Sperm Whale,Vulnerable,28.491200000000003,-88.896,2013,8,29.52,0.0,null,null,Neutral
2013GoM-Pma-00840,Sperm Whale,Vulnerable,28.5654,-88.899,2013,8,29.52,0.0,null,null,Neutral
2013GoM-Pma-00840,Sperm Whale,Vulnerable,28.688100000000002,-88.9115,2013,8,29.3,0.0,null,null,Neutral
2013GoM-Pma-00840,Sperm Whale,Vulnerable,28.7037,-88.7722,2013,8,29.3,0.0,null,null,Neutral
2013GoM-Pma-00840,Sperm Whale,Vulnerable,28.779,-88.7299,2013,8,29.3,0.0,null,null,Neutral
2013GoM-Pma-00840,Sperm Whale,Vulnerable,28.781200000000002,-88.73010000000001,2013,8,29.3,0.0,null,null,Neutral
2013GoM-Pma-00840,Sperm Whale,Vulnerable,28.590400000000002,-88.9165,2013,8,29.52,0.0,null,null,Neutral
2013GoM-Pma-00840,Sperm Whale,Vulnerable,28.7241,-88.7017,2013,8,29.3,0.0,null,null,Neutral
2013GoM-Pma-00840,Sperm Whale,Vulnerable,28.557000000000002,-88.909,2013,8,29.52,0.0,null,null,Neutral
2013GoM-Pma-00840,Sperm Whale,Vulnerable,28.7512,-88.7436,2013,8,29.3,0.0,null,null,Neutral
2013GoM-Pma-00840,Sperm Whale,Vulnerable,28.7223,-88.68990000000001,2013,8,29.3,0.0,null,null,Neutral
2013GoM-Pma-00840,Sperm Whale,Vulnerable,28.7696,-88.7365,2013,8,29.3,0.0,null,null,Neutral
2013GoM-Pma-00840,Sperm Whale,Vulnerable,28.723300000000002,-88.70100000000001,2013,8,29.3,0.0,null,null,Neutral
2013GoM-Pma-00840,Sperm Whale,Vulnerable,28.7098,-88.7112,2013,8,29.3,0.0,null,null,Neutral
2013GoM-Pma-00840,Sperm Whale,Vulnerable,28.64,-88.89620000000001,2013,8,29.52,0.0,null,null,Neutral
2013GoM-Pma-00840,Sperm Whale,Vulnerable,28.7222,-88.682,2013,8,29.3,0.0,null,null,Neutral
2013GoM-Pma-00840,Sperm Whale,Vulnerable,28.7218,-88.68270000000001,2013,8,29.3,0.0,null,null,Neutral
2013GoM-Pma-00840,Sperm Whale,Vulnerable,28.6144,-88.8982,2013,8,29.52,0.0,null,null,Neutral
2013GoM-Pma-00840,Sperm Whale,Vulnerable,28.733600000000003,-88.70410000000001,2013,8,29.3,0.0,null,null,Neutral
2013GoM-Pma-00840,Sperm Whale,Vulnerable,28.7588,-88.7221,2013,8,29.3,0.0,null,null,Neutral
2013GoM-Pma-00840,Sperm Whale,Vulnerable,28.421,-88.883,2013,8,29.52,0.0,null,null,Neutral
2013GoM-Pma-00840,Sperm Whale,Vulnerable,28.620800000000003,-88.93560000000001,2013,8,29.52,0.0,null,null,Neutral
2013GoM-Pma-00840,Sperm Whale,Vulnerable,28.7344,-88.7054,2013,8,29.3,0.0,null,null,Neutral
2013GoM-Pma-00840,Sperm Whale,Vulnerable,28.7555,-88.7215,2013,8,29.3,0.0,null,null,Neutral
2013GoM-Pma-00840,Sperm Whale,Vulnerable,28.640500000000003,-88.9345,2013,8,29.52,0.0,null,null,Neutral
2013GoM-Pma-00840,Sperm Whale,Vulnerable,28.5649,-88.8985,2013,8,29.52,0.0,null,null,Neutral
2013GoM-Pma-00840,Sperm Whale,Vulnerable,28.7038,-88.7715,2013,8,29.3,0.0,null,null,Neutral
2013GoM-Pma-00840,Sperm Whale,Vulnerable,28.7393,-88.7129,2013,8,29.3,0.0,null,null,Neutral
2013GoM-Pma-00840,Sperm Whale,Vulnerable,28.570800000000002,-88.90140000000001,2013,8,29.52,0.0,null,null,Neutral
2013GoM-Pma-00840,Sperm Whale,Vulnerable,28.740000000000002,-88.7146,2013,8,29.3,0.0,null,null,Neutral
2013GoM-Pma-00840,Sperm Whale,Vulnerable,28.725900000000003,-88.7551,2013,8,29.3,0.0,null,null,Neutral
2013GoM-Pma-00840,Sperm Whale,Vulnerable,28.593200000000003,-88.9173,2013,8,29.52,0.0,null,null,Neutral
2013GoM-Pma-00840,Sperm Whale,Vulnerable,28.564,-88.8989,2013,8,29.52,0.0,null,null,Neutral
2013GoM-Pma-00840,Sperm Whale,Vulnerable,28.7254,-88.7521,2013,8,29.3,0.0,null,null,Neutral
2013GoM-Pma-00840,Sperm Whale,Vulnerable,28.6906,-88.9097,2013,8,29.3,0.0,null,null,Neutral
2013GoM-Pma-00840,Sperm Whale,Vulnerable,28.6781,-88.793,2013,8,29.3,0.0,null,null,Neutral
2013GoM-Pma-00840,Sperm Whale,Vulnerable,28.5229,-88.9016,2013,8,29.52,0.0,null,null,Neutral
2013GoM-Pma-00840,Sperm Whale,Vulnerable,28.6654,-88.90780000000001,2013,8,29.3,0.0,null,null,Neutral
2013GoM-Pma-00840,Sperm Whale,Vulnerable,28.689400000000003,-88.9085,2013,8,29.3,0.0,null,null,Neutral
2013GoM-Pma-00840,Sperm Whale,Vulnerable,28.529200000000003,-88.8996,2013,8,29.52,0.0,null,null,Neutral
2013GoM-Pma-00840,Sperm Whale,Vulnerable,28.674300000000002,-88.91890000000001,2013,8,29.3,0.0,null,null,Neutral
2013GoM-Pma-00840,Sperm Whale,Vulnerable,28.666400000000003,-88.9088,2013,8,29.3,0.0,null,null,Neutral
2013GoM-Pma-00840,Sperm Whale,Vulnerable,28.6734,-88.9183,2013,8,29.3,0.0,null,null,Neutral
2013GoM-Pma-00840,Sperm Whale,Vulnerable,28.489600000000003,-88.8947,2013,8,29.52,0.0,null,null,Neutral
2013GoM-Pma-00840,Sperm Whale,Vulnerable,28.687900000000003,-88.9123,2013,8,29.3,0.0,null,null,Neutral
2013GoM-Pma-00840,Sperm Whale,Vulnerable,28.451500000000003,-88.8835,2013,8,29.52,0.0,null,null,Neutral
2013GoM-Pma-00840,Sperm Whale,Vulnerable,28.482100000000003,-88.87440000000001,2013,8,29.52,0.0,null,null,Neutral
2013GoM-Pma-00840,Sperm Whale,Vulnerable,28.483600000000003,-88.8755,2013,8,29.52,0.0,null,null,Neutral
2013GoM-Pma-00840,Sperm Whale,Vulnerable,28.413800000000002,-88.9081,2013,8,29.52,0.0,null,null,Neutral
2013GoM-Pma-00840,Sperm Whale,Vulnerable,28.4234,-89.038,2013,8,29.52,0.0,null,null,Neutral
2013GoM-Pma-00840,Sperm Whale,Vulnerable,28.373900000000003,-88.8952,2013,8,29.52,0.0,null,null,Neutral
2013GoM-Pma-00840,Sperm Whale,Vulnerable,28.373,-88.89410000000001,2013,8,29.52,0.0,null,null,Neutral
2013GoM-Pma-00840,Sperm Whale,Vulnerable,28.386100000000003,-88.8883,2013,8,29.52,0.0,null,null,Neutral
2013GoM-Pma-00840,Sperm Whale,Vulnerable,28.390600000000003,-88.8901,2013,8,29.52,0.0,null,null,Neutral
2013GoM-Pma-00840,Sperm Whale,Vulnerable,28.3806,-88.8878,2013,8,29.52,0.0,null,null,Neutral
2013GoM-Pma-00840,Sperm Whale,Vulnerable,28.3886,-88.8901,2013,8,29.52,0.0,null,null,Neutral
2013GoM-Pma-00840,Sperm Whale,Vulnerable,28.3812,-88.8854,2013,8,29.52,0.0,null,null,Neutral
2013GoM-Pma-00840,Sperm Whale,Vulnerable,28.4124,-88.9077,2013,8,29.52,0.0,null,null,Neutral
2013GoM-Pma-00840,Sperm Whale,Vulnerable,28.385,-88.8861,2013,8,29.52,0.0,null,null,Neutral
2013GoM-Pma-00840,Sperm Whale,Vulnerable,28.3873,-88.88640000000001,2013,8,29.52,0.0,null,null,Neutral
2013GoM-Pma-00840,Sperm Whale,Vulnerable,28.3865,-88.8865,2013,8,29.52,0.0,null,null,Neutral
2013GoM-Pma-00840,Sperm Whale,Vulnerable,28.373900000000003,-88.88730000000001,2013,8,29.52,0.0,null,null,Neutral
2013GoM-Pma-00840,Sperm Whale,Vulnerable,28.384800000000002,-88.8871,2013,8,29.52,0.0,null,null,Neutral
2013GoM-Pma-00840,Sperm Whale,Vulnerable,28.428600000000003,-88.9336,2013,8,29.52,0.0,null,null,Neutral
2013GoM-Pma-00840,Sperm Whale,Vulnerable,28.476,-89.01050000000001,2013,8,29.52,0.0,null,null,Neutral
2013GoM-Pma-00840,Sperm Whale,Vulnerable,28.4552,-89.0459,2013,8,29.52,0.0,null,null,Neutral
2013GoM-Pma-00840,Sperm Whale,Vulnerable,28.459400000000002,-88.9799,2013,8,29.52,0.0,null,null,Neutral
2013GoM-Pma-00840,Sperm Whale,Vulnerable,28.4269,-88.9332,2013,8,29.52,0.0,null,null,Neutral
2013GoM-Pma-00840,Sperm Whale,Vulnerable,28.456400000000002,-88.98020000000001,2013,8,29.52,0.0,null,null,Neutral
2013GoM-Pma-00840,Sperm Whale,Vulnerable,28.445700000000002,-88.955,2013,8,29.52,0.0,null,null,Neutral
2013GoM-Pma-00840,Sperm Whale,Vulnerable,28.4466,-88.9543,2013,8,29.52,0.0,null,null,Neutral
2013GoM-Pma-00840,Sperm Whale,Vulnerable,28.4893,-89.03320000000001,2013,8,29.52,0.0,null,null,Neutral
2013GoM-Pma-00840,Sperm Whale,Vulnerable,28.4902,-89.034,2013,8,29.52,0.0,null,null,Neutral
2013GoM-Pma-00840,Sperm Whale,Vulnerable,28.4551,-89.0473,2013,8,29.52,0.0,null,null,Neutral
2013GoM-Pma-00840,Sperm Whale,Vulnerable,28.4849,-89.0549,2013,8,29.52,0.0,null,null,Neutral
2013GoM-Pma-00840,Sperm Whale,Vulnerable,28.479100000000003,-89.0498,2013,8,29.52,0.0,null,null,Neutral
2013GoM-Pma-00840,Sperm Whale,Vulnerable,28.4834,-89.0514,2013,8,29.52,0.0,null,null,Neutral
2013GoM-Pma-00840,Sperm Whale,Vulnerable,28.477600000000002,-89.0108,2013,8,29.52,0.0,null,null,Neutral
2013GoM-Pma-00840,Sperm Whale,Vulnerable,28.423000000000002,-89.0369,2013,8,29.52,0.0,null,null,Neutral
2013GoM-Pma-00840,Sperm Whale,Vulnerable,28.4845,-89.0537,2013,8,29.52,0.0,null,null,Neutral
2013GoM-Pma-00840,Sperm Whale,Vulnerable,28.346500000000002,-89.0844,2013,8,29.52,0.0,null,null,Neutral
2013GoM-Pma-00840,Sperm Whale,Vulnerable,28.345100000000002,-89.2072,2013,8,29.52,0.0,null,null,Neutral
2013GoM-Pma-00840,Sperm Whale,Vulnerable,28.3591,-89.0601,2013,8,29.52,0.0,null,null,Neutral
2013GoM-Pma-00840,Sperm Whale,Vulnerable,28.3913,-89.0471,2013,8,29.52,0.0,null,null,Neutral
2013GoM-Pma-00840,Sperm Whale,Vulnerable,28.3911,-89.0454,2013,8,29.52,0.0,null,null,Neutral
2013GoM-Pma-00840,Sperm Whale,Vulnerable,28.3592,-89.0584,2013,8,29.52,0.0,null,null,Neutral
2013GoM-Pma-00840,Sperm Whale,Vulnerable,28.3454,-89.08630000000001,2013,8,29.52,0.0,null,null,Neutral
2013GoM-Pma-00840,Sperm Whale,Vulnerable,28.353,-89.118,2013,8,29.52,0.0,null,null,Neutral
2013GoM-Pma-00840,Sperm Whale,Vulnerable,28.3552,-89.17580000000001,2013,8,29.52,0.0,null,null,Neutral
2013GoM-Pma-00840,Sperm Whale,Vulnerable,28.3472,-89.2046,2013,8,29.52,0.0,null,null,Neutral
2013GoM-Pma-00840,Sperm Whale,Vulnerable,28.346400000000003,-89.1551,2013,8,29.52,0.0,null,null,Neutral
2013GoM-Pma-00840,Sperm Whale,Vulnerable,28.355400000000003,-89.1725,2013,8,29.52,0.0,null,null,Neutral
2013GoM-Pma-00840,Sperm Whale,Vulnerable,28.352800000000002,-89.1185,2013,8,29.52,0.0,null,null,Neutral
2013GoM-Pma-00840,Sperm Whale,Vulnerable,28.346400000000003,-89.1533,2013,8,29.52,0.0,null,null,Neutral
2013GoM-Pma-00840,Sperm Whale,Vulnerable,28.3716,-88.9304,2013,8,29.52,0.0,null,null,Neutral
2013GoM-Pma-00840,Sperm Whale,Vulnerable,28.424200000000003,-89.0858,2013,8,29.52,0.0,null,null,Neutral
2013GoM-Pma-00840,Sperm Whale,Vulnerable,28.3489,-89.1161,2013,8,29.52,0.0,null,null,Neutral
2013GoM-Pma-00840,Sperm Whale,Vulnerable,28.3658,-89.1023,2013,8,29.52,0.0,null,null,Neutral
2013GoM-Pma-00840,Sperm Whale,Vulnerable,28.5071,-88.8767,2013,8,29.52,0.0,null,null,Neutral
2013GoM-Pma-00840,Sperm Whale,Vulnerable,28.372700000000002,-88.9289,2013,8,29.52,0.0,null,null,Neutral
2013GoM-Pma-00840,Sperm Whale,Vulnerable,28.5381,-88.88210000000001,2013,8,29.52,0.0,null,null,Neutral
2013GoM-Pma-00840,Sperm Whale,Vulnerable,28.535,-88.8819,2013,8,29.52,0.0,null,null,Neutral
2013GoM-Pma-00840,Sperm Whale,Vulnerable,28.389400000000002,-88.9094,2013,8,29.52,0.0,null,null,Neutral
2013GoM-Pma-00840,Sperm Whale,Vulnerable,28.4386,-88.8846,2013,8,29.52,0.0,null,null,Neutral
2013GoM-Pma-00840,Sperm Whale,Vulnerable,28.5056,-88.876,2013,8,29.52,0.0,null,null,Neutral
2013GoM-Pma-00840,Sperm Whale,Vulnerable,28.591,-88.95100000000001,2013,8,29.52,0.0,null,null,Neutral
2013GoM-Pma-00840,Sperm Whale,Vulnerable,28.4086,-88.8853,2013,8,29.52,0.0,null,null,Neutral
2013GoM-Pma-00840,Sperm Whale,Vulnerable,28.4359,-88.8823,2013,8,29.52,0.0,null,null,Neutral
2013GoM-Pma-00840,Sperm Whale,Vulnerable,28.410600000000002,-88.88510000000001,2013,8,29.52,0.0,null,null,Neutral
2013GoM-Pma-00840,Sperm Whale,Vulnerable,28.392,-88.9068,2013,8,29.52,0.0,null,null,Neutral
2013GoM-Pma-00840,Sperm Whale,Vulnerable,28.3948,-89.0246,2013,8,29.52,0.0,null,null,Neutral
2013GoM-Pma-00840,Sperm Whale,Vulnerable,28.3699,-88.9503,2013,8,29.52,0.0,null,null,Neutral
2013GoM-Pma-00840,Sperm Whale,Vulnerable,28.3719,-88.9509,2013,8,29.52,0.0,null,null,Neutral
2013GoM-Pma-00840,Sperm Whale,Vulnerable,28.3965,-88.9911,2013,8,29.52,0.0,null,null,Neutral
2013GoM-Pma-00840,Sperm Whale,Vulnerable,28.381500000000003,-88.9659,2013,8,29.52,0.0,null,null,Neutral
2013GoM-Pma-00840,Sperm Whale,Vulnerable,28.382,-88.9693,2013,8,29.52,0.0,null,null,Neutral
2013GoM-Pma-00840,Sperm Whale,Vulnerable,28.4142,-89.0806,2013,8,29.52,0.0,null,null,Neutral
2013GoM-Pma-00840,Sperm Whale,Vulnerable,28.3836,-88.9594,2013,8,29.52,0.0,null,null,Neutral
2013GoM-Pma-00840,Sperm Whale,Vulnerable,28.412,-89.0086,2013,8,29.52,0.0,null,null,Neutral
2013GoM-Pma-00840,Sperm Whale,Vulnerable,28.3941,-89.0239,2013,8,29.52,0.0,null,null,Neutral
2013GoM-Pma-00840,Sperm Whale,Vulnerable,28.3975,-88.9924,2013,8,29.52,0.0,null,null,Neutral
2013GoM-Pma-00840,Sperm Whale,Vulnerable,28.412100000000002,-89.0064,2013,8,29.52,0.0,null,null,Neutral
2013GoM-Pma-00840,Sperm Whale,Vulnerable,28.4203,-89.02810000000001,2013,8,29.52,0.0,null,null,Neutral
2013GoM-Pma-00840,Sperm Whale,Vulnerable,28.4189,-89.0293,2013,8,29.52,0.0,null,null,Neutral
2013GoM-Pma-00840,Sperm Whale,Vulnerable,28.4148,-89.04350000000001,2013,8,29.52,0.0,null,null,Neutral
2013GoM-Pma-00840,Sperm Whale,Vulnerable,28.413600000000002,-89.04140000000001,2013,8,29.52,0.0,null,null,Neutral
2013GoM-Pma-00840,Sperm Whale,Vulnerable,28.4131,-89.08030000000001,2013,8,29.52,0.0,null,null,Neutral
2013GoM-Pma-00840,Sperm Whale,Vulnerable,28.313100000000002,-89.1631,2013,8,29.52,0.0,null,null,Neutral
2013GoM-Pma-00840,Sperm Whale,Vulnerable,28.370900000000002,-89.0236,2013,8,29.52,0.0,null,null,Neutral
2013GoM-Pma-00840,Sperm Whale,Vulnerable,28.3706,-89.0233,2013,8,29.52,0.0,null,null,Neutral
2013GoM-Pma-00840,Sperm Whale,Vulnerable,28.3427,-89.0317,2013,8,29.52,0.0,null,null,Neutral
2013GoM-Pma-00840,Sperm Whale,Vulnerable,28.317800000000002,-89.0356,2013,8,29.52,0.0,null,null,Neutral
2013GoM-Pma-00840,Sperm Whale,Vulnerable,28.343200000000003,-89.0321,2013,8,29.52,0.0,null,null,Neutral
2013GoM-Pma-00840,Sperm Whale,Vulnerable,28.3169,-89.03450000000001,2013,8,29.52,0.0,null,null,Neutral
2013GoM-Pma-00840,Sperm Whale,Vulnerable,28.347900000000003,-89.1169,2013,8,29.52,0.0,null,null,Neutral
2013GoM-Pma-00840,Sperm Whale,Vulnerable,28.3286,-89.1342,2013,8,29.52,0.0,null,null,Neutral
2013GoM-Pma-00840,Sperm Whale,Vulnerable,28.390900000000002,-89.0865,2013,8,29.52,0.0,null,null,Neutral
2013GoM-Pma-00840,Sperm Whale,Vulnerable,28.3136,-89.1614,2013,8,29.52,0.0,null,null,Neutral
2013GoM-Pma-00840,Sperm Whale,Vulnerable,28.367600000000003,-89.10090000000001,2013,8,29.52,0.0,null,null,Neutral
2013GoM-Pma-00840,Sperm Whale,Vulnerable,28.39,-89.0882,2013,8,29.52,0.0,null,null,Neutral
2013GoM-Pma-00840,Sperm Whale,Vulnerable,28.211100000000002,-89.3589,2013,8,29.64,0.0,null,null,Neutral
2013GoM-Pma-00840,Sperm Whale,Vulnerable,28.207,-89.3643,2013,8,29.64,0.0,null,null,Neutral
2013GoM-Pma-00840,Sperm Whale,Vulnerable,28.246000000000002,-89.3082,2013,8,29.64,0.0,null,null,Neutral
2013GoM-Pma-00840,Sperm Whale,Vulnerable,28.216800000000003,-89.355,2013,8,29.64,0.0,null,null,Neutral
2013GoM-Pma-00840,Sperm Whale,Vulnerable,28.2175,-89.3542,2013,8,29.64,0.0,null,null,Neutral
2013GoM-Pma-00840,Sperm Whale,Vulnerable,28.252200000000002,-89.2775,2013,8,29.64,0.0,null,null,Neutral
2013GoM-Pma-00840,Sperm Whale,Vulnerable,28.2662,-89.2437,2013,8,29.64,0.0,null,null,Neutral
2013GoM-Pma-00840,Sperm Whale,Vulnerable,28.283,-89.21130000000001,2013,8,29.64,0.0,null,null,Neutral
2013GoM-Pma-00840,Sperm Whale,Vulnerable,28.246000000000002,-89.3053,2013,8,29.64,0.0,null,null,Neutral
2013GoM-Pma-00840,Sperm Whale,Vulnerable,28.2836,-89.20830000000001,2013,8,29.64,0.0,null,null,Neutral
2013GoM-Pma-00840,Sperm Whale,Vulnerable,28.294500000000003,-89.19160000000001,2013,8,29.64,0.0,null,null,Neutral
2013GoM-Pma-00840,Sperm Whale,Vulnerable,28.267100000000003,-89.2407,2013,8,29.64,0.0,null,null,Neutral
2013GoM-Pma-00840,Sperm Whale,Vulnerable,28.2514,-89.281,2013,8,29.64,0.0,null,null,Neutral
2013GoM-Pma-00840,Sperm Whale,Vulnerable,28.3227,-89.2381,2013,8,29.64,0.0,null,null,Neutral
2013GoM-Pma-00840,Sperm Whale,Vulnerable,28.3027,-89.2598,2013,8,29.64,0.0,null,null,Neutral
2013GoM-Pma-00840,Sperm Whale,Vulnerable,28.285800000000002,-89.2788,2013,8,29.64,0.0,null,null,Neutral
2013GoM-Pma-00840,Sperm Whale,Vulnerable,28.296,-89.1883,2013,8,29.64,0.0,null,null,Neutral
2013GoM-Pma-00840,Sperm Whale,Vulnerable,28.2859,-89.3117,2013,8,29.64,0.0,null,null,Neutral
2013GoM-Pma-00840,Sperm Whale,Vulnerable,28.3012,-89.2626,2013,8,29.64,0.0,null,null,Neutral
2013GoM-Pma-00840,Sperm Whale,Vulnerable,28.3244,-89.2348,2013,8,29.64,0.0,null,null,Neutral
2013GoM-Pma-00840,Sperm Whale,Vulnerable,28.230400000000003,-89.3403,2013,8,29.64,0.0,null,null,Neutral
2013GoM-Pma-00840,Sperm Whale,Vulnerable,28.2783,-89.3412,2013,8,29.64,0.0,null,null,Neutral
2013GoM-Pma-00840,Sperm Whale,Vulnerable,28.285700000000002,-89.2806,2013,8,29.64,0.0,null,null,Neutral
2013GoM-Pma-00840,Sperm Whale,Vulnerable,28.2714,-89.3733,2013,8,29.64,0.0,null,null,Neutral
2013GoM-Pma-00840,Sperm Whale,Vulnerable,28.287100000000002,-89.3126,2013,8,29.64,0.0,null,null,Neutral
2013GoM-Pma-00840,Sperm Whale,Vulnerable,28.2714,-89.37360000000001,2013,8,29.64,0.0,null,null,Neutral
2013GoM-Pma-00840,Sperm Whale,Vulnerable,28.2635,-89.4021,2013,8,29.64,0.0,null,null,Neutral
2013GoM-Pma-00840,Sperm Whale,Vulnerable,28.2466,-89.42150000000001,2013,8,29.64,0.0,null,null,Neutral
2013GoM-Pma-00840,Sperm Whale,Vulnerable,28.279200000000003,-89.3454,2013,8,29.64,0.0,null,null,Neutral
2013GoM-Pma-00840,Sperm Whale,Vulnerable,28.2363,-89.4478,2013,8,29.64,0.0,null,null,Neutral
2013GoM-Pma-00840,Sperm Whale,Vulnerable,28.2361,-89.4483,2013,8,29.64,0.0,null,null,Neutral
2013GoM-Pma-00840,Sperm Whale,Vulnerable,28.2282,-89.48660000000001,2013,8,29.64,0.0,null,null,Neutral
2013GoM-Pma-00840,Sperm Whale,Vulnerable,28.245800000000003,-89.41940000000001,2013,8,29.64,0.0,null,null,Neutral
2013GoM-Pma-00840,Sperm Whale,Vulnerable,28.227600000000002,-89.4855,2013,8,29.64,0.0,null,null,Neutral
2013GoM-Pma-00840,Sperm Whale,Vulnerable,28.207800000000002,-89.4895,2013,8,29.64,0.0,null,null,Neutral
2013GoM-Pma-00840,Sperm Whale,Vulnerable,28.175500000000003,-89.493,2013,8,29.64,0.0,null,null,Neutral
2013GoM-Pma-00840,Sperm Whale,Vulnerable,28.235,-89.4675,2013,8,29.64,0.0,null,null,Neutral
2013GoM-Pma-00840,Sperm Whale,Vulnerable,28.1554,-89.5031,2013,8,29.64,0.0,null,null,Neutral
2013GoM-Pma-00840,Sperm Whale,Vulnerable,28.1808,-89.4899,2013,8,29.64,0.0,null,null,Neutral
2013GoM-Pma-00840,Sperm Whale,Vulnerable,28.128400000000003,-89.5102,2013,8,29.64,0.0,null,null,Neutral
2013GoM-Pma-00840,Sperm Whale,Vulnerable,28.155900000000003,-89.5023,2013,8,29.64,0.0,null,null,Neutral
2013GoM-Pma-00840,Sperm Whale,Vulnerable,28.1262,-89.4954,2013,8,29.64,0.0,null,null,Neutral
2013GoM-Pma-00840,Sperm Whale,Vulnerable,28.1259,-89.4914,2013,8,29.64,0.0,null,null,Neutral
2013GoM-Pma-00840,Sperm Whale,Vulnerable,28.0977,-89.46900000000001,2013,8,29.64,0.0,null,null,Neutral
2013GoM-Pma-00840,Sperm Whale,Vulnerable,28.1289,-89.5125,2013,8,29.64,0.0,null,null,Neutral
2013GoM-Pma-00840,Sperm Whale,Vulnerable,28.044900000000002,-89.46130000000001,2013,8,29.64,0.0,null,null,Neutral
2013GoM-Pma-00840,Sperm Whale,Vulnerable,28.070800000000002,-89.4629,2013,8,29.64,0.0,null,null,Neutral
2013GoM-Pma-00840,Sperm Whale,Vulnerable,28.0474,-89.464,2013,8,29.64,0.0,null,null,Neutral
2013GoM-Pma-00840,Sperm Whale,Vulnerable,28.0697,-89.4625,2013,8,29.64,0.0,null,null,Neutral
2013GoM-Pma-00840,Sperm Whale,Vulnerable,28.0533,-89.4867,2013,8,29.64,0.0,null,null,Neutral
2013GoM-Pma-00840,Sperm Whale,Vulnerable,28.044500000000003,-89.4769,2013,8,29.64,0.0,null,null,Neutral
2013GoM-Pma-00840,Sperm Whale,Vulnerable,28.0423,-89.47720000000001,2013,8,29.64,0.0,null,null,Neutral
2013GoM-Pma-00840,Sperm Whale,Vulnerable,28.100900000000003,-89.47080000000001,2013,8,29.64,0.0,null,null,Neutral
2013GoM-Pma-00840,Sperm Whale,Vulnerable,28.1397,-89.5258,2013,8,29.64,0.0,null,null,Neutral
2013GoM-Pma-00840,Sperm Whale,Vulnerable,28.043,-89.48140000000001,2013,8,29.64,0.0,null,null,Neutral
2013GoM-Pma-00840,Sperm Whale,Vulnerable,28.1737,-89.518,2013,8,29.64,0.0,null,null,Neutral
2013GoM-Pma-00840,Sperm Whale,Vulnerable,28.098300000000002,-89.5132,2013,8,29.64,0.0,null,null,Neutral
2013GoM-Pma-00840,Sperm Whale,Vulnerable,28.219,-89.4901,2013,8,29.64,0.0,null,null,Neutral
2013GoM-Pma-00840,Sperm Whale,Vulnerable,28.2372,-89.4777,2013,8,29.64,0.0,null,null,Neutral
2013GoM-Pma-00840,Sperm Whale,Vulnerable,28.2973,-89.4568,2013,8,29.64,0.0,null,null,Neutral
2013GoM-Pma-00840,Sperm Whale,Vulnerable,28.1595,-89.52130000000001,2013,8,29.64,0.0,null,null,Neutral
2013GoM-Pma-00840,Sperm Whale,Vulnerable,28.311,-89.446,2013,8,29.64,0.0,null,null,Neutral
2013GoM-Pma-00840,Sperm Whale,Vulnerable,28.333000000000002,-89.44040000000001,2013,8,29.64,0.0,null,null,Neutral
2013GoM-Pma-00840,Sperm Whale,Vulnerable,28.275100000000002,-89.3493,2013,8,29.64,0.0,null,null,Neutral
2013GoM-Pma-00840,Sperm Whale,Vulnerable,28.2757,-89.46480000000001,2013,8,29.64,0.0,null,null,Neutral
2013GoM-Pma-00840,Sperm Whale,Vulnerable,28.2513,-89.3405,2013,8,29.64,0.0,null,null,Neutral
2013GoM-Pma-00840,Sperm Whale,Vulnerable,28.2175,-89.3533,2013,8,29.64,0.0,null,null,Neutral
2013GoM-Pma-00840,Sperm Whale,Vulnerable,28.18,-89.4002,2013,8,29.64,0.0,null,null,Neutral
2013GoM-Pma-00840,Sperm Whale,Vulnerable,28.3364,-89.39920000000001,2013,8,29.64,0.0,null,null,Neutral
2013GoM-Pma-00840,Sperm Whale,Vulnerable,28.1766,-89.42060000000001,2013,8,29.64,0.0,null,null,Neutral
2013GoM-Pma-00840,Sperm Whale,Vulnerable,28.1795,-89.4405,2013,8,29.64,0.0,null,null,Neutral
2013GoM-Pma-00840,Sperm Whale,Vulnerable,28.2053,-89.1106,2013,8,29.64,0.0,null,null,Neutral
2013GoM-Pma-00840,Sperm Whale,Vulnerable,28.188,-89.3802,2013,8,29.64,0.0,null,null,Neutral
2013GoM-Pma-00840,Sperm Whale,Vulnerable,28.1914,-89.1327,2013,8,29.64,0.0,null,null,Neutral
2013GoM-Pma-00840,Sperm Whale,Vulnerable,28.1918,-89.1318,2013,8,29.64,0.0,null,null,Neutral
2013GoM-Pma-00840,Sperm Whale,Vulnerable,28.1799,-89.1693,2013,8,29.64,0.0,null,null,Neutral
2013GoM-Pma-00840,Sperm Whale,Vulnerable,28.197300000000002,-89.1109,2013,8,29.64,0.0,null,null,Neutral
2013GoM-Pma-00840,Sperm Whale,Vulnerable,28.1404,-89.2052,2013,8,29.64,0.0,null,null,Neutral
2013GoM-Pma-00840,Sperm Whale,Vulnerable,28.162300000000002,-89.19080000000001,2013,8,29.64,0.0,null,null,Neutral
2013GoM-Pma-00840,Sperm Whale,Vulnerable,28.1396,-89.2068,2013,8,29.64,0.0,null,null,Neutral
2013GoM-Pma-00840,Sperm Whale,Vulnerable,28.1615,-89.1881,2013,8,29.64,0.0,null,null,Neutral
2013GoM-Pma-00840,Sperm Whale,Vulnerable,28.1114,-89.26060000000001,2013,8,29.64,0.0,null,null,Neutral
2013GoM-Pma-00840,Sperm Whale,Vulnerable,28.1204,-89.23450000000001,2013,8,29.64,0.0,null,null,Neutral
2013GoM-Pma-00840,Sperm Whale,Vulnerable,28.122,-89.2329,2013,8,29.64,0.0,null,null,Neutral
2013GoM-Pma-00840,Sperm Whale,Vulnerable,28.1761,-89.1641,2013,8,29.64,0.0,null,null,Neutral
2013GoM-Pma-00840,Sperm Whale,Vulnerable,28.1061,-89.282,2013,8,29.64,0.0,null,null,Neutral
2013GoM-Pma-00840,Sperm Whale,Vulnerable,28.111800000000002,-89.262,2013,8,29.64,0.0,null,null,Neutral
2013GoM-Pma-00840,Sperm Whale,Vulnerable,28.107100000000003,-89.2757,2013,8,29.64,0.0,null,null,Neutral
2013GoM-Pma-00840,Sperm Whale,Vulnerable,28.1062,-89.2808,2013,8,29.64,0.0,null,null,Neutral
2013GoM-Pma-00840,Sperm Whale,Vulnerable,28.1005,-89.27120000000001,2013,8,29.64,0.0,null,null,Neutral
2013GoM-Pma-00840,Sperm Whale,Vulnerable,28.102700000000002,-89.27040000000001,2013,8,29.64,0.0,null,null,Neutral
2013GoM-Pma-00840,Sperm Whale,Vulnerable,28.0988,-89.27250000000001,2013,8,29.64,0.0,null,null,Neutral
2013GoM-Pma-00840,Sperm Whale,Vulnerable,28.1045,-89.27,2013,8,29.64,0.0,null,null,Neutral
2013GoM-Pma-00840,Sperm Whale,Vulnerable,28.085800000000003,-89.2796,2013,8,29.64,0.0,null,null,Neutral
2013GoM-Pma-00840,Sperm Whale,Vulnerable,28.0914,-89.2745,2013,8,29.64,0.0,null,null,Neutral
2013GoM-Pma-00840,Sperm Whale,Vulnerable,28.086000000000002,-89.28070000000001,2013,8,29.64,0.0,null,null,Neutral
2013GoM-Pma-00840,Sperm Whale,Vulnerable,28.0974,-89.2727,2013,8,29.64,0.0,null,null,Neutral
2013GoM-Pma-00840,Sperm Whale,Vulnerable,28.0819,-89.2848,2013,8,29.64,0.0,null,null,Neutral
2013GoM-Pma-00840,Sperm Whale,Vulnerable,28.0837,-89.282,2013,8,29.64,0.0,null,null,Neutral
2013GoM-Pma-00840,Sperm Whale,Vulnerable,28.0835,-89.2835,2013,8,29.64,0.0,null,null,Neutral
2013GoM-Pma-00840,Sperm Whale,Vulnerable,28.085,-89.2809,2013,8,29.64,0.0,null,null,Neutral
2013GoM-Pma-00840,Sperm Whale,Vulnerable,28.0834,-89.286,2013,8,29.64,0.0,null,null,Neutral
2013GoM-Pma-00840,Sperm Whale,Vulnerable,28.0853,-89.2872,2013,8,29.64,0.0,null,null,Neutral
2013GoM-Pma-00840,Sperm Whale,Vulnerable,28.1022,-89.3067,2013,8,29.64,0.0,null,null,Neutral
2013GoM-Pma-00840,Sperm Whale,Vulnerable,28.102700000000002,-89.308,2013,8,29.64,0.0,null,null,Neutral
2013GoM-Pma-00840,Sperm Whale,Vulnerable,28.1263,-89.3726,2013,8,29.64,0.0,null,null,Neutral
2013GoM-Pma-00840,Sperm Whale,Vulnerable,28.1083,-89.3429,2013,8,29.64,0.0,null,null,Neutral
2013GoM-Pma-00840,Sperm Whale,Vulnerable,28.1249,-89.3708,2013,8,29.64,0.0,null,null,Neutral
2013GoM-Pma-00840,Sperm Whale,Vulnerable,28.110400000000002,-89.3448,2013,8,29.64,0.0,null,null,Neutral
2013GoM-Pma-00840,Sperm Whale,Vulnerable,28.1595,-89.4251,2013,8,29.64,0.0,null,null,Neutral
2013GoM-Pma-00840,Sperm Whale,Vulnerable,28.183300000000003,-89.41420000000001,2013,8,29.64,0.0,null,null,Neutral
2013GoM-Pma-00840,Sperm Whale,Vulnerable,28.1966,-89.3951,2013,8,29.64,0.0,null,null,Neutral
2013GoM-Pma-00840,Sperm Whale,Vulnerable,28.144000000000002,-89.3977,2013,8,29.64,0.0,null,null,Neutral
2013GoM-Pma-00840,Sperm Whale,Vulnerable,28.1977,-89.39160000000001,2013,8,29.64,0.0,null,null,Neutral
2013GoM-Pma-00840,Sperm Whale,Vulnerable,28.2021,-89.3716,2013,8,29.64,0.0,null,null,Neutral
2013GoM-Pma-00840,Sperm Whale,Vulnerable,28.1842,-89.4192,2013,8,29.64,0.0,null,null,Neutral
2013GoM-Pma-00840,Sperm Whale,Vulnerable,28.1565,-89.42370000000001,2013,8,29.64,0.0,null,null,Neutral
2013GoM-Pma-00840,Sperm Whale,Vulnerable,28.2058,-89.3687,2013,8,29.64,0.0,null,null,Neutral
2013GoM-Pma-00840,Sperm Whale,Vulnerable,28.204900000000002,-89.3651,2013,8,29.64,0.0,null,null,Neutral
2013GoM-Pma-05640,Sperm Whale,Vulnerable,29.3029,-87.3148,2013,7,28.11,0.0,null,null,La Nina
2013GoM-Pma-05640,Sperm Whale,Vulnerable,29.3232,-87.2787,2013,7,28.11,0.0,null,null,La Nina
2013GoM-Pma-05640,Sperm Whale,Vulnerable,29.350900000000003,-87.2386,2013,7,28.11,0.0,null,null,La Nina
2013GoM-Pma-05640,Sperm Whale,Vulnerable,29.2958,-87.3284,2013,7,28.11,0.0,null,null,La Nina
2013GoM-Pma-05640,Sperm Whale,Vulnerable,29.3522,-87.2352,2013,7,28.11,0.0,null,null,La Nina
2013GoM-Pma-05640,Sperm Whale,Vulnerable,29.3599,-87.19330000000001,2013,7,28.11,0.0,null,null,La Nina
2013GoM-Pma-05640,Sperm Whale,Vulnerable,29.3395,-87.2595,2013,7,28.11,0.0,null,null,La Nina
2013GoM-Pma-05640,Sperm Whale,Vulnerable,29.2862,-87.421,2013,7,28.11,0.0,null,null,La Nina
2013GoM-Pma-05640,Sperm Whale,Vulnerable,29.3538,-87.1503,2013,7,28.11,0.0,null,null,La Nina
2013GoM-Pma-05640,Sperm Whale,Vulnerable,29.3499,-87.11460000000001,2013,7,28.11,0.0,null,null,La Nina
2013GoM-Pma-05640,Sperm Whale,Vulnerable,29.2982,-87.3219,2013,7,28.11,0.0,null,null,La Nina
2013GoM-Pma-05640,Sperm Whale,Vulnerable,29.3549,-87.1536,2013,7,28.11,0.0,null,null,La Nina
2013GoM-Pma-05640,Sperm Whale,Vulnerable,29.3489,-87.1108,2013,7,28.11,0.0,null,null,La Nina
2013GoM-Pma-05640,Sperm Whale,Vulnerable,29.303600000000003,-87.0322,2013,7,28.11,0.0,null,null,La Nina
2013GoM-Pma-05640,Sperm Whale,Vulnerable,29.3595,-87.1896,2013,7,28.11,0.0,null,null,La Nina
2013GoM-Pma-05640,Sperm Whale,Vulnerable,29.294600000000003,-87.33070000000001,2013,7,28.11,0.0,null,null,La Nina
2013GoM-Pma-05640,Sperm Whale,Vulnerable,29.2634,-87.0445,2013,7,28.11,0.0,null,null,La Nina
2013GoM-Pma-05640,Sperm Whale,Vulnerable,29.283,-87.04050000000001,2013,7,28.11,0.0,null,null,La Nina
2013GoM-Pma-05640,Sperm Whale,Vulnerable,29.281000000000002,-87.0402,2013,7,28.11,0.0,null,null,La Nina
2013GoM-Pma-05640,Sperm Whale,Vulnerable,29.2922,-87.0383,2013,7,28.11,0.0,null,null,La Nina
2013GoM-Pma-05640,Sperm Whale,Vulnerable,29.2237,-87.0557,2013,7,28.11,0.0,null,null,La Nina
2013GoM-Pma-05640,Sperm Whale,Vulnerable,29.261300000000002,-87.0441,2013,7,28.11,0.0,null,null,La Nina
2013GoM-Pma-05640,Sperm Whale,Vulnerable,29.2495,-87.0476,2013,7,28.11,0.0,null,null,La Nina
2013GoM-Pma-05640,Sperm Whale,Vulnerable,29.302200000000003,-87.03190000000001,2013,7,28.11,0.0,null,null,La Nina
2013GoM-Pma-05640,Sperm Whale,Vulnerable,29.1798,-87.0875,2013,7,28.11,0.0,null,null,La Nina
2013GoM-Pma-05640,Sperm Whale,Vulnerable,29.1967,-87.07090000000001,2013,7,28.11,0.0,null,null,La Nina
2013GoM-Pma-05640,Sperm Whale,Vulnerable,29.186300000000003,-87.08200000000001,2013,7,28.11,0.0,null,null,La Nina
2013GoM-Pma-05640,Sperm Whale,Vulnerable,29.2101,-87.0613,2013,7,28.11,0.0,null,null,La Nina
2013GoM-Pma-05640,Sperm Whale,Vulnerable,29.159100000000002,-87.1131,2013,7,28.11,0.0,null,null,La Nina
2013GoM-Pma-05640,Sperm Whale,Vulnerable,29.2255,-87.05470000000001,2013,7,28.11,0.0,null,null,La Nina
2013GoM-Pma-05640,Sperm Whale,Vulnerable,29.294,-87.03880000000001,2013,7,28.11,0.0,null,null,La Nina
2013GoM-Pma-05640,Sperm Whale,Vulnerable,29.2925,-87.3846,2013,7,28.11,0.0,null,null,La Nina
2013GoM-Pma-05640,Sperm Whale,Vulnerable,29.1264,-87.2098,2013,7,28.11,0.0,null,null,La Nina
2013GoM-Pma-05640,Sperm Whale,Vulnerable,29.1387,-87.1671,2013,7,28.11,0.0,null,null,La Nina
2013GoM-Pma-05640,Sperm Whale,Vulnerable,29.1308,-87.19510000000001,2013,7,28.11,0.0,null,null,La Nina
2013GoM-Pma-05640,Sperm Whale,Vulnerable,29.1386,-87.1652,2013,7,28.11,0.0,null,null,La Nina
2013GoM-Pma-05640,Sperm Whale,Vulnerable,29.105500000000003,-87.2718,2013,7,28.11,0.0,null,null,La Nina
2013GoM-Pma-05640,Sperm Whale,Vulnerable,29.1151,-87.2348,2013,7,28.11,0.0,null,null,La Nina
2013GoM-Pma-05640,Sperm Whale,Vulnerable,29.116100000000003,-87.23570000000001,2013,7,28.11,0.0,null,null,La Nina
2013GoM-Pma-05640,Sperm Whale,Vulnerable,29.1526,-87.12790000000001,2013,7,28.11,0.0,null,null,La Nina
2013GoM-Pma-05640,Sperm Whale,Vulnerable,29.094,-87.3237,2013,7,28.11,0.0,null,null,La Nina
2013GoM-Pma-05640,Sperm Whale,Vulnerable,29.099800000000002,-87.29610000000001,2013,7,28.11,0.0,null,null,La Nina
2013GoM-Pma-05640,Sperm Whale,Vulnerable,29.093200000000003,-87.3221,2013,7,28.11,0.0,null,null,La Nina
2013GoM-Pma-05640,Sperm Whale,Vulnerable,29.099,-87.29480000000001,2013,7,28.11,0.0,null,null,La Nina
2013GoM-Pma-05640,Sperm Whale,Vulnerable,29.095,-87.35390000000001,2013,7,28.11,0.0,null,null,La Nina
2013GoM-Pma-05640,Sperm Whale,Vulnerable,29.0962,-87.35510000000001,2013,7,28.11,0.0,null,null,La Nina
2013GoM-Pma-05640,Sperm Whale,Vulnerable,29.1097,-87.2549,2013,7,28.11,0.0,null,null,La Nina
2013GoM-Pma-05640,Sperm Whale,Vulnerable,29.1458,-87.14030000000001,2013,7,28.11,0.0,null,null,La Nina
2013GoM-Pma-05640,Sperm Whale,Vulnerable,29.0908,-87.4259,2013,7,28.11,0.0,null,null,La Nina
2013GoM-Pma-05640,Sperm Whale,Vulnerable,29.089100000000002,-87.39450000000001,2013,7,28.11,0.0,null,null,La Nina
2013GoM-Pma-05640,Sperm Whale,Vulnerable,29.0901,-87.3974,2013,7,28.11,0.0,null,null,La Nina
2013GoM-Pma-05640,Sperm Whale,Vulnerable,29.0884,-87.39320000000001,2013,7,28.11,0.0,null,null,La Nina
2013GoM-Pma-05640,Sperm Whale,Vulnerable,29.094900000000003,-87.4547,2013,7,28.11,0.0,null,null,La Nina
2013GoM-Pma-05640,Sperm Whale,Vulnerable,29.091700000000003,-87.42530000000001,2013,7,28.11,0.0,null,null,La Nina
2013GoM-Pma-05640,Sperm Whale,Vulnerable,29.0938,-87.4278,2013,7,28.11,0.0,null,null,La Nina
2013GoM-Pma-05640,Sperm Whale,Vulnerable,29.091800000000003,-87.372,2013,7,28.11,0.0,null,null,La Nina
2013GoM-Pma-05640,Sperm Whale,Vulnerable,29.0985,-87.4697,2013,7,28.11,0.0,null,null,La Nina
2013GoM-Pma-05640,Sperm Whale,Vulnerable,29.095200000000002,-87.4556,2013,7,28.11,0.0,null,null,La Nina
2013GoM-Pma-05640,Sperm Whale,Vulnerable,29.2864,-87.3652,2013,7,28.11,0.0,null,null,La Nina
2013GoM-Pma-05640,Sperm Whale,Vulnerable,29.0927,-87.3732,2013,7,28.11,0.0,null,null,La Nina
2013GoM-Pma-05640,Sperm Whale,Vulnerable,29.094800000000003,-87.4312,2013,7,28.11,0.0,null,null,La Nina
2013GoM-Pma-05640,Sperm Whale,Vulnerable,29.2877,-87.4179,2013,7,28.11,0.0,null,null,La Nina
2013GoM-Pma-05640,Sperm Whale,Vulnerable,28.967100000000002,-87.742,2013,7,28.17,0.0,null,null,La Nina
2013GoM-Pma-05640,Sperm Whale,Vulnerable,28.9525,-87.7671,2013,7,28.17,0.0,null,null,La Nina
2013GoM-Pma-05640,Sperm Whale,Vulnerable,29.2684,-87.5694,2013,7,28.22,0.0,null,null,La Nina
2013GoM-Pma-05640,Sperm Whale,Vulnerable,29.0853,-87.7047,2013,7,28.22,0.0,null,null,La Nina
2013GoM-Pma-05640,Sperm Whale,Vulnerable,28.9235,-87.8127,2013,7,28.17,0.0,null,null,La Nina
2013GoM-Pma-05640,Sperm Whale,Vulnerable,28.9369,-87.79350000000001,2013,7,28.17,0.0,null,null,La Nina
2013GoM-Pma-05640,Sperm Whale,Vulnerable,28.8895,-87.84620000000001,2013,7,28.17,0.0,null,null,La Nina
2013GoM-Pma-05640,Sperm Whale,Vulnerable,29.0146,-87.64750000000001,2013,7,28.22,0.0,null,null,La Nina
2013GoM-Pma-05640,Sperm Whale,Vulnerable,28.906000000000002,-87.82820000000001,2013,7,28.17,0.0,null,null,La Nina
2013GoM-Pma-05640,Sperm Whale,Vulnerable,29.0894,-87.52590000000001,2013,7,28.22,0.0,null,null,La Nina
2013GoM-Pma-05640,Sperm Whale,Vulnerable,29.076900000000002,-87.55420000000001,2013,7,28.22,0.0,null,null,La Nina
2013GoM-Pma-05640,Sperm Whale,Vulnerable,28.8858,-87.8484,2013,7,28.17,0.0,null,null,La Nina
2013GoM-Pma-05640,Sperm Whale,Vulnerable,29.2937,-87.5197,2013,7,28.22,0.0,null,null,La Nina
2013GoM-Pma-05640,Sperm Whale,Vulnerable,29.0941,-87.6825,2013,7,28.22,0.0,null,null,La Nina
2013GoM-Pma-05640,Sperm Whale,Vulnerable,29.1951,-87.5596,2013,7,28.22,0.0,null,null,La Nina
2013GoM-Pma-05640,Sperm Whale,Vulnerable,29.154700000000002,-87.6105,2013,7,28.22,0.0,null,null,La Nina
2013GoM-Pma-05640,Sperm Whale,Vulnerable,29.0831,-87.7007,2013,7,28.22,0.0,null,null,La Nina
2013GoM-Pma-05640,Sperm Whale,Vulnerable,29.131600000000002,-87.64280000000001,2013,7,28.22,0.0,null,null,La Nina
2013GoM-Pma-05640,Sperm Whale,Vulnerable,28.92,-87.8151,2013,7,28.17,0.0,null,null,La Nina
2013GoM-Pma-05640,Sperm Whale,Vulnerable,29.114,-87.6597,2013,7,28.22,0.0,null,null,La Nina
2013GoM-Pma-05640,Sperm Whale,Vulnerable,29.2374,-87.5518,2013,7,28.22,0.0,null,null,La Nina
2013GoM-Pma-05640,Sperm Whale,Vulnerable,29.291900000000002,-87.5229,2013,7,28.22,0.0,null,null,La Nina
2013GoM-Pma-05640,Sperm Whale,Vulnerable,29.290200000000002,-87.5515,2013,7,28.22,0.0,null,null,La Nina
2013GoM-Pma-05640,Sperm Whale,Vulnerable,29.2697,-87.5695,2013,7,28.22,0.0,null,null,La Nina
2013GoM-Pma-05640,Sperm Whale,Vulnerable,29.214100000000002,-87.5446,2013,7,28.22,0.0,null,null,La Nina
2013GoM-Pma-05640,Sperm Whale,Vulnerable,29.0898,-87.5137,2013,7,28.22,0.0,null,null,La Nina
2013GoM-Pma-05640,Sperm Whale,Vulnerable,29.2879,-87.4867,2013,7,28.22,0.0,null,null,La Nina
2013GoM-Pma-05640,Sperm Whale,Vulnerable,29.0454,-87.5997,2013,7,28.22,0.0,null,null,La Nina
2013GoM-Pma-05640,Sperm Whale,Vulnerable,29.0879,-87.4948,2013,7,28.22,0.0,null,null,La Nina
2013GoM-Pma-05640,Sperm Whale,Vulnerable,29.0939,-87.4842,2013,7,28.22,0.0,null,null,La Nina
2013GoM-Pma-05640,Sperm Whale,Vulnerable,29.0559,-87.5809,2013,7,28.22,0.0,null,null,La Nina
2013GoM-Pma-05640,Sperm Whale,Vulnerable,29.088900000000002,-87.5134,2013,7,28.22,0.0,null,null,La Nina
2013GoM-Pma-05640,Sperm Whale,Vulnerable,29.085900000000002,-87.54010000000001,2013,7,28.22,0.0,null,null,La Nina
2013GoM-Pma-05640,Sperm Whale,Vulnerable,29.0849,-87.5407,2013,7,28.22,0.0,null,null,La Nina
2013GoM-Pma-05640,Sperm Whale,Vulnerable,29.059,-87.57990000000001,2013,7,28.22,0.0,null,null,La Nina
2013GoM-Pma-05640,Sperm Whale,Vulnerable,28.9799,-87.718,2013,7,28.22,0.0,null,null,La Nina
2013GoM-Pma-05640,Sperm Whale,Vulnerable,29.03,-87.62230000000001,2013,7,28.22,0.0,null,null,La Nina
2013GoM-Pma-05640,Sperm Whale,Vulnerable,29.0702,-87.5633,2013,7,28.22,0.0,null,null,La Nina
2013GoM-Pma-05640,Sperm Whale,Vulnerable,29.0061,-87.67280000000001,2013,7,28.22,0.0,null,null,La Nina
2013GoM-Pma-05640,Sperm Whale,Vulnerable,29.0168,-87.6465,2013,7,28.22,0.0,null,null,La Nina
2013GoM-Pma-05640,Sperm Whale,Vulnerable,28.991500000000002,-87.6958,2013,7,28.22,0.0,null,null,La Nina
2013GoM-Pma-05640,Sperm Whale,Vulnerable,29.0044,-87.67370000000001,2013,7,28.22,0.0,null,null,La Nina
2013GoM-Pma-05640,Sperm Whale,Vulnerable,29.0426,-87.60050000000001,2013,7,28.22,0.0,null,null,La Nina
2013GoM-Pma-05640,Sperm Whale,Vulnerable,28.9939,-87.6943,2013,7,28.22,0.0,null,null,La Nina
2013GoM-Pma-05640,Sperm Whale,Vulnerable,29.0896,-87.5266,2013,7,28.22,0.0,null,null,La Nina
2013GoM-Pma-05640,Sperm Whale,Vulnerable,29.2893,-87.48450000000001,2013,7,28.22,0.0,null,null,La Nina
2013GoM-Pma-05640,Sperm Whale,Vulnerable,29.2393,-87.5676,2013,7,28.22,0.0,null,null,La Nina
2013GoM-Pma-05640,Sperm Whale,Vulnerable,29.132800000000003,-87.6393,2013,7,28.22,0.0,null,null,La Nina
2013GoM-Pma-05640,Sperm Whale,Vulnerable,29.171200000000002,-87.5912,2013,7,28.22,0.0,null,null,La Nina
2013GoM-Pma-05640,Sperm Whale,Vulnerable,29.0941,-87.4847,2013,7,28.22,0.0,null,null,La Nina
2013GoM-Pma-05640,Sperm Whale,Vulnerable,28.9026,-87.83080000000001,2013,7,28.17,0.0,null,null,La Nina
2013GoM-Pma-05640,Sperm Whale,Vulnerable,28.950200000000002,-87.76960000000001,2013,7,28.17,0.0,null,null,La Nina
2013GoM-Pma-05640,Sperm Whale,Vulnerable,28.939300000000003,-87.7907,2013,7,28.17,0.0,null,null,La Nina
2013GoM-Pma-05640,Sperm Whale,Vulnerable,29.2906,-87.3874,2013,7,28.11,0.0,null,null,La Nina
2013GoM-Pma-05640,Sperm Whale,Vulnerable,29.0973,-87.458,2013,7,28.11,0.0,null,null,La Nina
2013GoM-Pma-05640,Sperm Whale,Vulnerable,29.175800000000002,-87.09100000000001,2013,7,28.11,0.0,null,null,La Nina
2013GoM-Pma-05640,Sperm Whale,Vulnerable,29.343600000000002,-87.0738,2013,7,28.13,0.0,null,null,La Nina
2013GoM-Pma-05640,Sperm Whale,Vulnerable,29.343200000000003,-87.0707,2013,7,28.13,0.0,null,null,La Nina
2013GoM-Pma-05640,Sperm Whale,Vulnerable,29.321,-87.0176,2013,7,28.13,0.0,null,null,La Nina
2013GoM-Pma-05640,Sperm Whale,Vulnerable,29.3217,-87.018,2013,7,28.13,0.0,null,null,La Nina
2013GoM-Pma-05640,Sperm Whale,Vulnerable,29.334300000000002,-87.03970000000001,2013,7,28.13,0.0,null,null,La Nina
2013GoM-Pma-05640,Sperm Whale,Vulnerable,29.288800000000002,-87.3615,2013,7,28.11,0.0,null,null,La Nina
2013GoM-Pma-05640,Sperm Whale,Vulnerable,29.285400000000003,-87.4535,2013,7,28.11,0.0,null,null,La Nina
2013GoM-Pma-05640,Sperm Whale,Vulnerable,29.1053,-87.7945,2013,8,29.3,0.0,null,null,Neutral
2013GoM-Pma-05640,Sperm Whale,Vulnerable,29.114700000000003,-87.8459,2013,8,29.3,0.0,null,null,Neutral
2013GoM-Pma-05640,Sperm Whale,Vulnerable,29.148100000000003,-87.78840000000001,2013,8,29.3,0.0,null,null,Neutral
2013GoM-Pma-05640,Sperm Whale,Vulnerable,29.148100000000003,-87.92970000000001,2013,8,29.3,0.0,null,null,Neutral
2013GoM-Pma-05640,Sperm Whale,Vulnerable,29.156000000000002,-87.9013,2013,8,29.3,0.0,null,null,Neutral
2013GoM-Pma-05640,Sperm Whale,Vulnerable,29.1327,-87.92620000000001,2013,8,29.3,0.0,null,null,Neutral
2013GoM-Pma-05640,Sperm Whale,Vulnerable,29.142500000000002,-87.8161,2013,8,29.3,0.0,null,null,Neutral
2013GoM-Pma-05640,Sperm Whale,Vulnerable,28.9583,-90.7976,2013,8,29.400000000000002,0.0,null,null,Neutral
2013GoM-Pma-05640,Sperm Whale,Vulnerable,29.1536,-87.9058,2013,8,29.3,0.0,null,null,Neutral
2013GoM-Pma-05640,Sperm Whale,Vulnerable,29.1244,-87.8381,2013,8,29.3,0.0,null,null,Neutral
2013GoM-Pma-05640,Sperm Whale,Vulnerable,29.1243,-87.8387,2013,8,29.3,0.0,null,null,Neutral
2013GoM-Pma-05640,Sperm Whale,Vulnerable,29.169,-87.9248,2013,8,29.3,0.0,null,null,Neutral
2013GoM-Pma-05640,Sperm Whale,Vulnerable,29.154400000000003,-87.87180000000001,2013,8,29.3,0.0,null,null,Neutral
2013GoM-Pma-05640,Sperm Whale,Vulnerable,29.152700000000003,-87.8031,2013,8,29.3,0.0,null,null,Neutral
2013GoM-Pma-05640,Sperm Whale,Vulnerable,29.1506,-87.83370000000001,2013,8,29.3,0.0,null,null,Neutral
2013GoM-Pma-05640,Sperm Whale,Vulnerable,29.1823,-87.745,2013,8,29.3,0.0,null,null,Neutral
2013GoM-Pma-05640,Sperm Whale,Vulnerable,28.9572,-90.77940000000001,2013,8,29.400000000000002,0.0,null,null,Neutral
2013GoM-Pma-05640,Sperm Whale,Vulnerable,29.155800000000003,-87.86760000000001,2013,8,29.3,0.0,null,null,Neutral
2013GoM-Pma-05640,Sperm Whale,Vulnerable,29.1243,-87.8404,2013,8,29.3,0.0,null,null,Neutral
2013GoM-Pma-05640,Sperm Whale,Vulnerable,29.151100000000003,-87.8052,2013,8,29.3,0.0,null,null,Neutral
2013GoM-Pma-05640,Sperm Whale,Vulnerable,29.1688,-87.7731,2013,8,29.3,0.0,null,null,Neutral
2013GoM-Pma-05640,Sperm Whale,Vulnerable,29.1597,-87.8044,2013,8,29.3,0.0,null,null,Neutral
2013GoM-Pma-05640,Sperm Whale,Vulnerable,28.9627,-90.5001,2013,8,29.400000000000002,0.0,null,null,Neutral
2013GoM-Pma-05640,Sperm Whale,Vulnerable,28.9708,-90.5295,2013,8,29.400000000000002,0.0,null,null,Neutral
2013GoM-Pma-05640,Sperm Whale,Vulnerable,29.095100000000002,-87.9199,2013,8,29.3,0.0,null,null,Neutral
2013GoM-Pma-05640,Sperm Whale,Vulnerable,29.1307,-87.9088,2013,8,29.3,0.0,null,null,Neutral
2013GoM-Pma-05640,Sperm Whale,Vulnerable,28.956300000000002,-90.75970000000001,2013,8,29.400000000000002,0.0,null,null,Neutral
2013GoM-Pma-05640,Sperm Whale,Vulnerable,29.1672,-87.7767,2013,8,29.3,0.0,null,null,Neutral
2013GoM-Pma-05640,Sperm Whale,Vulnerable,28.9651,-90.5095,2013,8,29.400000000000002,0.0,null,null,Neutral
2013GoM-Pma-05640,Sperm Whale,Vulnerable,28.9769,-90.58890000000001,2013,8,29.400000000000002,0.0,null,null,Neutral
2013GoM-Pma-05640,Sperm Whale,Vulnerable,29.119500000000002,-87.8478,2013,8,29.3,0.0,null,null,Neutral
2013GoM-Pma-05640,Sperm Whale,Vulnerable,28.9675,-90.5193,2013,8,29.400000000000002,0.0,null,null,Neutral
2013GoM-Pma-05640,Sperm Whale,Vulnerable,29.1617,-87.8002,2013,8,29.3,0.0,null,null,Neutral
2013GoM-Pma-05640,Sperm Whale,Vulnerable,28.9646,-90.6529,2013,8,29.400000000000002,0.0,null,null,Neutral
2013GoM-Pma-05640,Sperm Whale,Vulnerable,28.9694,-90.62780000000001,2013,8,29.400000000000002,0.0,null,null,Neutral
2013GoM-Pma-05640,Sperm Whale,Vulnerable,28.953200000000002,-90.9319,2013,8,29.400000000000002,0.0,null,null,Neutral
2013GoM-Pma-05640,Sperm Whale,Vulnerable,28.955000000000002,-90.7363,2013,8,29.400000000000002,0.0,null,null,Neutral
2013GoM-Pma-05640,Sperm Whale,Vulnerable,29.1201,-87.84960000000001,2013,8,29.3,0.0,null,null,Neutral
2013GoM-Pma-05640,Sperm Whale,Vulnerable,29.1136,-87.84920000000001,2013,8,29.3,0.0,null,null,Neutral
2013GoM-Pma-05640,Sperm Whale,Vulnerable,29.121100000000002,-87.81710000000001,2013,8,29.3,0.0,null,null,Neutral
2013GoM-Pma-05640,Sperm Whale,Vulnerable,29.192300000000003,-87.7149,2013,8,29.3,0.0,null,null,Neutral
2013GoM-Pma-05640,Sperm Whale,Vulnerable,29.1326,-87.7044,2013,8,29.3,0.0,null,null,Neutral
2013GoM-Pma-05640,Sperm Whale,Vulnerable,29.191100000000002,-87.7197,2013,8,29.3,0.0,null,null,Neutral
2013GoM-Pma-05640,Sperm Whale,Vulnerable,29.119400000000002,-87.8328,2013,8,29.3,0.0,null,null,Neutral
2013GoM-Pma-05640,Sperm Whale,Vulnerable,29.0775,-87.756,2013,8,29.3,0.0,null,null,Neutral
2013GoM-Pma-05640,Sperm Whale,Vulnerable,29.178800000000003,-87.7,2013,8,29.3,0.0,null,null,Neutral
2013GoM-Pma-05640,Sperm Whale,Vulnerable,29.120600000000003,-87.8257,2013,8,29.3,0.0,null,null,Neutral
2013GoM-Pma-05640,Sperm Whale,Vulnerable,29.1541,-87.7001,2013,8,29.3,0.0,null,null,Neutral
2013GoM-Pma-05640,Sperm Whale,Vulnerable,29.119600000000002,-87.8297,2013,8,29.3,0.0,null,null,Neutral
2013GoM-Pma-05640,Sperm Whale,Vulnerable,29.1568,-87.7017,2013,8,29.3,0.0,null,null,Neutral
2013GoM-Pma-05640,Sperm Whale,Vulnerable,29.107100000000003,-87.79740000000001,2013,8,29.3,0.0,null,null,Neutral
2013GoM-Pma-05640,Sperm Whale,Vulnerable,28.9498,-90.8681,2013,8,29.400000000000002,0.0,null,null,Neutral
2013GoM-Pma-05640,Sperm Whale,Vulnerable,29.117700000000003,-87.8013,2013,8,29.3,0.0,null,null,Neutral
2013GoM-Pma-05640,Sperm Whale,Vulnerable,29.1215,-87.8105,2013,8,29.3,0.0,null,null,Neutral
2013GoM-Pma-05640,Sperm Whale,Vulnerable,29.1066,-87.7081,2013,8,29.3,0.0,null,null,Neutral
2013GoM-Pma-05640,Sperm Whale,Vulnerable,29.148200000000003,-87.79610000000001,2013,8,29.3,0.0,null,null,Neutral
2013GoM-Pma-05640,Sperm Whale,Vulnerable,29.1094,-87.70710000000001,2013,8,29.3,0.0,null,null,Neutral
2013GoM-Pma-05640,Sperm Whale,Vulnerable,29.078400000000002,-87.754,2013,8,29.3,0.0,null,null,Neutral
2013GoM-Pma-05640,Sperm Whale,Vulnerable,29.094900000000003,-87.7202,2013,8,29.3,0.0,null,null,Neutral
2013GoM-Pma-05640,Sperm Whale,Vulnerable,29.0821,-87.7442,2013,8,29.3,0.0,null,null,Neutral
2013GoM-Pma-05640,Sperm Whale,Vulnerable,29.1776,-87.6982,2013,8,29.3,0.0,null,null,Neutral
2013GoM-Pma-05640,Sperm Whale,Vulnerable,28.9496,-90.8815,2013,8,29.400000000000002,0.0,null,null,Neutral
2013GoM-Pma-05640,Sperm Whale,Vulnerable,29.183400000000002,-87.7406,2013,8,29.3,0.0,null,null,Neutral
2013GoM-Pma-05640,Sperm Whale,Vulnerable,28.953,-90.84190000000001,2013,8,29.400000000000002,0.0,null,null,Neutral
2013GoM-Pma-05640,Sperm Whale,Vulnerable,28.9554,-90.9488,2013,8,29.400000000000002,0.0,null,null,Neutral
2013GoM-Pma-05640,Sperm Whale,Vulnerable,28.9569,-90.96260000000001,2013,8,29.400000000000002,0.0,null,null,Neutral
2013GoM-Pma-05640,Sperm Whale,Vulnerable,29.0808,-87.89070000000001,2013,8,29.3,0.0,null,null,Neutral
2013GoM-Pma-05640,Sperm Whale,Vulnerable,29.0931,-87.7912,2013,8,29.3,0.0,null,null,Neutral
2013GoM-Pma-05640,Sperm Whale,Vulnerable,29.081300000000002,-87.89280000000001,2013,8,29.3,0.0,null,null,Neutral
2013GoM-Pma-05640,Sperm Whale,Vulnerable,29.1322,-87.83030000000001,2013,8,29.3,0.0,null,null,Neutral
2013GoM-Pma-05640,Sperm Whale,Vulnerable,29.1327,-87.92370000000001,2013,8,29.3,0.0,null,null,Neutral
2013GoM-Pma-05640,Sperm Whale,Vulnerable,29.0945,-87.91640000000001,2013,8,29.3,0.0,null,null,Neutral
2013GoM-Pma-05640,Sperm Whale,Vulnerable,29.0762,-87.8596,2013,8,29.3,0.0,null,null,Neutral
2013GoM-Pma-05640,Sperm Whale,Vulnerable,29.1305,-87.85730000000001,2013,8,29.3,0.0,null,null,Neutral
2013GoM-Pma-05640,Sperm Whale,Vulnerable,29.053,-87.79780000000001,2013,8,29.3,0.0,null,null,Neutral
2013GoM-Pma-05640,Sperm Whale,Vulnerable,29.076600000000003,-87.85730000000001,2013,8,29.3,0.0,null,null,Neutral
2013GoM-Pma-05640,Sperm Whale,Vulnerable,29.094900000000003,-87.7929,2013,8,29.3,0.0,null,null,Neutral
2013GoM-Pma-05640,Sperm Whale,Vulnerable,29.147100000000002,-87.8247,2013,8,29.3,0.0,null,null,Neutral
2013GoM-Pma-05640,Sperm Whale,Vulnerable,29.093,-87.7217,2013,8,29.3,0.0,null,null,Neutral
2013GoM-Pma-05640,Sperm Whale,Vulnerable,29.0885,-87.7883,2013,8,29.3,0.0,null,null,Neutral
2013GoM-Pma-05640,Sperm Whale,Vulnerable,29.1337,-87.8298,2013,8,29.3,0.0,null,null,Neutral
2013GoM-Pma-05640,Sperm Whale,Vulnerable,29.0575,-87.7998,2013,8,29.3,0.0,null,null,Neutral
2013GoM-Pma-05640,Sperm Whale,Vulnerable,29.1352,-87.8284,2013,8,29.3,0.0,null,null,Neutral
2013GoM-Pma-05640,Sperm Whale,Vulnerable,29.079500000000003,-87.7842,2013,8,29.3,0.0,null,null,Neutral
2013GoM-Pma-05640,Sperm Whale,Vulnerable,29.0838,-87.82430000000001,2013,8,29.3,0.0,null,null,Neutral
2013GoM-Pma-05640,Sperm Whale,Vulnerable,29.125,-87.83590000000001,2013,8,29.3,0.0,null,null,Neutral
2013GoM-Pma-05640,Sperm Whale,Vulnerable,29.1311,-87.8315,2013,8,29.3,0.0,null,null,Neutral
2013GoM-Pma-05640,Sperm Whale,Vulnerable,29.152800000000003,-87.9269,2013,8,29.3,0.0,null,null,Neutral
2013GoM-Pma-05640,Sperm Whale,Vulnerable,29.035500000000003,-87.80890000000001,2013,8,29.3,0.0,null,null,Neutral
2013GoM-Pma-05640,Sperm Whale,Vulnerable,29.172,-87.8983,2013,8,29.3,0.0,null,null,Neutral
2013GoM-Pma-05640,Sperm Whale,Vulnerable,29.124100000000002,-87.8354,2013,8,29.3,0.0,null,null,Neutral
2013GoM-Pma-05640,Sperm Whale,Vulnerable,29.1205,-87.807,2013,8,29.3,0.0,null,null,Neutral
2013GoM-Pma-05640,Sperm Whale,Vulnerable,29.139,-87.8411,2013,8,29.3,0.0,null,null,Neutral
2013GoM-Pma-05640,Sperm Whale,Vulnerable,29.156000000000002,-87.90910000000001,2013,8,29.3,0.0,null,null,Neutral
2013GoM-Pma-05640,Sperm Whale,Vulnerable,29.153100000000002,-87.9255,2013,8,29.3,0.0,null,null,Neutral
2013GoM-Pma-05640,Sperm Whale,Vulnerable,29.1539,-87.90990000000001,2013,8,29.3,0.0,null,null,Neutral
2013GoM-Pma-05640,Sperm Whale,Vulnerable,29.1293,-87.8361,2013,8,29.3,0.0,null,null,Neutral
2013GoM-Pma-05640,Sperm Whale,Vulnerable,29.169700000000002,-87.896,2013,8,29.3,0.0,null,null,Neutral
2013GoM-Pma-05640,Sperm Whale,Vulnerable,29.038400000000003,-87.8086,2013,8,29.3,0.0,null,null,Neutral
2013GoM-Pma-05640,Sperm Whale,Vulnerable,29.1461,-87.8266,2013,8,29.3,0.0,null,null,Neutral
2013GoM-Pma-05640,Sperm Whale,Vulnerable,29.0851,-87.73140000000001,2013,8,29.3,0.0,null,null,Neutral
2013GoM-Pma-05640,Sperm Whale,Vulnerable,29.119,-87.8044,2013,8,29.3,0.0,null,null,Neutral
2013GoM-Pma-05640,Sperm Whale,Vulnerable,29.149900000000002,-87.7947,2013,8,29.3,0.0,null,null,Neutral
2013GoM-Pma-05640,Sperm Whale,Vulnerable,29.132,-87.9192,2013,8,29.3,0.0,null,null,Neutral
2013GoM-Pma-05640,Sperm Whale,Vulnerable,29.082500000000003,-87.7821,2013,8,29.3,0.0,null,null,Neutral
2013GoM-Pma-05640,Sperm Whale,Vulnerable,29.1509,-87.9261,2013,8,29.3,0.0,null,null,Neutral
2013GoM-Pma-05640,Sperm Whale,Vulnerable,28.6396,-89.364,2013,8,29.560000000000002,0.0,null,null,Neutral
2013GoM-Pma-05640,Sperm Whale,Vulnerable,28.6321,-89.4144,2013,8,29.560000000000002,0.0,null,null,Neutral
2013GoM-Pma-05640,Sperm Whale,Vulnerable,28.645500000000002,-89.358,2013,8,29.560000000000002,0.0,null,null,Neutral
2013GoM-Pma-05640,Sperm Whale,Vulnerable,28.634700000000002,-89.36840000000001,2013,8,29.560000000000002,0.0,null,null,Neutral
2013GoM-Pma-05640,Sperm Whale,Vulnerable,28.9574,-90.7009,2013,8,29.400000000000002,0.0,null,null,Neutral
2013GoM-Pma-05640,Sperm Whale,Vulnerable,28.700400000000002,-89.46780000000001,2013,8,29.560000000000002,0.0,null,null,Neutral
2013GoM-Pma-05640,Sperm Whale,Vulnerable,28.7119,-89.46780000000001,2013,8,29.560000000000002,0.0,null,null,Neutral
2013GoM-Pma-05640,Sperm Whale,Vulnerable,28.6398,-89.429,2013,8,29.560000000000002,0.0,null,null,Neutral
2013GoM-Pma-05640,Sperm Whale,Vulnerable,28.6306,-89.372,2013,8,29.560000000000002,0.0,null,null,Neutral
2013GoM-Pma-05640,Sperm Whale,Vulnerable,29.1308,-87.9032,2013,8,29.3,0.0,null,null,Neutral
2013GoM-Pma-05640,Sperm Whale,Vulnerable,29.0824,-87.7856,2013,8,29.3,0.0,null,null,Neutral
2013GoM-Pma-05640,Sperm Whale,Vulnerable,29.128400000000003,-87.8357,2013,8,29.3,0.0,null,null,Neutral
2013GoM-Pma-05640,Sperm Whale,Vulnerable,29.084500000000002,-87.8224,2013,8,29.3,0.0,null,null,Neutral
2013GoM-Pma-05640,Sperm Whale,Vulnerable,29.1671,-87.9223,2013,8,29.3,0.0,null,null,Neutral
2013GoM-Pma-05640,Sperm Whale,Vulnerable,29.081500000000002,-87.7834,2013,8,29.3,0.0,null,null,Neutral
2013GoM-Pma-05640,Sperm Whale,Vulnerable,29.1305,-87.8982,2013,8,29.3,0.0,null,null,Neutral
2013GoM-Pma-05640,Sperm Whale,Vulnerable,28.625300000000003,-89.3801,2013,8,29.560000000000002,0.0,null,null,Neutral
2013GoM-Pma-05640,Sperm Whale,Vulnerable,28.6281,-89.40090000000001,2013,8,29.560000000000002,0.0,null,null,Neutral
2013GoM-Pma-05640,Sperm Whale,Vulnerable,29.1304,-87.8596,2013,8,29.3,0.0,null,null,Neutral
2013GoM-Pma-05640,Sperm Whale,Vulnerable,29.1292,-87.8849,2013,8,29.3,0.0,null,null,Neutral
2013GoM-Pma-05640,Sperm Whale,Vulnerable,29.151500000000002,-87.8302,2013,8,29.3,0.0,null,null,Neutral
2013GoM-Pma-05640,Sperm Whale,Vulnerable,29.0077,-90.0269,2013,8,29.41,0.0,null,null,Neutral
2013GoM-Pma-05640,Sperm Whale,Vulnerable,28.9723,-90.5399,2013,8,29.400000000000002,0.0,null,null,Neutral
2013GoM-Pma-05640,Sperm Whale,Vulnerable,28.5328,-89.086,2013,8,29.52,0.0,null,null,Neutral
2013GoM-Pma-05640,Sperm Whale,Vulnerable,28.651100000000003,-89.3304,2013,8,29.51,0.0,null,null,Neutral
2013GoM-Pma-05640,Sperm Whale,Vulnerable,28.726300000000002,-89.4645,2013,8,29.51,0.0,null,null,Neutral
2013GoM-Pma-05640,Sperm Whale,Vulnerable,28.7438,-89.4608,2013,8,29.51,0.0,null,null,Neutral
2013GoM-Pma-05640,Sperm Whale,Vulnerable,28.744500000000002,-89.45920000000001,2013,8,29.51,0.0,null,null,Neutral
2013GoM-Pma-05640,Sperm Whale,Vulnerable,28.6582,-89.3386,2013,8,29.51,0.0,null,null,Neutral
2013GoM-Pma-05640,Sperm Whale,Vulnerable,28.7328,-89.4638,2013,8,29.51,0.0,null,null,Neutral
2013GoM-Pma-05640,Sperm Whale,Vulnerable,28.719800000000003,-89.4666,2013,8,29.51,0.0,null,null,Neutral
2013GoM-Pma-05640,Sperm Whale,Vulnerable,28.7434,-89.4603,2013,8,29.51,0.0,null,null,Neutral
2013GoM-Pma-05640,Sperm Whale,Vulnerable,28.739600000000003,-89.4632,2013,8,29.51,0.0,null,null,Neutral
2013GoM-Pma-05640,Sperm Whale,Vulnerable,28.752100000000002,-89.51140000000001,2013,8,29.51,0.0,null,null,Neutral
2013GoM-Pma-05640,Sperm Whale,Vulnerable,28.7406,-89.4727,2013,8,29.51,0.0,null,null,Neutral
2013GoM-Pma-05640,Sperm Whale,Vulnerable,28.823600000000003,-88.68990000000001,2013,8,29.3,0.0,null,null,Neutral
2013GoM-Pma-05640,Sperm Whale,Vulnerable,28.6402,-89.32130000000001,2013,8,29.52,0.0,null,null,Neutral
2013GoM-Pma-05640,Sperm Whale,Vulnerable,28.8229,-88.6868,2013,8,29.3,0.0,null,null,Neutral
2013GoM-Pma-05640,Sperm Whale,Vulnerable,28.822,-88.6889,2013,8,29.3,0.0,null,null,Neutral
2013GoM-Pma-05640,Sperm Whale,Vulnerable,28.8504,-88.6559,2013,8,29.3,0.0,null,null,Neutral
2013GoM-Pma-05640,Sperm Whale,Vulnerable,28.823900000000002,-88.68130000000001,2013,8,29.3,0.0,null,null,Neutral
2013GoM-Pma-05640,Sperm Whale,Vulnerable,28.8456,-88.6504,2013,8,29.3,0.0,null,null,Neutral
2013GoM-Pma-05640,Sperm Whale,Vulnerable,28.8259,-88.6795,2013,8,29.3,0.0,null,null,Neutral
2013GoM-Pma-05640,Sperm Whale,Vulnerable,28.7511,-88.6774,2013,8,29.3,0.0,null,null,Neutral
2013GoM-Pma-05640,Sperm Whale,Vulnerable,28.7852,-88.74390000000001,2013,8,29.3,0.0,null,null,Neutral
2013GoM-Pma-05640,Sperm Whale,Vulnerable,28.695400000000003,-88.7465,2013,8,29.3,0.0,null,null,Neutral
2013GoM-Pma-05640,Sperm Whale,Vulnerable,28.7011,-88.8853,2013,8,29.3,0.0,null,null,Neutral
2013GoM-Pma-05640,Sperm Whale,Vulnerable,28.8139,-88.6842,2013,8,29.3,0.0,null,null,Neutral
2013GoM-Pma-05640,Sperm Whale,Vulnerable,28.816300000000002,-88.6833,2013,8,29.3,0.0,null,null,Neutral
2013GoM-Pma-05640,Sperm Whale,Vulnerable,28.8233,-88.68570000000001,2013,8,29.3,0.0,null,null,Neutral
2013GoM-Pma-05640,Sperm Whale,Vulnerable,28.5331,-89.0866,2013,8,29.52,0.0,null,null,Neutral
2013GoM-Pma-05640,Sperm Whale,Vulnerable,28.696900000000003,-88.74860000000001,2013,8,29.3,0.0,null,null,Neutral
2013GoM-Pma-05640,Sperm Whale,Vulnerable,28.823600000000003,-88.6884,2013,8,29.3,0.0,null,null,Neutral
2013GoM-Pma-05640,Sperm Whale,Vulnerable,28.7789,-88.7082,2013,8,29.3,0.0,null,null,Neutral
2013GoM-Pma-05640,Sperm Whale,Vulnerable,28.774600000000003,-88.7095,2013,8,29.3,0.0,null,null,Neutral
2013GoM-Pma-05640,Sperm Whale,Vulnerable,28.7814,-88.708,2013,8,29.3,0.0,null,null,Neutral
2013GoM-Pma-05640,Sperm Whale,Vulnerable,28.720200000000002,-88.75030000000001,2013,8,29.3,0.0,null,null,Neutral
2013GoM-Pma-05640,Sperm Whale,Vulnerable,28.7221,-88.7513,2013,8,29.3,0.0,null,null,Neutral
2013GoM-Pma-05640,Sperm Whale,Vulnerable,28.7486,-88.7268,2013,8,29.3,0.0,null,null,Neutral
2013GoM-Pma-05640,Sperm Whale,Vulnerable,28.7027,-88.73310000000001,2013,8,29.3,0.0,null,null,Neutral
2013GoM-Pma-05640,Sperm Whale,Vulnerable,28.767100000000003,-88.66850000000001,2013,8,29.3,0.0,null,null,Neutral
2013GoM-Pma-05640,Sperm Whale,Vulnerable,28.7421,-88.6419,2013,8,29.3,0.0,null,null,Neutral
2013GoM-Pma-05640,Sperm Whale,Vulnerable,28.746000000000002,-88.7273,2013,8,29.3,0.0,null,null,Neutral
2013GoM-Pma-05640,Sperm Whale,Vulnerable,28.7439,-88.64020000000001,2013,8,29.3,0.0,null,null,Neutral
2013GoM-Pma-05640,Sperm Whale,Vulnerable,28.724600000000002,-88.7031,2013,8,29.3,0.0,null,null,Neutral
2013GoM-Pma-05640,Sperm Whale,Vulnerable,28.732400000000002,-88.6721,2013,8,29.3,0.0,null,null,Neutral
2013GoM-Pma-05640,Sperm Whale,Vulnerable,28.7406,-88.6451,2013,8,29.3,0.0,null,null,Neutral
2013GoM-Pma-05640,Sperm Whale,Vulnerable,28.759900000000002,-88.65530000000001,2013,8,29.3,0.0,null,null,Neutral
2013GoM-Pma-05640,Sperm Whale,Vulnerable,28.733700000000002,-88.6701,2013,8,29.3,0.0,null,null,Neutral
2013GoM-Pma-05640,Sperm Whale,Vulnerable,28.677400000000002,-88.7662,2013,8,29.3,0.0,null,null,Neutral
2013GoM-Pma-05640,Sperm Whale,Vulnerable,28.7254,-88.67830000000001,2013,8,29.3,0.0,null,null,Neutral
2013GoM-Pma-05640,Sperm Whale,Vulnerable,28.7432,-88.66460000000001,2013,8,29.3,0.0,null,null,Neutral
2013GoM-Pma-05640,Sperm Whale,Vulnerable,28.7257,-88.6781,2013,8,29.3,0.0,null,null,Neutral
2013GoM-Pma-05640,Sperm Whale,Vulnerable,28.742,-88.66380000000001,2013,8,29.3,0.0,null,null,Neutral
2013GoM-Pma-05640,Sperm Whale,Vulnerable,28.7587,-88.6547,2013,8,29.3,0.0,null,null,Neutral
2013GoM-Pma-05640,Sperm Whale,Vulnerable,28.6655,-88.87140000000001,2013,8,29.3,0.0,null,null,Neutral
2013GoM-Pma-05640,Sperm Whale,Vulnerable,28.6583,-88.8375,2013,8,29.3,0.0,null,null,Neutral
2013GoM-Pma-05640,Sperm Whale,Vulnerable,28.782200000000003,-88.74520000000001,2013,8,29.3,0.0,null,null,Neutral
2013GoM-Pma-05640,Sperm Whale,Vulnerable,28.7009,-88.7348,2013,8,29.3,0.0,null,null,Neutral
2013GoM-Pma-05640,Sperm Whale,Vulnerable,28.723,-88.702,2013,8,29.3,0.0,null,null,Neutral
2013GoM-Pma-05640,Sperm Whale,Vulnerable,28.649,-88.8585,2013,8,29.3,0.0,null,null,Neutral
2013GoM-Pma-05640,Sperm Whale,Vulnerable,28.6433,-88.8456,2013,8,29.3,0.0,null,null,Neutral
2013GoM-Pma-05640,Sperm Whale,Vulnerable,28.7208,-88.7051,2013,8,29.3,0.0,null,null,Neutral
2013GoM-Pma-05640,Sperm Whale,Vulnerable,28.674400000000002,-88.8491,2013,8,29.3,0.0,null,null,Neutral
2013GoM-Pma-05640,Sperm Whale,Vulnerable,28.6431,-88.84870000000001,2013,8,29.3,0.0,null,null,Neutral
2013GoM-Pma-05640,Sperm Whale,Vulnerable,28.6888,-88.8709,2013,8,29.3,0.0,null,null,Neutral
2013GoM-Pma-05640,Sperm Whale,Vulnerable,28.705000000000002,-88.871,2013,8,29.3,0.0,null,null,Neutral
2013GoM-Pma-05640,Sperm Whale,Vulnerable,28.9753,-90.6084,2013,8,29.400000000000002,0.0,null,null,Neutral
2013GoM-Pma-05640,Sperm Whale,Vulnerable,28.6655,-88.8708,2013,8,29.3,0.0,null,null,Neutral
2013GoM-Pma-05640,Sperm Whale,Vulnerable,28.675700000000003,-88.8491,2013,8,29.3,0.0,null,null,Neutral
2013GoM-Pma-05640,Sperm Whale,Vulnerable,28.6992,-88.85430000000001,2013,8,29.3,0.0,null,null,Neutral
2013GoM-Pma-05640,Sperm Whale,Vulnerable,28.7052,-88.8703,2013,8,29.3,0.0,null,null,Neutral
2013GoM-Pma-05640,Sperm Whale,Vulnerable,28.9741,-90.5601,2013,8,29.400000000000002,0.0,null,null,Neutral
2013GoM-Pma-05640,Sperm Whale,Vulnerable,28.6888,-88.8159,2013,8,29.3,0.0,null,null,Neutral
2013GoM-Pma-05640,Sperm Whale,Vulnerable,28.7682,-88.7716,2013,8,29.3,0.0,null,null,Neutral
2013GoM-Pma-05640,Sperm Whale,Vulnerable,28.642400000000002,-88.8472,2013,8,29.3,0.0,null,null,Neutral
2013GoM-Pma-05640,Sperm Whale,Vulnerable,28.7022,-88.8529,2013,8,29.3,0.0,null,null,Neutral
2013GoM-Pma-05640,Sperm Whale,Vulnerable,28.6396,-88.8435,2013,8,29.3,0.0,null,null,Neutral
2013GoM-Pma-05640,Sperm Whale,Vulnerable,28.669800000000002,-88.8348,2013,8,29.3,0.0,null,null,Neutral
2013GoM-Pma-05640,Sperm Whale,Vulnerable,28.6675,-88.8344,2013,8,29.3,0.0,null,null,Neutral
2013GoM-Pma-05640,Sperm Whale,Vulnerable,28.652900000000002,-88.8451,2013,8,29.3,0.0,null,null,Neutral
2013GoM-Pma-05640,Sperm Whale,Vulnerable,28.7653,-88.7728,2013,8,29.3,0.0,null,null,Neutral
2013GoM-Pma-05640,Sperm Whale,Vulnerable,28.655800000000003,-88.8459,2013,8,29.3,0.0,null,null,Neutral
2013GoM-Pma-05640,Sperm Whale,Vulnerable,28.706100000000003,-88.7996,2013,8,29.3,0.0,null,null,Neutral
2013GoM-Pma-05640,Sperm Whale,Vulnerable,28.7087,-88.801,2013,8,29.3,0.0,null,null,Neutral
2013GoM-Pma-05640,Sperm Whale,Vulnerable,28.7498,-88.7937,2013,8,29.3,0.0,null,null,Neutral
2013GoM-Pma-05640,Sperm Whale,Vulnerable,28.692800000000002,-88.81620000000001,2013,8,29.3,0.0,null,null,Neutral
2013GoM-Pma-05640,Sperm Whale,Vulnerable,28.7484,-88.7947,2013,8,29.3,0.0,null,null,Neutral
2013GoM-Pma-05640,Sperm Whale,Vulnerable,28.7147,-88.8026,2013,8,29.3,0.0,null,null,Neutral
2013GoM-Pma-05640,Sperm Whale,Vulnerable,28.710600000000003,-88.7038,2013,8,29.3,0.0,null,null,Neutral
2013GoM-Pma-05640,Sperm Whale,Vulnerable,28.701700000000002,-88.8846,2013,8,29.3,0.0,null,null,Neutral
2013GoM-Pma-05640,Sperm Whale,Vulnerable,28.788300000000003,-88.6901,2013,8,29.3,0.0,null,null,Neutral
2013GoM-Pma-05640,Sperm Whale,Vulnerable,28.733,-88.80720000000001,2013,8,29.3,0.0,null,null,Neutral
2013GoM-Pma-05640,Sperm Whale,Vulnerable,28.811,-88.6679,2013,8,29.3,0.0,null,null,Neutral
2013GoM-Pma-05640,Sperm Whale,Vulnerable,28.530800000000003,-89.0905,2013,8,29.52,0.0,null,null,Neutral
2013GoM-Pma-05640,Sperm Whale,Vulnerable,28.7941,-88.7123,2013,8,29.3,0.0,null,null,Neutral
2013GoM-Pma-05640,Sperm Whale,Vulnerable,28.8074,-88.67360000000001,2013,8,29.3,0.0,null,null,Neutral
2013GoM-Pma-05640,Sperm Whale,Vulnerable,28.799200000000003,-88.7097,2013,8,29.3,0.0,null,null,Neutral
2013GoM-Pma-05640,Sperm Whale,Vulnerable,28.805300000000003,-88.6761,2013,8,29.3,0.0,null,null,Neutral
2013GoM-Pma-05640,Sperm Whale,Vulnerable,28.8243,-88.6388,2013,8,29.3,0.0,null,null,Neutral
2013GoM-Pma-05640,Sperm Whale,Vulnerable,28.7878,-88.68860000000001,2013,8,29.3,0.0,null,null,Neutral
2013GoM-Pma-05640,Sperm Whale,Vulnerable,28.8187,-88.6436,2013,8,29.3,0.0,null,null,Neutral
2013GoM-Pma-05640,Sperm Whale,Vulnerable,28.815800000000003,-88.6453,2013,8,29.3,0.0,null,null,Neutral
2013GoM-Pma-05640,Sperm Whale,Vulnerable,28.8257,-88.6449,2013,8,29.3,0.0,null,null,Neutral
2013GoM-Pma-05640,Sperm Whale,Vulnerable,28.8065,-88.67880000000001,2013,8,29.3,0.0,null,null,Neutral
2013GoM-Pma-05640,Sperm Whale,Vulnerable,28.7087,-88.7072,2013,8,29.3,0.0,null,null,Neutral
2013GoM-Pma-05640,Sperm Whale,Vulnerable,28.8263,-88.64880000000001,2013,8,29.3,0.0,null,null,Neutral
2013GoM-Pma-05640,Sperm Whale,Vulnerable,28.723100000000002,-88.7127,2013,8,29.3,0.0,null,null,Neutral
2013GoM-Pma-05640,Sperm Whale,Vulnerable,28.805500000000002,-88.67710000000001,2013,8,29.3,0.0,null,null,Neutral
2013GoM-Pma-05640,Sperm Whale,Vulnerable,28.767,-88.70020000000001,2013,8,29.3,0.0,null,null,Neutral
2013GoM-Pma-05640,Sperm Whale,Vulnerable,28.7665,-88.7003,2013,8,29.3,0.0,null,null,Neutral
2013GoM-Pma-05640,Sperm Whale,Vulnerable,28.7676,-88.7017,2013,8,29.3,0.0,null,null,Neutral
2013GoM-Pma-05640,Sperm Whale,Vulnerable,28.724300000000003,-88.7131,2013,8,29.3,0.0,null,null,Neutral
2013GoM-Pma-05640,Sperm Whale,Vulnerable,28.748,-88.7086,2013,8,29.3,0.0,null,null,Neutral
2013GoM-Pma-05640,Sperm Whale,Vulnerable,28.748900000000003,-88.7084,2013,8,29.3,0.0,null,null,Neutral
2013GoM-Pma-05640,Sperm Whale,Vulnerable,28.716,-88.7226,2013,8,29.3,0.0,null,null,Neutral
2013GoM-Pma-05640,Sperm Whale,Vulnerable,28.7052,-88.71130000000001,2013,8,29.3,0.0,null,null,Neutral
2013GoM-Pma-05640,Sperm Whale,Vulnerable,28.7056,-88.72160000000001,2013,8,29.3,0.0,null,null,Neutral
2013GoM-Pma-05640,Sperm Whale,Vulnerable,28.7146,-88.7257,2013,8,29.3,0.0,null,null,Neutral
2013GoM-Pma-05640,Sperm Whale,Vulnerable,28.713,-88.70920000000001,2013,8,29.3,0.0,null,null,Neutral
2013GoM-Pma-05640,Sperm Whale,Vulnerable,28.715200000000003,-88.7236,2013,8,29.3,0.0,null,null,Neutral
2013GoM-Pma-05640,Sperm Whale,Vulnerable,28.691200000000002,-88.8934,2013,8,29.3,0.0,null,null,Neutral
2013GoM-Pma-05640,Sperm Whale,Vulnerable,28.710600000000003,-88.71260000000001,2013,8,29.3,0.0,null,null,Neutral
2013GoM-Pma-05640,Sperm Whale,Vulnerable,28.7112,-88.87830000000001,2013,8,29.3,0.0,null,null,Neutral
2013GoM-Pma-05640,Sperm Whale,Vulnerable,28.7024,-88.7218,2013,8,29.3,0.0,null,null,Neutral
2013GoM-Pma-05640,Sperm Whale,Vulnerable,28.753500000000003,-88.72330000000001,2013,8,29.3,0.0,null,null,Neutral
2013GoM-Pma-05640,Sperm Whale,Vulnerable,28.7177,-88.6881,2013,8,29.3,0.0,null,null,Neutral
2013GoM-Pma-05640,Sperm Whale,Vulnerable,28.5283,-89.0839,2013,8,29.52,0.0,null,null,Neutral
2013GoM-Pma-05640,Sperm Whale,Vulnerable,28.6341,-88.9394,2013,8,29.52,0.0,null,null,Neutral
2013GoM-Pma-05640,Sperm Whale,Vulnerable,28.753400000000003,-88.7235,2013,8,29.3,0.0,null,null,Neutral
2013GoM-Pma-05640,Sperm Whale,Vulnerable,28.5587,-89.00630000000001,2013,8,29.52,0.0,null,null,Neutral
2013GoM-Pma-05640,Sperm Whale,Vulnerable,28.6388,-88.93860000000001,2013,8,29.52,0.0,null,null,Neutral
2013GoM-Pma-05640,Sperm Whale,Vulnerable,28.724800000000002,-88.6881,2013,8,29.3,0.0,null,null,Neutral
2013GoM-Pma-05640,Sperm Whale,Vulnerable,28.7465,-88.6947,2013,8,29.3,0.0,null,null,Neutral
2013GoM-Pma-05640,Sperm Whale,Vulnerable,28.744100000000003,-88.6965,2013,8,29.3,0.0,null,null,Neutral
2013GoM-Pma-05640,Sperm Whale,Vulnerable,28.7432,-88.7887,2013,8,29.3,0.0,null,null,Neutral
2013GoM-Pma-05640,Sperm Whale,Vulnerable,28.7249,-88.8426,2013,8,29.3,0.0,null,null,Neutral
2013GoM-Pma-05640,Sperm Whale,Vulnerable,28.7495,-88.7562,2013,8,29.3,0.0,null,null,Neutral
2013GoM-Pma-05640,Sperm Whale,Vulnerable,28.608500000000003,-88.96180000000001,2013,8,29.52,0.0,null,null,Neutral
2013GoM-Pma-05640,Sperm Whale,Vulnerable,28.7494,-88.757,2013,8,29.3,0.0,null,null,Neutral
2013GoM-Pma-05640,Sperm Whale,Vulnerable,28.5803,-88.9888,2013,8,29.52,0.0,null,null,Neutral
2013GoM-Pma-05640,Sperm Whale,Vulnerable,28.726300000000002,-88.8429,2013,8,29.3,0.0,null,null,Neutral
2013GoM-Pma-05640,Sperm Whale,Vulnerable,28.742600000000003,-88.78790000000001,2013,8,29.3,0.0,null,null,Neutral
2013GoM-Pma-05640,Sperm Whale,Vulnerable,28.7344,-88.8143,2013,8,29.3,0.0,null,null,Neutral
2013GoM-Pma-05640,Sperm Whale,Vulnerable,28.5823,-88.9864,2013,8,29.52,0.0,null,null,Neutral
2013GoM-Pma-05640,Sperm Whale,Vulnerable,28.7347,-88.81530000000001,2013,8,29.3,0.0,null,null,Neutral
2013GoM-Pma-05640,Sperm Whale,Vulnerable,28.607400000000002,-88.9644,2013,8,29.52,0.0,null,null,Neutral
2013GoM-Pma-05640,Sperm Whale,Vulnerable,28.668100000000003,-88.9123,2013,8,29.3,0.0,null,null,Neutral
2013GoM-Pma-05640,Sperm Whale,Vulnerable,28.6918,-88.8912,2013,8,29.3,0.0,null,null,Neutral
2013GoM-Pma-05640,Sperm Whale,Vulnerable,28.536900000000003,-89.0261,2013,8,29.52,0.0,null,null,Neutral
2013GoM-Pma-05640,Sperm Whale,Vulnerable,28.6884,-88.8995,2013,8,29.3,0.0,null,null,Neutral
2013GoM-Pma-05640,Sperm Whale,Vulnerable,28.523200000000003,-89.0768,2013,8,29.52,0.0,null,null,Neutral
2013GoM-Pma-05640,Sperm Whale,Vulnerable,28.709400000000002,-88.87740000000001,2013,8,29.3,0.0,null,null,Neutral
2013GoM-Pma-05640,Sperm Whale,Vulnerable,28.5363,-89.0228,2013,8,29.52,0.0,null,null,Neutral
2013GoM-Pma-05640,Sperm Whale,Vulnerable,28.6869,-88.8991,2013,8,29.3,0.0,null,null,Neutral
2013GoM-Pma-05640,Sperm Whale,Vulnerable,28.6703,-88.912,2013,8,29.3,0.0,null,null,Neutral
2013GoM-Pma-05640,Sperm Whale,Vulnerable,28.668100000000003,-88.9126,2013,8,29.3,0.0,null,null,Neutral
2013GoM-Pma-05640,Sperm Whale,Vulnerable,28.5565,-89.01010000000001,2013,8,29.52,0.0,null,null,Neutral
2013GoM-Pma-05640,Sperm Whale,Vulnerable,28.671400000000002,-88.9144,2013,8,29.3,0.0,null,null,Neutral
2013GoM-Pma-05640,Sperm Whale,Vulnerable,28.6884,-88.91290000000001,2013,8,29.3,0.0,null,null,Neutral
2013GoM-Pma-05640,Sperm Whale,Vulnerable,28.700400000000002,-88.9033,2013,8,29.3,0.0,null,null,Neutral
2013GoM-Pma-05640,Sperm Whale,Vulnerable,28.5237,-89.0506,2013,8,29.52,0.0,null,null,Neutral
2013GoM-Pma-05640,Sperm Whale,Vulnerable,28.518800000000002,-89.06620000000001,2013,8,29.52,0.0,null,null,Neutral
2013GoM-Pma-05640,Sperm Whale,Vulnerable,28.6808,-88.9328,2013,8,29.3,0.0,null,null,Neutral
2013GoM-Pma-05640,Sperm Whale,Vulnerable,28.6809,-88.93,2013,8,29.3,0.0,null,null,Neutral
2013GoM-Pma-05640,Sperm Whale,Vulnerable,28.700300000000002,-88.9032,2013,8,29.3,0.0,null,null,Neutral
2013GoM-Pma-05640,Sperm Whale,Vulnerable,28.6883,-88.9122,2013,8,29.3,0.0,null,null,Neutral
2013GoM-Pma-05640,Sperm Whale,Vulnerable,28.700200000000002,-88.9029,2013,8,29.3,0.0,null,null,Neutral
2013GoM-Pma-05640,Sperm Whale,Vulnerable,28.5184,-89.0625,2013,8,29.52,0.0,null,null,Neutral
2013GoM-Pma-05640,Sperm Whale,Vulnerable,28.669,-88.9312,2013,8,29.3,0.0,null,null,Neutral
2013GoM-Pma-05640,Sperm Whale,Vulnerable,28.6883,-88.9115,2013,8,29.3,0.0,null,null,Neutral
2013GoM-Pma-05640,Sperm Whale,Vulnerable,28.823600000000003,-88.69550000000001,2013,8,29.3,0.0,null,null,Neutral
2013GoM-Pma-05640,Sperm Whale,Vulnerable,28.5238,-89.0535,2013,8,29.52,0.0,null,null,Neutral
2013GoM-Pma-05640,Sperm Whale,Vulnerable,28.7833,-88.7861,2013,8,29.3,0.0,null,null,Neutral
2013GoM-Pma-05640,Sperm Whale,Vulnerable,28.713,-88.87740000000001,2013,8,29.3,0.0,null,null,Neutral
2013GoM-Pma-05640,Sperm Whale,Vulnerable,28.588700000000003,-89.2989,2013,8,29.52,0.0,null,null,Neutral
2013GoM-Pma-05640,Sperm Whale,Vulnerable,28.716900000000003,-88.9058,2013,8,29.3,0.0,null,null,Neutral
2013GoM-Pma-05640,Sperm Whale,Vulnerable,28.7129,-88.9016,2013,8,29.3,0.0,null,null,Neutral
2013GoM-Pma-05640,Sperm Whale,Vulnerable,28.5408,-89.0839,2013,8,29.52,0.0,null,null,Neutral
2013GoM-Pma-05640,Sperm Whale,Vulnerable,28.605800000000002,-89.3073,2013,8,29.52,0.0,null,null,Neutral
2013GoM-Pma-05640,Sperm Whale,Vulnerable,28.4602,-89.1545,2013,8,29.52,0.0,null,null,Neutral
2013GoM-Pma-05640,Sperm Whale,Vulnerable,28.702,-88.9132,2013,8,29.3,0.0,null,null,Neutral
2013GoM-Pma-05640,Sperm Whale,Vulnerable,28.7098,-88.87740000000001,2013,8,29.3,0.0,null,null,Neutral
2013GoM-Pma-05640,Sperm Whale,Vulnerable,28.5406,-89.0878,2013,8,29.52,0.0,null,null,Neutral
2013GoM-Pma-05640,Sperm Whale,Vulnerable,28.6232,-89.31320000000001,2013,8,29.52,0.0,null,null,Neutral
2013GoM-Pma-05640,Sperm Whale,Vulnerable,28.713,-88.899,2013,8,29.3,0.0,null,null,Neutral
2013GoM-Pma-05640,Sperm Whale,Vulnerable,28.7227,-88.916,2013,8,29.3,0.0,null,null,Neutral
2013GoM-Pma-05640,Sperm Whale,Vulnerable,28.724400000000003,-88.9183,2013,8,29.3,0.0,null,null,Neutral
2013GoM-Pma-05640,Sperm Whale,Vulnerable,28.709,-88.8972,2013,8,29.3,0.0,null,null,Neutral
2013GoM-Pma-05640,Sperm Whale,Vulnerable,28.703200000000002,-88.917,2013,8,29.3,0.0,null,null,Neutral
2013GoM-Pma-05640,Sperm Whale,Vulnerable,28.5359,-89.0879,2013,8,29.52,0.0,null,null,Neutral
2013GoM-Pma-05640,Sperm Whale,Vulnerable,28.5328,-89.0861,2013,8,29.52,0.0,null,null,Neutral
2013GoM-Pma-05640,Sperm Whale,Vulnerable,28.7025,-88.89970000000001,2013,8,29.3,0.0,null,null,Neutral
2013GoM-Pma-05640,Sperm Whale,Vulnerable,28.7027,-88.9012,2013,8,29.3,0.0,null,null,Neutral
2013GoM-Pma-05640,Sperm Whale,Vulnerable,28.995700000000003,-89.8788,2013,8,29.41,0.0,null,null,Neutral
2013GoM-Pma-05640,Sperm Whale,Vulnerable,28.7813,-88.8604,2013,8,29.3,0.0,null,null,Neutral
2013GoM-Pma-05640,Sperm Whale,Vulnerable,28.8029,-88.7604,2013,8,29.3,0.0,null,null,Neutral
2013GoM-Pma-05640,Sperm Whale,Vulnerable,28.8868,-89.7091,2013,8,29.41,0.0,null,null,Neutral
2013GoM-Pma-05640,Sperm Whale,Vulnerable,28.7301,-88.87610000000001,2013,8,29.3,0.0,null,null,Neutral
2013GoM-Pma-05640,Sperm Whale,Vulnerable,28.7236,-88.87650000000001,2013,8,29.3,0.0,null,null,Neutral
2013GoM-Pma-05640,Sperm Whale,Vulnerable,28.457500000000003,-89.1014,2013,8,29.52,0.0,null,null,Neutral
2013GoM-Pma-05640,Sperm Whale,Vulnerable,28.774,-88.86460000000001,2013,8,29.3,0.0,null,null,Neutral
2013GoM-Pma-05640,Sperm Whale,Vulnerable,28.4571,-89.1363,2013,8,29.52,0.0,null,null,Neutral
2013GoM-Pma-05640,Sperm Whale,Vulnerable,28.7373,-88.876,2013,8,29.3,0.0,null,null,Neutral
2013GoM-Pma-05640,Sperm Whale,Vulnerable,28.7865,-89.5822,2013,8,29.41,0.0,null,null,Neutral
2013GoM-Pma-05640,Sperm Whale,Vulnerable,28.4482,-89.1067,2013,8,29.52,0.0,null,null,Neutral
2013GoM-Pma-05640,Sperm Whale,Vulnerable,28.765700000000002,-88.8695,2013,8,29.3,0.0,null,null,Neutral
2013GoM-Pma-05640,Sperm Whale,Vulnerable,28.7589,-88.8725,2013,8,29.3,0.0,null,null,Neutral
2013GoM-Pma-05640,Sperm Whale,Vulnerable,28.428700000000003,-89.1113,2013,8,29.52,0.0,null,null,Neutral
2013GoM-Pma-05640,Sperm Whale,Vulnerable,28.785500000000003,-88.82180000000001,2013,8,29.3,0.0,null,null,Neutral
2013GoM-Pma-05640,Sperm Whale,Vulnerable,28.8003,-88.7599,2013,8,29.3,0.0,null,null,Neutral
2013GoM-Pma-05640,Sperm Whale,Vulnerable,28.459400000000002,-89.0985,2013,8,29.52,0.0,null,null,Neutral
2013GoM-Pma-05640,Sperm Whale,Vulnerable,28.4615,-89.0976,2013,8,29.52,0.0,null,null,Neutral
2013GoM-Pma-05640,Sperm Whale,Vulnerable,28.785400000000003,-88.858,2013,8,29.3,0.0,null,null,Neutral
2013GoM-Pma-05640,Sperm Whale,Vulnerable,28.7834,-88.8236,2013,8,29.3,0.0,null,null,Neutral
2013GoM-Pma-05640,Sperm Whale,Vulnerable,28.778000000000002,-88.7906,2013,8,29.3,0.0,null,null,Neutral
2013GoM-Pma-05640,Sperm Whale,Vulnerable,28.7865,-88.7645,2013,8,29.3,0.0,null,null,Neutral
2013GoM-Pma-05640,Sperm Whale,Vulnerable,28.4612,-89.0963,2013,8,29.52,0.0,null,null,Neutral
2013GoM-Pma-05640,Sperm Whale,Vulnerable,28.785,-88.7673,2013,8,29.3,0.0,null,null,Neutral
2013GoM-Pma-05640,Sperm Whale,Vulnerable,28.779500000000002,-88.7882,2013,8,29.3,0.0,null,null,Neutral
2013GoM-Pma-05640,Sperm Whale,Vulnerable,28.462300000000003,-89.0954,2013,8,29.52,0.0,null,null,Neutral
2013GoM-Pma-05640,Sperm Whale,Vulnerable,28.821,-88.6961,2013,8,29.3,0.0,null,null,Neutral
2013GoM-Pma-05640,Sperm Whale,Vulnerable,28.7912,-88.66,2013,8,29.3,0.0,null,null,Neutral
2013GoM-Pma-05640,Sperm Whale,Vulnerable,28.783800000000003,-88.78370000000001,2013,8,29.3,0.0,null,null,Neutral
2013GoM-Pma-05640,Sperm Whale,Vulnerable,28.8079,-88.7024,2013,8,29.3,0.0,null,null,Neutral
2013GoM-Pma-05640,Sperm Whale,Vulnerable,28.572,-89.2886,2013,8,29.52,0.0,null,null,Neutral
2013GoM-Pma-05640,Sperm Whale,Vulnerable,28.478900000000003,-89.19890000000001,2013,8,29.52,0.0,null,null,Neutral
2013GoM-Pma-05640,Sperm Whale,Vulnerable,28.7984,-88.73020000000001,2013,8,29.3,0.0,null,null,Neutral
2013GoM-Pma-05640,Sperm Whale,Vulnerable,28.553800000000003,-89.2739,2013,8,29.52,0.0,null,null,Neutral
2013GoM-Pma-05640,Sperm Whale,Vulnerable,28.788400000000003,-88.7572,2013,8,29.3,0.0,null,null,Neutral
2013GoM-Pma-05640,Sperm Whale,Vulnerable,28.468500000000002,-89.178,2013,8,29.52,0.0,null,null,Neutral
2013GoM-Pma-05640,Sperm Whale,Vulnerable,28.79,-88.7548,2013,8,29.3,0.0,null,null,Neutral
2013GoM-Pma-05640,Sperm Whale,Vulnerable,28.797900000000002,-88.7325,2013,8,29.3,0.0,null,null,Neutral
2013GoM-Pma-05640,Sperm Whale,Vulnerable,28.5367,-89.2612,2013,8,29.52,0.0,null,null,Neutral
2013GoM-Pma-05640,Sperm Whale,Vulnerable,28.8072,-88.6851,2013,8,29.3,0.0,null,null,Neutral
2013GoM-Pma-05640,Sperm Whale,Vulnerable,28.505200000000002,-89.2328,2013,8,29.52,0.0,null,null,Neutral
2013GoM-Pma-05640,Sperm Whale,Vulnerable,28.7783,-88.6449,2013,8,29.3,0.0,null,null,Neutral
2013GoM-Pma-05640,Sperm Whale,Vulnerable,28.806900000000002,-88.6915,2013,8,29.3,0.0,null,null,Neutral
2013GoM-Pma-05640,Sperm Whale,Vulnerable,28.8077,-88.6986,2013,8,29.3,0.0,null,null,Neutral
2013GoM-Pma-05640,Sperm Whale,Vulnerable,28.8004,-88.6837,2013,8,29.3,0.0,null,null,Neutral
2013GoM-Pma-05640,Sperm Whale,Vulnerable,28.7806,-88.64620000000001,2013,8,29.3,0.0,null,null,Neutral
2013GoM-Pma-05640,Sperm Whale,Vulnerable,28.799300000000002,-88.68350000000001,2013,8,29.3,0.0,null,null,Neutral
2013GoM-Pma-05640,Sperm Whale,Vulnerable,28.7784,-88.667,2013,8,29.3,0.0,null,null,Neutral
2013GoM-Pma-05640,Sperm Whale,Vulnerable,28.7818,-88.6836,2013,8,29.3,0.0,null,null,Neutral
2013GoM-Pma-05640,Sperm Whale,Vulnerable,28.777900000000002,-88.68180000000001,2013,8,29.3,0.0,null,null,Neutral
2013GoM-Pma-05640,Sperm Whale,Vulnerable,28.7847,-88.6977,2013,8,29.3,0.0,null,null,Neutral
2013GoM-Pma-05640,Sperm Whale,Vulnerable,28.7906,-88.6616,2013,8,29.3,0.0,null,null,Neutral
2013GoM-Pma-05640,Sperm Whale,Vulnerable,28.7942,-88.69030000000001,2013,8,29.3,0.0,null,null,Neutral
2013GoM-Pma-05640,Sperm Whale,Vulnerable,28.796200000000002,-88.6898,2013,8,29.3,0.0,null,null,Neutral
2013GoM-Pma-05640,Sperm Whale,Vulnerable,28.7758,-88.6785,2013,8,29.3,0.0,null,null,Neutral
2013GoM-Pma-05640,Sperm Whale,Vulnerable,28.791700000000002,-88.697,2013,8,29.3,0.0,null,null,Neutral
2013GoM-Pma-05640,Sperm Whale,Vulnerable,28.779200000000003,-88.665,2013,8,29.3,0.0,null,null,Neutral
2013GoM-Pma-05640,Sperm Whale,Vulnerable,28.7893,-88.6974,2013,8,29.3,0.0,null,null,Neutral
2013GoM-Pma-05640,Sperm Whale,Vulnerable,28.778200000000002,-88.68430000000001,2013,8,29.3,0.0,null,null,Neutral
2013GoM-Pma-05640,Sperm Whale,Vulnerable,28.7803,-88.6838,2013,8,29.3,0.0,null,null,Neutral
2013GoM-Pma-05640,Sperm Whale,Vulnerable,28.7776,-88.67060000000001,2013,8,29.3,0.0,null,null,Neutral
2013GoM-Pma-05640,Sperm Whale,Vulnerable,28.773,-88.65650000000001,2013,8,29.3,0.0,null,null,Neutral
2013GoM-Pma-05640,Sperm Whale,Vulnerable,28.7773,-88.6748,2013,8,29.3,0.0,null,null,Neutral
2013GoM-Pma-05640,Sperm Whale,Vulnerable,28.7728,-88.656,2013,8,29.3,0.0,null,null,Neutral
2013GoM-Pma-05640,Sperm Whale,Vulnerable,28.6746,-88.9067,2013,8,29.3,0.0,null,null,Neutral
2013GoM-Pma-05640,Sperm Whale,Vulnerable,28.6734,-88.9059,2013,8,29.3,0.0,null,null,Neutral
2013GoM-Pma-05640,Sperm Whale,Vulnerable,28.7723,-88.79860000000001,2013,8,29.3,0.0,null,null,Neutral
2013GoM-Pma-05640,Sperm Whale,Vulnerable,28.837500000000002,-88.6773,2013,8,29.3,0.0,null,null,Neutral
2013GoM-Pma-05640,Sperm Whale,Vulnerable,29.128600000000002,-87.8806,2013,8,29.3,0.0,null,null,Neutral
2013GoM-Pma-05640,Sperm Whale,Vulnerable,28.8379,-88.6769,2013,8,29.3,0.0,null,null,Neutral
2013GoM-Pma-05640,Sperm Whale,Vulnerable,28.8503,-88.6592,2013,8,29.3,0.0,null,null,Neutral
2013GoM-Pma-05640,Sperm Whale,Vulnerable,28.7723,-88.797,2013,8,29.3,0.0,null,null,Neutral
2013GoM-Pma-05640,Sperm Whale,Vulnerable,28.8409,-88.67790000000001,2013,8,29.3,0.0,null,null,Neutral
2013GoM-Pma-05640,Sperm Whale,Vulnerable,29.128700000000002,-87.8721,2013,8,29.3,0.0,null,null,Neutral
2013GoM-Pma-05640,Sperm Whale,Vulnerable,29.151100000000003,-87.7883,2013,8,29.3,0.0,null,null,Neutral
2013GoM-Pma-05640,Sperm Whale,Vulnerable,28.814400000000003,-88.7068,2013,8,29.3,0.0,null,null,Neutral
2013GoM-Pma-05640,Sperm Whale,Vulnerable,28.8474,-88.6572,2013,8,29.3,0.0,null,null,Neutral
2013GoM-Pma-05640,Sperm Whale,Vulnerable,29.130200000000002,-87.70360000000001,2013,8,29.3,0.0,null,null,Neutral
2013GoM-Pma-05640,Sperm Whale,Vulnerable,28.814500000000002,-88.7044,2013,8,29.3,0.0,null,null,Neutral
2013GoM-Pma-05640,Sperm Whale,Vulnerable,28.8385,-88.6806,2013,8,29.3,0.0,null,null,Neutral
2013GoM-Pma-05640,Sperm Whale,Vulnerable,28.7973,-88.7368,2013,8,29.3,0.0,null,null,Neutral
2013GoM-Pma-05640,Sperm Whale,Vulnerable,28.782400000000003,-88.7669,2013,8,29.3,0.0,null,null,Neutral
2013GoM-Pma-05640,Sperm Whale,Vulnerable,28.7973,-88.7382,2013,8,29.3,0.0,null,null,Neutral
2013GoM-Pma-05640,Sperm Whale,Vulnerable,28.7816,-88.7643,2013,8,29.3,0.0,null,null,Neutral
2013GoM-Pma-05640,Sperm Whale,Vulnerable,28.703100000000003,-88.8968,2013,8,29.3,0.0,null,null,Neutral
2013GoM-Pma-05640,Sperm Whale,Vulnerable,28.660700000000002,-88.9088,2013,8,29.3,0.0,null,null,Neutral
2013GoM-Pma-05640,Sperm Whale,Vulnerable,28.7555,-88.8211,2013,8,29.3,0.0,null,null,Neutral
2013GoM-Pma-05640,Sperm Whale,Vulnerable,28.755300000000002,-88.8227,2013,8,29.3,0.0,null,null,Neutral
2013GoM-Pma-05640,Sperm Whale,Vulnerable,28.733700000000002,-88.8491,2013,8,29.3,0.0,null,null,Neutral
2013GoM-Pma-05640,Sperm Whale,Vulnerable,28.7133,-88.87910000000001,2013,8,29.3,0.0,null,null,Neutral
2013GoM-Pma-05640,Sperm Whale,Vulnerable,28.6646,-88.9114,2013,8,29.3,0.0,null,null,Neutral
2013GoM-Pma-05640,Sperm Whale,Vulnerable,28.7334,-88.84960000000001,2013,8,29.3,0.0,null,null,Neutral
2013GoM-Pma-05640,Sperm Whale,Vulnerable,28.6838,-88.893,2013,8,29.3,0.0,null,null,Neutral
2013GoM-Pma-05640,Sperm Whale,Vulnerable,28.7133,-88.87870000000001,2013,8,29.3,0.0,null,null,Neutral
2013GoM-Pma-05640,Sperm Whale,Vulnerable,28.6797,-88.8951,2013,8,29.3,0.0,null,null,Neutral
2013GoM-Pma-05640,Sperm Whale,Vulnerable,28.6688,-88.90650000000001,2013,8,29.3,0.0,null,null,Neutral
2013GoM-Pma-05640,Sperm Whale,Vulnerable,28.556800000000003,-88.42490000000001,2013,8,29.44,0.0,null,null,Neutral
2013GoM-Pma-05640,Sperm Whale,Vulnerable,28.558300000000003,-88.4303,2013,8,29.44,0.0,null,null,Neutral
2013GoM-Pma-05640,Sperm Whale,Vulnerable,28.6739,-88.9007,2013,8,29.3,0.0,null,null,Neutral
2013GoM-Pma-05640,Sperm Whale,Vulnerable,28.7026,-88.895,2013,8,29.3,0.0,null,null,Neutral
2013GoM-Pma-05640,Sperm Whale,Vulnerable,29.009700000000002,-89.965,2013,8,29.41,0.0,null,null,Neutral
2013GoM-Pma-05640,Sperm Whale,Vulnerable,29.0089,-89.9846,2013,8,29.41,0.0,null,null,Neutral
2013GoM-Pma-05640,Sperm Whale,Vulnerable,28.699,-88.89110000000001,2013,8,29.3,0.0,null,null,Neutral
2013GoM-Pma-05640,Sperm Whale,Vulnerable,28.5565,-88.4222,2013,8,29.44,0.0,null,null,Neutral
2013GoM-Pma-05640,Sperm Whale,Vulnerable,28.9505,-91.08290000000001,2013,8,29.17,0.0,null,null,Neutral
2013GoM-Pma-05640,Sperm Whale,Vulnerable,28.6693,-88.93520000000001,2013,8,29.3,0.0,null,null,Neutral
2013GoM-Pma-05640,Sperm Whale,Vulnerable,28.8121,-89.6241,2013,8,29.41,0.0,null,null,Neutral
2013GoM-Pma-05640,Sperm Whale,Vulnerable,28.7756,-89.5627,2013,8,29.41,0.0,null,null,Neutral
2013GoM-Pma-05640,Sperm Whale,Vulnerable,28.5943,-88.45530000000001,2013,8,29.44,0.0,null,null,Neutral
2013GoM-Pma-05640,Sperm Whale,Vulnerable,28.567600000000002,-88.4422,2013,8,29.44,0.0,null,null,Neutral
2013GoM-Pma-05640,Sperm Whale,Vulnerable,29.0089,-89.9285,2013,8,29.41,0.0,null,null,Neutral
2013GoM-Pma-05640,Sperm Whale,Vulnerable,28.8471,-89.6645,2013,8,29.41,0.0,null,null,Neutral
2013GoM-Pma-05640,Sperm Whale,Vulnerable,29.006400000000003,-89.9111,2013,8,29.41,0.0,null,null,Neutral
2013GoM-Pma-05640,Sperm Whale,Vulnerable,28.9544,-89.7826,2013,8,29.41,0.0,null,null,Neutral
2013GoM-Pma-05640,Sperm Whale,Vulnerable,28.866400000000002,-89.68740000000001,2013,8,29.41,0.0,null,null,Neutral
2013GoM-Pma-05640,Sperm Whale,Vulnerable,28.6075,-88.4704,2013,8,29.44,0.0,null,null,Neutral
2013GoM-Pma-05640,Sperm Whale,Vulnerable,28.971300000000003,-89.8168,2013,8,29.41,0.0,null,null,Neutral
2013GoM-Pma-05640,Sperm Whale,Vulnerable,28.625200000000003,-88.4932,2013,8,29.44,0.0,null,null,Neutral
2013GoM-Pma-05640,Sperm Whale,Vulnerable,28.637600000000003,-88.509,2013,8,29.44,0.0,null,null,Neutral
2013GoM-Pma-05640,Sperm Whale,Vulnerable,28.654600000000002,-88.5239,2013,8,29.44,0.0,null,null,Neutral
2013GoM-Pma-05640,Sperm Whale,Vulnerable,28.5941,-88.452,2013,8,29.44,0.0,null,null,Neutral
2013GoM-Pma-05640,Sperm Whale,Vulnerable,29.001700000000003,-89.8951,2013,8,29.41,0.0,null,null,Neutral
2013GoM-Pma-05640,Sperm Whale,Vulnerable,28.6396,-88.511,2013,8,29.44,0.0,null,null,Neutral
2013GoM-Pma-05640,Sperm Whale,Vulnerable,28.988300000000002,-89.8596,2013,8,29.41,0.0,null,null,Neutral
2013GoM-Pma-05640,Sperm Whale,Vulnerable,28.6884,-88.5524,2013,8,29.44,0.0,null,null,Neutral
2013GoM-Pma-05640,Sperm Whale,Vulnerable,28.6735,-88.54090000000001,2013,8,29.44,0.0,null,null,Neutral
2013GoM-Pma-05640,Sperm Whale,Vulnerable,28.6717,-88.75670000000001,2013,8,29.44,0.0,null,null,Neutral
2013GoM-Pma-05640,Sperm Whale,Vulnerable,28.686400000000003,-88.55210000000001,2013,8,29.44,0.0,null,null,Neutral
2013GoM-Pma-05640,Sperm Whale,Vulnerable,28.643600000000003,-88.7577,2013,8,29.44,0.0,null,null,Neutral
2013GoM-Pma-05640,Sperm Whale,Vulnerable,28.622400000000003,-88.7278,2013,8,29.44,0.0,null,null,Neutral
2013GoM-Pma-05640,Sperm Whale,Vulnerable,28.5817,-88.7185,2013,8,29.44,0.0,null,null,Neutral
2013GoM-Pma-05640,Sperm Whale,Vulnerable,28.656100000000002,-88.52510000000001,2013,8,29.44,0.0,null,null,Neutral
2013GoM-Pma-05640,Sperm Whale,Vulnerable,28.5944,-88.72120000000001,2013,8,29.44,0.0,null,null,Neutral
2013GoM-Pma-05640,Sperm Whale,Vulnerable,28.6215,-88.72460000000001,2013,8,29.44,0.0,null,null,Neutral
2013GoM-Pma-05640,Sperm Whale,Vulnerable,28.5914,-88.7189,2013,8,29.44,0.0,null,null,Neutral
2013GoM-Pma-05640,Sperm Whale,Vulnerable,28.596300000000003,-88.72370000000001,2013,8,29.44,0.0,null,null,Neutral
2013GoM-Pma-05640,Sperm Whale,Vulnerable,28.527900000000002,-88.7612,2013,8,29.44,0.0,null,null,Neutral
2013GoM-Pma-05640,Sperm Whale,Vulnerable,28.514400000000002,-88.7684,2013,8,29.44,0.0,null,null,Neutral
2013GoM-Pma-05640,Sperm Whale,Vulnerable,28.644000000000002,-88.7613,2013,8,29.44,0.0,null,null,Neutral
2013GoM-Pma-05640,Sperm Whale,Vulnerable,28.6708,-88.5381,2013,8,29.44,0.0,null,null,Neutral
2013GoM-Pma-05640,Sperm Whale,Vulnerable,28.5378,-88.75580000000001,2013,8,29.44,0.0,null,null,Neutral
2013GoM-Pma-05640,Sperm Whale,Vulnerable,28.5484,-88.7406,2013,8,29.44,0.0,null,null,Neutral
2013GoM-Pma-05640,Sperm Whale,Vulnerable,28.5365,-88.75590000000001,2013,8,29.44,0.0,null,null,Neutral
2013GoM-Pma-05640,Sperm Whale,Vulnerable,28.547,-88.7416,2013,8,29.44,0.0,null,null,Neutral
2013GoM-Pma-05640,Sperm Whale,Vulnerable,28.5087,-88.7701,2013,8,29.44,0.0,null,null,Neutral
2013GoM-Pma-05640,Sperm Whale,Vulnerable,28.505300000000002,-88.77130000000001,2013,8,29.44,0.0,null,null,Neutral
2013GoM-Pma-05640,Sperm Whale,Vulnerable,28.5085,-88.7677,2013,8,29.44,0.0,null,null,Neutral
2013GoM-Pma-05640,Sperm Whale,Vulnerable,28.5679,-88.7296,2013,8,29.44,0.0,null,null,Neutral
2013GoM-Pma-05640,Sperm Whale,Vulnerable,28.499200000000002,-88.7736,2013,8,29.44,0.0,null,null,Neutral
2013GoM-Pma-05640,Sperm Whale,Vulnerable,28.4978,-88.76960000000001,2013,8,29.44,0.0,null,null,Neutral
2013GoM-Pma-05640,Sperm Whale,Vulnerable,29.0377,-88.2157,2013,8,29.22,0.0,null,null,Neutral
2013GoM-Pma-05640,Sperm Whale,Vulnerable,28.9937,-88.24690000000001,2013,8,29.3,0.0,null,null,Neutral
2013GoM-Pma-05640,Sperm Whale,Vulnerable,28.5016,-88.77770000000001,2013,8,29.44,0.0,null,null,Neutral
2013GoM-Pma-05640,Sperm Whale,Vulnerable,28.9981,-88.3266,2013,8,29.3,0.0,null,null,Neutral
2013GoM-Pma-05640,Sperm Whale,Vulnerable,28.496000000000002,-88.7693,2013,8,29.44,0.0,null,null,Neutral
2013GoM-Pma-05640,Sperm Whale,Vulnerable,28.9741,-88.3129,2013,8,29.3,0.0,null,null,Neutral
2013GoM-Pma-05640,Sperm Whale,Vulnerable,28.761300000000002,-88.5733,2013,8,29.3,0.0,null,null,Neutral
2013GoM-Pma-05640,Sperm Whale,Vulnerable,28.8028,-88.3807,2013,8,29.3,0.0,null,null,Neutral
2013GoM-Pma-05640,Sperm Whale,Vulnerable,28.7921,-88.5142,2013,8,29.3,0.0,null,null,Neutral
2013GoM-Pma-05640,Sperm Whale,Vulnerable,28.686600000000002,-88.2622,2013,8,29.3,0.0,null,null,Neutral
2013GoM-Pma-05640,Sperm Whale,Vulnerable,28.821,-88.523,2013,8,29.3,0.0,null,null,Neutral
2013GoM-Pma-05640,Sperm Whale,Vulnerable,29.007,-88.3288,2013,8,29.3,0.0,null,null,Neutral
2013GoM-Pma-05640,Sperm Whale,Vulnerable,28.8842,-88.6031,2013,8,29.3,0.0,null,null,Neutral
2013GoM-Pma-05640,Sperm Whale,Vulnerable,29.0226,-88.25880000000001,2013,8,29.3,0.0,null,null,Neutral
2013GoM-Pma-05640,Sperm Whale,Vulnerable,28.8076,-88.3515,2013,8,29.3,0.0,null,null,Neutral
2013GoM-Pma-05640,Sperm Whale,Vulnerable,29.0076,-88.32780000000001,2013,8,29.3,0.0,null,null,Neutral
2013GoM-Pma-05640,Sperm Whale,Vulnerable,28.6687,-88.7557,2013,8,29.44,0.0,null,null,Neutral
2013GoM-Pma-05640,Sperm Whale,Vulnerable,28.8656,-88.30420000000001,2013,8,29.3,0.0,null,null,Neutral
2013GoM-Pma-05640,Sperm Whale,Vulnerable,28.6205,-88.7179,2013,8,29.44,0.0,null,null,Neutral
2013GoM-Pma-05640,Sperm Whale,Vulnerable,28.526600000000002,-88.762,2013,8,29.44,0.0,null,null,Neutral
2013GoM-Pma-05640,Sperm Whale,Vulnerable,28.566,-88.7294,2013,8,29.44,0.0,null,null,Neutral
2013GoM-Pma-05640,Sperm Whale,Vulnerable,28.771600000000003,-88.4721,2013,8,29.3,0.0,null,null,Neutral
2013GoM-Pma-05640,Sperm Whale,Vulnerable,28.802100000000003,-88.5386,2013,8,29.3,0.0,null,null,Neutral
2013GoM-Pma-05640,Sperm Whale,Vulnerable,28.782300000000003,-88.4667,2013,8,29.3,0.0,null,null,Neutral
2013GoM-Pma-05640,Sperm Whale,Vulnerable,28.9932,-88.32600000000001,2013,8,29.3,0.0,null,null,Neutral
2013GoM-Pma-05640,Sperm Whale,Vulnerable,28.5361,-88.744,2013,8,29.44,0.0,null,null,Neutral
2013GoM-Pma-05640,Sperm Whale,Vulnerable,28.9978,-88.3287,2013,8,29.3,0.0,null,null,Neutral
2013GoM-Pma-05640,Sperm Whale,Vulnerable,28.9097,-88.5652,2013,8,29.3,0.0,null,null,Neutral
2013GoM-Pma-05640,Sperm Whale,Vulnerable,28.8049,-88.51650000000001,2013,8,29.3,0.0,null,null,Neutral
2013GoM-Pma-05640,Sperm Whale,Vulnerable,28.9859,-88.32180000000001,2013,8,29.3,0.0,null,null,Neutral
2013GoM-Pma-05640,Sperm Whale,Vulnerable,28.520400000000002,-88.75450000000001,2013,8,29.44,0.0,null,null,Neutral
2013GoM-Pma-05640,Sperm Whale,Vulnerable,28.983700000000002,-88.311,2013,8,29.3,0.0,null,null,Neutral
2013GoM-Pma-05640,Sperm Whale,Vulnerable,28.749200000000002,-88.4971,2013,8,29.3,0.0,null,null,Neutral
2013GoM-Pma-05640,Sperm Whale,Vulnerable,28.9877,-88.3208,2013,8,29.3,0.0,null,null,Neutral
2013GoM-Pma-05640,Sperm Whale,Vulnerable,28.909100000000002,-88.57650000000001,2013,8,29.3,0.0,null,null,Neutral
2013GoM-Pma-05640,Sperm Whale,Vulnerable,28.994,-88.2525,2013,8,29.3,0.0,null,null,Neutral
2013GoM-Pma-05640,Sperm Whale,Vulnerable,28.986700000000003,-88.3069,2013,8,29.3,0.0,null,null,Neutral
2013GoM-Pma-05640,Sperm Whale,Vulnerable,28.537300000000002,-88.7423,2013,8,29.44,0.0,null,null,Neutral
2013GoM-Pma-05640,Sperm Whale,Vulnerable,28.974700000000002,-88.31530000000001,2013,8,29.3,0.0,null,null,Neutral
2013GoM-Pma-05640,Sperm Whale,Vulnerable,28.523100000000003,-88.752,2013,8,29.44,0.0,null,null,Neutral
2013GoM-Pma-05640,Sperm Whale,Vulnerable,28.989500000000003,-88.3138,2013,8,29.3,0.0,null,null,Neutral
2013GoM-Pma-05640,Sperm Whale,Vulnerable,28.898,-88.5879,2013,8,29.3,0.0,null,null,Neutral
2013GoM-Pma-05640,Sperm Whale,Vulnerable,28.895400000000002,-88.5904,2013,8,29.3,0.0,null,null,Neutral
2013GoM-Pma-05640,Sperm Whale,Vulnerable,28.804100000000002,-88.3692,2013,8,29.3,0.0,null,null,Neutral
2013GoM-Pma-05640,Sperm Whale,Vulnerable,28.9741,-88.3146,2013,8,29.3,0.0,null,null,Neutral
2013GoM-Pma-05640,Sperm Whale,Vulnerable,28.5639,-88.7369,2013,8,29.44,0.0,null,null,Neutral
2013GoM-Pma-05640,Sperm Whale,Vulnerable,28.7586,-88.57560000000001,2013,8,29.3,0.0,null,null,Neutral
2013GoM-Pma-05640,Sperm Whale,Vulnerable,28.806700000000003,-88.35220000000001,2013,8,29.3,0.0,null,null,Neutral
2013GoM-Pma-05640,Sperm Whale,Vulnerable,28.791600000000003,-88.5133,2013,8,29.3,0.0,null,null,Neutral
2013GoM-Pma-05640,Sperm Whale,Vulnerable,28.9781,-88.3198,2013,8,29.3,0.0,null,null,Neutral
2013GoM-Pma-05640,Sperm Whale,Vulnerable,28.5648,-88.73660000000001,2013,8,29.44,0.0,null,null,Neutral
2013GoM-Pma-05640,Sperm Whale,Vulnerable,28.986,-88.3187,2013,8,29.3,0.0,null,null,Neutral
2013GoM-Pma-05640,Sperm Whale,Vulnerable,28.727,-88.5214,2013,8,29.3,0.0,null,null,Neutral
2013GoM-Pma-05640,Sperm Whale,Vulnerable,28.9814,-88.3204,2013,8,29.3,0.0,null,null,Neutral
2013GoM-Pma-05640,Sperm Whale,Vulnerable,28.8825,-88.6059,2013,8,29.3,0.0,null,null,Neutral
2013GoM-Pma-05640,Sperm Whale,Vulnerable,28.9932,-88.2587,2013,8,29.3,0.0,null,null,Neutral
2013GoM-Pma-05640,Sperm Whale,Vulnerable,28.985300000000002,-88.3191,2013,8,29.3,0.0,null,null,Neutral
2013GoM-Pma-05640,Sperm Whale,Vulnerable,28.619600000000002,-88.71770000000001,2013,8,29.44,0.0,null,null,Neutral
2013GoM-Pma-05640,Sperm Whale,Vulnerable,28.512900000000002,-88.762,2013,8,29.44,0.0,null,null,Neutral
2013GoM-Pma-05640,Sperm Whale,Vulnerable,28.981900000000003,-88.2964,2013,8,29.3,0.0,null,null,Neutral
2013GoM-Pma-05640,Sperm Whale,Vulnerable,28.873,-88.6136,2013,8,29.3,0.0,null,null,Neutral
2013GoM-Pma-05640,Sperm Whale,Vulnerable,28.860300000000002,-88.6285,2013,8,29.3,0.0,null,null,Neutral
2013GoM-Pma-05640,Sperm Whale,Vulnerable,28.985100000000003,-88.3227,2013,8,29.3,0.0,null,null,Neutral
2013GoM-Pma-05640,Sperm Whale,Vulnerable,28.991400000000002,-88.3144,2013,8,29.3,0.0,null,null,Neutral
2013GoM-Pma-05640,Sperm Whale,Vulnerable,28.802300000000002,-88.36370000000001,2013,8,29.3,0.0,null,null,Neutral
2013GoM-Pma-05640,Sperm Whale,Vulnerable,28.6007,-88.727,2013,8,29.44,0.0,null,null,Neutral
2013GoM-Pma-05640,Sperm Whale,Vulnerable,28.991100000000003,-88.26270000000001,2013,8,29.3,0.0,null,null,Neutral
2013GoM-Pma-05640,Sperm Whale,Vulnerable,28.980800000000002,-88.30210000000001,2013,8,29.3,0.0,null,null,Neutral
2013GoM-Pma-05640,Sperm Whale,Vulnerable,28.736800000000002,-88.5826,2013,8,29.3,0.0,null,null,Neutral
2013GoM-Pma-05640,Sperm Whale,Vulnerable,28.8035,-88.3677,2013,8,29.3,0.0,null,null,Neutral
2013GoM-Pma-05640,Sperm Whale,Vulnerable,28.582800000000002,-88.7325,2013,8,29.44,0.0,null,null,Neutral
2013GoM-Pma-05640,Sperm Whale,Vulnerable,28.9832,-88.293,2013,8,29.3,0.0,null,null,Neutral
2013GoM-Pma-05640,Sperm Whale,Vulnerable,28.8579,-88.6307,2013,8,29.3,0.0,null,null,Neutral
2013GoM-Pma-05640,Sperm Whale,Vulnerable,29.042,-88.20530000000001,2013,8,29.22,0.0,null,null,Neutral
2013GoM-Pma-05640,Sperm Whale,Vulnerable,28.9843,-88.2878,2013,8,29.3,0.0,null,null,Neutral
2013GoM-Pma-05640,Sperm Whale,Vulnerable,29.032600000000002,-88.1513,2013,8,29.22,0.0,null,null,Neutral
2013GoM-Pma-05640,Sperm Whale,Vulnerable,28.7204,-88.5917,2013,8,29.3,0.0,null,null,Neutral
2013GoM-Pma-05640,Sperm Whale,Vulnerable,28.6017,-88.72760000000001,2013,8,29.44,0.0,null,null,Neutral
2013GoM-Pma-05640,Sperm Whale,Vulnerable,28.992800000000003,-88.22720000000001,2013,8,29.3,0.0,null,null,Neutral
2013GoM-Pma-05640,Sperm Whale,Vulnerable,28.5838,-88.7338,2013,8,29.44,0.0,null,null,Neutral
2013GoM-Pma-05640,Sperm Whale,Vulnerable,28.892200000000003,-88.4165,2013,8,29.3,0.0,null,null,Neutral
2013GoM-Pma-05640,Sperm Whale,Vulnerable,28.9861,-88.2821,2013,8,29.3,0.0,null,null,Neutral
2013GoM-Pma-05640,Sperm Whale,Vulnerable,28.7775,-88.46350000000001,2013,8,29.3,0.0,null,null,Neutral
2013GoM-Pma-05640,Sperm Whale,Vulnerable,28.808600000000002,-88.52470000000001,2013,8,29.3,0.0,null,null,Neutral
2013GoM-Pma-05640,Sperm Whale,Vulnerable,28.8015,-88.541,2013,8,29.3,0.0,null,null,Neutral
2013GoM-Pma-05640,Sperm Whale,Vulnerable,28.8049,-88.5548,2013,8,29.3,0.0,null,null,Neutral
2013GoM-Pma-05640,Sperm Whale,Vulnerable,28.816,-88.3515,2013,8,29.3,0.0,null,null,Neutral
2013GoM-Pma-05640,Sperm Whale,Vulnerable,28.800900000000002,-88.5201,2013,8,29.3,0.0,null,null,Neutral
2013GoM-Pma-05640,Sperm Whale,Vulnerable,29.025100000000002,-88.26780000000001,2013,8,29.3,0.0,null,null,Neutral
2013GoM-Pma-05640,Sperm Whale,Vulnerable,28.7454,-88.1272,2013,8,29.39,0.0,null,null,Neutral
2013GoM-Pma-05640,Sperm Whale,Vulnerable,29.005300000000002,-88.34700000000001,2013,8,29.3,0.0,null,null,Neutral
2013GoM-Pma-05640,Sperm Whale,Vulnerable,28.710600000000003,-88.5369,2013,8,29.3,0.0,null,null,Neutral
2013GoM-Pma-05640,Sperm Whale,Vulnerable,29.0256,-88.2977,2013,8,29.3,0.0,null,null,Neutral
2013GoM-Pma-05640,Sperm Whale,Vulnerable,28.849400000000003,-88.3186,2013,8,29.3,0.0,null,null,Neutral
2013GoM-Pma-05640,Sperm Whale,Vulnerable,29.026600000000002,-88.2681,2013,8,29.3,0.0,null,null,Neutral
2013GoM-Pma-05640,Sperm Whale,Vulnerable,29.023300000000003,-88.30290000000001,2013,8,29.3,0.0,null,null,Neutral
2013GoM-Pma-05640,Sperm Whale,Vulnerable,28.5381,-88.3677,2013,8,29.46,0.0,null,null,Neutral
2013GoM-Pma-05640,Sperm Whale,Vulnerable,28.5513,-88.7425,2013,8,29.44,0.0,null,null,Neutral
2013GoM-Pma-05640,Sperm Whale,Vulnerable,28.5152,-88.7608,2013,8,29.44,0.0,null,null,Neutral
2013GoM-Pma-05640,Sperm Whale,Vulnerable,28.765900000000002,-88.5677,2013,8,29.3,0.0,null,null,Neutral
2013GoM-Pma-05640,Sperm Whale,Vulnerable,28.7788,-88.5617,2013,8,29.3,0.0,null,null,Neutral
2013GoM-Pma-05640,Sperm Whale,Vulnerable,28.7394,-88.58030000000001,2013,8,29.3,0.0,null,null,Neutral
2013GoM-Pma-05640,Sperm Whale,Vulnerable,28.972,-88.3104,2013,8,29.3,0.0,null,null,Neutral
2013GoM-Pma-05640,Sperm Whale,Vulnerable,28.771700000000003,-88.473,2013,8,29.3,0.0,null,null,Neutral
2013GoM-Pma-05640,Sperm Whale,Vulnerable,29.0183,-88.31360000000001,2013,8,29.3,0.0,null,null,Neutral
2013GoM-Pma-05640,Sperm Whale,Vulnerable,28.6413,-88.7206,2013,8,29.44,0.0,null,null,Neutral
2013GoM-Pma-05640,Sperm Whale,Vulnerable,28.8018,-88.556,2013,8,29.3,0.0,null,null,Neutral
2013GoM-Pma-05640,Sperm Whale,Vulnerable,28.9537,-88.3347,2013,8,29.3,0.0,null,null,Neutral
2013GoM-Pma-05640,Sperm Whale,Vulnerable,29.004800000000003,-88.3465,2013,8,29.3,0.0,null,null,Neutral
2013GoM-Pma-05640,Sperm Whale,Vulnerable,28.781000000000002,-88.5613,2013,8,29.3,0.0,null,null,Neutral
2013GoM-Pma-05640,Sperm Whale,Vulnerable,28.643500000000003,-88.7218,2013,8,29.44,0.0,null,null,Neutral
2013GoM-Pma-05640,Sperm Whale,Vulnerable,28.875500000000002,-88.44080000000001,2013,8,29.3,0.0,null,null,Neutral
2013GoM-Pma-05640,Sperm Whale,Vulnerable,28.8808,-88.49040000000001,2013,8,29.3,0.0,null,null,Neutral
2013GoM-Pma-05640,Sperm Whale,Vulnerable,29.0183,-88.3133,2013,8,29.3,0.0,null,null,Neutral
2013GoM-Pma-05640,Sperm Whale,Vulnerable,28.8157,-88.3515,2013,8,29.3,0.0,null,null,Neutral
2013GoM-Pma-05640,Sperm Whale,Vulnerable,28.993000000000002,-88.18690000000001,2013,8,29.22,0.0,null,null,Neutral
2013GoM-Pma-05640,Sperm Whale,Vulnerable,28.8473,-88.6102,2013,8,29.3,0.0,null,null,Neutral
2013GoM-Pma-05640,Sperm Whale,Vulnerable,28.6889,-88.7142,2013,8,29.44,0.0,null,null,Neutral
2013GoM-Pma-05640,Sperm Whale,Vulnerable,28.9876,-88.1949,2013,8,29.22,0.0,null,null,Neutral
2013GoM-Pma-05640,Sperm Whale,Vulnerable,28.6853,-88.71390000000001,2013,8,29.44,0.0,null,null,Neutral
2013GoM-Pma-05640,Sperm Whale,Vulnerable,29.023600000000002,-88.3031,2013,8,29.3,0.0,null,null,Neutral
2013GoM-Pma-05640,Sperm Whale,Vulnerable,28.9936,-88.1866,2013,8,29.22,0.0,null,null,Neutral
2013GoM-Pma-05640,Sperm Whale,Vulnerable,28.995600000000003,-88.1858,2013,8,29.22,0.0,null,null,Neutral
2013GoM-Pma-05640,Sperm Whale,Vulnerable,29.0137,-88.321,2013,8,29.3,0.0,null,null,Neutral
2013GoM-Pma-05640,Sperm Whale,Vulnerable,28.810100000000002,-88.3498,2013,8,29.3,0.0,null,null,Neutral
2013GoM-Pma-05640,Sperm Whale,Vulnerable,28.6717,-88.7158,2013,8,29.44,0.0,null,null,Neutral
2013GoM-Pma-05640,Sperm Whale,Vulnerable,28.9985,-88.187,2013,8,29.22,0.0,null,null,Neutral
2013GoM-Pma-05640,Sperm Whale,Vulnerable,29.011400000000002,-88.33460000000001,2013,8,29.3,0.0,null,null,Neutral
2013GoM-Pma-05640,Sperm Whale,Vulnerable,29.021800000000002,-88.1742,2013,8,29.22,0.0,null,null,Neutral
2013GoM-Pma-05640,Sperm Whale,Vulnerable,28.997600000000002,-88.187,2013,8,29.22,0.0,null,null,Neutral
2013GoM-Pma-05640,Sperm Whale,Vulnerable,28.6737,-88.7166,2013,8,29.44,0.0,null,null,Neutral
2013GoM-Pma-05640,Sperm Whale,Vulnerable,28.7954,-88.5597,2013,8,29.3,0.0,null,null,Neutral
2013GoM-Pma-05640,Sperm Whale,Vulnerable,28.998800000000003,-88.1877,2013,8,29.22,0.0,null,null,Neutral
2013GoM-Pma-05640,Sperm Whale,Vulnerable,28.999200000000002,-88.1937,2013,8,29.22,0.0,null,null,Neutral
2013GoM-Pma-05640,Sperm Whale,Vulnerable,29.011300000000002,-88.3339,2013,8,29.3,0.0,null,null,Neutral
2013GoM-Pma-05640,Sperm Whale,Vulnerable,29.014100000000003,-88.3219,2013,8,29.3,0.0,null,null,Neutral
2013GoM-Pma-05640,Sperm Whale,Vulnerable,28.7922,-88.5614,2013,8,29.3,0.0,null,null,Neutral
2013GoM-Pma-05640,Sperm Whale,Vulnerable,28.6475,-88.7228,2013,8,29.44,0.0,null,null,Neutral
2013GoM-Pma-05640,Sperm Whale,Vulnerable,28.7175,-88.5934,2013,8,29.44,0.0,null,null,Neutral
2013GoM-Pma-05640,Sperm Whale,Vulnerable,28.9971,-88.1967,2013,8,29.22,0.0,null,null,Neutral
2013GoM-Pma-05640,Sperm Whale,Vulnerable,28.9949,-88.2003,2013,8,29.22,0.0,null,null,Neutral
2013GoM-Pma-05640,Sperm Whale,Vulnerable,29.023100000000003,-88.17150000000001,2013,8,29.22,0.0,null,null,Neutral
2013GoM-Pma-05640,Sperm Whale,Vulnerable,29.0391,-88.1542,2013,8,29.22,0.0,null,null,Neutral
2013GoM-Pma-05640,Sperm Whale,Vulnerable,28.7722,-88.47840000000001,2013,8,29.3,0.0,null,null,Neutral
2013GoM-Pma-05640,Sperm Whale,Vulnerable,28.979100000000003,-88.36970000000001,2013,8,29.3,0.0,null,null,Neutral
2013GoM-Pma-05640,Sperm Whale,Vulnerable,28.8044,-88.55930000000001,2013,8,29.3,0.0,null,null,Neutral
2013GoM-Pma-05640,Sperm Whale,Vulnerable,29.0345,-88.1699,2013,8,29.22,0.0,null,null,Neutral
2013GoM-Pma-05640,Sperm Whale,Vulnerable,28.9239,-88.38080000000001,2013,8,29.3,0.0,null,null,Neutral
2013GoM-Pma-05640,Sperm Whale,Vulnerable,28.846700000000002,-88.321,2013,8,29.3,0.0,null,null,Neutral
2013GoM-Pma-05640,Sperm Whale,Vulnerable,28.700300000000002,-88.702,2013,8,29.44,0.0,null,null,Neutral
2013GoM-Pma-05640,Sperm Whale,Vulnerable,28.894000000000002,-88.4154,2013,8,29.3,0.0,null,null,Neutral
2013GoM-Pma-05640,Sperm Whale,Vulnerable,29.0517,-88.1482,2013,8,29.22,0.0,null,null,Neutral
2013GoM-Pma-05640,Sperm Whale,Vulnerable,28.9997,-88.3559,2013,8,29.3,0.0,null,null,Neutral
2013GoM-Pma-05640,Sperm Whale,Vulnerable,28.8322,-88.3416,2013,8,29.3,0.0,null,null,Neutral
2013GoM-Pma-05640,Sperm Whale,Vulnerable,29.0349,-88.16510000000001,2013,8,29.22,0.0,null,null,Neutral
2013GoM-Pma-05640,Sperm Whale,Vulnerable,29.0329,-88.1693,2013,8,29.22,0.0,null,null,Neutral
2013GoM-Pma-05640,Sperm Whale,Vulnerable,28.7114,-88.6855,2013,8,29.44,0.0,null,null,Neutral
2013GoM-Pma-05640,Sperm Whale,Vulnerable,29.034,-88.1679,2013,8,29.22,0.0,null,null,Neutral
2013GoM-Pma-05640,Sperm Whale,Vulnerable,28.799,-88.5446,2013,8,29.3,0.0,null,null,Neutral
2013GoM-Pma-05640,Sperm Whale,Vulnerable,29.051000000000002,-88.1515,2013,8,29.22,0.0,null,null,Neutral
2013GoM-Pma-05640,Sperm Whale,Vulnerable,29.0831,-88.0387,2013,8,29.22,0.0,null,null,Neutral
2013GoM-Pma-05640,Sperm Whale,Vulnerable,28.9779,-88.3694,2013,8,29.3,0.0,null,null,Neutral
2013GoM-Pma-05640,Sperm Whale,Vulnerable,28.808600000000002,-88.5267,2013,8,29.3,0.0,null,null,Neutral
2013GoM-Pma-05640,Sperm Whale,Vulnerable,29.070600000000002,-88.1122,2013,8,29.22,0.0,null,null,Neutral
2013GoM-Pma-05640,Sperm Whale,Vulnerable,28.95,-88.37480000000001,2013,8,29.3,0.0,null,null,Neutral
2013GoM-Pma-05640,Sperm Whale,Vulnerable,29.0833,-88.0648,2013,8,29.22,0.0,null,null,Neutral
2013GoM-Pma-05640,Sperm Whale,Vulnerable,29.053700000000003,-88.1419,2013,8,29.22,0.0,null,null,Neutral
2013GoM-Pma-05640,Sperm Whale,Vulnerable,28.8057,-88.5588,2013,8,29.3,0.0,null,null,Neutral
2013GoM-Pma-05640,Sperm Whale,Vulnerable,29.070600000000002,-88.1091,2013,8,29.22,0.0,null,null,Neutral
2013GoM-Pma-05640,Sperm Whale,Vulnerable,28.5803,-88.71860000000001,2013,8,29.44,0.0,null,null,Neutral
2013GoM-Pma-05640,Sperm Whale,Vulnerable,28.951700000000002,-88.374,2013,8,29.3,0.0,null,null,Neutral
2013GoM-Pma-05640,Sperm Whale,Vulnerable,28.550600000000003,-88.74210000000001,2013,8,29.44,0.0,null,null,Neutral
2013GoM-Pma-05640,Sperm Whale,Vulnerable,28.805600000000002,-88.55760000000001,2013,8,29.3,0.0,null,null,Neutral
2013GoM-Pma-05640,Sperm Whale,Vulnerable,28.7159,-88.6173,2013,8,29.44,0.0,null,null,Neutral
2013GoM-Pma-05640,Sperm Whale,Vulnerable,28.9553,-87.98610000000001,2013,8,29.39,0.0,null,null,Neutral
2013GoM-Pma-05640,Sperm Whale,Vulnerable,29.072,-88.1028,2013,8,29.22,0.0,null,null,Neutral
2013GoM-Pma-05640,Sperm Whale,Vulnerable,29.0836,-88.0416,2013,8,29.22,0.0,null,null,Neutral
2013GoM-Pma-05640,Sperm Whale,Vulnerable,29.041,-88.1992,2013,8,29.22,0.0,null,null,Neutral
2013GoM-Pma-05640,Sperm Whale,Vulnerable,29.0253,-88.29860000000001,2013,8,29.3,0.0,null,null,Neutral
2013GoM-Pma-05640,Sperm Whale,Vulnerable,29.020400000000002,-88.331,2013,8,29.3,0.0,null,null,Neutral
2013GoM-Pma-05640,Sperm Whale,Vulnerable,28.8045,-88.5567,2013,8,29.3,0.0,null,null,Neutral
2013GoM-Pma-05640,Sperm Whale,Vulnerable,29.0834,-88.032,2013,8,29.22,0.0,null,null,Neutral
2013GoM-Pma-05640,Sperm Whale,Vulnerable,28.6784,-88.7562,2013,8,29.44,0.0,null,null,Neutral
2013GoM-Pma-05640,Sperm Whale,Vulnerable,28.9084,-88.4094,2013,8,29.3,0.0,null,null,Neutral
2013GoM-Pma-05640,Sperm Whale,Vulnerable,28.798000000000002,-88.5505,2013,8,29.3,0.0,null,null,Neutral
2013GoM-Pma-05640,Sperm Whale,Vulnerable,28.8459,-88.32180000000001,2013,8,29.3,0.0,null,null,Neutral
2013GoM-Pma-05640,Sperm Whale,Vulnerable,29.0945,-88.00290000000001,2013,8,29.22,0.0,null,null,Neutral
2013GoM-Pma-05640,Sperm Whale,Vulnerable,28.6752,-88.7649,2013,8,29.44,0.0,null,null,Neutral
2013GoM-Pma-05640,Sperm Whale,Vulnerable,29.1262,-87.95020000000001,2013,8,29.22,0.0,null,null,Neutral
2013GoM-Pma-05640,Sperm Whale,Vulnerable,28.8013,-88.5202,2013,8,29.3,0.0,null,null,Neutral
2013GoM-Pma-05640,Sperm Whale,Vulnerable,29.114,-87.9794,2013,8,29.22,0.0,null,null,Neutral
2013GoM-Pma-05640,Sperm Whale,Vulnerable,28.9234,-88.3815,2013,8,29.3,0.0,null,null,Neutral
2013GoM-Pma-05640,Sperm Whale,Vulnerable,29.0453,-88.1662,2013,8,29.22,0.0,null,null,Neutral
2013GoM-Pma-05640,Sperm Whale,Vulnerable,29.1142,-87.97670000000001,2013,8,29.22,0.0,null,null,Neutral
2013GoM-Pma-05640,Sperm Whale,Vulnerable,28.6858,-88.7467,2013,8,29.44,0.0,null,null,Neutral
2013GoM-Pma-05640,Sperm Whale,Vulnerable,28.9084,-88.4066,2013,8,29.3,0.0,null,null,Neutral
2013GoM-Pma-05640,Sperm Whale,Vulnerable,28.706300000000002,-88.6922,2013,8,29.44,0.0,null,null,Neutral
2013GoM-Pma-05640,Sperm Whale,Vulnerable,29.0305,-88.1139,2013,8,29.22,0.0,null,null,Neutral
2013GoM-Pma-05640,Sperm Whale,Vulnerable,28.9206,-88.3848,2013,8,29.3,0.0,null,null,Neutral
2013GoM-Pma-05640,Sperm Whale,Vulnerable,28.9189,-88.389,2013,8,29.3,0.0,null,null,Neutral
2013GoM-Pma-05640,Sperm Whale,Vulnerable,29.0162,-88.1008,2013,8,29.22,0.0,null,null,Neutral
2013GoM-Pma-05640,Sperm Whale,Vulnerable,28.7998,-88.55080000000001,2013,8,29.3,0.0,null,null,Neutral
2013GoM-Pma-05640,Sperm Whale,Vulnerable,28.6966,-88.7119,2013,8,29.44,0.0,null,null,Neutral
2013GoM-Pma-05640,Sperm Whale,Vulnerable,29.0451,-88.1645,2013,8,29.22,0.0,null,null,Neutral
2013GoM-Pma-05640,Sperm Whale,Vulnerable,29.018,-88.1027,2013,8,29.22,0.0,null,null,Neutral
2013GoM-Pma-05640,Sperm Whale,Vulnerable,28.9096,-88.4033,2013,8,29.3,0.0,null,null,Neutral
2013GoM-Pma-05640,Sperm Whale,Vulnerable,28.8028,-88.55340000000001,2013,8,29.3,0.0,null,null,Neutral
2013GoM-Pma-05640,Sperm Whale,Vulnerable,28.6968,-88.71090000000001,2013,8,29.44,0.0,null,null,Neutral
2013GoM-Pma-05640,Sperm Whale,Vulnerable,29.0315,-88.117,2013,8,29.22,0.0,null,null,Neutral
2013GoM-Pma-05640,Sperm Whale,Vulnerable,28.9173,-88.3931,2013,8,29.3,0.0,null,null,Neutral
2013GoM-Pma-05640,Sperm Whale,Vulnerable,29.0729,-88.1246,2013,8,29.22,0.0,null,null,Neutral
2013GoM-Pma-05640,Sperm Whale,Vulnerable,29.050800000000002,-88.1378,2013,8,29.22,0.0,null,null,Neutral
2013GoM-Pma-05640,Sperm Whale,Vulnerable,29.128600000000002,-88.01830000000001,2013,8,29.22,0.0,null,null,Neutral
2013GoM-Pma-05640,Sperm Whale,Vulnerable,28.9116,-88.4007,2013,8,29.3,0.0,null,null,Neutral
2013GoM-Pma-05640,Sperm Whale,Vulnerable,28.6853,-88.74560000000001,2013,8,29.44,0.0,null,null,Neutral
2013GoM-Pma-05640,Sperm Whale,Vulnerable,28.706,-88.6919,2013,8,29.44,0.0,null,null,Neutral
2013GoM-Pma-05640,Sperm Whale,Vulnerable,29.009500000000003,-88.17920000000001,2013,8,29.22,0.0,null,null,Neutral
2013GoM-Pma-05640,Sperm Whale,Vulnerable,29.0515,-88.141,2013,8,29.22,0.0,null,null,Neutral
2013GoM-Pma-05640,Sperm Whale,Vulnerable,28.8338,-88.3394,2013,8,29.3,0.0,null,null,Neutral
2013GoM-Pma-05640,Sperm Whale,Vulnerable,29.0946,-88.0055,2013,8,29.22,0.0,null,null,Neutral
2013GoM-Pma-05640,Sperm Whale,Vulnerable,28.783,-88.5749,2013,8,29.3,0.0,null,null,Neutral
2013GoM-Pma-05640,Sperm Whale,Vulnerable,28.797,-88.53450000000001,2013,8,29.3,0.0,null,null,Neutral
2013GoM-Pma-05640,Sperm Whale,Vulnerable,28.663300000000003,-88.736,2013,8,29.44,0.0,null,null,Neutral
2013GoM-Pma-05640,Sperm Whale,Vulnerable,28.871100000000002,-88.30160000000001,2013,8,29.3,0.0,null,null,Neutral
2013GoM-Pma-05640,Sperm Whale,Vulnerable,28.701900000000002,-88.5483,2013,8,29.3,0.0,null,null,Neutral
2013GoM-Pma-05640,Sperm Whale,Vulnerable,28.8824,-88.4931,2013,8,29.3,0.0,null,null,Neutral
2013GoM-Pma-05640,Sperm Whale,Vulnerable,29.0304,-88.2448,2013,8,29.22,0.0,null,null,Neutral
2013GoM-Pma-05640,Sperm Whale,Vulnerable,28.661900000000003,-88.7364,2013,8,29.44,0.0,null,null,Neutral
2013GoM-Pma-05640,Sperm Whale,Vulnerable,28.855800000000002,-88.4995,2013,8,29.3,0.0,null,null,Neutral
2013GoM-Pma-05640,Sperm Whale,Vulnerable,28.8179,-88.5232,2013,8,29.3,0.0,null,null,Neutral
2013GoM-Pma-05640,Sperm Whale,Vulnerable,28.7844,-88.5284,2013,8,29.3,0.0,null,null,Neutral
2013GoM-Pma-05640,Sperm Whale,Vulnerable,29.031000000000002,-88.2435,2013,8,29.22,0.0,null,null,Neutral
2013GoM-Pma-05640,Sperm Whale,Vulnerable,29.038,-88.2183,2013,8,29.22,0.0,null,null,Neutral
2013GoM-Pma-05640,Sperm Whale,Vulnerable,28.764200000000002,-88.5532,2013,8,29.3,0.0,null,null,Neutral
2013GoM-Pma-05640,Sperm Whale,Vulnerable,28.695,-88.7231,2013,8,29.44,0.0,null,null,Neutral
2013GoM-Pma-05640,Sperm Whale,Vulnerable,29.005100000000002,-88.2069,2013,8,29.22,0.0,null,null,Neutral
2013GoM-Pma-05640,Sperm Whale,Vulnerable,28.629800000000003,-88.7928,2013,8,29.44,0.0,null,null,Neutral
2013GoM-Pma-05640,Sperm Whale,Vulnerable,29.019000000000002,-88.1823,2013,8,29.22,0.0,null,null,Neutral
2013GoM-Pma-05640,Sperm Whale,Vulnerable,28.7912,-88.5014,2013,8,29.3,0.0,null,null,Neutral
2013GoM-Pma-05640,Sperm Whale,Vulnerable,28.7844,-88.50630000000001,2013,8,29.3,0.0,null,null,Neutral
2013GoM-Pma-05640,Sperm Whale,Vulnerable,28.9828,-88.2129,2013,8,29.3,0.0,null,null,Neutral
2013GoM-Pma-05640,Sperm Whale,Vulnerable,28.9979,-88.20230000000001,2013,8,29.22,0.0,null,null,Neutral
2013GoM-Pma-05640,Sperm Whale,Vulnerable,28.995900000000002,-88.2034,2013,8,29.22,0.0,null,null,Neutral
2013GoM-Pma-05640,Sperm Whale,Vulnerable,28.8744,-88.4428,2013,8,29.3,0.0,null,null,Neutral
2013GoM-Pma-05640,Sperm Whale,Vulnerable,28.9296,-88.2489,2013,8,29.3,0.0,null,null,Neutral
2013GoM-Pma-05640,Sperm Whale,Vulnerable,29.008,-88.2063,2013,8,29.22,0.0,null,null,Neutral
2013GoM-Pma-05640,Sperm Whale,Vulnerable,28.623700000000003,-88.78110000000001,2013,8,29.44,0.0,null,null,Neutral
2013GoM-Pma-05640,Sperm Whale,Vulnerable,29.0212,-88.18520000000001,2013,8,29.22,0.0,null,null,Neutral
2013GoM-Pma-05640,Sperm Whale,Vulnerable,28.7769,-88.46130000000001,2013,8,29.3,0.0,null,null,Neutral
2013GoM-Pma-05640,Sperm Whale,Vulnerable,29.012700000000002,-88.2018,2013,8,29.22,0.0,null,null,Neutral
2013GoM-Pma-05640,Sperm Whale,Vulnerable,28.86,-88.4654,2013,8,29.3,0.0,null,null,Neutral
2013GoM-Pma-05640,Sperm Whale,Vulnerable,29.1157,-88.0404,2013,8,29.22,0.0,null,null,Neutral
2013GoM-Pma-05640,Sperm Whale,Vulnerable,29.0149,-88.1988,2013,8,29.22,0.0,null,null,Neutral
2013GoM-Pma-05640,Sperm Whale,Vulnerable,28.621000000000002,-88.7778,2013,8,29.44,0.0,null,null,Neutral
2013GoM-Pma-05640,Sperm Whale,Vulnerable,28.6399,-88.7577,2013,8,29.44,0.0,null,null,Neutral
2013GoM-Pma-05640,Sperm Whale,Vulnerable,28.7193,-88.6545,2013,8,29.44,0.0,null,null,Neutral
2013GoM-Pma-05640,Sperm Whale,Vulnerable,28.8597,-88.4688,2013,8,29.3,0.0,null,null,Neutral
2013GoM-Pma-05640,Sperm Whale,Vulnerable,28.855600000000003,-88.497,2013,8,29.3,0.0,null,null,Neutral
2013GoM-Pma-05640,Sperm Whale,Vulnerable,29.029500000000002,-88.2484,2013,8,29.22,0.0,null,null,Neutral
2013GoM-Pma-05640,Sperm Whale,Vulnerable,29.1259,-87.94800000000001,2013,8,29.22,0.0,null,null,Neutral
2013GoM-Pma-05640,Sperm Whale,Vulnerable,28.7942,-88.5331,2013,8,29.3,0.0,null,null,Neutral
2013GoM-Pma-05640,Sperm Whale,Vulnerable,29.0107,-88.1787,2013,8,29.22,0.0,null,null,Neutral
2013GoM-Pma-05640,Sperm Whale,Vulnerable,28.6502,-88.79560000000001,2013,8,29.44,0.0,null,null,Neutral
2013GoM-Pma-05640,Sperm Whale,Vulnerable,28.802200000000003,-88.5781,2013,8,29.3,0.0,null,null,Neutral
2013GoM-Pma-05640,Sperm Whale,Vulnerable,28.7835,-88.52890000000001,2013,8,29.3,0.0,null,null,Neutral
2013GoM-Pma-05640,Sperm Whale,Vulnerable,28.8672,-88.3036,2013,8,29.3,0.0,null,null,Neutral
2013GoM-Pma-05640,Sperm Whale,Vulnerable,29.0318,-88.175,2013,8,29.22,0.0,null,null,Neutral
2013GoM-Pma-05640,Sperm Whale,Vulnerable,28.9969,-88.0854,2013,8,29.39,0.0,null,null,Neutral
2013GoM-Pma-05640,Sperm Whale,Vulnerable,29.054000000000002,-88.1639,2013,8,29.22,0.0,null,null,Neutral
2013GoM-Pma-05640,Sperm Whale,Vulnerable,28.773100000000003,-88.4659,2013,8,29.3,0.0,null,null,Neutral
2013GoM-Pma-05640,Sperm Whale,Vulnerable,29.0333,-88.17450000000001,2013,8,29.22,0.0,null,null,Neutral
2013GoM-Pma-05640,Sperm Whale,Vulnerable,28.852,-88.52810000000001,2013,8,29.3,0.0,null,null,Neutral
2013GoM-Pma-05640,Sperm Whale,Vulnerable,29.1143,-88.04310000000001,2013,8,29.22,0.0,null,null,Neutral
2013GoM-Pma-05640,Sperm Whale,Vulnerable,29.0527,-88.1648,2013,8,29.22,0.0,null,null,Neutral
2013GoM-Pma-05640,Sperm Whale,Vulnerable,28.9786,-88.0644,2013,8,29.39,0.0,null,null,Neutral
2013GoM-Pma-05640,Sperm Whale,Vulnerable,28.8029,-88.5759,2013,8,29.3,0.0,null,null,Neutral
2013GoM-Pma-05640,Sperm Whale,Vulnerable,28.6311,-88.7949,2013,8,29.44,0.0,null,null,Neutral
2013GoM-Pma-05640,Sperm Whale,Vulnerable,29.0763,-88.1125,2013,8,29.22,0.0,null,null,Neutral
2013GoM-Pma-05640,Sperm Whale,Vulnerable,28.852800000000002,-88.5306,2013,8,29.3,0.0,null,null,Neutral
2013GoM-Pma-05640,Sperm Whale,Vulnerable,28.8424,-88.55030000000001,2013,8,29.3,0.0,null,null,Neutral
2013GoM-Pma-05640,Sperm Whale,Vulnerable,29.067400000000003,-88.1409,2013,8,29.22,0.0,null,null,Neutral
2013GoM-Pma-05640,Sperm Whale,Vulnerable,28.7909,-88.5306,2013,8,29.3,0.0,null,null,Neutral
2013GoM-Pma-05640,Sperm Whale,Vulnerable,28.642100000000003,-88.8024,2013,8,29.44,0.0,null,null,Neutral
2013GoM-Pma-05640,Sperm Whale,Vulnerable,29.0972,-88.0569,2013,8,29.22,0.0,null,null,Neutral
2013GoM-Pma-05640,Sperm Whale,Vulnerable,29.0763,-88.1155,2013,8,29.22,0.0,null,null,Neutral
2013GoM-Pma-05640,Sperm Whale,Vulnerable,28.8246,-88.57480000000001,2013,8,29.3,0.0,null,null,Neutral
2013GoM-Pma-05640,Sperm Whale,Vulnerable,28.7953,-88.533,2013,8,29.3,0.0,null,null,Neutral
2013GoM-Pma-05640,Sperm Whale,Vulnerable,28.6458,-88.79780000000001,2013,8,29.44,0.0,null,null,Neutral
2013GoM-Pma-05640,Sperm Whale,Vulnerable,29.0929,-88.0883,2013,8,29.22,0.0,null,null,Neutral
2013GoM-Pma-05640,Sperm Whale,Vulnerable,28.842200000000002,-88.5526,2013,8,29.3,0.0,null,null,Neutral
2013GoM-Pma-05640,Sperm Whale,Vulnerable,29.0713,-88.1216,2013,8,29.22,0.0,null,null,Neutral
2013GoM-Pma-05640,Sperm Whale,Vulnerable,29.0911,-88.08200000000001,2013,8,29.22,0.0,null,null,Neutral
2013GoM-Pma-05640,Sperm Whale,Vulnerable,29.131800000000002,-87.95060000000001,2013,8,29.22,0.0,null,null,Neutral
2013GoM-Pma-05640,Sperm Whale,Vulnerable,28.8257,-88.57390000000001,2013,8,29.3,0.0,null,null,Neutral
2013GoM-Pma-05640,Sperm Whale,Vulnerable,28.6462,-88.7975,2013,8,29.44,0.0,null,null,Neutral
2013GoM-Pma-05640,Sperm Whale,Vulnerable,28.9465,-91.1525,2013,8,29.17,0.0,null,null,Neutral
2013GoM-Pma-05640,Sperm Whale,Vulnerable,29.1556,-87.9727,2013,8,29.22,0.0,null,null,Neutral
2013GoM-Pma-05640,Sperm Whale,Vulnerable,29.0974,-88.0587,2013,8,29.22,0.0,null,null,Neutral
2013GoM-Pma-05640,Sperm Whale,Vulnerable,28.7828,-88.46820000000001,2013,8,29.3,0.0,null,null,Neutral
2013GoM-Pma-05640,Sperm Whale,Vulnerable,29.0119,-88.17660000000001,2013,8,29.22,0.0,null,null,Neutral
2013GoM-Pma-05640,Sperm Whale,Vulnerable,28.91,-88.2688,2013,8,29.3,0.0,null,null,Neutral
2013GoM-Pma-05640,Sperm Whale,Vulnerable,28.794500000000003,-88.48450000000001,2013,8,29.3,0.0,null,null,Neutral
2013GoM-Pma-05640,Sperm Whale,Vulnerable,28.988,-88.0744,2013,8,29.39,0.0,null,null,Neutral
2013GoM-Pma-05640,Sperm Whale,Vulnerable,28.7967,-88.5139,2013,8,29.3,0.0,null,null,Neutral
2013GoM-Pma-05640,Sperm Whale,Vulnerable,28.779200000000003,-88.52640000000001,2013,8,29.3,0.0,null,null,Neutral
2013GoM-Pma-05640,Sperm Whale,Vulnerable,28.8884,-88.29,2013,8,29.3,0.0,null,null,Neutral
2013GoM-Pma-05640,Sperm Whale,Vulnerable,29.1368,-88.00760000000001,2013,8,29.22,0.0,null,null,Neutral
2013GoM-Pma-05640,Sperm Whale,Vulnerable,28.6456,-88.7947,2013,8,29.44,0.0,null,null,Neutral
2013GoM-Pma-05640,Sperm Whale,Vulnerable,29.1489,-87.992,2013,8,29.22,0.0,null,null,Neutral
2013GoM-Pma-05640,Sperm Whale,Vulnerable,28.7389,-88.50330000000001,2013,8,29.3,0.0,null,null,Neutral
2013GoM-Pma-05640,Sperm Whale,Vulnerable,29.137800000000002,-88.00580000000001,2013,8,29.22,0.0,null,null,Neutral
2013GoM-Pma-05640,Sperm Whale,Vulnerable,28.773,-88.5355,2013,8,29.3,0.0,null,null,Neutral
2013GoM-Pma-05640,Sperm Whale,Vulnerable,29.151200000000003,-87.9461,2013,8,29.22,0.0,null,null,Neutral
2013GoM-Pma-05640,Sperm Whale,Vulnerable,29.1488,-87.9935,2013,8,29.22,0.0,null,null,Neutral
2013GoM-Pma-05640,Sperm Whale,Vulnerable,28.642500000000002,-88.8006,2013,8,29.44,0.0,null,null,Neutral
2013GoM-Pma-05640,Sperm Whale,Vulnerable,28.787200000000002,-88.5308,2013,8,29.3,0.0,null,null,Neutral
2013GoM-Pma-05640,Sperm Whale,Vulnerable,28.6429,-88.8245,2013,8,29.44,0.0,null,null,Neutral
2013GoM-Pma-05640,Sperm Whale,Vulnerable,29.1609,-87.9631,2013,8,29.22,0.0,null,null,Neutral
2013GoM-Pma-05640,Sperm Whale,Vulnerable,28.7828,-88.5755,2013,8,29.3,0.0,null,null,Neutral
2013GoM-Pma-05640,Sperm Whale,Vulnerable,28.7834,-88.557,2013,8,29.3,0.0,null,null,Neutral
2013GoM-Pma-05640,Sperm Whale,Vulnerable,29.1565,-87.9711,2013,8,29.22,0.0,null,null,Neutral
2013GoM-Pma-05640,Sperm Whale,Vulnerable,28.788800000000002,-88.5233,2013,8,29.3,0.0,null,null,Neutral
2013GoM-Pma-05640,Sperm Whale,Vulnerable,29.149700000000003,-87.94420000000001,2013,8,29.22,0.0,null,null,Neutral
2013GoM-Pma-05640,Sperm Whale,Vulnerable,29.158900000000003,-87.96560000000001,2013,8,29.22,0.0,null,null,Neutral
2013GoM-Pma-05640,Sperm Whale,Vulnerable,28.7864,-88.5327,2013,8,29.3,0.0,null,null,Neutral
2013GoM-Pma-05640,Sperm Whale,Vulnerable,28.7879,-88.52420000000001,2013,8,29.3,0.0,null,null,Neutral
2013GoM-Pma-05640,Sperm Whale,Vulnerable,29.1654,-87.9581,2013,8,29.22,0.0,null,null,Neutral
2013GoM-Pma-05640,Sperm Whale,Vulnerable,28.7862,-88.5552,2013,8,29.3,0.0,null,null,Neutral
2013GoM-Pma-05640,Sperm Whale,Vulnerable,29.0817,-88.10510000000001,2013,8,29.22,0.0,null,null,Neutral
2013GoM-Pma-05640,Sperm Whale,Vulnerable,29.1671,-87.944,2013,8,29.22,0.0,null,null,Neutral
2013GoM-Pma-05640,Sperm Whale,Vulnerable,28.7209,-88.6526,2013,8,29.44,0.0,null,null,Neutral
2013GoM-Pma-05640,Sperm Whale,Vulnerable,28.7968,-88.5468,2013,8,29.3,0.0,null,null,Neutral
2013GoM-Pma-05640,Sperm Whale,Vulnerable,28.6386,-88.8067,2013,8,29.44,0.0,null,null,Neutral
2013GoM-Pma-05640,Sperm Whale,Vulnerable,28.6475,-88.7932,2013,8,29.44,0.0,null,null,Neutral
2013GoM-Pma-05640,Sperm Whale,Vulnerable,28.6216,-88.7793,2013,8,29.44,0.0,null,null,Neutral
2013GoM-Pma-05640,Sperm Whale,Vulnerable,29.1662,-87.9428,2013,8,29.22,0.0,null,null,Neutral
2013GoM-Pma-05640,Sperm Whale,Vulnerable,28.7921,-88.5032,2013,8,29.3,0.0,null,null,Neutral
2013GoM-Pma-05640,Sperm Whale,Vulnerable,29.129800000000003,-88.0175,2013,8,29.22,0.0,null,null,Neutral
2013GoM-Pma-05640,Sperm Whale,Vulnerable,29.0665,-88.14330000000001,2013,8,29.22,0.0,null,null,Neutral
2013GoM-Pma-05640,Sperm Whale,Vulnerable,29.0405,-88.19800000000001,2013,8,29.22,0.0,null,null,Neutral
2013GoM-Pma-05640,Sperm Whale,Vulnerable,28.793300000000002,-88.4822,2013,8,29.3,0.0,null,null,Neutral
2013GoM-Pma-05640,Sperm Whale,Vulnerable,28.7757,-88.52730000000001,2013,8,29.3,0.0,null,null,Neutral
2013GoM-Pma-05640,Sperm Whale,Vulnerable,28.6096,-88.8365,2013,8,29.44,0.0,null,null,Neutral
2013GoM-Pma-05640,Sperm Whale,Vulnerable,29.093600000000002,-87.95150000000001,2013,8,29.22,0.0,null,null,Neutral
2013GoM-Pma-05640,Sperm Whale,Vulnerable,29.1311,-87.9508,2013,8,29.22,0.0,null,null,Neutral
2013GoM-Pma-05640,Sperm Whale,Vulnerable,28.7985,-88.5009,2013,8,29.3,0.0,null,null,Neutral
2013GoM-Pma-05640,Sperm Whale,Vulnerable,28.9079,-88.2702,2013,8,29.3,0.0,null,null,Neutral
2013GoM-Pma-05640,Sperm Whale,Vulnerable,28.6426,-88.8207,2013,8,29.44,0.0,null,null,Neutral
2013GoM-Pma-05640,Sperm Whale,Vulnerable,29.1204,-87.9659,2013,8,29.22,0.0,null,null,Neutral
2013GoM-Pma-05640,Sperm Whale,Vulnerable,28.773200000000003,-88.5286,2013,8,29.3,0.0,null,null,Neutral
2013GoM-Pma-05640,Sperm Whale,Vulnerable,29.0807,-88.10300000000001,2013,8,29.22,0.0,null,null,Neutral
2013GoM-Pma-05640,Sperm Whale,Vulnerable,29.128300000000003,-87.9503,2013,8,29.22,0.0,null,null,Neutral
2013GoM-Pma-05640,Sperm Whale,Vulnerable,29.097900000000003,-88.0081,2013,8,29.22,0.0,null,null,Neutral
2013GoM-Pma-05640,Sperm Whale,Vulnerable,28.7988,-88.5115,2013,8,29.3,0.0,null,null,Neutral
2013GoM-Pma-05640,Sperm Whale,Vulnerable,28.6153,-88.83890000000001,2013,8,29.44,0.0,null,null,Neutral
2013GoM-Pma-05640,Sperm Whale,Vulnerable,28.8898,-88.2885,2013,8,29.3,0.0,null,null,Neutral
2013GoM-Pma-05640,Sperm Whale,Vulnerable,28.613300000000002,-88.8377,2013,8,29.44,0.0,null,null,Neutral
2013GoM-Pma-05640,Sperm Whale,Vulnerable,28.796100000000003,-88.4774,2013,8,29.3,0.0,null,null,Neutral
2013GoM-Pma-05640,Sperm Whale,Vulnerable,29.1324,-87.9473,2013,8,29.22,0.0,null,null,Neutral
2013GoM-Pma-05640,Sperm Whale,Vulnerable,28.803700000000003,-88.51360000000001,2013,8,29.3,0.0,null,null,Neutral
2013GoM-Pma-05640,Sperm Whale,Vulnerable,29.0868,-88.0733,2013,8,29.22,0.0,null,null,Neutral
2013GoM-Pma-05640,Sperm Whale,Vulnerable,29.0986,-87.9812,2013,8,29.22,0.0,null,null,Neutral
2013GoM-Pma-05640,Sperm Whale,Vulnerable,28.599500000000003,-88.852,2013,8,29.44,0.0,null,null,Neutral
2013GoM-Pma-05640,Sperm Whale,Vulnerable,29.0879,-88.0335,2013,8,29.22,0.0,null,null,Neutral
2013GoM-Pma-05640,Sperm Whale,Vulnerable,28.7737,-88.52940000000001,2013,8,29.3,0.0,null,null,Neutral
2013GoM-Pma-05640,Sperm Whale,Vulnerable,29.085900000000002,-88.0707,2013,8,29.22,0.0,null,null,Neutral
2013GoM-Pma-05640,Sperm Whale,Vulnerable,28.795,-88.4783,2013,8,29.3,0.0,null,null,Neutral
2013GoM-Pma-05640,Sperm Whale,Vulnerable,28.588600000000003,-88.8473,2013,8,29.44,0.0,null,null,Neutral
2013GoM-Pma-05640,Sperm Whale,Vulnerable,28.776600000000002,-88.52810000000001,2013,8,29.3,0.0,null,null,Neutral
2013GoM-Pma-05640,Sperm Whale,Vulnerable,29.096400000000003,-88.0039,2013,8,29.22,0.0,null,null,Neutral
2013GoM-Pma-05640,Sperm Whale,Vulnerable,29.035800000000002,-88.20750000000001,2013,8,29.22,0.0,null,null,Neutral
2013GoM-Pma-05640,Sperm Whale,Vulnerable,29.029500000000002,-88.2162,2013,8,29.22,0.0,null,null,Neutral
2013GoM-Pma-05640,Sperm Whale,Vulnerable,29.0655,-88.1626,2013,8,29.22,0.0,null,null,Neutral
2013GoM-Pma-05640,Sperm Whale,Vulnerable,29.089000000000002,-88.03750000000001,2013,8,29.22,0.0,null,null,Neutral
2013GoM-Pma-05640,Sperm Whale,Vulnerable,28.959,-88.0177,2013,8,29.39,0.0,null,null,Neutral
2013GoM-Pma-05640,Sperm Whale,Vulnerable,28.9935,-88.0802,2013,8,29.39,0.0,null,null,Neutral
2013GoM-Pma-05640,Sperm Whale,Vulnerable,28.882,-88.4918,2013,8,29.3,0.0,null,null,Neutral
2013GoM-Pma-05640,Sperm Whale,Vulnerable,28.7959,-88.48620000000001,2013,8,29.3,0.0,null,null,Neutral
2013GoM-Pma-05640,Sperm Whale,Vulnerable,28.7957,-88.4871,2013,8,29.3,0.0,null,null,Neutral
2013GoM-Pma-05640,Sperm Whale,Vulnerable,28.799100000000003,-88.4995,2013,8,29.3,0.0,null,null,Neutral
2013GoM-Pma-05640,Sperm Whale,Vulnerable,28.763900000000003,-88.5685,2013,8,29.3,0.0,null,null,Neutral
2013GoM-Pma-05640,Sperm Whale,Vulnerable,28.9432,-88.23400000000001,2013,8,29.3,0.0,null,null,Neutral
2013GoM-Pma-05640,Sperm Whale,Vulnerable,28.5802,-88.8619,2013,8,29.44,0.0,null,null,Neutral
2013GoM-Pma-05640,Sperm Whale,Vulnerable,29.065,-88.1615,2013,8,29.22,0.0,null,null,Neutral
2013GoM-Pma-05640,Sperm Whale,Vulnerable,28.839100000000002,-88.6258,2013,8,29.3,0.0,null,null,Neutral
2013GoM-Pma-05640,Sperm Whale,Vulnerable,28.816,-88.52590000000001,2013,8,29.3,0.0,null,null,Neutral
2013GoM-Pma-05640,Sperm Whale,Vulnerable,28.7848,-88.4753,2013,8,29.3,0.0,null,null,Neutral
2013GoM-Pma-05640,Sperm Whale,Vulnerable,28.5968,-88.83970000000001,2013,8,29.44,0.0,null,null,Neutral
2013GoM-Pma-05640,Sperm Whale,Vulnerable,29.078200000000002,-88.1335,2013,8,29.22,0.0,null,null,Neutral
2013GoM-Pma-05640,Sperm Whale,Vulnerable,28.7479,-88.541,2013,8,29.3,0.0,null,null,Neutral
2013GoM-Pma-05640,Sperm Whale,Vulnerable,29.035600000000002,-88.20620000000001,2013,8,29.22,0.0,null,null,Neutral
2013GoM-Pma-05640,Sperm Whale,Vulnerable,29.081100000000003,-88.1405,2013,8,29.22,0.0,null,null,Neutral
2013GoM-Pma-05640,Sperm Whale,Vulnerable,29.045,-88.1932,2013,8,29.22,0.0,null,null,Neutral
2013GoM-Pma-05640,Sperm Whale,Vulnerable,28.7676,-88.5634,2013,8,29.3,0.0,null,null,Neutral
2013GoM-Pma-05640,Sperm Whale,Vulnerable,28.597900000000003,-88.8515,2013,8,29.44,0.0,null,null,Neutral
2013GoM-Pma-05640,Sperm Whale,Vulnerable,28.7893,-88.48920000000001,2013,8,29.3,0.0,null,null,Neutral
2013GoM-Pma-05640,Sperm Whale,Vulnerable,28.597,-88.8421,2013,8,29.44,0.0,null,null,Neutral
2013GoM-Pma-05640,Sperm Whale,Vulnerable,28.7708,-88.5441,2013,8,29.3,0.0,null,null,Neutral
2013GoM-Pma-05640,Sperm Whale,Vulnerable,29.073800000000002,-88.1513,2013,8,29.22,0.0,null,null,Neutral
2013GoM-Pma-05640,Sperm Whale,Vulnerable,28.737000000000002,-88.5052,2013,8,29.3,0.0,null,null,Neutral
2013GoM-Pma-05640,Sperm Whale,Vulnerable,29.0391,-88.20110000000001,2013,8,29.22,0.0,null,null,Neutral
2013GoM-Pma-05640,Sperm Whale,Vulnerable,29.0542,-88.1734,2013,8,29.22,0.0,null,null,Neutral
2013GoM-Pma-05640,Sperm Whale,Vulnerable,29.0467,-88.194,2013,8,29.22,0.0,null,null,Neutral
2013GoM-Pma-05640,Sperm Whale,Vulnerable,28.7616,-88.55210000000001,2013,8,29.3,0.0,null,null,Neutral
2013GoM-Pma-05640,Sperm Whale,Vulnerable,29.0367,-88.2007,2013,8,29.22,0.0,null,null,Neutral
2013GoM-Pma-05640,Sperm Whale,Vulnerable,28.770300000000002,-88.54220000000001,2013,8,29.3,0.0,null,null,Neutral
2013GoM-Pma-05640,Sperm Whale,Vulnerable,28.965400000000002,-88.0415,2013,8,29.39,0.0,null,null,Neutral
2013GoM-Pma-05640,Sperm Whale,Vulnerable,28.983500000000003,-88.2129,2013,8,29.3,0.0,null,null,Neutral
2013GoM-Pma-05640,Sperm Whale,Vulnerable,29.055300000000003,-88.1748,2013,8,29.22,0.0,null,null,Neutral
2013GoM-Pma-05640,Sperm Whale,Vulnerable,28.7661,-88.5591,2013,8,29.3,0.0,null,null,Neutral
2013GoM-Pma-05640,Sperm Whale,Vulnerable,28.7602,-88.5817,2013,8,29.3,0.0,null,null,Neutral
2013GoM-Pma-05640,Sperm Whale,Vulnerable,28.7757,-88.46090000000001,2013,8,29.3,0.0,null,null,Neutral
2013GoM-Pma-05640,Sperm Whale,Vulnerable,28.835700000000003,-88.6281,2013,8,29.3,0.0,null,null,Neutral
2013GoM-Pma-05640,Sperm Whale,Vulnerable,28.5807,-88.858,2013,8,29.44,0.0,null,null,Neutral
2013GoM-Pma-05640,Sperm Whale,Vulnerable,28.590300000000003,-88.85040000000001,2013,8,29.44,0.0,null,null,Neutral
2013GoM-Pma-05640,Sperm Whale,Vulnerable,28.628,-88.8285,2013,8,29.44,0.0,null,null,Neutral
2013GoM-Pma-05640,Sperm Whale,Vulnerable,28.773300000000003,-88.5312,2013,8,29.3,0.0,null,null,Neutral
2013GoM-Pma-05640,Sperm Whale,Vulnerable,28.773200000000003,-88.53,2013,8,29.3,0.0,null,null,Neutral
2013GoM-Pma-05640,Sperm Whale,Vulnerable,28.7837,-88.5062,2013,8,29.3,0.0,null,null,Neutral
2013GoM-Pma-05640,Sperm Whale,Vulnerable,29.1168,-87.9653,2013,8,29.22,0.0,null,null,Neutral
2013GoM-Pma-05640,Sperm Whale,Vulnerable,28.9325,-88.2476,2013,8,29.3,0.0,null,null,Neutral
2013GoM-Pma-05640,Sperm Whale,Vulnerable,28.7603,-88.5822,2013,8,29.3,0.0,null,null,Neutral
2013GoM-Pma-05640,Sperm Whale,Vulnerable,28.966,-88.0445,2013,8,29.39,0.0,null,null,Neutral
2013GoM-Pma-05640,Sperm Whale,Vulnerable,28.764200000000002,-88.5578,2013,8,29.3,0.0,null,null,Neutral
2013GoM-Pma-05640,Sperm Whale,Vulnerable,28.7513,-88.6127,2013,8,29.3,0.0,null,null,Neutral
2013GoM-Pma-05640,Sperm Whale,Vulnerable,28.7546,-88.60770000000001,2013,8,29.3,0.0,null,null,Neutral
2013GoM-Pma-05640,Sperm Whale,Vulnerable,28.762800000000002,-88.5562,2013,8,29.3,0.0,null,null,Neutral
2013GoM-Pma-05640,Sperm Whale,Vulnerable,28.6189,-88.82480000000001,2013,8,29.44,0.0,null,null,Neutral
2013GoM-Pma-05640,Sperm Whale,Vulnerable,28.753700000000002,-88.60770000000001,2013,8,29.3,0.0,null,null,Neutral
2013GoM-Pma-05640,Sperm Whale,Vulnerable,28.764,-88.5691,2013,8,29.3,0.0,null,null,Neutral
2013GoM-Pma-05640,Sperm Whale,Vulnerable,28.9846,-88.21170000000001,2013,8,29.3,0.0,null,null,Neutral
2013GoM-Pma-05640,Sperm Whale,Vulnerable,28.773100000000003,-88.4638,2013,8,29.3,0.0,null,null,Neutral
2013GoM-Pma-05640,Sperm Whale,Vulnerable,28.850800000000003,-88.61280000000001,2013,8,29.3,0.0,null,null,Neutral
2013GoM-Pma-05640,Sperm Whale,Vulnerable,28.788600000000002,-88.5489,2013,8,29.3,0.0,null,null,Neutral
2013GoM-Pma-05640,Sperm Whale,Vulnerable,28.619400000000002,-88.8219,2013,8,29.44,0.0,null,null,Neutral
2013GoM-Pma-05640,Sperm Whale,Vulnerable,28.849400000000003,-88.6152,2013,8,29.3,0.0,null,null,Neutral
2013GoM-Pma-05640,Sperm Whale,Vulnerable,28.6475,-88.7876,2013,8,29.44,0.0,null,null,Neutral
2013GoM-Pma-05640,Sperm Whale,Vulnerable,28.960700000000003,-88.21780000000001,2013,8,29.3,0.0,null,null,Neutral
2013GoM-Pma-05640,Sperm Whale,Vulnerable,28.887600000000003,-88.551,2013,8,29.3,0.0,null,null,Neutral
2013GoM-Pma-05640,Sperm Whale,Vulnerable,28.9405,-88.23570000000001,2013,8,29.3,0.0,null,null,Neutral
2013GoM-Pma-05640,Sperm Whale,Vulnerable,28.8584,-88.5909,2013,8,29.3,0.0,null,null,Neutral
2013GoM-Pma-05640,Sperm Whale,Vulnerable,28.7867,-88.4808,2013,8,29.3,0.0,null,null,Neutral
2013GoM-Pma-05640,Sperm Whale,Vulnerable,28.6456,-88.7859,2013,8,29.44,0.0,null,null,Neutral
2013GoM-Pma-05640,Sperm Whale,Vulnerable,29.029400000000003,-88.21430000000001,2013,8,29.22,0.0,null,null,Neutral
2013GoM-Pma-05640,Sperm Whale,Vulnerable,28.8731,-88.5694,2013,8,29.3,0.0,null,null,Neutral
2013GoM-Pma-05640,Sperm Whale,Vulnerable,29.0273,-88.24130000000001,2013,8,29.22,0.0,null,null,Neutral
2013GoM-Pma-05640,Sperm Whale,Vulnerable,28.8836,-88.4935,2013,8,29.3,0.0,null,null,Neutral
2013GoM-Pma-05640,Sperm Whale,Vulnerable,28.6381,-88.76190000000001,2013,8,29.44,0.0,null,null,Neutral
2013GoM-Pma-05640,Sperm Whale,Vulnerable,28.7837,-88.5599,2013,8,29.3,0.0,null,null,Neutral
2013GoM-Pma-05640,Sperm Whale,Vulnerable,29.027700000000003,-88.2236,2013,8,29.22,0.0,null,null,Neutral
2013GoM-Pma-05640,Sperm Whale,Vulnerable,29.0291,-88.24220000000001,2013,8,29.22,0.0,null,null,Neutral
2013GoM-Pma-05640,Sperm Whale,Vulnerable,28.860100000000003,-88.58850000000001,2013,8,29.3,0.0,null,null,Neutral
2013GoM-Pma-05640,Sperm Whale,Vulnerable,28.9056,-88.5218,2013,8,29.3,0.0,null,null,Neutral
2013GoM-Pma-05640,Sperm Whale,Vulnerable,28.870900000000002,-88.5729,2013,8,29.3,0.0,null,null,Neutral
2013GoM-Pma-05640,Sperm Whale,Vulnerable,28.6358,-88.79910000000001,2013,8,29.44,0.0,null,null,Neutral
2013GoM-Pma-05640,Sperm Whale,Vulnerable,28.5973,-88.8345,2013,8,29.44,0.0,null,null,Neutral
2013GoM-Pma-05640,Sperm Whale,Vulnerable,28.788400000000003,-88.4869,2013,8,29.3,0.0,null,null,Neutral
2013GoM-Pma-05640,Sperm Whale,Vulnerable,28.782,-88.5595,2013,8,29.3,0.0,null,null,Neutral
2013GoM-Pma-05640,Sperm Whale,Vulnerable,28.814300000000003,-88.5276,2013,8,29.3,0.0,null,null,Neutral
2013GoM-Pma-05640,Sperm Whale,Vulnerable,28.764300000000002,-88.57010000000001,2013,8,29.3,0.0,null,null,Neutral
2013GoM-Pma-05640,Sperm Whale,Vulnerable,28.889,-88.54820000000001,2013,8,29.3,0.0,null,null,Neutral
2013GoM-Pma-05640,Sperm Whale,Vulnerable,28.9041,-88.5265,2013,8,29.3,0.0,null,null,Neutral
2013GoM-Pma-05640,Sperm Whale,Vulnerable,28.6365,-88.7603,2013,8,29.44,0.0,null,null,Neutral
2013GoM-Pma-05640,Sperm Whale,Vulnerable,28.8898,-88.4924,2013,8,29.3,0.0,null,null,Neutral
2013GoM-Pma-05640,Sperm Whale,Vulnerable,28.9843,-88.1965,2013,8,29.3,0.0,null,null,Neutral
2013GoM-Pma-05640,Sperm Whale,Vulnerable,28.8076,-88.5356,2013,8,29.3,0.0,null,null,Neutral
2013GoM-Pma-05640,Sperm Whale,Vulnerable,28.906200000000002,-88.5172,2013,8,29.3,0.0,null,null,Neutral
2013GoM-Pma-05640,Sperm Whale,Vulnerable,28.625700000000002,-88.767,2013,8,29.44,0.0,null,null,Neutral
2013GoM-Pma-05640,Sperm Whale,Vulnerable,28.963900000000002,-88.2168,2013,8,29.3,0.0,null,null,Neutral
2013GoM-Pma-05640,Sperm Whale,Vulnerable,28.8855,-88.4923,2013,8,29.3,0.0,null,null,Neutral
2013GoM-Pma-05640,Sperm Whale,Vulnerable,28.9603,-88.4931,2013,8,29.3,0.0,null,null,Neutral
2013GoM-Pma-05640,Sperm Whale,Vulnerable,28.898300000000003,-88.4941,2013,8,29.3,0.0,null,null,Neutral
2013GoM-Pma-05640,Sperm Whale,Vulnerable,28.8673,-88.4629,2013,8,29.3,0.0,null,null,Neutral
2013GoM-Pma-05640,Sperm Whale,Vulnerable,28.896800000000002,-88.49130000000001,2013,8,29.3,0.0,null,null,Neutral
2013GoM-Pma-05640,Sperm Whale,Vulnerable,28.955000000000002,-87.9542,2013,8,29.39,0.0,null,null,Neutral
2013GoM-Pma-05640,Sperm Whale,Vulnerable,28.911800000000003,-88.56190000000001,2013,8,29.3,0.0,null,null,Neutral
2013GoM-Pma-05640,Sperm Whale,Vulnerable,28.6169,-88.7502,2013,8,29.44,0.0,null,null,Neutral
2013GoM-Pma-05640,Sperm Whale,Vulnerable,28.6998,-88.5498,2013,8,29.3,0.0,null,null,Neutral
2013GoM-Pma-05640,Sperm Whale,Vulnerable,28.793200000000002,-88.548,2013,8,29.3,0.0,null,null,Neutral
2013GoM-Pma-05640,Sperm Whale,Vulnerable,28.790100000000002,-88.54870000000001,2013,8,29.3,0.0,null,null,Neutral
2013GoM-Pma-05640,Sperm Whale,Vulnerable,28.783,-88.4535,2013,8,29.3,0.0,null,null,Neutral
2013GoM-Pma-05640,Sperm Whale,Vulnerable,28.9373,-88.4782,2013,8,29.3,0.0,null,null,Neutral
2013GoM-Pma-05640,Sperm Whale,Vulnerable,28.8852,-88.425,2013,8,29.3,0.0,null,null,Neutral
2013GoM-Pma-05640,Sperm Whale,Vulnerable,28.8956,-88.4809,2013,8,29.3,0.0,null,null,Neutral
2013GoM-Pma-05640,Sperm Whale,Vulnerable,28.887800000000002,-88.4935,2013,8,29.3,0.0,null,null,Neutral
2013GoM-Pma-05640,Sperm Whale,Vulnerable,28.8471,-88.6072,2013,8,29.3,0.0,null,null,Neutral
2013GoM-Pma-05640,Sperm Whale,Vulnerable,28.8473,-88.5066,2013,8,29.3,0.0,null,null,Neutral
2013GoM-Pma-05640,Sperm Whale,Vulnerable,29.0213,-88.2602,2013,8,29.3,0.0,null,null,Neutral
2013GoM-Pma-05640,Sperm Whale,Vulnerable,28.7127,-88.68350000000001,2013,8,29.44,0.0,null,null,Neutral
2013GoM-Pma-05640,Sperm Whale,Vulnerable,28.9734,-88.3311,2013,8,29.3,0.0,null,null,Neutral
2013GoM-Pma-05640,Sperm Whale,Vulnerable,28.6289,-88.82910000000001,2013,8,29.44,0.0,null,null,Neutral
2013GoM-Pma-05640,Sperm Whale,Vulnerable,29.0212,-88.32900000000001,2013,8,29.3,0.0,null,null,Neutral
2013GoM-Pma-05640,Sperm Whale,Vulnerable,28.951600000000003,-91.0676,2013,8,29.17,0.0,null,null,Neutral
2013GoM-Pma-05640,Sperm Whale,Vulnerable,28.636200000000002,-88.80080000000001,2013,8,29.44,0.0,null,null,Neutral
2013GoM-Pma-05640,Sperm Whale,Vulnerable,28.7788,-88.4775,2013,8,29.3,0.0,null,null,Neutral
2013GoM-Pma-05640,Sperm Whale,Vulnerable,28.9163,-88.4932,2013,8,29.3,0.0,null,null,Neutral
2013GoM-Pma-05640,Sperm Whale,Vulnerable,28.810200000000002,-88.5355,2013,8,29.3,0.0,null,null,Neutral
2013GoM-Pma-05640,Sperm Whale,Vulnerable,28.748800000000003,-88.5434,2013,8,29.3,0.0,null,null,Neutral
2013GoM-Pma-05640,Sperm Whale,Vulnerable,29.097900000000003,-87.9781,2013,8,29.22,0.0,null,null,Neutral
2013GoM-Pma-05640,Sperm Whale,Vulnerable,29.0794,-88.08380000000001,2013,8,29.22,0.0,null,null,Neutral
2013GoM-Pma-05640,Sperm Whale,Vulnerable,28.803,-88.38430000000001,2013,8,29.3,0.0,null,null,Neutral
2013GoM-Pma-05640,Sperm Whale,Vulnerable,28.9158,-88.4907,2013,8,29.3,0.0,null,null,Neutral
2013GoM-Pma-05640,Sperm Whale,Vulnerable,28.6387,-88.80720000000001,2013,8,29.44,0.0,null,null,Neutral
2013GoM-Pma-05640,Sperm Whale,Vulnerable,28.908800000000003,-88.46820000000001,2013,8,29.3,0.0,null,null,Neutral
2013GoM-Pma-05640,Sperm Whale,Vulnerable,28.829700000000003,-88.5181,2013,8,29.3,0.0,null,null,Neutral
2013GoM-Pma-05640,Sperm Whale,Vulnerable,28.7889,-88.4293,2013,8,29.3,0.0,null,null,Neutral
2013GoM-Pma-05640,Sperm Whale,Vulnerable,28.9163,-88.4628,2013,8,29.3,0.0,null,null,Neutral
2013GoM-Pma-05640,Sperm Whale,Vulnerable,29.012400000000003,-87.8228,2013,8,29.39,0.0,null,null,Neutral
2013GoM-Pma-05640,Sperm Whale,Vulnerable,28.8957,-88.4799,2013,8,29.3,0.0,null,null,Neutral
2013GoM-Pma-05640,Sperm Whale,Vulnerable,28.8396,-88.5073,2013,8,29.3,0.0,null,null,Neutral
2013GoM-Pma-05640,Sperm Whale,Vulnerable,28.9161,-88.4616,2013,8,29.3,0.0,null,null,Neutral
2013GoM-Pma-05640,Sperm Whale,Vulnerable,28.8316,-88.51780000000001,2013,8,29.3,0.0,null,null,Neutral
2013GoM-Pma-05640,Sperm Whale,Vulnerable,28.901200000000003,-88.44720000000001,2013,8,29.3,0.0,null,null,Neutral
2013GoM-Pma-05640,Sperm Whale,Vulnerable,28.8382,-88.5079,2013,8,29.3,0.0,null,null,Neutral
2013GoM-Pma-05640,Sperm Whale,Vulnerable,28.6339,-88.7706,2013,8,29.44,0.0,null,null,Neutral
2013GoM-Pma-05640,Sperm Whale,Vulnerable,28.751800000000003,-88.4962,2013,8,29.3,0.0,null,null,Neutral
2013GoM-Pma-05640,Sperm Whale,Vulnerable,28.649800000000003,-88.7826,2013,8,29.44,0.0,null,null,Neutral
2013GoM-Pma-05640,Sperm Whale,Vulnerable,28.904,-88.52550000000001,2013,8,29.3,0.0,null,null,Neutral
2013GoM-Pma-05640,Sperm Whale,Vulnerable,28.902700000000003,-88.4486,2013,8,29.3,0.0,null,null,Neutral
2013GoM-Pma-05640,Sperm Whale,Vulnerable,28.771700000000003,-88.48100000000001,2013,8,29.3,0.0,null,null,Neutral
2013GoM-Pma-05640,Sperm Whale,Vulnerable,29.020100000000003,-88.2616,2013,8,29.3,0.0,null,null,Neutral
2013GoM-Pma-05640,Sperm Whale,Vulnerable,28.9281,-88.5043,2013,8,29.3,0.0,null,null,Neutral
2013GoM-Pma-05640,Sperm Whale,Vulnerable,28.9468,-91.1757,2013,8,29.17,0.0,null,null,Neutral
2013GoM-Pma-05640,Sperm Whale,Vulnerable,28.903200000000002,-88.523,2013,8,29.3,0.0,null,null,Neutral
2013GoM-Pma-05640,Sperm Whale,Vulnerable,29.0046,-88.28920000000001,2013,8,29.3,0.0,null,null,Neutral
2013GoM-Pma-05640,Sperm Whale,Vulnerable,28.7816,-88.4614,2013,8,29.3,0.0,null,null,Neutral
2013GoM-Pma-05640,Sperm Whale,Vulnerable,28.9217,-88.50410000000001,2013,8,29.3,0.0,null,null,Neutral
2013GoM-Pma-05640,Sperm Whale,Vulnerable,28.649900000000002,-88.7865,2013,8,29.44,0.0,null,null,Neutral
2013GoM-Pma-05640,Sperm Whale,Vulnerable,28.884800000000002,-88.4278,2013,8,29.3,0.0,null,null,Neutral
2013GoM-Pma-05640,Sperm Whale,Vulnerable,28.959200000000003,-88.49430000000001,2013,8,29.3,0.0,null,null,Neutral
2013GoM-Pma-05640,Sperm Whale,Vulnerable,28.9186,-88.5023,2013,8,29.3,0.0,null,null,Neutral
2013GoM-Pma-05640,Sperm Whale,Vulnerable,28.849700000000002,-88.5057,2013,8,29.3,0.0,null,null,Neutral
2013GoM-Pma-05640,Sperm Whale,Vulnerable,28.9147,-88.51780000000001,2013,8,29.3,0.0,null,null,Neutral
2013GoM-Pma-05640,Sperm Whale,Vulnerable,28.8608,-88.4954,2013,8,29.3,0.0,null,null,Neutral
2013GoM-Pma-05640,Sperm Whale,Vulnerable,28.6412,-88.8031,2013,8,29.44,0.0,null,null,Neutral
2013GoM-Pma-05640,Sperm Whale,Vulnerable,28.6342,-88.7689,2013,8,29.44,0.0,null,null,Neutral
2013GoM-Pma-05640,Sperm Whale,Vulnerable,28.9372,-88.50580000000001,2013,8,29.3,0.0,null,null,Neutral
2013GoM-Pma-05640,Sperm Whale,Vulnerable,28.9111,-88.5169,2013,8,29.3,0.0,null,null,Neutral
2013GoM-Pma-05640,Sperm Whale,Vulnerable,28.8627,-88.4936,2013,8,29.3,0.0,null,null,Neutral
2013GoM-Pma-05640,Sperm Whale,Vulnerable,28.9083,-88.4668,2013,8,29.3,0.0,null,null,Neutral
2013GoM-Pma-05640,Sperm Whale,Vulnerable,28.937700000000003,-88.50670000000001,2013,8,29.3,0.0,null,null,Neutral
2013GoM-Pma-05640,Sperm Whale,Vulnerable,29.0046,-88.28790000000001,2013,8,29.3,0.0,null,null,Neutral
2013GoM-Pma-05640,Sperm Whale,Vulnerable,28.5968,-88.839,2013,8,29.44,0.0,null,null,Neutral
2013GoM-Pma-05640,Sperm Whale,Vulnerable,28.933400000000002,-88.5009,2013,8,29.3,0.0,null,null,Neutral
2013GoM-Pma-05640,Sperm Whale,Vulnerable,28.959,-88.4955,2013,8,29.3,0.0,null,null,Neutral
2013GoM-Pma-05640,Sperm Whale,Vulnerable,28.9399,-88.5044,2013,8,29.3,0.0,null,null,Neutral
2013GoM-Pma-05640,Sperm Whale,Vulnerable,29.006400000000003,-88.2749,2013,8,29.3,0.0,null,null,Neutral
2013GoM-Pma-05640,Sperm Whale,Vulnerable,28.596600000000002,-88.84140000000001,2013,8,29.44,0.0,null,null,Neutral
2013GoM-Pma-05640,Sperm Whale,Vulnerable,28.9476,-88.48620000000001,2013,8,29.3,0.0,null,null,Neutral
2013GoM-Pma-05640,Sperm Whale,Vulnerable,28.875400000000003,-88.4765,2013,8,29.3,0.0,null,null,Neutral
2013GoM-Pma-05640,Sperm Whale,Vulnerable,28.941100000000002,-88.5036,2013,8,29.3,0.0,null,null,Neutral
2013GoM-Pma-05640,Sperm Whale,Vulnerable,28.9468,-88.48790000000001,2013,8,29.3,0.0,null,null,Neutral
2013GoM-Pma-05640,Sperm Whale,Vulnerable,28.9323,-88.503,2013,8,29.3,0.0,null,null,Neutral
2013GoM-Pma-05640,Sperm Whale,Vulnerable,28.8773,-88.4751,2013,8,29.3,0.0,null,null,Neutral
2013GoM-Pma-05640,Sperm Whale,Vulnerable,28.6199,-88.827,2013,8,29.44,0.0,null,null,Neutral
2013GoM-Pma-05640,Sperm Whale,Vulnerable,28.724700000000002,-88.52210000000001,2013,8,29.3,0.0,null,null,Neutral
2013GoM-Pma-05640,Sperm Whale,Vulnerable,28.567600000000002,-88.8602,2013,8,29.44,0.0,null,null,Neutral
2013GoM-Pma-05640,Sperm Whale,Vulnerable,28.9604,-88.4932,2013,8,29.3,0.0,null,null,Neutral
2013GoM-Pma-05640,Sperm Whale,Vulnerable,28.8812,-88.4488,2013,8,29.3,0.0,null,null,Neutral
2013GoM-Pma-05640,Sperm Whale,Vulnerable,28.883300000000002,-88.4461,2013,8,29.3,0.0,null,null,Neutral
2013GoM-Pma-05640,Sperm Whale,Vulnerable,28.788300000000003,-88.43310000000001,2013,8,29.3,0.0,null,null,Neutral
2013GoM-Pma-05640,Sperm Whale,Vulnerable,28.9522,-88.4706,2013,8,29.3,0.0,null,null,Neutral
2013GoM-Pma-05640,Sperm Whale,Vulnerable,28.8654,-88.4637,2013,8,29.3,0.0,null,null,Neutral
2013GoM-Pma-05640,Sperm Whale,Vulnerable,28.9934,-88.30210000000001,2013,8,29.3,0.0,null,null,Neutral
2013GoM-Pma-05640,Sperm Whale,Vulnerable,28.7828,-88.4509,2013,8,29.3,0.0,null,null,Neutral
2013GoM-Pma-05640,Sperm Whale,Vulnerable,28.9506,-88.47240000000001,2013,8,29.3,0.0,null,null,Neutral
2013GoM-Pma-05640,Sperm Whale,Vulnerable,28.566100000000002,-88.861,2013,8,29.44,0.0,null,null,Neutral
2013GoM-Pma-05640,Sperm Whale,Vulnerable,28.855400000000003,-88.4427,2013,8,29.3,0.0,null,null,Neutral
2013GoM-Pma-05640,Sperm Whale,Vulnerable,28.9814,-88.3901,2013,8,29.3,0.0,null,null,Neutral
2013GoM-Pma-05640,Sperm Whale,Vulnerable,28.9613,-88.48830000000001,2013,8,29.3,0.0,null,null,Neutral
2013GoM-Pma-05640,Sperm Whale,Vulnerable,28.983,-88.3144,2013,8,29.3,0.0,null,null,Neutral
2013GoM-Pma-05640,Sperm Whale,Vulnerable,28.960900000000002,-88.4906,2013,8,29.3,0.0,null,null,Neutral
2013GoM-Pma-05640,Sperm Whale,Vulnerable,28.8747,-88.4182,2013,8,29.3,0.0,null,null,Neutral
2013GoM-Pma-05640,Sperm Whale,Vulnerable,28.582500000000003,-88.8583,2013,8,29.44,0.0,null,null,Neutral
2013GoM-Pma-05640,Sperm Whale,Vulnerable,28.6189,-88.82950000000001,2013,8,29.44,0.0,null,null,Neutral
2013GoM-Pma-05640,Sperm Whale,Vulnerable,28.634800000000002,-88.77170000000001,2013,8,29.44,0.0,null,null,Neutral
2013GoM-Pma-05640,Sperm Whale,Vulnerable,28.9643,-88.486,2013,8,29.3,0.0,null,null,Neutral
2013GoM-Pma-05640,Sperm Whale,Vulnerable,28.873900000000003,-88.4188,2013,8,29.3,0.0,null,null,Neutral
2013GoM-Pma-05640,Sperm Whale,Vulnerable,28.7851,-88.5014,2013,8,29.3,0.0,null,null,Neutral
2013GoM-Pma-05640,Sperm Whale,Vulnerable,28.8776,-88.4855,2013,8,29.3,0.0,null,null,Neutral
2013GoM-Pma-05640,Sperm Whale,Vulnerable,28.969,-88.45230000000001,2013,8,29.3,0.0,null,null,Neutral
2013GoM-Pma-05640,Sperm Whale,Vulnerable,28.995,-88.3067,2013,8,29.3,0.0,null,null,Neutral
2013GoM-Pma-05640,Sperm Whale,Vulnerable,28.5878,-88.8426,2013,8,29.44,0.0,null,null,Neutral
2013GoM-Pma-05640,Sperm Whale,Vulnerable,28.967200000000002,-88.4555,2013,8,29.3,0.0,null,null,Neutral
2013GoM-Pma-05640,Sperm Whale,Vulnerable,28.986800000000002,-88.3777,2013,8,29.3,0.0,null,null,Neutral
2013GoM-Pma-05640,Sperm Whale,Vulnerable,28.9673,-88.4217,2013,8,29.3,0.0,null,null,Neutral
2013GoM-Pma-05640,Sperm Whale,Vulnerable,28.9962,-88.30640000000001,2013,8,29.3,0.0,null,null,Neutral
2013GoM-Pma-05640,Sperm Whale,Vulnerable,28.5909,-88.83930000000001,2013,8,29.44,0.0,null,null,Neutral
2013GoM-Pma-05640,Sperm Whale,Vulnerable,28.986600000000003,-88.3773,2013,8,29.3,0.0,null,null,Neutral
2013GoM-Pma-05640,Sperm Whale,Vulnerable,28.873,-88.4203,2013,8,29.3,0.0,null,null,Neutral
2013GoM-Pma-05640,Sperm Whale,Vulnerable,28.9785,-88.39970000000001,2013,8,29.3,0.0,null,null,Neutral
2013GoM-Pma-05640,Sperm Whale,Vulnerable,28.979300000000002,-88.39710000000001,2013,8,29.3,0.0,null,null,Neutral
2013GoM-Pma-05640,Sperm Whale,Vulnerable,28.981900000000003,-88.3908,2013,8,29.3,0.0,null,null,Neutral
2013GoM-Pma-05640,Sperm Whale,Vulnerable,28.8713,-88.42,2013,8,29.3,0.0,null,null,Neutral
2013GoM-Pma-05640,Sperm Whale,Vulnerable,28.5955,-88.8347,2013,8,29.44,0.0,null,null,Neutral
2013GoM-Pma-05640,Sperm Whale,Vulnerable,28.8369,-88.4582,2013,8,29.3,0.0,null,null,Neutral
2013GoM-Pma-05640,Sperm Whale,Vulnerable,28.6094,-88.8225,2013,8,29.44,0.0,null,null,Neutral
2013GoM-Pma-05640,Sperm Whale,Vulnerable,28.7783,-88.4641,2013,8,29.3,0.0,null,null,Neutral
2013GoM-Pma-05640,Sperm Whale,Vulnerable,28.867,-88.4233,2013,8,29.3,0.0,null,null,Neutral
2013GoM-Pma-05640,Sperm Whale,Vulnerable,28.8644,-88.4233,2013,8,29.3,0.0,null,null,Neutral
2013GoM-Pma-05640,Sperm Whale,Vulnerable,28.984,-88.3884,2013,8,29.3,0.0,null,null,Neutral
2013GoM-Pma-05640,Sperm Whale,Vulnerable,28.989700000000003,-88.30380000000001,2013,8,29.3,0.0,null,null,Neutral
2013GoM-Pma-05640,Sperm Whale,Vulnerable,28.9554,-87.924,2013,8,29.39,0.0,null,null,Neutral
2013GoM-Pma-05640,Sperm Whale,Vulnerable,28.8439,-88.47540000000001,2013,8,29.3,0.0,null,null,Neutral
2013GoM-Pma-05640,Sperm Whale,Vulnerable,28.932000000000002,-88.44040000000001,2013,8,29.3,0.0,null,null,Neutral
2013GoM-Pma-05640,Sperm Whale,Vulnerable,28.9559,-88.40520000000001,2013,8,29.3,0.0,null,null,Neutral
2013GoM-Pma-05640,Sperm Whale,Vulnerable,28.788400000000003,-88.4358,2013,8,29.3,0.0,null,null,Neutral
2013GoM-Pma-05640,Sperm Whale,Vulnerable,28.948,-91.1872,2013,8,29.17,0.0,null,null,Neutral
2013GoM-Pma-05640,Sperm Whale,Vulnerable,28.944100000000002,-88.4179,2013,8,29.3,0.0,null,null,Neutral
2013GoM-Pma-05640,Sperm Whale,Vulnerable,28.9847,-88.312,2013,8,29.3,0.0,null,null,Neutral
2013GoM-Pma-05640,Sperm Whale,Vulnerable,28.9537,-88.4038,2013,8,29.3,0.0,null,null,Neutral
2013GoM-Pma-05640,Sperm Whale,Vulnerable,28.945500000000003,-88.41590000000001,2013,8,29.3,0.0,null,null,Neutral
2013GoM-Pma-05640,Sperm Whale,Vulnerable,28.9254,-88.4461,2013,8,29.3,0.0,null,null,Neutral
2013GoM-Pma-05640,Sperm Whale,Vulnerable,28.854200000000002,-88.44330000000001,2013,8,29.3,0.0,null,null,Neutral
2013GoM-Pma-05640,Sperm Whale,Vulnerable,28.598,-88.8328,2013,8,29.44,0.0,null,null,Neutral
2013GoM-Pma-05640,Sperm Whale,Vulnerable,28.586000000000002,-88.8446,2013,8,29.44,0.0,null,null,Neutral
2013GoM-Pma-05640,Sperm Whale,Vulnerable,28.782300000000003,-88.4449,2013,8,29.3,0.0,null,null,Neutral
2013GoM-Pma-05640,Sperm Whale,Vulnerable,28.8456,-88.4518,2013,8,29.3,0.0,null,null,Neutral
2013GoM-Pma-05640,Sperm Whale,Vulnerable,28.9308,-88.50460000000001,2013,8,29.3,0.0,null,null,Neutral
2013GoM-Pma-05640,Sperm Whale,Vulnerable,28.779700000000002,-88.4671,2013,8,29.3,0.0,null,null,Neutral
2013GoM-Pma-05640,Sperm Whale,Vulnerable,28.930400000000002,-88.4423,2013,8,29.3,0.0,null,null,Neutral
2013GoM-Pma-05640,Sperm Whale,Vulnerable,28.9276,-88.44460000000001,2013,8,29.3,0.0,null,null,Neutral
2013GoM-Pma-05640,Sperm Whale,Vulnerable,28.9691,-87.89240000000001,2013,8,29.39,0.0,null,null,Neutral
2013GoM-Pma-05640,Sperm Whale,Vulnerable,28.915300000000002,-88.4971,2013,8,29.3,0.0,null,null,Neutral
2013GoM-Pma-05640,Sperm Whale,Vulnerable,28.989800000000002,-88.30210000000001,2013,8,29.3,0.0,null,null,Neutral
2013GoM-Pma-05640,Sperm Whale,Vulnerable,28.8229,-88.4798,2013,8,29.3,0.0,null,null,Neutral
2013GoM-Pma-05640,Sperm Whale,Vulnerable,28.9207,-88.4534,2013,8,29.3,0.0,null,null,Neutral
2013GoM-Pma-05640,Sperm Whale,Vulnerable,28.619200000000003,-88.8143,2013,8,29.44,0.0,null,null,Neutral
2013GoM-Pma-05640,Sperm Whale,Vulnerable,28.9905,-88.30080000000001,2013,8,29.3,0.0,null,null,Neutral
2013GoM-Pma-05640,Sperm Whale,Vulnerable,28.919,-88.50070000000001,2013,8,29.3,0.0,null,null,Neutral
2013GoM-Pma-05640,Sperm Whale,Vulnerable,28.9921,-88.32130000000001,2013,8,29.3,0.0,null,null,Neutral
2013GoM-Pma-05640,Sperm Whale,Vulnerable,28.919500000000003,-88.45580000000001,2013,8,29.3,0.0,null,null,Neutral
2013GoM-Pma-05640,Sperm Whale,Vulnerable,29.0317,-88.3251,2013,8,29.3,0.0,null,null,Neutral
2013GoM-Pma-05640,Sperm Whale,Vulnerable,28.9145,-88.4954,2013,8,29.3,0.0,null,null,Neutral
2013GoM-Pma-05640,Sperm Whale,Vulnerable,28.6032,-88.8287,2013,8,29.44,0.0,null,null,Neutral
2013GoM-Pma-05640,Sperm Whale,Vulnerable,28.8834,-88.4559,2013,8,29.3,0.0,null,null,Neutral
2013GoM-Pma-05640,Sperm Whale,Vulnerable,28.6175,-88.8169,2013,8,29.44,0.0,null,null,Neutral
2013GoM-Pma-05640,Sperm Whale,Vulnerable,28.7131,-88.5351,2013,8,29.3,0.0,null,null,Neutral
2013GoM-Pma-05640,Sperm Whale,Vulnerable,28.8231,-88.4792,2013,8,29.3,0.0,null,null,Neutral
2013GoM-Pma-05640,Sperm Whale,Vulnerable,28.836000000000002,-88.4594,2013,8,29.3,0.0,null,null,Neutral
2013GoM-Pma-05640,Sperm Whale,Vulnerable,28.7983,-88.4094,2013,8,29.3,0.0,null,null,Neutral
2013GoM-Pma-05640,Sperm Whale,Vulnerable,28.8717,-88.5787,2013,8,29.3,0.0,null,null,Neutral
2013GoM-Pma-05640,Sperm Whale,Vulnerable,28.951700000000002,-88.40950000000001,2013,8,29.3,0.0,null,null,Neutral
2013GoM-Pma-05640,Sperm Whale,Vulnerable,28.9246,-88.4409,2013,8,29.3,0.0,null,null,Neutral
2013GoM-Pma-05640,Sperm Whale,Vulnerable,28.7836,-88.5021,2013,8,29.3,0.0,null,null,Neutral
2013GoM-Pma-05640,Sperm Whale,Vulnerable,28.923000000000002,-88.43900000000001,2013,8,29.3,0.0,null,null,Neutral
2013GoM-Pma-05640,Sperm Whale,Vulnerable,28.8949,-88.455,2013,8,29.3,0.0,null,null,Neutral
2013GoM-Pma-05640,Sperm Whale,Vulnerable,28.9572,-88.3771,2013,8,29.3,0.0,null,null,Neutral
2013GoM-Pma-05640,Sperm Whale,Vulnerable,28.9357,-88.4525,2013,8,29.3,0.0,null,null,Neutral
2013GoM-Pma-05640,Sperm Whale,Vulnerable,28.942500000000003,-88.4405,2013,8,29.3,0.0,null,null,Neutral
2013GoM-Pma-05640,Sperm Whale,Vulnerable,28.6371,-88.7651,2013,8,29.44,0.0,null,null,Neutral
2013GoM-Pma-05640,Sperm Whale,Vulnerable,28.916900000000002,-88.54560000000001,2013,8,29.3,0.0,null,null,Neutral
2013GoM-Pma-05640,Sperm Whale,Vulnerable,28.9907,-87.83290000000001,2013,8,29.39,0.0,null,null,Neutral
2013GoM-Pma-05640,Sperm Whale,Vulnerable,28.606,-88.8267,2013,8,29.44,0.0,null,null,Neutral
2013GoM-Pma-05640,Sperm Whale,Vulnerable,28.581400000000002,-88.8597,2013,8,29.44,0.0,null,null,Neutral
2013GoM-Pma-05640,Sperm Whale,Vulnerable,28.936700000000002,-88.4778,2013,8,29.3,0.0,null,null,Neutral
2013GoM-Pma-05640,Sperm Whale,Vulnerable,28.9756,-88.39330000000001,2013,8,29.3,0.0,null,null,Neutral
2013GoM-Pma-05640,Sperm Whale,Vulnerable,28.8414,-88.47850000000001,2013,8,29.3,0.0,null,null,Neutral
2013GoM-Pma-05640,Sperm Whale,Vulnerable,28.9666,-88.4259,2013,8,29.3,0.0,null,null,Neutral
2013GoM-Pma-05640,Sperm Whale,Vulnerable,28.877200000000002,-88.48360000000001,2013,8,29.3,0.0,null,null,Neutral
2013GoM-Pma-05640,Sperm Whale,Vulnerable,28.9296,-88.4614,2013,8,29.3,0.0,null,null,Neutral
2013GoM-Pma-05640,Sperm Whale,Vulnerable,28.9725,-88.3332,2013,8,29.3,0.0,null,null,Neutral
2013GoM-Pma-05640,Sperm Whale,Vulnerable,28.6247,-88.86110000000001,2013,8,29.44,0.0,null,null,Neutral
2013GoM-Pma-05640,Sperm Whale,Vulnerable,28.9278,-88.4631,2013,8,29.3,0.0,null,null,Neutral
2013GoM-Pma-05640,Sperm Whale,Vulnerable,28.9696,-88.4148,2013,8,29.3,0.0,null,null,Neutral
2013GoM-Pma-05640,Sperm Whale,Vulnerable,28.950400000000002,-88.456,2013,8,29.3,0.0,null,null,Neutral
2013GoM-Pma-05640,Sperm Whale,Vulnerable,28.8034,-88.3862,2013,8,29.3,0.0,null,null,Neutral
2013GoM-Pma-05640,Sperm Whale,Vulnerable,28.6648,-88.7792,2013,8,29.44,0.0,null,null,Neutral
2013GoM-Pma-05640,Sperm Whale,Vulnerable,28.968300000000003,-88.41850000000001,2013,8,29.3,0.0,null,null,Neutral
2013GoM-Pma-05640,Sperm Whale,Vulnerable,28.885,-88.4547,2013,8,29.3,0.0,null,null,Neutral
2013GoM-Pma-05640,Sperm Whale,Vulnerable,28.957600000000003,-88.44030000000001,2013,8,29.3,0.0,null,null,Neutral
2013GoM-Pma-05640,Sperm Whale,Vulnerable,28.959300000000002,-88.4383,2013,8,29.3,0.0,null,null,Neutral
2013GoM-Pma-05640,Sperm Whale,Vulnerable,28.9814,-88.3725,2013,8,29.3,0.0,null,null,Neutral
2013GoM-Pma-05640,Sperm Whale,Vulnerable,28.8918,-88.4513,2013,8,29.3,0.0,null,null,Neutral
2013GoM-Pma-05640,Sperm Whale,Vulnerable,28.736500000000003,-88.14760000000001,2013,8,29.39,0.0,null,null,Neutral
2013GoM-Pma-05640,Sperm Whale,Vulnerable,28.919600000000003,-88.458,2013,8,29.3,0.0,null,null,Neutral
2013GoM-Pma-05640,Sperm Whale,Vulnerable,28.6358,-88.82310000000001,2013,8,29.44,0.0,null,null,Neutral
2013GoM-Pma-05640,Sperm Whale,Vulnerable,28.765700000000002,-88.49340000000001,2013,8,29.3,0.0,null,null,Neutral
2013GoM-Pma-05640,Sperm Whale,Vulnerable,28.8989,-88.4544,2013,8,29.3,0.0,null,null,Neutral
2013GoM-Pma-05640,Sperm Whale,Vulnerable,28.899700000000003,-88.4554,2013,8,29.3,0.0,null,null,Neutral
2013GoM-Pma-05640,Sperm Whale,Vulnerable,28.977400000000003,-88.3921,2013,8,29.3,0.0,null,null,Neutral
2013GoM-Pma-05640,Sperm Whale,Vulnerable,28.956400000000002,-88.38,2013,8,29.3,0.0,null,null,Neutral
2013GoM-Pma-05640,Sperm Whale,Vulnerable,28.667,-88.7766,2013,8,29.44,0.0,null,null,Neutral
2013GoM-Pma-05640,Sperm Whale,Vulnerable,28.9507,-88.4107,2013,8,29.3,0.0,null,null,Neutral
2013GoM-Pma-05640,Sperm Whale,Vulnerable,28.9842,-88.38940000000001,2013,8,29.3,0.0,null,null,Neutral
2013GoM-Pma-05640,Sperm Whale,Vulnerable,28.9833,-88.35730000000001,2013,8,29.3,0.0,null,null,Neutral
2013GoM-Pma-05640,Sperm Whale,Vulnerable,28.7986,-88.4116,2013,8,29.3,0.0,null,null,Neutral
2013GoM-Pma-05640,Sperm Whale,Vulnerable,28.6371,-88.8237,2013,8,29.44,0.0,null,null,Neutral
2013GoM-Pma-05640,Sperm Whale,Vulnerable,28.982,-88.3909,2013,8,29.3,0.0,null,null,Neutral
2013GoM-Pma-05640,Sperm Whale,Vulnerable,28.9465,-88.4328,2013,8,29.3,0.0,null,null,Neutral
2013GoM-Pma-05640,Sperm Whale,Vulnerable,29.0008,-88.3772,2013,8,29.3,0.0,null,null,Neutral
2013GoM-Pma-05640,Sperm Whale,Vulnerable,28.9049,-88.4607,2013,8,29.3,0.0,null,null,Neutral
2013GoM-Pma-05640,Sperm Whale,Vulnerable,28.9908,-88.3172,2013,8,29.3,0.0,null,null,Neutral
2013GoM-Pma-05640,Sperm Whale,Vulnerable,28.991500000000002,-88.3698,2013,8,29.3,0.0,null,null,Neutral
2013GoM-Pma-05640,Sperm Whale,Vulnerable,28.6472,-88.793,2013,8,29.44,0.0,null,null,Neutral
2013GoM-Pma-05640,Sperm Whale,Vulnerable,28.541500000000003,-88.3922,2013,8,29.46,0.0,null,null,Neutral
2013GoM-Pma-05640,Sperm Whale,Vulnerable,28.9864,-88.3596,2013,8,29.3,0.0,null,null,Neutral
2013GoM-Pma-05640,Sperm Whale,Vulnerable,28.918,-88.45880000000001,2013,8,29.3,0.0,null,null,Neutral
2013GoM-Pma-05640,Sperm Whale,Vulnerable,28.9924,-88.3199,2013,8,29.3,0.0,null,null,Neutral
2013GoM-Pma-05640,Sperm Whale,Vulnerable,28.7788,-88.4781,2013,8,29.3,0.0,null,null,Neutral
2013GoM-Pma-05640,Sperm Whale,Vulnerable,28.9845,-88.3917,2013,8,29.3,0.0,null,null,Neutral
2013GoM-Pma-05640,Sperm Whale,Vulnerable,28.95,-88.4103,2013,8,29.3,0.0,null,null,Neutral
2013GoM-Pma-05640,Sperm Whale,Vulnerable,28.6259,-88.8604,2013,8,29.44,0.0,null,null,Neutral
2013GoM-Pma-05640,Sperm Whale,Vulnerable,28.9934,-88.3223,2013,8,29.3,0.0,null,null,Neutral
2013GoM-Pma-05640,Sperm Whale,Vulnerable,28.988,-88.38380000000001,2013,8,29.3,0.0,null,null,Neutral
2013GoM-Pma-05640,Sperm Whale,Vulnerable,28.9403,-88.43130000000001,2013,8,29.3,0.0,null,null,Neutral
2013GoM-Pma-05640,Sperm Whale,Vulnerable,28.9511,-88.4079,2013,8,29.3,0.0,null,null,Neutral
2013GoM-Pma-05640,Sperm Whale,Vulnerable,28.627100000000002,-88.8615,2013,8,29.44,0.0,null,null,Neutral
2013GoM-Pma-05640,Sperm Whale,Vulnerable,28.988100000000003,-88.355,2013,8,29.3,0.0,null,null,Neutral
2013GoM-Pma-05640,Sperm Whale,Vulnerable,28.931900000000002,-88.4473,2013,8,29.3,0.0,null,null,Neutral
2013GoM-Pma-05640,Sperm Whale,Vulnerable,28.952,-88.3366,2013,8,29.3,0.0,null,null,Neutral
2013GoM-Pma-05640,Sperm Whale,Vulnerable,28.9829,-88.3621,2013,8,29.3,0.0,null,null,Neutral
2013GoM-Pma-05640,Sperm Whale,Vulnerable,28.971,-88.3859,2013,8,29.3,0.0,null,null,Neutral
2013GoM-Pma-05640,Sperm Whale,Vulnerable,28.9339,-88.4454,2013,8,29.3,0.0,null,null,Neutral
2013GoM-Pma-05640,Sperm Whale,Vulnerable,28.654,-88.7984,2013,8,29.44,0.0,null,null,Neutral
2013GoM-Pma-05640,Sperm Whale,Vulnerable,28.9311,-88.4993,2013,8,29.3,0.0,null,null,Neutral
2013GoM-Pma-05640,Sperm Whale,Vulnerable,28.630200000000002,-88.84490000000001,2013,8,29.44,0.0,null,null,Neutral
2013GoM-Pma-05640,Sperm Whale,Vulnerable,28.7635,-88.4948,2013,8,29.3,0.0,null,null,Neutral
2013GoM-Pma-05640,Sperm Whale,Vulnerable,28.989800000000002,-88.3454,2013,8,29.3,0.0,null,null,Neutral
2013GoM-Pma-05640,Sperm Whale,Vulnerable,28.7898,-88.42660000000001,2013,8,29.3,0.0,null,null,Neutral
2013GoM-Pma-05640,Sperm Whale,Vulnerable,28.8713,-88.5732,2013,8,29.3,0.0,null,null,Neutral
2013GoM-Pma-05640,Sperm Whale,Vulnerable,29.008100000000002,-88.35820000000001,2013,8,29.3,0.0,null,null,Neutral
2013GoM-Pma-05640,Sperm Whale,Vulnerable,28.9779,-88.3354,2013,8,29.3,0.0,null,null,Neutral
2013GoM-Pma-05640,Sperm Whale,Vulnerable,29.032400000000003,-88.32560000000001,2013,8,29.3,0.0,null,null,Neutral
2013GoM-Pma-05640,Sperm Whale,Vulnerable,28.969900000000003,-88.3875,2013,8,29.3,0.0,null,null,Neutral
2013GoM-Pma-05640,Sperm Whale,Vulnerable,28.949900000000003,-88.4706,2013,8,29.3,0.0,null,null,Neutral
2013GoM-Pma-05640,Sperm Whale,Vulnerable,28.626800000000003,-88.8598,2013,8,29.44,0.0,null,null,Neutral
2013GoM-Pma-05640,Sperm Whale,Vulnerable,28.7983,-88.40570000000001,2013,8,29.3,0.0,null,null,Neutral
2013GoM-Pma-05640,Sperm Whale,Vulnerable,28.8018,-88.3918,2013,8,29.3,0.0,null,null,Neutral
2013GoM-Pma-05640,Sperm Whale,Vulnerable,28.9498,-88.4671,2013,8,29.3,0.0,null,null,Neutral
2013GoM-Pma-05640,Sperm Whale,Vulnerable,28.9737,-88.3375,2013,8,29.3,0.0,null,null,Neutral
2013GoM-Pma-05640,Sperm Whale,Vulnerable,28.9435,-88.3486,2013,8,29.3,0.0,null,null,Neutral
2013GoM-Pma-05640,Sperm Whale,Vulnerable,28.9188,-88.53840000000001,2013,8,29.3,0.0,null,null,Neutral
2013GoM-Pma-05640,Sperm Whale,Vulnerable,28.6308,-88.8451,2013,8,29.44,0.0,null,null,Neutral
2013GoM-Pma-05640,Sperm Whale,Vulnerable,28.6535,-88.799,2013,8,29.44,0.0,null,null,Neutral
2013GoM-Pma-05640,Sperm Whale,Vulnerable,28.948,-91.1366,2013,8,29.17,0.0,null,null,Neutral
2013GoM-Pma-05640,Sperm Whale,Vulnerable,28.9634,-88.33850000000001,2013,8,29.3,0.0,null,null,Neutral
2013GoM-Pma-05640,Sperm Whale,Vulnerable,28.989600000000003,-88.319,2013,8,29.3,0.0,null,null,Neutral
2013GoM-Pma-05640,Sperm Whale,Vulnerable,28.940800000000003,-88.42920000000001,2013,8,29.3,0.0,null,null,Neutral
2013GoM-Pma-05640,Sperm Whale,Vulnerable,28.9481,-88.45790000000001,2013,8,29.3,0.0,null,null,Neutral
2013GoM-Pma-05640,Sperm Whale,Vulnerable,28.942600000000002,-88.4273,2013,8,29.3,0.0,null,null,Neutral
2013GoM-Pma-05640,Sperm Whale,Vulnerable,28.950300000000002,-88.34020000000001,2013,8,29.3,0.0,null,null,Neutral
2013GoM-Pma-05640,Sperm Whale,Vulnerable,28.6259,-88.85210000000001,2013,8,29.44,0.0,null,null,Neutral
2013GoM-Pma-05640,Sperm Whale,Vulnerable,28.933,-88.3917,2013,8,29.3,0.0,null,null,Neutral
2013GoM-Pma-05640,Sperm Whale,Vulnerable,28.933200000000003,-88.4719,2013,8,29.3,0.0,null,null,Neutral
2013GoM-Pma-05640,Sperm Whale,Vulnerable,28.9435,-88.425,2013,8,29.3,0.0,null,null,Neutral
2013GoM-Pma-05640,Sperm Whale,Vulnerable,28.991500000000002,-88.3683,2013,8,29.3,0.0,null,null,Neutral
2013GoM-Pma-05640,Sperm Whale,Vulnerable,28.730800000000002,-88.16210000000001,2013,8,29.39,0.0,null,null,Neutral
2013GoM-Pma-05640,Sperm Whale,Vulnerable,28.934900000000003,-88.4683,2013,8,29.3,0.0,null,null,Neutral
2013GoM-Pma-05640,Sperm Whale,Vulnerable,28.947200000000002,-88.3473,2013,8,29.3,0.0,null,null,Neutral
2013GoM-Pma-05640,Sperm Whale,Vulnerable,28.8987,-88.5592,2013,8,29.3,0.0,null,null,Neutral
2013GoM-Pma-05640,Sperm Whale,Vulnerable,28.8975,-88.56230000000001,2013,8,29.3,0.0,null,null,Neutral
2013GoM-Pma-05640,Sperm Whale,Vulnerable,28.9523,-88.503,2013,8,29.3,0.0,null,null,Neutral
2013GoM-Pma-05640,Sperm Whale,Vulnerable,28.9323,-88.3942,2013,8,29.3,0.0,null,null,Neutral
2013GoM-Pma-05640,Sperm Whale,Vulnerable,28.6263,-88.8614,2013,8,29.44,0.0,null,null,Neutral
2013GoM-Pma-05640,Sperm Whale,Vulnerable,28.779300000000003,-88.4918,2013,8,29.3,0.0,null,null,Neutral
2013GoM-Pma-05640,Sperm Whale,Vulnerable,28.6167,-88.8478,2013,8,29.44,0.0,null,null,Neutral
2013GoM-Pma-05640,Sperm Whale,Vulnerable,29.0299,-88.3298,2013,8,29.3,0.0,null,null,Neutral
2013GoM-Pma-05640,Sperm Whale,Vulnerable,28.9901,-88.369,2013,8,29.3,0.0,null,null,Neutral
2013GoM-Pma-05640,Sperm Whale,Vulnerable,28.972800000000003,-88.3829,2013,8,29.3,0.0,null,null,Neutral
2013GoM-Pma-05640,Sperm Whale,Vulnerable,28.935000000000002,-88.538,2013,8,29.3,0.0,null,null,Neutral
2013GoM-Pma-05640,Sperm Whale,Vulnerable,29.0413,-88.3245,2013,8,29.3,0.0,null,null,Neutral
2013GoM-Pma-05640,Sperm Whale,Vulnerable,28.6198,-88.8497,2013,8,29.44,0.0,null,null,Neutral
2013GoM-Pma-05640,Sperm Whale,Vulnerable,28.9376,-88.5352,2013,8,29.3,0.0,null,null,Neutral
2013GoM-Pma-05640,Sperm Whale,Vulnerable,28.922700000000003,-88.4924,2013,8,29.3,0.0,null,null,Neutral
2013GoM-Pma-05640,Sperm Whale,Vulnerable,29.023300000000003,-88.34230000000001,2013,8,29.3,0.0,null,null,Neutral
2013GoM-Pma-05640,Sperm Whale,Vulnerable,29.0254,-88.3456,2013,8,29.3,0.0,null,null,Neutral
2013GoM-Pma-05640,Sperm Whale,Vulnerable,28.625,-88.85940000000001,2013,8,29.44,0.0,null,null,Neutral
2013GoM-Pma-05640,Sperm Whale,Vulnerable,28.8034,-88.39540000000001,2013,8,29.3,0.0,null,null,Neutral
2013GoM-Pma-05640,Sperm Whale,Vulnerable,28.9542,-88.499,2013,8,29.3,0.0,null,null,Neutral
2013GoM-Pma-05640,Sperm Whale,Vulnerable,28.922600000000003,-88.5266,2013,8,29.3,0.0,null,null,Neutral
2013GoM-Pma-05640,Sperm Whale,Vulnerable,28.8031,-88.3969,2013,8,29.3,0.0,null,null,Neutral
2013GoM-Pma-05640,Sperm Whale,Vulnerable,29.0343,-88.31830000000001,2013,8,29.3,0.0,null,null,Neutral
2013GoM-Pma-05640,Sperm Whale,Vulnerable,29.0287,-88.3287,2013,8,29.3,0.0,null,null,Neutral
2013GoM-Pma-05640,Sperm Whale,Vulnerable,28.622500000000002,-88.85730000000001,2013,8,29.44,0.0,null,null,Neutral
2013GoM-Pma-05640,Sperm Whale,Vulnerable,28.6266,-88.8613,2013,8,29.44,0.0,null,null,Neutral
2013GoM-Pma-05640,Sperm Whale,Vulnerable,28.924200000000003,-88.5246,2013,8,29.3,0.0,null,null,Neutral
2013GoM-Pma-05640,Sperm Whale,Vulnerable,29.038600000000002,-88.3227,2013,8,29.3,0.0,null,null,Neutral
2013GoM-Pma-05640,Sperm Whale,Vulnerable,28.9203,-88.53190000000001,2013,8,29.3,0.0,null,null,Neutral
2013GoM-Pma-05640,Sperm Whale,Vulnerable,28.7799,-88.4928,2013,8,29.3,0.0,null,null,Neutral
2013GoM-Pma-05640,Sperm Whale,Vulnerable,28.6265,-88.86110000000001,2013,8,29.44,0.0,null,null,Neutral
2013GoM-Pma-05640,Sperm Whale,Vulnerable,28.631400000000003,-88.8086,2013,8,29.44,0.0,null,null,Neutral
2013GoM-Pma-05640,Sperm Whale,Vulnerable,28.607200000000002,-88.8515,2013,8,29.44,0.0,null,null,Neutral
2013GoM-Pma-05640,Sperm Whale,Vulnerable,28.6212,-88.8525,2013,8,29.44,0.0,null,null,Neutral
2013GoM-Pma-05640,Sperm Whale,Vulnerable,28.6173,-88.74860000000001,2013,8,29.44,0.0,null,null,Neutral
2013GoM-Pma-05640,Sperm Whale,Vulnerable,28.621000000000002,-88.8494,2013,8,29.44,0.0,null,null,Neutral
2013GoM-Pma-05640,Sperm Whale,Vulnerable,28.6216,-88.8499,2013,8,29.44,0.0,null,null,Neutral
2013GoM-Pma-05640,Sperm Whale,Vulnerable,28.7143,-88.61970000000001,2013,8,29.44,0.0,null,null,Neutral
2013GoM-Pma-05640,Sperm Whale,Vulnerable,28.6994,-88.7042,2013,8,29.44,0.0,null,null,Neutral
2013GoM-Pma-05640,Sperm Whale,Vulnerable,29.0302,-88.3191,2013,8,29.3,0.0,null,null,Neutral
2013GoM-Pma-05640,Sperm Whale,Vulnerable,29.0062,-88.35820000000001,2013,8,29.3,0.0,null,null,Neutral
2013GoM-Pma-05640,Sperm Whale,Vulnerable,28.935200000000002,-88.45410000000001,2013,8,29.3,0.0,null,null,Neutral
2013GoM-Pma-05640,Sperm Whale,Vulnerable,29.004,-88.29820000000001,2013,8,29.3,0.0,null,null,Neutral
2013GoM-Pma-05640,Sperm Whale,Vulnerable,28.9739,-88.3709,2013,8,29.3,0.0,null,null,Neutral
2013GoM-Pma-05640,Sperm Whale,Vulnerable,28.9497,-91.2054,2013,8,29.17,0.0,null,null,Neutral
2013GoM-Pma-05640,Sperm Whale,Vulnerable,28.7451,-88.05550000000001,2013,8,29.39,0.0,null,null,Neutral
2013GoM-Pma-05640,Sperm Whale,Vulnerable,28.738200000000003,-88.1012,2013,8,29.39,0.0,null,null,Neutral
2013GoM-Pma-05640,Sperm Whale,Vulnerable,28.552100000000003,-88.30550000000001,2013,8,29.46,0.0,null,null,Neutral
2013GoM-Pma-05640,Sperm Whale,Vulnerable,28.7195,-88.17620000000001,2013,8,29.46,0.0,null,null,Neutral
2013GoM-Pma-05640,Sperm Whale,Vulnerable,28.7174,-88.1785,2013,8,29.46,0.0,null,null,Neutral
2013GoM-Pma-05640,Sperm Whale,Vulnerable,28.7265,-88.07770000000001,2013,8,29.39,0.0,null,null,Neutral
2013GoM-Pma-05640,Sperm Whale,Vulnerable,28.6082,-88.8536,2013,8,29.44,0.0,null,null,Neutral
2013GoM-Pma-05640,Sperm Whale,Vulnerable,28.698600000000003,-88.2192,2013,8,29.46,0.0,null,null,Neutral
2013GoM-Pma-05640,Sperm Whale,Vulnerable,28.7086,-88.1923,2013,8,29.46,0.0,null,null,Neutral
2013GoM-Pma-05640,Sperm Whale,Vulnerable,28.701,-88.21000000000001,2013,8,29.46,0.0,null,null,Neutral
2013GoM-Pma-05640,Sperm Whale,Vulnerable,28.7011,-88.20960000000001,2013,8,29.46,0.0,null,null,Neutral
2013GoM-Pma-05640,Sperm Whale,Vulnerable,28.632800000000003,-88.26010000000001,2013,8,29.46,0.0,null,null,Neutral
2013GoM-Pma-05640,Sperm Whale,Vulnerable,28.6993,-88.2189,2013,8,29.46,0.0,null,null,Neutral
2013GoM-Pma-05640,Sperm Whale,Vulnerable,28.697100000000002,-88.2287,2013,8,29.46,0.0,null,null,Neutral
2013GoM-Pma-05640,Sperm Whale,Vulnerable,28.6077,-88.8523,2013,8,29.44,0.0,null,null,Neutral
2013GoM-Pma-05640,Sperm Whale,Vulnerable,28.6933,-88.2406,2013,8,29.46,0.0,null,null,Neutral
2013GoM-Pma-05640,Sperm Whale,Vulnerable,28.680300000000003,-88.26950000000001,2013,8,29.46,0.0,null,null,Neutral
2013GoM-Pma-05640,Sperm Whale,Vulnerable,28.689300000000003,-88.2502,2013,8,29.46,0.0,null,null,Neutral
2013GoM-Pma-05640,Sperm Whale,Vulnerable,28.697400000000002,-88.2294,2013,8,29.46,0.0,null,null,Neutral
2013GoM-Pma-05640,Sperm Whale,Vulnerable,28.6708,-88.26650000000001,2013,8,29.46,0.0,null,null,Neutral
2013GoM-Pma-05640,Sperm Whale,Vulnerable,28.6614,-88.2656,2013,8,29.46,0.0,null,null,Neutral
2013GoM-Pma-05640,Sperm Whale,Vulnerable,28.634600000000002,-88.2609,2013,8,29.46,0.0,null,null,Neutral
2013GoM-Pma-05640,Sperm Whale,Vulnerable,28.6937,-88.2395,2013,8,29.46,0.0,null,null,Neutral
2013GoM-Pma-05640,Sperm Whale,Vulnerable,28.599400000000003,-88.2585,2013,8,29.46,0.0,null,null,Neutral
2013GoM-Pma-05640,Sperm Whale,Vulnerable,28.6429,-88.2604,2013,8,29.46,0.0,null,null,Neutral
2013GoM-Pma-05640,Sperm Whale,Vulnerable,28.6217,-88.2594,2013,8,29.46,0.0,null,null,Neutral
2013GoM-Pma-05640,Sperm Whale,Vulnerable,28.66,-88.2645,2013,8,29.46,0.0,null,null,Neutral
2013GoM-Pma-05640,Sperm Whale,Vulnerable,28.623800000000003,-88.2609,2013,8,29.46,0.0,null,null,Neutral
2013GoM-Pma-05640,Sperm Whale,Vulnerable,28.6413,-88.26,2013,8,29.46,0.0,null,null,Neutral
2013GoM-Pma-05640,Sperm Whale,Vulnerable,28.6795,-88.2689,2013,8,29.46,0.0,null,null,Neutral
2013GoM-Pma-05640,Sperm Whale,Vulnerable,28.627200000000002,-88.85350000000001,2013,8,29.44,0.0,null,null,Neutral
2013GoM-Pma-05640,Sperm Whale,Vulnerable,28.5909,-88.261,2013,8,29.46,0.0,null,null,Neutral
2013GoM-Pma-05640,Sperm Whale,Vulnerable,28.57,-88.2675,2013,8,29.46,0.0,null,null,Neutral
2013GoM-Pma-05640,Sperm Whale,Vulnerable,28.5816,-88.263,2013,8,29.46,0.0,null,null,Neutral
2013GoM-Pma-05640,Sperm Whale,Vulnerable,28.608600000000003,-88.2577,2013,8,29.46,0.0,null,null,Neutral
2013GoM-Pma-05640,Sperm Whale,Vulnerable,28.5654,-88.28240000000001,2013,8,29.46,0.0,null,null,Neutral
2013GoM-Pma-05640,Sperm Whale,Vulnerable,28.569200000000002,-88.27340000000001,2013,8,29.46,0.0,null,null,Neutral
2013GoM-Pma-05640,Sperm Whale,Vulnerable,28.747,-88.0193,2013,8,29.39,0.0,null,null,Neutral
2013GoM-Pma-05640,Sperm Whale,Vulnerable,28.6169,-88.2578,2013,8,29.46,0.0,null,null,Neutral
2013GoM-Pma-05640,Sperm Whale,Vulnerable,28.5603,-88.29350000000001,2013,8,29.46,0.0,null,null,Neutral
2013GoM-Pma-05640,Sperm Whale,Vulnerable,28.559,-88.29480000000001,2013,8,29.46,0.0,null,null,Neutral
2013GoM-Pma-05640,Sperm Whale,Vulnerable,28.5453,-88.3186,2013,8,29.46,0.0,null,null,Neutral
2013GoM-Pma-05640,Sperm Whale,Vulnerable,28.5624,-88.2847,2013,8,29.46,0.0,null,null,Neutral
2013GoM-Pma-05640,Sperm Whale,Vulnerable,28.5485,-88.3137,2013,8,29.46,0.0,null,null,Neutral
2013GoM-Pma-05640,Sperm Whale,Vulnerable,28.555500000000002,-88.30160000000001,2013,8,29.46,0.0,null,null,Neutral
2013GoM-Pma-05640,Sperm Whale,Vulnerable,28.5562,-88.2979,2013,8,29.46,0.0,null,null,Neutral
2013GoM-Pma-05640,Sperm Whale,Vulnerable,28.6034,-88.2569,2013,8,29.46,0.0,null,null,Neutral
2013GoM-Pma-05640,Sperm Whale,Vulnerable,28.5421,-88.3897,2013,8,29.46,0.0,null,null,Neutral
2013GoM-Pma-05640,Sperm Whale,Vulnerable,28.538500000000003,-88.33200000000001,2013,8,29.46,0.0,null,null,Neutral
2013GoM-Pma-05640,Sperm Whale,Vulnerable,28.546100000000003,-88.4045,2013,8,29.46,0.0,null,null,Neutral
2013GoM-Pma-05640,Sperm Whale,Vulnerable,28.534200000000002,-88.342,2013,8,29.46,0.0,null,null,Neutral
2013GoM-Pma-05640,Sperm Whale,Vulnerable,28.7588,-87.9924,2013,8,29.39,0.0,null,null,Neutral
2013GoM-Pma-05640,Sperm Whale,Vulnerable,28.959500000000002,-91.0138,2013,8,29.17,0.0,null,null,Neutral
2013GoM-Pma-05640,Sperm Whale,Vulnerable,28.6488,-88.2583,2013,8,29.46,0.0,null,null,Neutral
2013GoM-Pma-05640,Sperm Whale,Vulnerable,28.540200000000002,-88.3296,2013,8,29.46,0.0,null,null,Neutral
2013GoM-Pma-05640,Sperm Whale,Vulnerable,28.960900000000002,-91.0021,2013,8,29.17,0.0,null,null,Neutral
2013GoM-Pma-05640,Sperm Whale,Vulnerable,28.948700000000002,-91.1179,2013,8,29.17,0.0,null,null,Neutral
2013GoM-Pma-05640,Sperm Whale,Vulnerable,28.7864,-87.9359,2013,8,29.39,0.0,null,null,Neutral
2013GoM-Pma-05640,Sperm Whale,Vulnerable,28.796200000000002,-87.91080000000001,2013,8,29.39,0.0,null,null,Neutral
2013GoM-Pma-05640,Sperm Whale,Vulnerable,28.5457,-88.408,2013,8,29.46,0.0,null,null,Neutral
2013GoM-Pma-05640,Sperm Whale,Vulnerable,28.5392,-88.3651,2013,8,29.46,0.0,null,null,Neutral
2013GoM-Pma-05640,Sperm Whale,Vulnerable,28.6291,-88.2599,2013,8,29.46,0.0,null,null,Neutral
2013GoM-Pma-05640,Sperm Whale,Vulnerable,28.6122,-88.85170000000001,2013,8,29.44,0.0,null,null,Neutral
2013GoM-Pma-05640,Sperm Whale,Vulnerable,28.8378,-87.8858,2013,8,29.39,0.0,null,null,Neutral
2013GoM-Pma-05640,Sperm Whale,Vulnerable,28.6107,-88.2582,2013,8,29.46,0.0,null,null,Neutral
2013GoM-Pma-05640,Sperm Whale,Vulnerable,28.6724,-88.269,2013,8,29.46,0.0,null,null,Neutral
2013GoM-Pma-05640,Sperm Whale,Vulnerable,28.585600000000003,-88.2608,2013,8,29.46,0.0,null,null,Neutral
2013GoM-Pma-05640,Sperm Whale,Vulnerable,28.8703,-87.8627,2013,8,29.39,0.0,null,null,Neutral
2013GoM-Pma-05640,Sperm Whale,Vulnerable,28.866600000000002,-87.8656,2013,8,29.39,0.0,null,null,Neutral
2013GoM-Pma-05640,Sperm Whale,Vulnerable,28.689300000000003,-88.2496,2013,8,29.46,0.0,null,null,Neutral
2013GoM-Pma-05640,Sperm Whale,Vulnerable,28.5667,-88.2813,2013,8,29.46,0.0,null,null,Neutral
2013GoM-Pma-05640,Sperm Whale,Vulnerable,28.700400000000002,-88.21090000000001,2013,8,29.46,0.0,null,null,Neutral
2013GoM-Pma-05640,Sperm Whale,Vulnerable,28.7859,-87.932,2013,8,29.39,0.0,null,null,Neutral
2013GoM-Pma-05640,Sperm Whale,Vulnerable,28.771800000000002,-87.9598,2013,8,29.39,0.0,null,null,Neutral
2013GoM-Pma-05640,Sperm Whale,Vulnerable,28.8104,-87.8977,2013,8,29.39,0.0,null,null,Neutral
2013GoM-Pma-05640,Sperm Whale,Vulnerable,28.757900000000003,-88.0001,2013,8,29.39,0.0,null,null,Neutral
2013GoM-Pma-05640,Sperm Whale,Vulnerable,28.7421,-88.0498,2013,8,29.39,0.0,null,null,Neutral
2013GoM-Pma-05640,Sperm Whale,Vulnerable,28.8486,-87.8781,2013,8,29.39,0.0,null,null,Neutral
2013GoM-Pma-05640,Sperm Whale,Vulnerable,28.570600000000002,-88.27260000000001,2013,8,29.46,0.0,null,null,Neutral
2013GoM-Pma-05640,Sperm Whale,Vulnerable,28.7433,-88.12320000000001,2013,8,29.39,0.0,null,null,Neutral
2013GoM-Pma-05640,Sperm Whale,Vulnerable,28.7363,-88.0995,2013,8,29.39,0.0,null,null,Neutral
2013GoM-Pma-05640,Sperm Whale,Vulnerable,28.736,-88.1435,2013,8,29.39,0.0,null,null,Neutral
2013GoM-Pma-05640,Sperm Whale,Vulnerable,28.7255,-88.07390000000001,2013,8,29.39,0.0,null,null,Neutral
2013GoM-Pma-05640,Sperm Whale,Vulnerable,29.009400000000003,-87.82260000000001,2013,8,29.39,0.0,null,null,Neutral
2013GoM-Pma-05640,Sperm Whale,Vulnerable,28.9734,-87.861,2013,8,29.39,0.0,null,null,Neutral
2013GoM-Pma-05640,Sperm Whale,Vulnerable,28.730900000000002,-88.1598,2013,8,29.39,0.0,null,null,Neutral
2013GoM-Pma-05640,Sperm Whale,Vulnerable,28.7087,-88.1915,2013,8,29.46,0.0,null,null,Neutral
2013GoM-Pma-05640,Sperm Whale,Vulnerable,28.953400000000002,-87.99040000000001,2013,8,29.39,0.0,null,null,Neutral
2013GoM-Pma-05640,Sperm Whale,Vulnerable,28.953100000000003,-87.95830000000001,2013,8,29.39,0.0,null,null,Neutral
2013GoM-Pma-05640,Sperm Whale,Vulnerable,28.9588,-88.0206,2013,8,29.39,0.0,null,null,Neutral
2013GoM-Pma-05640,Sperm Whale,Vulnerable,28.9664,-87.89450000000001,2013,8,29.39,0.0,null,null,Neutral
2013GoM-Pma-05640,Sperm Whale,Vulnerable,28.9799,-88.0659,2013,8,29.39,0.0,null,null,Neutral
2013GoM-Pma-05640,Sperm Whale,Vulnerable,28.9757,-87.8587,2013,8,29.39,0.0,null,null,Neutral
2013GoM-Pma-05640,Sperm Whale,Vulnerable,28.7483,-88.0233,2013,8,29.39,0.0,null,null,Neutral
2013GoM-Pma-05640,Sperm Whale,Vulnerable,28.822300000000002,-87.89280000000001,2013,8,29.39,0.0,null,null,Neutral
2013GoM-Pma-05640,Sperm Whale,Vulnerable,28.957700000000003,-87.921,2013,8,29.39,0.0,null,null,Neutral
2013GoM-Pma-05640,Sperm Whale,Vulnerable,28.6262,-88.809,2013,8,29.44,0.0,null,null,Neutral
2013GoM-Pma-05640,Sperm Whale,Vulnerable,29.012600000000003,-90.121,2013,8,29.55,0.0,null,null,Neutral
2013GoM-Pma-05640,Sperm Whale,Vulnerable,28.956200000000003,-91.02720000000001,2013,8,29.17,0.0,null,null,Neutral
2013GoM-Pma-05640,Sperm Whale,Vulnerable,29.000200000000003,-90.0802,2013,8,29.55,0.0,null,null,Neutral
2013GoM-Pma-05640,Sperm Whale,Vulnerable,29.011300000000002,-90.09750000000001,2013,8,29.55,0.0,null,null,Neutral
2013GoM-Pma-05640,Sperm Whale,Vulnerable,29.008300000000002,-90.05040000000001,2013,8,29.55,0.0,null,null,Neutral
2013GoM-Pma-05640,Sperm Whale,Vulnerable,28.962200000000003,-90.9894,2013,8,29.17,0.0,null,null,Neutral
2013GoM-Pma-05640,Sperm Whale,Vulnerable,29.011,-90.22250000000001,2013,8,29.55,0.0,null,null,Neutral
2013GoM-Pma-05640,Sperm Whale,Vulnerable,28.999000000000002,-90.2731,2013,8,29.55,0.0,null,null,Neutral
2013GoM-Pma-05640,Sperm Whale,Vulnerable,28.9783,-90.3344,2013,8,29.55,0.0,null,null,Neutral
2013GoM-Pma-05640,Sperm Whale,Vulnerable,29.015800000000002,-90.18730000000001,2013,8,29.55,0.0,null,null,Neutral
2013GoM-Pma-05640,Sperm Whale,Vulnerable,28.983,-90.31660000000001,2013,8,29.55,0.0,null,null,Neutral
2013GoM-Pma-05640,Sperm Whale,Vulnerable,28.9936,-90.2853,2013,8,29.55,0.0,null,null,Neutral
2013GoM-Pma-05640,Sperm Whale,Vulnerable,29.012700000000002,-90.20620000000001,2013,8,29.55,0.0,null,null,Neutral
2013GoM-Pma-05640,Sperm Whale,Vulnerable,28.841,-87.8833,2013,8,29.39,0.0,null,null,Neutral
2013GoM-Pma-05640,Sperm Whale,Vulnerable,28.960700000000003,-90.3836,2013,8,29.55,0.0,null,null,Neutral
2013GoM-Pma-05640,Sperm Whale,Vulnerable,28.9574,-90.40350000000001,2013,8,29.55,0.0,null,null,Neutral
2013GoM-Pma-05640,Sperm Whale,Vulnerable,28.9581,-90.4769,2013,8,29.55,0.0,null,null,Neutral
2013GoM-Pma-05640,Sperm Whale,Vulnerable,28.9726,-90.3495,2013,8,29.55,0.0,null,null,Neutral
2013GoM-Pma-05640,Sperm Whale,Vulnerable,28.9541,-90.4491,2013,8,29.55,0.0,null,null,Neutral
2013GoM-Pma-05640,Sperm Whale,Vulnerable,28.9559,-90.46310000000001,2013,8,29.55,0.0,null,null,Neutral
2013GoM-Pma-05640,Sperm Whale,Vulnerable,28.9536,-90.43260000000001,2013,8,29.55,0.0,null,null,Neutral
2013GoM-Pma-05640,Sperm Whale,Vulnerable,28.9542,-90.4184,2013,8,29.55,0.0,null,null,Neutral
2013GoM-Pma-05640,Sperm Whale,Vulnerable,28.9875,-90.299,2013,8,29.55,0.0,null,null,Neutral
2013GoM-Pma-05640,Sperm Whale,Vulnerable,28.8516,-87.87610000000001,2013,8,29.39,0.0,null,null,Neutral
2013GoM-Pma-05640,Sperm Whale,Vulnerable,28.771600000000003,-87.9645,2013,8,29.39,0.0,null,null,Neutral
2013GoM-Pma-05640,Sperm Whale,Vulnerable,28.6082,-88.85130000000001,2013,8,29.44,0.0,null,null,Neutral
2013GoM-Pma-05640,Sperm Whale,Vulnerable,29.0835,-88.0687,2013,8,29.22,0.0,null,null,Neutral
2013GoM-Pma-05701,Sperm Whale,Vulnerable,27.337,-91.87010000000001,2013,8,29.87,0.0,null,null,Neutral
2013GoM-Pma-05701,Sperm Whale,Vulnerable,27.0849,-90.80160000000001,2013,8,29.96,0.0,null,null,Neutral
2013GoM-Pma-05701,Sperm Whale,Vulnerable,27.0108,-90.83550000000001,2013,8,29.96,0.0,null,null,Neutral
2013GoM-Pma-05701,Sperm Whale,Vulnerable,27.1145,-90.796,2013,8,29.96,0.0,null,null,Neutral
2013GoM-Pma-05701,Sperm Whale,Vulnerable,26.9938,-90.80380000000001,2013,8,29.96,0.0,null,null,Neutral
2013GoM-Pma-05701,Sperm Whale,Vulnerable,26.998,-90.8002,2013,8,29.96,0.0,null,null,Neutral
2013GoM-Pma-05701,Sperm Whale,Vulnerable,27.2498,-91.7488,2013,8,29.87,0.0,null,null,Neutral
2013GoM-Pma-05701,Sperm Whale,Vulnerable,27.142,-90.7671,2013,8,29.96,0.0,null,null,Neutral
2013GoM-Pma-05701,Sperm Whale,Vulnerable,27.626,-89.916,2013,8,29.400000000000002,0.0,null,null,Neutral
2013GoM-Pma-05701,Sperm Whale,Vulnerable,27.292,-91.80850000000001,2013,8,29.87,0.0,null,null,Neutral
2013GoM-Pma-05701,Sperm Whale,Vulnerable,27.602600000000002,-89.9293,2013,8,29.400000000000002,0.0,null,null,Neutral
2013GoM-Pma-05701,Sperm Whale,Vulnerable,27.6251,-89.9141,2013,8,29.400000000000002,0.0,null,null,Neutral
2013GoM-Pma-05701,Sperm Whale,Vulnerable,27.337200000000003,-91.83200000000001,2013,8,29.87,0.0,null,null,Neutral
2013GoM-Pma-05701,Sperm Whale,Vulnerable,27.649600000000003,-89.8823,2013,8,29.400000000000002,0.0,null,null,Neutral
2013GoM-Pma-05701,Sperm Whale,Vulnerable,27.6643,-89.8537,2013,8,29.400000000000002,0.0,null,null,Neutral
2013GoM-Pma-05701,Sperm Whale,Vulnerable,27.703200000000002,-89.81580000000001,2013,8,29.400000000000002,0.0,null,null,Neutral
2013GoM-Pma-05701,Sperm Whale,Vulnerable,27.648100000000003,-89.8803,2013,8,29.400000000000002,0.0,null,null,Neutral
2013GoM-Pma-05701,Sperm Whale,Vulnerable,27.7005,-89.81280000000001,2013,8,29.400000000000002,0.0,null,null,Neutral
2013GoM-Pma-05701,Sperm Whale,Vulnerable,27.3487,-91.8345,2013,8,29.87,0.0,null,null,Neutral
2013GoM-Pma-05701,Sperm Whale,Vulnerable,27.8287,-89.8426,2013,8,29.400000000000002,0.0,null,null,Neutral
2013GoM-Pma-05701,Sperm Whale,Vulnerable,27.6815,-89.83160000000001,2013,8,29.400000000000002,0.0,null,null,Neutral
2013GoM-Pma-05701,Sperm Whale,Vulnerable,27.0284,-90.95,2013,8,29.96,0.0,null,null,Neutral
2013GoM-Pma-05701,Sperm Whale,Vulnerable,27.678900000000002,-89.8284,2013,8,29.400000000000002,0.0,null,null,Neutral
2013GoM-Pma-05701,Sperm Whale,Vulnerable,26.997700000000002,-90.7902,2013,8,29.96,0.0,null,null,Neutral
2013GoM-Pma-05701,Sperm Whale,Vulnerable,27.3538,-91.8165,2013,8,29.87,0.0,null,null,Neutral
2013GoM-Pma-05701,Sperm Whale,Vulnerable,27.034200000000002,-91.143,2013,8,29.96,0.0,null,null,Neutral
2013GoM-Pma-05701,Sperm Whale,Vulnerable,27.805300000000003,-89.87610000000001,2013,8,29.400000000000002,0.0,null,null,Neutral
2013GoM-Pma-05701,Sperm Whale,Vulnerable,27.8209,-89.8635,2013,8,29.400000000000002,0.0,null,null,Neutral
2013GoM-Pma-05701,Sperm Whale,Vulnerable,27.811300000000003,-89.87320000000001,2013,8,29.400000000000002,0.0,null,null,Neutral
2013GoM-Pma-05701,Sperm Whale,Vulnerable,27.8183,-89.8105,2013,8,29.400000000000002,0.0,null,null,Neutral
2013GoM-Pma-05701,Sperm Whale,Vulnerable,27.3873,-91.7377,2013,8,29.87,0.0,null,null,Neutral
2013GoM-Pma-05701,Sperm Whale,Vulnerable,27.7618,-89.8923,2013,8,29.400000000000002,0.0,null,null,Neutral
2013GoM-Pma-05701,Sperm Whale,Vulnerable,27.7864,-89.8845,2013,8,29.400000000000002,0.0,null,null,Neutral
2013GoM-Pma-05701,Sperm Whale,Vulnerable,27.422500000000003,-91.6755,2013,8,29.87,0.0,null,null,Neutral
2013GoM-Pma-05701,Sperm Whale,Vulnerable,27.7819,-89.8842,2013,8,29.400000000000002,0.0,null,null,Neutral
2013GoM-Pma-05701,Sperm Whale,Vulnerable,27.7843,-89.8828,2013,8,29.400000000000002,0.0,null,null,Neutral
2013GoM-Pma-05701,Sperm Whale,Vulnerable,27.829700000000003,-89.8408,2013,8,29.400000000000002,0.0,null,null,Neutral
2013GoM-Pma-05701,Sperm Whale,Vulnerable,27.4248,-91.61460000000001,2013,8,29.87,0.0,null,null,Neutral
2013GoM-Pma-05701,Sperm Whale,Vulnerable,27.016000000000002,-90.816,2013,8,29.96,0.0,null,null,Neutral
2013GoM-Pma-05701,Sperm Whale,Vulnerable,27.735500000000002,-89.9414,2013,8,29.400000000000002,0.0,null,null,Neutral
2013GoM-Pma-05701,Sperm Whale,Vulnerable,27.7327,-89.9899,2013,8,29.400000000000002,0.0,null,null,Neutral
2013GoM-Pma-05701,Sperm Whale,Vulnerable,27.759800000000002,-89.9174,2013,8,29.400000000000002,0.0,null,null,Neutral
2013GoM-Pma-05701,Sperm Whale,Vulnerable,27.7357,-89.9405,2013,8,29.400000000000002,0.0,null,null,Neutral
2013GoM-Pma-05701,Sperm Whale,Vulnerable,27.7695,-89.886,2013,8,29.400000000000002,0.0,null,null,Neutral
2013GoM-Pma-05701,Sperm Whale,Vulnerable,27.7249,-89.9775,2013,8,29.400000000000002,0.0,null,null,Neutral
2013GoM-Pma-05701,Sperm Whale,Vulnerable,27.7678,-89.8863,2013,8,29.400000000000002,0.0,null,null,Neutral
2013GoM-Pma-05701,Sperm Whale,Vulnerable,27.3454,-91.839,2013,8,29.87,0.0,null,null,Neutral
2013GoM-Pma-05701,Sperm Whale,Vulnerable,27.726,-89.979,2013,8,29.400000000000002,0.0,null,null,Neutral
2013GoM-Pma-05701,Sperm Whale,Vulnerable,27.6306,-90.07300000000001,2013,8,29.400000000000002,0.0,null,null,Neutral
2013GoM-Pma-05701,Sperm Whale,Vulnerable,27.4736,-91.4902,2013,8,29.87,0.0,null,null,Neutral
2013GoM-Pma-05701,Sperm Whale,Vulnerable,27.6997,-90.0002,2013,8,29.400000000000002,0.0,null,null,Neutral
2013GoM-Pma-05701,Sperm Whale,Vulnerable,27.5072,-91.4563,2013,8,29.87,0.0,null,null,Neutral
2013GoM-Pma-05701,Sperm Whale,Vulnerable,27.7331,-89.9902,2013,8,29.400000000000002,0.0,null,null,Neutral
2013GoM-Pma-05701,Sperm Whale,Vulnerable,27.467100000000002,-91.43860000000001,2013,8,29.87,0.0,null,null,Neutral
2013GoM-Pma-05701,Sperm Whale,Vulnerable,27.6478,-90.0432,2013,8,29.400000000000002,0.0,null,null,Neutral
2013GoM-Pma-05701,Sperm Whale,Vulnerable,27.6494,-90.04390000000001,2013,8,29.400000000000002,0.0,null,null,Neutral
2013GoM-Pma-05701,Sperm Whale,Vulnerable,27.6052,-90.09750000000001,2013,8,29.400000000000002,0.0,null,null,Neutral
2013GoM-Pma-05701,Sperm Whale,Vulnerable,27.596400000000003,-90.13,2013,8,29.400000000000002,0.0,null,null,Neutral
2013GoM-Pma-05701,Sperm Whale,Vulnerable,27.606,-90.09920000000001,2013,8,29.400000000000002,0.0,null,null,Neutral
2013GoM-Pma-05701,Sperm Whale,Vulnerable,27.672500000000003,-90.01950000000001,2013,8,29.400000000000002,0.0,null,null,Neutral
2013GoM-Pma-05701,Sperm Whale,Vulnerable,27.629900000000003,-90.07310000000001,2013,8,29.400000000000002,0.0,null,null,Neutral
2013GoM-Pma-05701,Sperm Whale,Vulnerable,27.0177,-90.81790000000001,2013,8,29.96,0.0,null,null,Neutral
2013GoM-Pma-05701,Sperm Whale,Vulnerable,27.2985,-92.0233,2013,8,29.85,0.0,null,null,Neutral
2013GoM-Pma-05701,Sperm Whale,Vulnerable,27.395,-91.53710000000001,2013,8,29.87,0.0,null,null,Neutral
2013GoM-Pma-05701,Sperm Whale,Vulnerable,26.9995,-90.77770000000001,2013,8,29.96,0.0,null,null,Neutral
2013GoM-Pma-05701,Sperm Whale,Vulnerable,27.299500000000002,-92.02380000000001,2013,8,29.85,0.0,null,null,Neutral
2013GoM-Pma-05701,Sperm Whale,Vulnerable,27.3048,-92.0004,2013,8,29.85,0.0,null,null,Neutral
2013GoM-Pma-05701,Sperm Whale,Vulnerable,27.285400000000003,-91.9657,2013,8,29.85,0.0,null,null,Neutral
2013GoM-Pma-05701,Sperm Whale,Vulnerable,27.422700000000003,-91.4974,2013,8,29.87,0.0,null,null,Neutral
2013GoM-Pma-05701,Sperm Whale,Vulnerable,27.305,-92.0008,2013,8,29.85,0.0,null,null,Neutral
2013GoM-Pma-05701,Sperm Whale,Vulnerable,27.2852,-91.96390000000001,2013,8,29.85,0.0,null,null,Neutral
2013GoM-Pma-05701,Sperm Whale,Vulnerable,26.953400000000002,-90.7368,2013,8,29.96,0.0,null,null,Neutral
2013GoM-Pma-05701,Sperm Whale,Vulnerable,26.9968,-90.7831,2013,8,29.96,0.0,null,null,Neutral
2013GoM-Pma-05701,Sperm Whale,Vulnerable,27.291,-91.99810000000001,2013,8,29.85,0.0,null,null,Neutral
2013GoM-Pma-05701,Sperm Whale,Vulnerable,27.3073,-92.0122,2013,8,29.85,0.0,null,null,Neutral
2013GoM-Pma-05701,Sperm Whale,Vulnerable,27.3095,-92.01270000000001,2013,8,29.85,0.0,null,null,Neutral
2013GoM-Pma-05701,Sperm Whale,Vulnerable,27.501900000000003,-91.4508,2013,8,29.87,0.0,null,null,Neutral
2013GoM-Pma-05701,Sperm Whale,Vulnerable,27.2942,-92.0292,2013,8,29.85,0.0,null,null,Neutral
2013GoM-Pma-05701,Sperm Whale,Vulnerable,27.299300000000002,-92.025,2013,8,29.85,0.0,null,null,Neutral
2013GoM-Pma-05701,Sperm Whale,Vulnerable,27.296200000000002,-92.0266,2013,8,29.85,0.0,null,null,Neutral
2013GoM-Pma-05701,Sperm Whale,Vulnerable,27.2957,-92.0292,2013,8,29.85,0.0,null,null,Neutral
2013GoM-Pma-05701,Sperm Whale,Vulnerable,27.293300000000002,-92.0287,2013,8,29.85,0.0,null,null,Neutral
2013GoM-Pma-05701,Sperm Whale,Vulnerable,27.2988,-92.02640000000001,2013,8,29.85,0.0,null,null,Neutral
2013GoM-Pma-05701,Sperm Whale,Vulnerable,27.2996,-92.02560000000001,2013,8,29.85,0.0,null,null,Neutral
2013GoM-Pma-05701,Sperm Whale,Vulnerable,27.2983,-92.0253,2013,8,29.85,0.0,null,null,Neutral
2013GoM-Pma-05701,Sperm Whale,Vulnerable,27.2959,-92.0284,2013,8,29.85,0.0,null,null,Neutral
2013GoM-Pma-05701,Sperm Whale,Vulnerable,27.299400000000002,-92.02730000000001,2013,8,29.85,0.0,null,null,Neutral
2013GoM-Pma-05701,Sperm Whale,Vulnerable,27.299200000000003,-92.02680000000001,2013,8,29.85,0.0,null,null,Neutral
2013GoM-Pma-05701,Sperm Whale,Vulnerable,27.2981,-92.0266,2013,8,29.85,0.0,null,null,Neutral
2013GoM-Pma-05701,Sperm Whale,Vulnerable,27.2646,-91.99520000000001,2013,8,29.85,0.0,null,null,Neutral
2013GoM-Pma-05701,Sperm Whale,Vulnerable,27.1433,-90.76780000000001,2013,8,29.96,0.0,null,null,Neutral
2013GoM-Pma-05701,Sperm Whale,Vulnerable,27.299100000000003,-92.0265,2013,8,29.85,0.0,null,null,Neutral
2013GoM-Pma-05701,Sperm Whale,Vulnerable,27.2788,-92.0176,2013,8,29.85,0.0,null,null,Neutral
2013GoM-Pma-05701,Sperm Whale,Vulnerable,27.374000000000002,-91.8978,2013,8,29.85,0.0,null,null,Neutral
2013GoM-Pma-05701,Sperm Whale,Vulnerable,27.0361,-91.0601,2013,8,29.96,0.0,null,null,Neutral
2013GoM-Pma-05701,Sperm Whale,Vulnerable,27.375500000000002,-91.9051,2013,8,29.85,0.0,null,null,Neutral
2013GoM-Pma-05701,Sperm Whale,Vulnerable,27.3761,-91.9051,2013,8,29.85,0.0,null,null,Neutral
2013GoM-Pma-05701,Sperm Whale,Vulnerable,27.376900000000003,-91.9037,2013,8,29.85,0.0,null,null,Neutral
2013GoM-Pma-05701,Sperm Whale,Vulnerable,27.266000000000002,-91.99730000000001,2013,8,29.85,0.0,null,null,Neutral
2013GoM-Pma-05701,Sperm Whale,Vulnerable,27.375,-91.9037,2013,8,29.85,0.0,null,null,Neutral
2013GoM-Pma-05701,Sperm Whale,Vulnerable,27.086000000000002,-90.80330000000001,2013,8,29.96,0.0,null,null,Neutral
2013GoM-Pma-05701,Sperm Whale,Vulnerable,27.0362,-91.0738,2013,8,29.96,0.0,null,null,Neutral
2013GoM-Pma-05701,Sperm Whale,Vulnerable,27.113,-90.7946,2013,8,29.96,0.0,null,null,Neutral
2013GoM-Pma-05701,Sperm Whale,Vulnerable,27.0106,-90.8341,2013,8,29.96,0.0,null,null,Neutral
2013GoM-Pma-05701,Sperm Whale,Vulnerable,27.035800000000002,-91.1297,2013,8,29.96,0.0,null,null,Neutral
2013GoM-Pma-05701,Sperm Whale,Vulnerable,27.552500000000002,-90.95580000000001,2013,8,29.490000000000002,0.0,null,null,Neutral
2013GoM-Pma-05701,Sperm Whale,Vulnerable,27.0123,-90.8362,2013,8,29.96,0.0,null,null,Neutral
2013GoM-Pma-05701,Sperm Whale,Vulnerable,27.5533,-90.9529,2013,8,29.490000000000002,0.0,null,null,Neutral
2013GoM-Pma-05701,Sperm Whale,Vulnerable,27.0404,-91.0293,2013,8,29.96,0.0,null,null,Neutral
2013GoM-Pma-05701,Sperm Whale,Vulnerable,27.0321,-90.96600000000001,2013,8,29.96,0.0,null,null,Neutral
2013GoM-Pma-05701,Sperm Whale,Vulnerable,27.0379,-90.9813,2013,8,29.96,0.0,null,null,Neutral
2013GoM-Pma-05701,Sperm Whale,Vulnerable,26.418,-89.85130000000001,2013,8,29.69,0.0,null,null,Neutral
2013GoM-Pma-05701,Sperm Whale,Vulnerable,27.037300000000002,-91.0145,2013,8,29.96,0.0,null,null,Neutral
2013GoM-Pma-05701,Sperm Whale,Vulnerable,26.4419,-89.8695,2013,8,29.69,0.0,null,null,Neutral
2013GoM-Pma-05701,Sperm Whale,Vulnerable,26.4679,-89.88680000000001,2013,8,29.69,0.0,null,null,Neutral
2013GoM-Pma-05701,Sperm Whale,Vulnerable,27.162,-90.75450000000001,2013,8,29.96,0.0,null,null,Neutral
2013GoM-Pma-05701,Sperm Whale,Vulnerable,27.0484,-90.8099,2013,8,29.96,0.0,null,null,Neutral
2013GoM-Pma-05701,Sperm Whale,Vulnerable,26.454800000000002,-89.8776,2013,8,29.69,0.0,null,null,Neutral
2013GoM-Pma-05701,Sperm Whale,Vulnerable,27.054000000000002,-90.7919,2013,8,29.96,0.0,null,null,Neutral
2013GoM-Pma-05701,Sperm Whale,Vulnerable,27.502200000000002,-91.4497,2013,8,29.87,0.0,null,null,Neutral
2013GoM-Pma-05701,Sperm Whale,Vulnerable,27.025000000000002,-90.9337,2013,8,29.96,0.0,null,null,Neutral
2013GoM-Pma-05701,Sperm Whale,Vulnerable,26.985500000000002,-90.803,2013,8,29.96,0.0,null,null,Neutral
2013GoM-Pma-05701,Sperm Whale,Vulnerable,27.4857,-91.4368,2013,8,29.87,0.0,null,null,Neutral
2013GoM-Pma-05701,Sperm Whale,Vulnerable,27.488,-91.4372,2013,8,29.87,0.0,null,null,Neutral
2013GoM-Pma-05701,Sperm Whale,Vulnerable,27.0199,-90.9154,2013,8,29.96,0.0,null,null,Neutral
2013GoM-Pma-05701,Sperm Whale,Vulnerable,27.4559,-91.4743,2013,8,29.87,0.0,null,null,Neutral
2013GoM-Pma-05701,Sperm Whale,Vulnerable,27.5008,-91.4736,2013,8,29.87,0.0,null,null,Neutral
2013GoM-Pma-05701,Sperm Whale,Vulnerable,26.9985,-90.80890000000001,2013,8,29.96,0.0,null,null,Neutral
2013GoM-Pma-05701,Sperm Whale,Vulnerable,27.494200000000003,-91.48570000000001,2013,8,29.87,0.0,null,null,Neutral
2013GoM-Pma-05701,Sperm Whale,Vulnerable,27.4402,-91.4689,2013,8,29.87,0.0,null,null,Neutral
2013GoM-Pma-05701,Sperm Whale,Vulnerable,27.4693,-91.4743,2013,8,29.87,0.0,null,null,Neutral
2013GoM-Pma-05701,Sperm Whale,Vulnerable,27.4431,-91.49210000000001,2013,8,29.87,0.0,null,null,Neutral
2013GoM-Pma-05701,Sperm Whale,Vulnerable,27.410400000000003,-91.5218,2013,8,29.87,0.0,null,null,Neutral
2013GoM-Pma-05701,Sperm Whale,Vulnerable,27.3949,-91.5365,2013,8,29.87,0.0,null,null,Neutral
2013GoM-Pma-05701,Sperm Whale,Vulnerable,27.4405,-91.47200000000001,2013,8,29.87,0.0,null,null,Neutral
2013GoM-Pma-05701,Sperm Whale,Vulnerable,27.410700000000002,-91.5216,2013,8,29.87,0.0,null,null,Neutral
2013GoM-Pma-05701,Sperm Whale,Vulnerable,27.415300000000002,-91.5378,2013,8,29.87,0.0,null,null,Neutral
2013GoM-Pma-05701,Sperm Whale,Vulnerable,27.4238,-91.49860000000001,2013,8,29.87,0.0,null,null,Neutral
2013GoM-Pma-05701,Sperm Whale,Vulnerable,27.431900000000002,-91.49430000000001,2013,8,29.87,0.0,null,null,Neutral
2013GoM-Pma-05701,Sperm Whale,Vulnerable,27.433500000000002,-91.498,2013,8,29.87,0.0,null,null,Neutral
2013GoM-Pma-05701,Sperm Whale,Vulnerable,27.413600000000002,-91.5394,2013,8,29.87,0.0,null,null,Neutral
2013GoM-Pma-05701,Sperm Whale,Vulnerable,27.504,-91.45660000000001,2013,8,29.87,0.0,null,null,Neutral
2013GoM-Pma-05701,Sperm Whale,Vulnerable,27.4737,-91.5507,2013,8,29.87,0.0,null,null,Neutral
2013GoM-Pma-05701,Sperm Whale,Vulnerable,26.959600000000002,-90.74980000000001,2013,8,29.96,0.0,null,null,Neutral
2013GoM-Pma-05701,Sperm Whale,Vulnerable,27.505,-91.4363,2013,8,29.87,0.0,null,null,Neutral
2013GoM-Pma-05701,Sperm Whale,Vulnerable,27.503,-91.4358,2013,8,29.87,0.0,null,null,Neutral
2013GoM-Pma-05701,Sperm Whale,Vulnerable,27.015600000000003,-90.8956,2013,8,29.96,0.0,null,null,Neutral
2013GoM-Pma-05701,Sperm Whale,Vulnerable,27.13,-90.7816,2013,8,29.96,0.0,null,null,Neutral
2013GoM-Pma-05701,Sperm Whale,Vulnerable,27.4802,-91.4692,2013,8,29.87,0.0,null,null,Neutral
2013GoM-Pma-05701,Sperm Whale,Vulnerable,27.4749,-91.55160000000001,2013,8,29.87,0.0,null,null,Neutral
2013GoM-Pma-05701,Sperm Whale,Vulnerable,27.4528,-91.449,2013,8,29.87,0.0,null,null,Neutral
2013GoM-Pma-05701,Sperm Whale,Vulnerable,27.480600000000003,-91.4688,2013,8,29.87,0.0,null,null,Neutral
2013GoM-Pma-05701,Sperm Whale,Vulnerable,27.4707,-91.5296,2013,8,29.87,0.0,null,null,Neutral
2013GoM-Pma-05701,Sperm Whale,Vulnerable,27.471700000000002,-91.4912,2013,8,29.87,0.0,null,null,Neutral
2013GoM-Pma-05701,Sperm Whale,Vulnerable,27.4386,-91.5961,2013,8,29.87,0.0,null,null,Neutral
2013GoM-Pma-05701,Sperm Whale,Vulnerable,27.4492,-91.56450000000001,2013,8,29.87,0.0,null,null,Neutral
2013GoM-Pma-05701,Sperm Whale,Vulnerable,27.4238,-91.65180000000001,2013,8,29.87,0.0,null,null,Neutral
2013GoM-Pma-05701,Sperm Whale,Vulnerable,27.4386,-91.59700000000001,2013,8,29.87,0.0,null,null,Neutral
2013GoM-Pma-05701,Sperm Whale,Vulnerable,27.3668,-91.7489,2013,8,29.87,0.0,null,null,Neutral
2013GoM-Pma-05701,Sperm Whale,Vulnerable,27.4239,-91.65010000000001,2013,8,29.87,0.0,null,null,Neutral
2013GoM-Pma-05701,Sperm Whale,Vulnerable,27.4218,-91.675,2013,8,29.87,0.0,null,null,Neutral
2013GoM-Pma-05701,Sperm Whale,Vulnerable,26.9923,-90.8217,2013,8,29.96,0.0,null,null,Neutral
2013GoM-Pma-05701,Sperm Whale,Vulnerable,27.3669,-91.7445,2013,8,29.87,0.0,null,null,Neutral
2013GoM-Pma-05701,Sperm Whale,Vulnerable,27.404200000000003,-91.6909,2013,8,29.87,0.0,null,null,Neutral
2013GoM-Pma-05701,Sperm Whale,Vulnerable,27.4034,-91.69120000000001,2013,8,29.87,0.0,null,null,Neutral
2013GoM-Pma-05701,Sperm Whale,Vulnerable,27.374100000000002,-91.80420000000001,2013,8,29.87,0.0,null,null,Neutral
2013GoM-Pma-05701,Sperm Whale,Vulnerable,27.3471,-91.8392,2013,8,29.87,0.0,null,null,Neutral
2013GoM-Pma-05701,Sperm Whale,Vulnerable,27.3736,-91.7799,2013,8,29.87,0.0,null,null,Neutral
2013GoM-Pma-05701,Sperm Whale,Vulnerable,27.373700000000003,-91.8041,2013,8,29.87,0.0,null,null,Neutral
2013GoM-Pma-05701,Sperm Whale,Vulnerable,27.3733,-91.7805,2013,8,29.87,0.0,null,null,Neutral
2013GoM-Pma-05701,Sperm Whale,Vulnerable,27.3489,-91.8369,2013,8,29.87,0.0,null,null,Neutral
2013GoM-Pma-05701,Sperm Whale,Vulnerable,27.346300000000003,-91.8375,2013,8,29.87,0.0,null,null,Neutral
2013GoM-Pma-05701,Sperm Whale,Vulnerable,27.3395,-91.83840000000001,2013,8,29.87,0.0,null,null,Neutral
2013GoM-Pma-05701,Sperm Whale,Vulnerable,27.325400000000002,-91.8379,2013,8,29.87,0.0,null,null,Neutral
2013GoM-Pma-05701,Sperm Whale,Vulnerable,27.349,-91.8373,2013,8,29.87,0.0,null,null,Neutral
2013GoM-Pma-05701,Sperm Whale,Vulnerable,27.34,-91.8399,2013,8,29.87,0.0,null,null,Neutral
2013GoM-Pma-05701,Sperm Whale,Vulnerable,27.352800000000002,-91.8194,2013,8,29.87,0.0,null,null,Neutral
2013GoM-Pma-05701,Sperm Whale,Vulnerable,27.319200000000002,-91.8267,2013,8,29.87,0.0,null,null,Neutral
2013GoM-Pma-05701,Sperm Whale,Vulnerable,27.341900000000003,-91.83380000000001,2013,8,29.87,0.0,null,null,Neutral
2013GoM-Pma-05701,Sperm Whale,Vulnerable,27.3396,-91.83500000000001,2013,8,29.87,0.0,null,null,Neutral
2013GoM-Pma-05701,Sperm Whale,Vulnerable,27.3379,-91.8319,2013,8,29.87,0.0,null,null,Neutral
2013GoM-Pma-05701,Sperm Whale,Vulnerable,27.270300000000002,-91.77720000000001,2013,8,29.87,0.0,null,null,Neutral
2013GoM-Pma-05701,Sperm Whale,Vulnerable,27.3185,-91.82440000000001,2013,8,29.87,0.0,null,null,Neutral
2013GoM-Pma-05701,Sperm Whale,Vulnerable,27.2892,-91.8087,2013,8,29.87,0.0,null,null,Neutral
2013GoM-Pma-05701,Sperm Whale,Vulnerable,27.268600000000003,-91.776,2013,8,29.87,0.0,null,null,Neutral
2013GoM-Pma-05701,Sperm Whale,Vulnerable,27.322,-91.82690000000001,2013,8,29.87,0.0,null,null,Neutral
2013GoM-Pma-05701,Sperm Whale,Vulnerable,27.3365,-91.78880000000001,2013,8,29.87,0.0,null,null,Neutral
2013GoM-Pma-05701,Sperm Whale,Vulnerable,27.250400000000003,-91.6829,2013,8,29.87,0.0,null,null,Neutral
2013GoM-Pma-05701,Sperm Whale,Vulnerable,27.3644,-91.89460000000001,2013,8,29.87,0.0,null,null,Neutral
2013GoM-Pma-05701,Sperm Whale,Vulnerable,27.2479,-91.7475,2013,8,29.87,0.0,null,null,Neutral
2013GoM-Pma-05701,Sperm Whale,Vulnerable,27.297700000000003,-91.8572,2013,8,29.87,0.0,null,null,Neutral
2013GoM-Pma-05701,Sperm Whale,Vulnerable,27.350900000000003,-91.88640000000001,2013,8,29.87,0.0,null,null,Neutral
2013GoM-Pma-05701,Sperm Whale,Vulnerable,27.314500000000002,-91.8679,2013,8,29.87,0.0,null,null,Neutral
2013GoM-Pma-05701,Sperm Whale,Vulnerable,27.349300000000003,-91.88730000000001,2013,8,29.87,0.0,null,null,Neutral
2013GoM-Pma-05701,Sperm Whale,Vulnerable,27.375400000000003,-91.8639,2013,8,29.87,0.0,null,null,Neutral
2013GoM-Pma-05701,Sperm Whale,Vulnerable,27.316100000000002,-91.8675,2013,8,29.87,0.0,null,null,Neutral
2013GoM-Pma-05701,Sperm Whale,Vulnerable,27.3548,-91.8071,2013,8,29.87,0.0,null,null,Neutral
2013GoM-Pma-05701,Sperm Whale,Vulnerable,27.3565,-91.8088,2013,8,29.87,0.0,null,null,Neutral
2013GoM-Pma-05701,Sperm Whale,Vulnerable,27.375300000000003,-91.8661,2013,8,29.87,0.0,null,null,Neutral
2013GoM-Pma-05701,Sperm Whale,Vulnerable,27.3225,-91.7662,2013,8,29.87,0.0,null,null,Neutral
2013GoM-Pma-05701,Sperm Whale,Vulnerable,27.314700000000002,-91.742,2013,8,29.87,0.0,null,null,Neutral
2013GoM-Pma-05701,Sperm Whale,Vulnerable,27.282700000000002,-91.6957,2013,8,29.87,0.0,null,null,Neutral
2013GoM-Pma-05701,Sperm Whale,Vulnerable,27.011100000000003,-90.8377,2013,8,29.96,0.0,null,null,Neutral
2013GoM-Pma-05701,Sperm Whale,Vulnerable,27.3275,-91.77640000000001,2013,8,29.87,0.0,null,null,Neutral
2013GoM-Pma-05701,Sperm Whale,Vulnerable,27.293,-91.7181,2013,8,29.87,0.0,null,null,Neutral
2013GoM-Pma-05701,Sperm Whale,Vulnerable,27.3124,-91.7389,2013,8,29.87,0.0,null,null,Neutral
2013GoM-Pma-05701,Sperm Whale,Vulnerable,27.2483,-91.676,2013,8,29.87,0.0,null,null,Neutral
2013GoM-Pma-05701,Sperm Whale,Vulnerable,27.209300000000002,-91.6311,2013,8,29.87,0.0,null,null,Neutral
2013GoM-Pma-05701,Sperm Whale,Vulnerable,27.209600000000002,-91.6289,2013,8,29.87,0.0,null,null,Neutral
2013GoM-Pma-05701,Sperm Whale,Vulnerable,27.2207,-91.6577,2013,8,29.87,0.0,null,null,Neutral
2013GoM-Pma-05701,Sperm Whale,Vulnerable,27.3655,-91.89410000000001,2013,8,29.87,0.0,null,null,Neutral
2013GoM-Pma-05701,Sperm Whale,Vulnerable,27.2237,-91.66170000000001,2013,8,29.87,0.0,null,null,Neutral
2013GoM-Pma-05701,Sperm Whale,Vulnerable,27.1311,-90.7825,2013,8,29.96,0.0,null,null,Neutral
2013GoM-Pma-05701,Sperm Whale,Vulnerable,27.000500000000002,-90.8271,2013,8,29.96,0.0,null,null,Neutral
2013GoM-Pma-05701,Sperm Whale,Vulnerable,27.047700000000003,-90.81320000000001,2013,8,29.96,0.0,null,null,Neutral
2013GoM-Pma-05701,Sperm Whale,Vulnerable,26.998900000000003,-90.8096,2013,8,29.96,0.0,null,null,Neutral
2013GoM-Pma-05701,Sperm Whale,Vulnerable,27.0533,-90.7921,2013,8,29.96,0.0,null,null,Neutral
2013GoM-Pma-05701,Sperm Whale,Vulnerable,26.9696,-90.766,2013,8,29.96,0.0,null,null,Neutral
2013GoM-Pma-05701,Sperm Whale,Vulnerable,26.997200000000003,-90.8227,2013,8,29.96,0.0,null,null,Neutral
2013GoM-Pma-05701,Sperm Whale,Vulnerable,27.3657,-91.83380000000001,2013,8,29.87,0.0,null,null,Neutral
2013GoM-Pma-05701,Sperm Whale,Vulnerable,26.5564,-89.95230000000001,2013,8,30.01,1.0,null,null,Neutral
2013GoM-Pma-05701,Sperm Whale,Vulnerable,27.295,-91.71990000000001,2013,8,29.87,0.0,null,null,Neutral
2013GoM-Pma-05701,Sperm Whale,Vulnerable,26.532300000000003,-89.933,2013,8,30.01,1.0,null,null,Neutral
2013GoM-Pma-05701,Sperm Whale,Vulnerable,26.508200000000002,-89.9156,2013,8,30.01,1.0,null,null,Neutral
2013GoM-Pma-05701,Sperm Whale,Vulnerable,26.544,-89.94160000000001,2013,8,30.01,1.0,null,null,Neutral
2013GoM-Pma-05701,Sperm Whale,Vulnerable,26.494400000000002,-89.906,2013,8,30.01,1.0,null,null,Neutral
2013GoM-Pma-05701,Sperm Whale,Vulnerable,26.5207,-89.924,2013,8,30.01,1.0,null,null,Neutral
2013GoM-Pma-05701,Sperm Whale,Vulnerable,26.5924,-89.9942,2013,8,30.01,1.0,null,null,Neutral
2013GoM-Pma-05701,Sperm Whale,Vulnerable,27.8516,-89.60860000000001,2013,8,29.61,0.0,null,null,Neutral
2013GoM-Pma-05701,Sperm Whale,Vulnerable,27.8651,-89.5774,2013,8,29.61,0.0,null,null,Neutral
2013GoM-Pma-05701,Sperm Whale,Vulnerable,27.864,-89.57780000000001,2013,8,29.61,0.0,null,null,Neutral
2013GoM-Pma-05701,Sperm Whale,Vulnerable,27.8364,-89.6392,2013,8,29.61,0.0,null,null,Neutral
2013GoM-Pma-05701,Sperm Whale,Vulnerable,27.840700000000002,-89.6739,2013,8,29.61,0.0,null,null,Neutral
2013GoM-Pma-05701,Sperm Whale,Vulnerable,27.8348,-89.6408,2013,8,29.61,0.0,null,null,Neutral
2013GoM-Pma-05701,Sperm Whale,Vulnerable,27.8332,-89.7016,2013,8,29.61,0.0,null,null,Neutral
2013GoM-Pma-05701,Sperm Whale,Vulnerable,27.5517,-90.7431,2013,8,29.6,0.0,null,null,Neutral
2013GoM-Pma-05701,Sperm Whale,Vulnerable,27.8306,-89.7106,2013,8,29.61,0.0,null,null,Neutral
2013GoM-Pma-05701,Sperm Whale,Vulnerable,27.8306,-89.739,2013,8,29.61,0.0,null,null,Neutral
2013GoM-Pma-05701,Sperm Whale,Vulnerable,27.8323,-89.7033,2013,8,29.61,0.0,null,null,Neutral
2013GoM-Pma-05701,Sperm Whale,Vulnerable,27.8136,-89.77250000000001,2013,8,29.61,0.0,null,null,Neutral
2013GoM-Pma-05701,Sperm Whale,Vulnerable,27.828500000000002,-89.7402,2013,8,29.61,0.0,null,null,Neutral
2013GoM-Pma-05701,Sperm Whale,Vulnerable,27.814400000000003,-89.7702,2013,8,29.61,0.0,null,null,Neutral
2013GoM-Pma-05701,Sperm Whale,Vulnerable,27.8425,-89.6723,2013,8,29.61,0.0,null,null,Neutral
2013GoM-Pma-05701,Sperm Whale,Vulnerable,27.5276,-90.7542,2013,8,29.6,0.0,null,null,Neutral
2013GoM-Pma-05701,Sperm Whale,Vulnerable,24.361900000000002,-89.624,2013,8,29.88,0.0,null,null,Neutral
2013GoM-Pma-05701,Sperm Whale,Vulnerable,24.3219,-89.6545,2013,8,29.88,0.0,null,null,Neutral
2013GoM-Pma-05701,Sperm Whale,Vulnerable,24.3309,-89.6473,2013,8,29.88,0.0,null,null,Neutral
2013GoM-Pma-05701,Sperm Whale,Vulnerable,24.3956,-89.6024,2013,8,29.88,0.0,null,null,Neutral
2013GoM-Pma-05701,Sperm Whale,Vulnerable,24.2844,-89.6789,2013,8,29.88,0.0,null,null,Neutral
2013GoM-Pma-05701,Sperm Whale,Vulnerable,27.5916,-90.7838,2013,8,29.6,0.0,null,null,Neutral
2013GoM-Pma-05701,Sperm Whale,Vulnerable,24.340700000000002,-89.63940000000001,2013,8,29.88,0.0,null,null,Neutral
2013GoM-Pma-05701,Sperm Whale,Vulnerable,24.372700000000002,-89.6165,2013,8,29.88,0.0,null,null,Neutral
2013GoM-Pma-05701,Sperm Whale,Vulnerable,25.2805,-89.4475,2013,8,29.66,0.0,null,null,Neutral
2013GoM-Pma-05701,Sperm Whale,Vulnerable,24.3051,-89.6665,2013,8,29.88,0.0,null,null,Neutral
2013GoM-Pma-05701,Sperm Whale,Vulnerable,27.454900000000002,-90.92060000000001,2013,8,29.6,0.0,null,null,Neutral
2013GoM-Pma-05701,Sperm Whale,Vulnerable,24.2953,-89.67190000000001,2013,8,29.88,0.0,null,null,Neutral
2013GoM-Pma-05701,Sperm Whale,Vulnerable,27.729300000000002,-89.7004,2013,8,29.61,0.0,null,null,Neutral
2013GoM-Pma-05701,Sperm Whale,Vulnerable,24.3136,-89.66120000000001,2013,8,29.88,0.0,null,null,Neutral
2013GoM-Pma-05701,Sperm Whale,Vulnerable,27.5529,-90.7437,2013,8,29.6,0.0,null,null,Neutral
2013GoM-Pma-05701,Sperm Whale,Vulnerable,27.5818,-90.75160000000001,2013,8,29.6,0.0,null,null,Neutral
2013GoM-Pma-05701,Sperm Whale,Vulnerable,24.0824,-89.9003,2013,8,29.98,0.0,null,null,Neutral
2013GoM-Pma-05701,Sperm Whale,Vulnerable,24.1003,-89.88130000000001,2013,8,29.98,0.0,null,null,Neutral
2013GoM-Pma-05701,Sperm Whale,Vulnerable,24.0924,-89.8908,2013,8,29.98,0.0,null,null,Neutral
2013GoM-Pma-05701,Sperm Whale,Vulnerable,24.0726,-89.9105,2013,8,29.98,0.0,null,null,Neutral
2013GoM-Pma-05701,Sperm Whale,Vulnerable,24.0587,-89.9256,2013,8,29.98,0.0,null,null,Neutral
2013GoM-Pma-05701,Sperm Whale,Vulnerable,24.052,-89.93440000000001,2013,8,29.98,0.0,null,null,Neutral
2013GoM-Pma-05701,Sperm Whale,Vulnerable,24.045,-89.94340000000001,2013,8,29.98,0.0,null,null,Neutral
2013GoM-Pma-05701,Sperm Whale,Vulnerable,24.1431,-89.8224,2013,8,29.98,0.0,null,null,Neutral
2013GoM-Pma-05701,Sperm Whale,Vulnerable,27.463800000000003,-90.88860000000001,2013,8,29.6,0.0,null,null,Neutral
2013GoM-Pma-05701,Sperm Whale,Vulnerable,27.7242,-89.7583,2013,8,29.61,0.0,null,null,Neutral
2013GoM-Pma-05701,Sperm Whale,Vulnerable,27.5084,-90.77590000000001,2013,8,29.6,0.0,null,null,Neutral
2013GoM-Pma-05701,Sperm Whale,Vulnerable,24.023400000000002,-89.962,2013,8,29.98,0.0,null,null,Neutral
2013GoM-Pma-05701,Sperm Whale,Vulnerable,27.5078,-90.7763,2013,8,29.6,0.0,null,null,Neutral
2013GoM-Pma-05701,Sperm Whale,Vulnerable,24.0348,-89.95150000000001,2013,8,29.98,0.0,null,null,Neutral
2013GoM-Pma-05701,Sperm Whale,Vulnerable,24.107100000000003,-89.873,2013,8,29.98,0.0,null,null,Neutral
2013GoM-Pma-05701,Sperm Whale,Vulnerable,27.4758,-90.9325,2013,8,29.6,0.0,null,null,Neutral
2013GoM-Pma-05701,Sperm Whale,Vulnerable,26.334,-89.7604,2013,8,29.700000000000003,0.0,null,null,Neutral
2013GoM-Pma-05701,Sperm Whale,Vulnerable,27.526600000000002,-90.75450000000001,2013,8,29.6,0.0,null,null,Neutral
2013GoM-Pma-05701,Sperm Whale,Vulnerable,26.3432,-89.774,2013,8,29.700000000000003,0.0,null,null,Neutral
2013GoM-Pma-05701,Sperm Whale,Vulnerable,25.195400000000003,-89.4462,2013,8,29.66,0.0,null,null,Neutral
2013GoM-Pma-05701,Sperm Whale,Vulnerable,26.275100000000002,-89.70880000000001,2013,8,29.700000000000003,0.0,null,null,Neutral
2013GoM-Pma-05701,Sperm Whale,Vulnerable,26.1021,-89.6562,2013,8,29.700000000000003,0.0,null,null,Neutral
2013GoM-Pma-05701,Sperm Whale,Vulnerable,25.0743,-89.4593,2013,8,29.66,0.0,null,null,Neutral
2013GoM-Pma-05701,Sperm Whale,Vulnerable,26.366300000000003,-89.80760000000001,2013,8,29.700000000000003,0.0,null,null,Neutral
2013GoM-Pma-05701,Sperm Whale,Vulnerable,26.1917,-89.6669,2013,8,29.700000000000003,0.0,null,null,Neutral
2013GoM-Pma-05701,Sperm Whale,Vulnerable,26.1219,-89.6562,2013,8,29.700000000000003,0.0,null,null,Neutral
2013GoM-Pma-05701,Sperm Whale,Vulnerable,26.1449,-89.6577,2013,8,29.700000000000003,0.0,null,null,Neutral
2013GoM-Pma-05701,Sperm Whale,Vulnerable,26.310100000000002,-89.73610000000001,2013,8,29.700000000000003,0.0,null,null,Neutral
2013GoM-Pma-05701,Sperm Whale,Vulnerable,26.294,-89.7221,2013,8,29.700000000000003,0.0,null,null,Neutral
2013GoM-Pma-05701,Sperm Whale,Vulnerable,27.7315,-89.7,2013,8,29.61,0.0,null,null,Neutral
2013GoM-Pma-05701,Sperm Whale,Vulnerable,24.0655,-89.9171,2013,8,29.98,0.0,null,null,Neutral
2013GoM-Pma-05701,Sperm Whale,Vulnerable,26.9282,-90.67970000000001,2013,8,30.05,1.0,null,null,Neutral
2013GoM-Pma-05701,Sperm Whale,Vulnerable,26.9129,-90.6127,2013,8,30.05,1.0,null,null,Neutral
2013GoM-Pma-05701,Sperm Whale,Vulnerable,26.916400000000003,-90.6312,2013,8,30.05,1.0,null,null,Neutral
2013GoM-Pma-05701,Sperm Whale,Vulnerable,26.944,-90.72080000000001,2013,8,30.05,1.0,null,null,Neutral
2013GoM-Pma-05701,Sperm Whale,Vulnerable,26.7767,-90.3353,2013,8,30.14,1.0,null,null,Neutral
2013GoM-Pma-05701,Sperm Whale,Vulnerable,26.8904,-90.5116,2013,8,30.05,1.0,null,null,Neutral
2013GoM-Pma-05701,Sperm Whale,Vulnerable,26.9447,-90.7068,2013,8,30.05,1.0,null,null,Neutral
2013GoM-Pma-05701,Sperm Whale,Vulnerable,26.9251,-90.66210000000001,2013,8,30.05,1.0,null,null,Neutral
2013GoM-Pma-05701,Sperm Whale,Vulnerable,26.885,-90.4852,2013,8,30.05,1.0,null,null,Neutral
2013GoM-Pma-05701,Sperm Whale,Vulnerable,26.8347,-90.3959,2013,8,30.14,1.0,null,null,Neutral
2013GoM-Pma-05701,Sperm Whale,Vulnerable,27.196,-91.569,2013,8,30.05,1.0,null,null,Neutral
2013GoM-Pma-05701,Sperm Whale,Vulnerable,27.1809,-91.32300000000001,2013,8,30.05,1.0,null,null,Neutral
2013GoM-Pma-05701,Sperm Whale,Vulnerable,26.8502,-90.415,2013,8,30.05,1.0,null,null,Neutral
2013GoM-Pma-05701,Sperm Whale,Vulnerable,26.9003,-90.5535,2013,8,30.05,1.0,null,null,Neutral
2013GoM-Pma-05701,Sperm Whale,Vulnerable,27.480500000000003,-89.9167,2013,8,29.52,0.0,null,null,Neutral
2013GoM-Pma-05701,Sperm Whale,Vulnerable,24.2726,-89.6862,2013,8,29.86,0.0,null,null,Neutral
2013GoM-Pma-05701,Sperm Whale,Vulnerable,27.5532,-90.5672,2013,8,29.6,0.0,null,null,Neutral
2013GoM-Pma-05701,Sperm Whale,Vulnerable,27.1952,-91.5712,2013,8,30.05,1.0,null,null,Neutral
2013GoM-Pma-05701,Sperm Whale,Vulnerable,24.259600000000002,-89.6939,2013,8,29.86,0.0,null,null,Neutral
2013GoM-Pma-05701,Sperm Whale,Vulnerable,26.895100000000003,-90.53320000000001,2013,8,30.05,1.0,null,null,Neutral
2013GoM-Pma-05701,Sperm Whale,Vulnerable,26.932100000000002,-90.6969,2013,8,30.05,1.0,null,null,Neutral
2013GoM-Pma-05701,Sperm Whale,Vulnerable,26.864,-90.43440000000001,2013,8,30.05,1.0,null,null,Neutral
2013GoM-Pma-05701,Sperm Whale,Vulnerable,24.1877,-89.75750000000001,2013,8,29.86,0.0,null,null,Neutral
2013GoM-Pma-05701,Sperm Whale,Vulnerable,24.245800000000003,-89.7031,2013,8,29.86,0.0,null,null,Neutral
2013GoM-Pma-05701,Sperm Whale,Vulnerable,24.1509,-89.8086,2013,8,29.86,0.0,null,null,Neutral
2013GoM-Pma-05701,Sperm Whale,Vulnerable,27.543100000000003,-90.5025,2013,8,29.6,0.0,null,null,Neutral
2013GoM-Pma-05701,Sperm Whale,Vulnerable,27.2023,-91.60340000000001,2013,8,30.05,1.0,null,null,Neutral
2013GoM-Pma-05701,Sperm Whale,Vulnerable,27.553600000000003,-90.5676,2013,8,29.6,0.0,null,null,Neutral
2013GoM-Pma-05701,Sperm Whale,Vulnerable,27.178,-91.3495,2013,8,30.05,1.0,null,null,Neutral
2013GoM-Pma-05701,Sperm Whale,Vulnerable,24.1597,-89.7967,2013,8,29.86,0.0,null,null,Neutral
2013GoM-Pma-05701,Sperm Whale,Vulnerable,27.1915,-91.5378,2013,8,30.05,1.0,null,null,Neutral
2013GoM-Pma-05701,Sperm Whale,Vulnerable,27.191100000000002,-91.535,2013,8,30.05,1.0,null,null,Neutral
2013GoM-Pma-05701,Sperm Whale,Vulnerable,26.6677,-90.1434,2013,8,30.14,1.0,null,null,Neutral
2013GoM-Pma-05701,Sperm Whale,Vulnerable,26.7525,-90.31150000000001,2013,8,30.14,1.0,null,null,Neutral
2013GoM-Pma-05701,Sperm Whale,Vulnerable,27.1838,-91.45530000000001,2013,8,30.05,1.0,null,null,Neutral
2013GoM-Pma-05701,Sperm Whale,Vulnerable,27.202,-91.6016,2013,8,30.05,1.0,null,null,Neutral
2013GoM-Pma-05701,Sperm Whale,Vulnerable,27.2027,-91.51190000000001,2013,8,30.05,1.0,null,null,Neutral
2013GoM-Pma-05701,Sperm Whale,Vulnerable,26.6611,-90.1241,2013,8,30.14,1.0,null,null,Neutral
2013GoM-Pma-05701,Sperm Whale,Vulnerable,27.1933,-91.483,2013,8,30.05,1.0,null,null,Neutral
2013GoM-Pma-05701,Sperm Whale,Vulnerable,27.5422,-90.5023,2013,8,29.6,0.0,null,null,Neutral
2013GoM-Pma-05701,Sperm Whale,Vulnerable,27.177100000000003,-91.3507,2013,8,30.05,1.0,null,null,Neutral
2013GoM-Pma-05701,Sperm Whale,Vulnerable,27.201700000000002,-91.5142,2013,8,30.05,1.0,null,null,Neutral
2013GoM-Pma-05701,Sperm Whale,Vulnerable,26.742,-90.2994,2013,8,30.14,1.0,null,null,Neutral
2013GoM-Pma-05701,Sperm Whale,Vulnerable,27.1869,-91.4192,2013,8,30.05,1.0,null,null,Neutral
2013GoM-Pma-05701,Sperm Whale,Vulnerable,26.7181,-90.2662,2013,8,30.14,1.0,null,null,Neutral
2013GoM-Pma-05701,Sperm Whale,Vulnerable,27.186700000000002,-91.4161,2013,8,30.05,1.0,null,null,Neutral
2013GoM-Pma-05701,Sperm Whale,Vulnerable,27.1933,-91.4808,2013,8,30.05,1.0,null,null,Neutral
2013GoM-Pma-05701,Sperm Whale,Vulnerable,24.2333,-89.7133,2013,8,29.86,0.0,null,null,Neutral
2013GoM-Pma-05701,Sperm Whale,Vulnerable,27.1716,-91.39840000000001,2013,8,30.05,1.0,null,null,Neutral
2013GoM-Pma-05701,Sperm Whale,Vulnerable,27.559800000000003,-90.5446,2013,8,29.6,0.0,null,null,Neutral
2013GoM-Pma-05701,Sperm Whale,Vulnerable,27.1907,-91.37780000000001,2013,8,30.05,1.0,null,null,Neutral
2013GoM-Pma-05701,Sperm Whale,Vulnerable,26.7039,-90.2401,2013,8,30.14,1.0,null,null,Neutral
2013GoM-Pma-05701,Sperm Whale,Vulnerable,27.227600000000002,-91.29220000000001,2013,8,30.05,1.0,null,null,Neutral
2013GoM-Pma-05701,Sperm Whale,Vulnerable,27.1732,-91.40180000000001,2013,8,30.05,1.0,null,null,Neutral
2013GoM-Pma-05701,Sperm Whale,Vulnerable,27.187,-91.2988,2013,8,30.05,1.0,null,null,Neutral
2013GoM-Pma-05701,Sperm Whale,Vulnerable,27.2072,-91.29990000000001,2013,8,30.05,1.0,null,null,Neutral
2013GoM-Pma-05701,Sperm Whale,Vulnerable,26.7105,-90.2538,2013,8,30.14,1.0,null,null,Neutral
2013GoM-Pma-05701,Sperm Whale,Vulnerable,27.5578,-90.5215,2013,8,29.6,0.0,null,null,Neutral
2013GoM-Pma-05701,Sperm Whale,Vulnerable,27.1824,-91.3208,2013,8,30.05,1.0,null,null,Neutral
2013GoM-Pma-05701,Sperm Whale,Vulnerable,27.1921,-91.3755,2013,8,30.05,1.0,null,null,Neutral
2013GoM-Pma-05701,Sperm Whale,Vulnerable,24.8304,-89.4795,2013,8,29.78,0.0,null,null,Neutral
2013GoM-Pma-05701,Sperm Whale,Vulnerable,24.6674,-89.5072,2013,8,29.78,0.0,null,null,Neutral
2013GoM-Pma-05701,Sperm Whale,Vulnerable,24.985500000000002,-89.4642,2013,8,29.78,0.0,null,null,Neutral
2013GoM-Pma-05701,Sperm Whale,Vulnerable,27.186600000000002,-91.2967,2013,8,30.05,1.0,null,null,Neutral
2013GoM-Pma-05701,Sperm Whale,Vulnerable,27.559700000000003,-90.54570000000001,2013,8,29.6,0.0,null,null,Neutral
2013GoM-Pma-05701,Sperm Whale,Vulnerable,26.7327,-90.2889,2013,8,30.14,1.0,null,null,Neutral
2013GoM-Pma-05701,Sperm Whale,Vulnerable,27.559,-90.5269,2013,8,29.6,0.0,null,null,Neutral
2013GoM-Pma-05701,Sperm Whale,Vulnerable,26.9049,-90.5737,2013,8,30.05,1.0,null,null,Neutral
2013GoM-Pma-05701,Sperm Whale,Vulnerable,27.2066,-91.3002,2013,8,30.05,1.0,null,null,Neutral
2013GoM-Pma-05701,Sperm Whale,Vulnerable,27.185000000000002,-91.4514,2013,8,30.05,1.0,null,null,Neutral
2013GoM-Pma-05701,Sperm Whale,Vulnerable,24.209600000000002,-89.7352,2013,8,29.86,0.0,null,null,Neutral
2013GoM-Pma-05701,Sperm Whale,Vulnerable,24.784100000000002,-89.48450000000001,2013,8,29.78,0.0,null,null,Neutral
2013GoM-Pma-05701,Sperm Whale,Vulnerable,26.6267,-90.047,2013,8,30.14,1.0,null,null,Neutral
2013GoM-Pma-05701,Sperm Whale,Vulnerable,24.7685,-89.487,2013,8,29.78,0.0,null,null,Neutral
2013GoM-Pma-05701,Sperm Whale,Vulnerable,27.5412,-90.5886,2013,8,29.6,0.0,null,null,Neutral
2013GoM-Pma-05701,Sperm Whale,Vulnerable,24.7996,-89.4833,2013,8,29.78,0.0,null,null,Neutral
2013GoM-Pma-05701,Sperm Whale,Vulnerable,24.681700000000003,-89.5026,2013,8,29.78,0.0,null,null,Neutral
2013GoM-Pma-05701,Sperm Whale,Vulnerable,24.709300000000002,-89.4958,2013,8,29.78,0.0,null,null,Neutral
2013GoM-Pma-05701,Sperm Whale,Vulnerable,24.754900000000003,-89.4884,2013,8,29.78,0.0,null,null,Neutral
2013GoM-Pma-05701,Sperm Whale,Vulnerable,27.546100000000003,-90.63940000000001,2013,8,29.6,0.0,null,null,Neutral
2013GoM-Pma-05701,Sperm Whale,Vulnerable,26.6353,-90.0661,2013,8,30.14,1.0,null,null,Neutral
2013GoM-Pma-05701,Sperm Whale,Vulnerable,24.695,-89.49860000000001,2013,8,29.78,0.0,null,null,Neutral
2013GoM-Pma-05701,Sperm Whale,Vulnerable,24.9368,-89.4646,2013,8,29.78,0.0,null,null,Neutral
2013GoM-Pma-05701,Sperm Whale,Vulnerable,27.4648,-89.89030000000001,2013,8,29.52,0.0,null,null,Neutral
2013GoM-Pma-05701,Sperm Whale,Vulnerable,27.5451,-90.63940000000001,2013,8,29.6,0.0,null,null,Neutral
2013GoM-Pma-05701,Sperm Whale,Vulnerable,24.6534,-89.5124,2013,8,29.78,0.0,null,null,Neutral
2013GoM-Pma-05701,Sperm Whale,Vulnerable,26.6448,-90.0836,2013,8,30.14,1.0,null,null,Neutral
2013GoM-Pma-05701,Sperm Whale,Vulnerable,24.6402,-89.5173,2013,8,29.78,0.0,null,null,Neutral
2013GoM-Pma-05701,Sperm Whale,Vulnerable,24.6289,-89.5218,2013,8,29.78,0.0,null,null,Neutral
2013GoM-Pma-05701,Sperm Whale,Vulnerable,27.541900000000002,-90.5905,2013,8,29.6,0.0,null,null,Neutral
2013GoM-Pma-05701,Sperm Whale,Vulnerable,24.4373,-89.5783,2013,8,29.86,0.0,null,null,Neutral
2013GoM-Pma-05701,Sperm Whale,Vulnerable,27.5559,-90.6087,2013,8,29.6,0.0,null,null,Neutral
2013GoM-Pma-05701,Sperm Whale,Vulnerable,24.619500000000002,-89.5253,2013,8,29.78,0.0,null,null,Neutral
2013GoM-Pma-05701,Sperm Whale,Vulnerable,24.7242,-89.4932,2013,8,29.78,0.0,null,null,Neutral
2013GoM-Pma-05701,Sperm Whale,Vulnerable,24.9237,-89.467,2013,8,29.78,0.0,null,null,Neutral
2013GoM-Pma-05701,Sperm Whale,Vulnerable,24.5895,-89.52940000000001,2013,8,29.86,0.0,null,null,Neutral
2013GoM-Pma-05701,Sperm Whale,Vulnerable,27.5302,-90.7056,2013,8,29.6,0.0,null,null,Neutral
2013GoM-Pma-05701,Sperm Whale,Vulnerable,27.6229,-89.7435,2013,8,29.52,0.0,null,null,Neutral
2013GoM-Pma-05701,Sperm Whale,Vulnerable,27.520300000000002,-90.8014,2013,8,29.6,0.0,null,null,Neutral
2013GoM-Pma-05701,Sperm Whale,Vulnerable,27.4666,-89.8923,2013,8,29.52,0.0,null,null,Neutral
2013GoM-Pma-05701,Sperm Whale,Vulnerable,27.5701,-89.7502,2013,8,29.52,0.0,null,null,Neutral
2013GoM-Pma-05701,Sperm Whale,Vulnerable,24.468700000000002,-89.55930000000001,2013,8,29.86,0.0,null,null,Neutral
2013GoM-Pma-05701,Sperm Whale,Vulnerable,24.6092,-89.52770000000001,2013,8,29.86,0.0,null,null,Neutral
2013GoM-Pma-05701,Sperm Whale,Vulnerable,27.5305,-90.7047,2013,8,29.6,0.0,null,null,Neutral
2013GoM-Pma-05701,Sperm Whale,Vulnerable,27.5576,-90.6088,2013,8,29.6,0.0,null,null,Neutral
2013GoM-Pma-05701,Sperm Whale,Vulnerable,24.599500000000003,-89.5288,2013,8,29.86,0.0,null,null,Neutral
2013GoM-Pma-05701,Sperm Whale,Vulnerable,24.578,-89.5293,2013,8,29.86,0.0,null,null,Neutral
2013GoM-Pma-05701,Sperm Whale,Vulnerable,24.550900000000002,-89.52850000000001,2013,8,29.86,0.0,null,null,Neutral
2013GoM-Pma-05701,Sperm Whale,Vulnerable,27.6198,-89.7444,2013,8,29.52,0.0,null,null,Neutral
2013GoM-Pma-05701,Sperm Whale,Vulnerable,27.5222,-90.7761,2013,8,29.6,0.0,null,null,Neutral
2013GoM-Pma-05701,Sperm Whale,Vulnerable,24.564600000000002,-89.5286,2013,8,29.86,0.0,null,null,Neutral
2013GoM-Pma-05701,Sperm Whale,Vulnerable,27.572200000000002,-89.7491,2013,8,29.52,0.0,null,null,Neutral
2013GoM-Pma-05701,Sperm Whale,Vulnerable,26.653100000000002,-90.1024,2013,8,30.14,1.0,null,null,Neutral
2013GoM-Pma-05701,Sperm Whale,Vulnerable,27.536800000000003,-90.6656,2013,8,29.6,0.0,null,null,Neutral
2013GoM-Pma-05701,Sperm Whale,Vulnerable,27.5363,-90.66640000000001,2013,8,29.6,0.0,null,null,Neutral
2013GoM-Pma-05701,Sperm Whale,Vulnerable,24.4811,-89.55420000000001,2013,8,29.86,0.0,null,null,Neutral
2013GoM-Pma-05701,Sperm Whale,Vulnerable,24.5368,-89.5297,2013,8,29.86,0.0,null,null,Neutral
2013GoM-Pma-05701,Sperm Whale,Vulnerable,24.4575,-89.5655,2013,8,29.86,0.0,null,null,Neutral
2013GoM-Pma-05701,Sperm Whale,Vulnerable,24.969800000000003,-89.46480000000001,2013,8,29.78,0.0,null,null,Neutral
2013GoM-Pma-05701,Sperm Whale,Vulnerable,27.4826,-89.8557,2013,8,29.52,0.0,null,null,Neutral
2013GoM-Pma-05701,Sperm Whale,Vulnerable,27.4436,-90.86760000000001,2013,8,29.6,0.0,null,null,Neutral
2013GoM-Pma-05701,Sperm Whale,Vulnerable,24.506400000000003,-89.5381,2013,8,29.86,0.0,null,null,Neutral
2013GoM-Pma-05701,Sperm Whale,Vulnerable,27.569,-90.907,2013,8,29.6,0.0,null,null,Neutral
2013GoM-Pma-05701,Sperm Whale,Vulnerable,27.5239,-89.7958,2013,8,29.52,0.0,null,null,Neutral
2013GoM-Pma-05701,Sperm Whale,Vulnerable,27.617700000000003,-89.7446,2013,8,29.52,0.0,null,null,Neutral
2013GoM-Pma-05701,Sperm Whale,Vulnerable,27.483600000000003,-89.8558,2013,8,29.52,0.0,null,null,Neutral
2013GoM-Pma-05701,Sperm Whale,Vulnerable,27.5361,-89.7718,2013,8,29.52,0.0,null,null,Neutral
2013GoM-Pma-05701,Sperm Whale,Vulnerable,27.4933,-90.81360000000001,2013,8,29.6,0.0,null,null,Neutral
2013GoM-Pma-05701,Sperm Whale,Vulnerable,27.523400000000002,-90.7403,2013,8,29.6,0.0,null,null,Neutral
2013GoM-Pma-05701,Sperm Whale,Vulnerable,27.5361,-89.7719,2013,8,29.52,0.0,null,null,Neutral
2013GoM-Pma-05701,Sperm Whale,Vulnerable,24.4921,-89.5447,2013,8,29.86,0.0,null,null,Neutral
2013GoM-Pma-05701,Sperm Whale,Vulnerable,27.225,-91.9666,2013,8,30.14,1.0,null,null,Neutral
2013GoM-Pma-05701,Sperm Whale,Vulnerable,27.471600000000002,-90.8197,2013,8,29.6,0.0,null,null,Neutral
2013GoM-Pma-05701,Sperm Whale,Vulnerable,27.506500000000003,-89.82950000000001,2013,8,29.52,0.0,null,null,Neutral
2013GoM-Pma-05701,Sperm Whale,Vulnerable,27.459600000000002,-90.83930000000001,2013,8,29.6,0.0,null,null,Neutral
2013GoM-Pma-05701,Sperm Whale,Vulnerable,27.1779,-91.8112,2013,8,30.14,1.0,null,null,Neutral
2013GoM-Pma-05701,Sperm Whale,Vulnerable,27.5061,-89.8294,2013,8,29.52,0.0,null,null,Neutral
2013GoM-Pma-05701,Sperm Whale,Vulnerable,27.5226,-90.77560000000001,2013,8,29.6,0.0,null,null,Neutral
2013GoM-Pma-05701,Sperm Whale,Vulnerable,27.2218,-91.7506,2013,8,30.14,1.0,null,null,Neutral
2013GoM-Pma-05701,Sperm Whale,Vulnerable,27.4937,-90.8125,2013,8,29.6,0.0,null,null,Neutral
2013GoM-Pma-05701,Sperm Whale,Vulnerable,27.1784,-91.773,2013,8,30.14,1.0,null,null,Neutral
2013GoM-Pma-05701,Sperm Whale,Vulnerable,27.5238,-89.79570000000001,2013,8,29.52,0.0,null,null,Neutral
2013GoM-Pma-05701,Sperm Whale,Vulnerable,27.6091,-89.7446,2013,8,29.52,0.0,null,null,Neutral
2013GoM-Pma-05701,Sperm Whale,Vulnerable,27.1799,-91.7749,2013,8,30.14,1.0,null,null,Neutral
2013GoM-Pma-05701,Sperm Whale,Vulnerable,27.553900000000002,-89.927,2013,8,29.52,0.0,null,null,Neutral
2013GoM-Pma-05701,Sperm Whale,Vulnerable,27.2219,-91.7496,2013,8,30.14,1.0,null,null,Neutral
2013GoM-Pma-05701,Sperm Whale,Vulnerable,25.997500000000002,-89.6485,2013,8,29.48,0.0,null,null,Neutral
2013GoM-Pma-05701,Sperm Whale,Vulnerable,27.509600000000002,-89.91850000000001,2013,8,29.52,0.0,null,null,Neutral
2013GoM-Pma-05701,Sperm Whale,Vulnerable,26.605500000000003,-90.01050000000001,2013,8,30.01,1.0,null,null,Neutral
2013GoM-Pma-05701,Sperm Whale,Vulnerable,27.198700000000002,-91.7638,2013,8,30.14,1.0,null,null,Neutral
2013GoM-Pma-05701,Sperm Whale,Vulnerable,27.471600000000002,-90.82140000000001,2013,8,29.6,0.0,null,null,Neutral
2013GoM-Pma-05701,Sperm Whale,Vulnerable,27.534200000000002,-89.9137,2013,8,29.52,0.0,null,null,Neutral
2013GoM-Pma-05701,Sperm Whale,Vulnerable,26.9993,-90.81700000000001,2013,8,29.96,0.0,null,null,Neutral
2013GoM-Pma-05701,Sperm Whale,Vulnerable,27.4815,-89.9162,2013,8,29.52,0.0,null,null,Neutral
2013GoM-Pma-05701,Sperm Whale,Vulnerable,27.174100000000003,-91.81620000000001,2013,8,30.14,1.0,null,null,Neutral
2013GoM-Pma-05701,Sperm Whale,Vulnerable,27.207900000000002,-91.8614,2013,8,30.14,1.0,null,null,Neutral
2013GoM-Pma-05701,Sperm Whale,Vulnerable,26.1677,-89.6611,2013,8,29.700000000000003,0.0,null,null,Neutral
2013GoM-Pma-05701,Sperm Whale,Vulnerable,27.2439,-91.98610000000001,2013,8,30.14,1.0,null,null,Neutral
2013GoM-Pma-05701,Sperm Whale,Vulnerable,27.4599,-90.836,2013,8,29.6,0.0,null,null,Neutral
2013GoM-Pma-05701,Sperm Whale,Vulnerable,27.5252,-90.7415,2013,8,29.6,0.0,null,null,Neutral
2013GoM-Pma-05701,Sperm Whale,Vulnerable,27.0105,-90.8764,2013,8,29.96,0.0,null,null,Neutral
2013GoM-Pma-05701,Sperm Whale,Vulnerable,27.5196,-90.8023,2013,8,29.6,0.0,null,null,Neutral
2013GoM-Pma-05701,Sperm Whale,Vulnerable,27.200400000000002,-91.7634,2013,8,30.14,1.0,null,null,Neutral
2013GoM-Pma-05701,Sperm Whale,Vulnerable,27.5347,-89.9116,2013,8,29.52,0.0,null,null,Neutral
2013GoM-Pma-05701,Sperm Whale,Vulnerable,27.248,-91.6845,2013,8,29.87,0.0,null,null,Neutral
2013GoM-Pma-05701,Sperm Whale,Vulnerable,24.5207,-89.5329,2013,8,29.86,0.0,null,null,Neutral
2013GoM-Pma-05701,Sperm Whale,Vulnerable,24.9081,-89.4714,2013,8,29.78,0.0,null,null,Neutral
2013GoM-Pma-05701,Sperm Whale,Vulnerable,27.2299,-91.9167,2013,8,30.14,1.0,null,null,Neutral
2013GoM-Pma-05701,Sperm Whale,Vulnerable,27.2913,-91.6914,2013,8,29.87,0.0,null,null,Neutral
2013GoM-Pma-05701,Sperm Whale,Vulnerable,27.5852,-90.86670000000001,2013,8,29.6,0.0,null,null,Neutral
2013GoM-Pma-05701,Sperm Whale,Vulnerable,27.2452,-91.98750000000001,2013,8,30.14,1.0,null,null,Neutral
2013GoM-Pma-05701,Sperm Whale,Vulnerable,27.596400000000003,-90.8228,2013,8,29.6,0.0,null,null,Neutral
2013GoM-Pma-05701,Sperm Whale,Vulnerable,26.033800000000003,-89.6584,2013,8,29.48,0.0,null,null,Neutral
2013GoM-Pma-05701,Sperm Whale,Vulnerable,27.192700000000002,-91.8356,2013,8,30.14,1.0,null,null,Neutral
2013GoM-Pma-05701,Sperm Whale,Vulnerable,27.2192,-91.8901,2013,8,30.14,1.0,null,null,Neutral
2013GoM-Pma-05701,Sperm Whale,Vulnerable,27.2209,-91.8927,2013,8,30.14,1.0,null,null,Neutral
2013GoM-Pma-05701,Sperm Whale,Vulnerable,27.3673,-91.8357,2013,8,29.87,0.0,null,null,Neutral
2013GoM-Pma-05701,Sperm Whale,Vulnerable,27.721600000000002,-89.7334,2013,8,29.61,0.0,null,null,Neutral
2013GoM-Pma-05701,Sperm Whale,Vulnerable,27.422800000000002,-90.93430000000001,2013,8,29.6,0.0,null,null,Neutral
2013GoM-Pma-05701,Sperm Whale,Vulnerable,27.570700000000002,-89.92920000000001,2013,8,29.52,0.0,null,null,Neutral
2013GoM-Pma-05701,Sperm Whale,Vulnerable,27.338900000000002,-91.7891,2013,8,29.87,0.0,null,null,Neutral
2013GoM-Pma-05701,Sperm Whale,Vulnerable,27.554000000000002,-89.92490000000001,2013,8,29.52,0.0,null,null,Neutral
2013GoM-Pma-05701,Sperm Whale,Vulnerable,27.2573,-91.96340000000001,2013,8,30.14,1.0,null,null,Neutral
2013GoM-Pma-05701,Sperm Whale,Vulnerable,27.585600000000003,-90.8635,2013,8,29.6,0.0,null,null,Neutral
2013GoM-Pma-05701,Sperm Whale,Vulnerable,26.9985,-90.8394,2013,8,29.96,0.0,null,null,Neutral
2013GoM-Pma-05701,Sperm Whale,Vulnerable,26.0484,-89.6573,2013,8,29.48,0.0,null,null,Neutral
2013GoM-Pma-05701,Sperm Whale,Vulnerable,27.7439,-89.67070000000001,2013,8,29.61,0.0,null,null,Neutral
2013GoM-Pma-05701,Sperm Whale,Vulnerable,27.572100000000002,-89.9273,2013,8,29.52,0.0,null,null,Neutral
2013GoM-Pma-05701,Sperm Whale,Vulnerable,27.2317,-91.9178,2013,8,30.14,1.0,null,null,Neutral
2013GoM-Pma-05701,Sperm Whale,Vulnerable,27.435200000000002,-90.95880000000001,2013,8,29.6,0.0,null,null,Neutral
2013GoM-Pma-05701,Sperm Whale,Vulnerable,27.174100000000003,-91.8904,2013,8,30.14,1.0,null,null,Neutral
2013GoM-Pma-05701,Sperm Whale,Vulnerable,27.5957,-90.82600000000001,2013,8,29.6,0.0,null,null,Neutral
2013GoM-Pma-05701,Sperm Whale,Vulnerable,27.2956,-91.8575,2013,8,29.87,0.0,null,null,Neutral
2013GoM-Pma-05701,Sperm Whale,Vulnerable,27.245900000000002,-91.9448,2013,8,30.14,1.0,null,null,Neutral
2013GoM-Pma-05701,Sperm Whale,Vulnerable,27.2591,-91.965,2013,8,30.14,1.0,null,null,Neutral
2013GoM-Pma-05701,Sperm Whale,Vulnerable,27.1945,-91.8383,2013,8,30.14,1.0,null,null,Neutral
2013GoM-Pma-05701,Sperm Whale,Vulnerable,27.317600000000002,-91.8217,2013,8,29.87,0.0,null,null,Neutral
2013GoM-Pma-05701,Sperm Whale,Vulnerable,27.1763,-91.91170000000001,2013,8,30.14,1.0,null,null,Neutral
2013GoM-Pma-05701,Sperm Whale,Vulnerable,25.2576,-89.4462,2013,8,29.66,0.0,null,null,Neutral
2013GoM-Pma-05701,Sperm Whale,Vulnerable,27.2235,-91.9655,2013,8,30.14,1.0,null,null,Neutral
2013GoM-Pma-05701,Sperm Whale,Vulnerable,27.341,-91.8328,2013,8,29.87,0.0,null,null,Neutral
2013GoM-Pma-05701,Sperm Whale,Vulnerable,25.3667,-89.46050000000001,2013,8,29.66,0.0,null,null,Neutral
2013GoM-Pma-05701,Sperm Whale,Vulnerable,27.1869,-91.9376,2013,8,30.14,1.0,null,null,Neutral
2013GoM-Pma-05701,Sperm Whale,Vulnerable,27.2055,-91.9521,2013,8,30.14,1.0,null,null,Neutral
2013GoM-Pma-05701,Sperm Whale,Vulnerable,27.1766,-91.9135,2013,8,30.14,1.0,null,null,Neutral
2013GoM-Pma-05701,Sperm Whale,Vulnerable,25.9864,-89.6404,2013,8,29.48,0.0,null,null,Neutral
2013GoM-Pma-05701,Sperm Whale,Vulnerable,25.1414,-89.4551,2013,8,29.66,0.0,null,null,Neutral
2013GoM-Pma-05701,Sperm Whale,Vulnerable,25.236900000000002,-89.4461,2013,8,29.66,0.0,null,null,Neutral
2013GoM-Pma-05701,Sperm Whale,Vulnerable,27.0077,-90.837,2013,8,29.96,0.0,null,null,Neutral
2013GoM-Pma-05701,Sperm Whale,Vulnerable,27.5424,-90.3961,2013,8,29.55,0.0,null,null,Neutral
2013GoM-Pma-05701,Sperm Whale,Vulnerable,25.9734,-89.63170000000001,2013,8,29.48,0.0,null,null,Neutral
2013GoM-Pma-05701,Sperm Whale,Vulnerable,25.9621,-89.6213,2013,8,29.48,0.0,null,null,Neutral
2013GoM-Pma-05701,Sperm Whale,Vulnerable,27.348300000000002,-91.83980000000001,2013,8,29.87,0.0,null,null,Neutral
2013GoM-Pma-05701,Sperm Whale,Vulnerable,27.178900000000002,-91.8934,2013,8,30.14,1.0,null,null,Neutral
2013GoM-Pma-05701,Sperm Whale,Vulnerable,25.1571,-89.4518,2013,8,29.66,0.0,null,null,Neutral
2013GoM-Pma-05701,Sperm Whale,Vulnerable,27.1783,-91.8833,2013,8,30.14,1.0,null,null,Neutral
2013GoM-Pma-05701,Sperm Whale,Vulnerable,27.386,-91.73740000000001,2013,8,29.87,0.0,null,null,Neutral
2013GoM-Pma-05701,Sperm Whale,Vulnerable,27.1815,-91.8514,2013,8,30.14,1.0,null,null,Neutral
2013GoM-Pma-05701,Sperm Whale,Vulnerable,27.5894,-90.7813,2013,8,29.6,0.0,null,null,Neutral
2013GoM-Pma-05701,Sperm Whale,Vulnerable,27.422600000000003,-90.93260000000001,2013,8,29.6,0.0,null,null,Neutral
2013GoM-Pma-05701,Sperm Whale,Vulnerable,25.2166,-89.4465,2013,8,29.66,0.0,null,null,Neutral
2013GoM-Pma-05701,Sperm Whale,Vulnerable,27.5572,-90.2729,2013,8,29.55,0.0,null,null,Neutral
2013GoM-Pma-05701,Sperm Whale,Vulnerable,27.1854,-91.9362,2013,8,30.14,1.0,null,null,Neutral
2013GoM-Pma-05701,Sperm Whale,Vulnerable,27.2038,-91.9517,2013,8,30.14,1.0,null,null,Neutral
2013GoM-Pma-05701,Sperm Whale,Vulnerable,27.4239,-91.61540000000001,2013,8,29.87,0.0,null,null,Neutral
2013GoM-Pma-05701,Sperm Whale,Vulnerable,27.5443,-89.9178,2013,8,29.52,0.0,null,null,Neutral
2013GoM-Pma-05701,Sperm Whale,Vulnerable,25.948700000000002,-89.61160000000001,2013,8,29.48,0.0,null,null,Neutral
2013GoM-Pma-05701,Sperm Whale,Vulnerable,25.0319,-89.46820000000001,2013,8,29.66,0.0,null,null,Neutral
2013GoM-Pma-05701,Sperm Whale,Vulnerable,27.4508,-91.5648,2013,8,29.87,0.0,null,null,Neutral
2013GoM-Pma-05701,Sperm Whale,Vulnerable,27.1982,-91.83370000000001,2013,8,30.14,1.0,null,null,Neutral
2013GoM-Pma-05701,Sperm Whale,Vulnerable,25.0592,-89.4608,2013,8,29.66,0.0,null,null,Neutral
2013GoM-Pma-05701,Sperm Whale,Vulnerable,27.1778,-91.83370000000001,2013,8,30.14,1.0,null,null,Neutral
2013GoM-Pma-05701,Sperm Whale,Vulnerable,27.471,-91.5293,2013,8,29.87,0.0,null,null,Neutral
2013GoM-Pma-05701,Sperm Whale,Vulnerable,27.5838,-90.2157,2013,8,29.55,0.0,null,null,Neutral
2013GoM-Pma-05701,Sperm Whale,Vulnerable,27.267300000000002,-91.8506,2013,8,30.14,1.0,null,null,Neutral
2013GoM-Pma-05701,Sperm Whale,Vulnerable,27.2706,-91.8503,2013,8,30.14,1.0,null,null,Neutral
2013GoM-Pma-05701,Sperm Whale,Vulnerable,27.4933,-90.8062,2013,8,29.6,0.0,null,null,Neutral
2013GoM-Pma-05701,Sperm Whale,Vulnerable,27.4842,-90.8366,2013,8,29.6,0.0,null,null,Neutral
2013GoM-Pma-05701,Sperm Whale,Vulnerable,27.584300000000002,-90.1588,2013,8,29.55,0.0,null,null,Neutral
2013GoM-Pma-05701,Sperm Whale,Vulnerable,27.181900000000002,-91.8506,2013,8,30.14,1.0,null,null,Neutral
2013GoM-Pma-05701,Sperm Whale,Vulnerable,27.466,-91.4385,2013,8,29.87,0.0,null,null,Neutral
2013GoM-Pma-05701,Sperm Whale,Vulnerable,27.2237,-91.8311,2013,8,30.14,1.0,null,null,Neutral
2013GoM-Pma-05701,Sperm Whale,Vulnerable,27.4706,-90.8696,2013,8,29.6,0.0,null,null,Neutral
2013GoM-Pma-05701,Sperm Whale,Vulnerable,27.244200000000003,-91.8418,2013,8,30.14,1.0,null,null,Neutral
2013GoM-Pma-05701,Sperm Whale,Vulnerable,27.4544,-91.4593,2013,8,29.87,0.0,null,null,Neutral
2013GoM-Pma-05701,Sperm Whale,Vulnerable,27.4678,-90.9204,2013,8,29.6,0.0,null,null,Neutral
2013GoM-Pma-05701,Sperm Whale,Vulnerable,27.242800000000003,-91.84230000000001,2013,8,30.14,1.0,null,null,Neutral
2013GoM-Pma-05701,Sperm Whale,Vulnerable,27.1994,-91.8328,2013,8,30.14,1.0,null,null,Neutral
2013GoM-Pma-05701,Sperm Whale,Vulnerable,27.436400000000003,-91.5266,2013,8,29.87,0.0,null,null,Neutral
2013GoM-Pma-05701,Sperm Whale,Vulnerable,25.0436,-89.4625,2013,8,29.66,0.0,null,null,Neutral
2013GoM-Pma-05701,Sperm Whale,Vulnerable,27.537100000000002,-90.3318,2013,8,29.55,0.0,null,null,Neutral
2013GoM-Pma-05701,Sperm Whale,Vulnerable,27.4938,-90.805,2013,8,29.6,0.0,null,null,Neutral
2013GoM-Pma-05701,Sperm Whale,Vulnerable,27.535600000000002,-90.4775,2013,8,29.55,0.0,null,null,Neutral
2013GoM-Pma-05701,Sperm Whale,Vulnerable,27.2234,-91.8297,2013,8,30.14,1.0,null,null,Neutral
2013GoM-Pma-05701,Sperm Whale,Vulnerable,27.1768,-91.8341,2013,8,30.14,1.0,null,null,Neutral
2013GoM-Pma-05701,Sperm Whale,Vulnerable,27.5452,-90.29610000000001,2013,8,29.55,0.0,null,null,Neutral
2013GoM-Pma-05701,Sperm Whale,Vulnerable,27.4434,-91.4945,2013,8,29.87,0.0,null,null,Neutral
2013GoM-Pma-05701,Sperm Whale,Vulnerable,27.467000000000002,-90.919,2013,8,29.6,0.0,null,null,Neutral
2013GoM-Pma-05701,Sperm Whale,Vulnerable,27.5848,-90.1602,2013,8,29.55,0.0,null,null,Neutral
2013GoM-Pma-05701,Sperm Whale,Vulnerable,27.714000000000002,-89.7582,2013,8,29.61,0.0,null,null,Neutral
2013GoM-Pma-05701,Sperm Whale,Vulnerable,27.4695,-91.4741,2013,8,29.87,0.0,null,null,Neutral
2013GoM-Pma-05701,Sperm Whale,Vulnerable,27.5635,-90.2437,2013,8,29.55,0.0,null,null,Neutral
2013GoM-Pma-05701,Sperm Whale,Vulnerable,27.578500000000002,-90.1898,2013,8,29.55,0.0,null,null,Neutral
2013GoM-Pma-05701,Sperm Whale,Vulnerable,27.5636,-90.2455,2013,8,29.55,0.0,null,null,Neutral
2013GoM-Pma-05701,Sperm Whale,Vulnerable,27.502,-91.4745,2013,8,29.87,0.0,null,null,Neutral
2013GoM-Pma-05701,Sperm Whale,Vulnerable,27.5438,-90.296,2013,8,29.55,0.0,null,null,Neutral
2013GoM-Pma-05701,Sperm Whale,Vulnerable,27.470200000000002,-90.87020000000001,2013,8,29.6,0.0,null,null,Neutral
2013GoM-Pma-05701,Sperm Whale,Vulnerable,27.4828,-90.8373,2013,8,29.6,0.0,null,null,Neutral
2013GoM-Pma-05701,Sperm Whale,Vulnerable,27.582600000000003,-90.2176,2013,8,29.55,0.0,null,null,Neutral
2013GoM-Pma-05701,Sperm Whale,Vulnerable,27.579,-90.1905,2013,8,29.55,0.0,null,null,Neutral
2013GoM-Pma-05701,Sperm Whale,Vulnerable,27.549200000000003,-90.424,2013,8,29.55,0.0,null,null,Neutral
2013GoM-Pma-05701,Sperm Whale,Vulnerable,27.5406,-90.45320000000001,2013,8,29.55,0.0,null,null,Neutral
2013GoM-Pma-05701,Sperm Whale,Vulnerable,27.456,-91.47420000000001,2013,8,29.87,0.0,null,null,Neutral
2013GoM-Pma-05701,Sperm Whale,Vulnerable,27.5331,-90.3668,2013,8,29.55,0.0,null,null,Neutral
2013GoM-Pma-05701,Sperm Whale,Vulnerable,27.5346,-90.4773,2013,8,29.55,0.0,null,null,Neutral
2013GoM-Pma-05701,Sperm Whale,Vulnerable,27.7204,-89.7343,2013,8,29.61,0.0,null,null,Neutral
2013GoM-Pma-05701,Sperm Whale,Vulnerable,27.005100000000002,-90.8335,2013,8,29.96,0.0,null,null,Neutral
2013GoM-Pma-05701,Sperm Whale,Vulnerable,25.0,-89.4638,2013,8,29.66,0.0,null,null,Neutral
2013GoM-Pma-05701,Sperm Whale,Vulnerable,27.458000000000002,-90.893,2013,8,29.6,0.0,null,null,Neutral
2013GoM-Pma-05701,Sperm Whale,Vulnerable,27.436,-90.96010000000001,2013,8,29.6,0.0,null,null,Neutral
2013GoM-Pma-05701,Sperm Whale,Vulnerable,26.4295,-89.86070000000001,2013,8,29.69,0.0,null,null,Neutral
2013GoM-Pma-05701,Sperm Whale,Vulnerable,27.556700000000003,-90.2737,2013,8,29.55,0.0,null,null,Neutral
2013GoM-Pma-05701,Sperm Whale,Vulnerable,27.5377,-90.33030000000001,2013,8,29.55,0.0,null,null,Neutral
2013GoM-Pma-05701,Sperm Whale,Vulnerable,27.180100000000003,-91.8844,2013,8,30.14,1.0,null,null,Neutral
2013GoM-Pma-05701,Sperm Whale,Vulnerable,27.1755,-91.8174,2013,8,30.14,1.0,null,null,Neutral
2013GoM-Pma-05701,Sperm Whale,Vulnerable,27.4422,-90.87230000000001,2013,8,29.6,0.0,null,null,Neutral
2013GoM-Pma-05701,Sperm Whale,Vulnerable,27.454500000000003,-90.8635,2013,8,29.6,0.0,null,null,Neutral
2013GoM-Pma-05701,Sperm Whale,Vulnerable,27.4309,-90.8999,2013,8,29.6,0.0,null,null,Neutral
2013GoM-Pma-05701,Sperm Whale,Vulnerable,26.3958,-89.83370000000001,2013,8,29.69,0.0,null,null,Neutral
2013GoM-Pma-05701,Sperm Whale,Vulnerable,27.4751,-90.93140000000001,2013,8,29.6,0.0,null,null,Neutral
2013GoM-Pma-05701,Sperm Whale,Vulnerable,27.4584,-90.89150000000001,2013,8,29.6,0.0,null,null,Neutral
2013GoM-Pma-05701,Sperm Whale,Vulnerable,27.430100000000003,-90.9015,2013,8,29.6,0.0,null,null,Neutral
2013GoM-Pma-05701,Sperm Whale,Vulnerable,27.0391,-91.04650000000001,2013,8,29.96,0.0,null,null,Neutral
2013GoM-Pma-05701,Sperm Whale,Vulnerable,27.450400000000002,-90.8356,2013,8,29.6,0.0,null,null,Neutral
2013GoM-Pma-05701,Sperm Whale,Vulnerable,27.7234,-89.7583,2013,8,29.61,0.0,null,null,Neutral
2013GoM-Pma-05701,Sperm Whale,Vulnerable,27.4541,-90.86460000000001,2013,8,29.6,0.0,null,null,Neutral
2013GoM-Pma-05701,Sperm Whale,Vulnerable,27.011400000000002,-90.8358,2013,8,29.96,0.0,null,null,Neutral
2013GoM-Pma-05701,Sperm Whale,Vulnerable,25.866300000000003,-89.5586,2013,8,29.77,0.0,null,null,Neutral
2013GoM-Pma-05701,Sperm Whale,Vulnerable,27.5666,-90.9097,2013,8,29.6,0.0,null,null,Neutral
2013GoM-Pma-05701,Sperm Whale,Vulnerable,25.8445,-89.5484,2013,8,29.77,0.0,null,null,Neutral
2013GoM-Pma-05701,Sperm Whale,Vulnerable,25.797500000000003,-89.53,2013,8,29.77,0.0,null,null,Neutral
2013GoM-Pma-05701,Sperm Whale,Vulnerable,27.4551,-90.9199,2013,8,29.6,0.0,null,null,Neutral
2013GoM-Pma-05701,Sperm Whale,Vulnerable,27.5425,-90.3969,2013,8,29.55,0.0,null,null,Neutral
2013GoM-Pma-05701,Sperm Whale,Vulnerable,27.436700000000002,-90.8069,2013,8,29.6,0.0,null,null,Neutral
2013GoM-Pma-05701,Sperm Whale,Vulnerable,27.2785,-92.0184,2013,8,29.85,0.0,null,null,Neutral
2013GoM-Pma-05701,Sperm Whale,Vulnerable,27.4237,-90.724,2013,8,29.6,0.0,null,null,Neutral
2013GoM-Pma-05701,Sperm Whale,Vulnerable,27.689300000000003,-89.75890000000001,2013,8,29.61,0.0,null,null,Neutral
2013GoM-Pma-05701,Sperm Whale,Vulnerable,27.472800000000003,-90.5937,2013,8,29.6,0.0,null,null,Neutral
2013GoM-Pma-05701,Sperm Whale,Vulnerable,27.0104,-90.8344,2013,8,29.96,0.0,null,null,Neutral
2013GoM-Pma-05701,Sperm Whale,Vulnerable,27.6584,-89.7534,2013,8,29.61,0.0,null,null,Neutral
2013GoM-Pma-05701,Sperm Whale,Vulnerable,27.4506,-90.83460000000001,2013,8,29.6,0.0,null,null,Neutral
2013GoM-Pma-05701,Sperm Whale,Vulnerable,27.465200000000003,-90.88980000000001,2013,8,29.6,0.0,null,null,Neutral
2013GoM-Pma-05701,Sperm Whale,Vulnerable,27.300900000000002,-92.0267,2013,8,29.85,0.0,null,null,Neutral
2013GoM-Pma-05701,Sperm Whale,Vulnerable,27.5366,-90.3692,2013,8,29.55,0.0,null,null,Neutral
2013GoM-Pma-05701,Sperm Whale,Vulnerable,27.4575,-90.6164,2013,8,29.6,0.0,null,null,Neutral
2013GoM-Pma-05701,Sperm Whale,Vulnerable,27.439300000000003,-90.7782,2013,8,29.6,0.0,null,null,Neutral
2013GoM-Pma-05701,Sperm Whale,Vulnerable,27.4269,-90.681,2013,8,29.6,0.0,null,null,Neutral
2013GoM-Pma-05701,Sperm Whale,Vulnerable,27.4293,-90.7505,2013,8,29.6,0.0,null,null,Neutral
2013GoM-Pma-05701,Sperm Whale,Vulnerable,27.424,-90.72120000000001,2013,8,29.6,0.0,null,null,Neutral
2013GoM-Pma-05701,Sperm Whale,Vulnerable,27.42,-90.7121,2013,8,29.6,0.0,null,null,Neutral
2013GoM-Pma-05701,Sperm Whale,Vulnerable,27.294900000000002,-92.029,2013,8,29.85,0.0,null,null,Neutral
2013GoM-Pma-05701,Sperm Whale,Vulnerable,27.6597,-89.7548,2013,8,29.61,0.0,null,null,Neutral
2013GoM-Pma-05701,Sperm Whale,Vulnerable,27.4401,-90.77890000000001,2013,8,29.6,0.0,null,null,Neutral
2013GoM-Pma-05701,Sperm Whale,Vulnerable,27.444,-90.6489,2013,8,29.6,0.0,null,null,Neutral
2013GoM-Pma-05701,Sperm Whale,Vulnerable,27.2985,-92.0257,2013,8,29.85,0.0,null,null,Neutral
2013GoM-Pma-05701,Sperm Whale,Vulnerable,27.679100000000002,-89.764,2013,8,29.61,0.0,null,null,Neutral
2013GoM-Pma-05701,Sperm Whale,Vulnerable,27.4437,-90.651,2013,8,29.6,0.0,null,null,Neutral
2013GoM-Pma-05701,Sperm Whale,Vulnerable,27.4284,-90.6786,2013,8,29.6,0.0,null,null,Neutral
2013GoM-Pma-05701,Sperm Whale,Vulnerable,27.494100000000003,-91.48450000000001,2013,8,29.87,0.0,null,null,Neutral
2013GoM-Pma-05701,Sperm Whale,Vulnerable,27.456200000000003,-90.6181,2013,8,29.6,0.0,null,null,Neutral
2013GoM-Pma-05701,Sperm Whale,Vulnerable,27.431900000000002,-90.74980000000001,2013,8,29.6,0.0,null,null,Neutral
2013GoM-Pma-05701,Sperm Whale,Vulnerable,27.5497,-90.423,2013,8,29.55,0.0,null,null,Neutral
2013GoM-Pma-05701,Sperm Whale,Vulnerable,27.204500000000003,-91.8574,2013,8,30.14,1.0,null,null,Neutral
2013GoM-Pma-05701,Sperm Whale,Vulnerable,27.4893,-90.59100000000001,2013,8,29.6,0.0,null,null,Neutral
2013GoM-Pma-05701,Sperm Whale,Vulnerable,27.723100000000002,-89.78970000000001,2013,8,29.61,0.0,null,null,Neutral
2013GoM-Pma-05701,Sperm Whale,Vulnerable,27.486700000000003,-90.5659,2013,8,29.6,0.0,null,null,Neutral
2013GoM-Pma-05701,Sperm Whale,Vulnerable,27.2893,-91.99730000000001,2013,8,29.85,0.0,null,null,Neutral
2013GoM-Pma-05701,Sperm Whale,Vulnerable,27.474300000000003,-90.59190000000001,2013,8,29.6,0.0,null,null,Neutral
2013GoM-Pma-05701,Sperm Whale,Vulnerable,27.472,-90.681,2013,8,29.6,0.0,null,null,Neutral
2013GoM-Pma-05701,Sperm Whale,Vulnerable,27.499000000000002,-90.57140000000001,2013,8,29.6,0.0,null,null,Neutral
2013GoM-Pma-05701,Sperm Whale,Vulnerable,27.295,-92.0266,2013,8,29.85,0.0,null,null,Neutral
2013GoM-Pma-05701,Sperm Whale,Vulnerable,27.4995,-90.57260000000001,2013,8,29.6,0.0,null,null,Neutral
2013GoM-Pma-05701,Sperm Whale,Vulnerable,27.639400000000002,-89.7441,2013,8,29.61,0.0,null,null,Neutral
2013GoM-Pma-05701,Sperm Whale,Vulnerable,27.4923,-90.6074,2013,8,29.6,0.0,null,null,Neutral
2013GoM-Pma-05701,Sperm Whale,Vulnerable,27.436200000000003,-91.5237,2013,8,29.87,0.0,null,null,Neutral
2013GoM-Pma-05701,Sperm Whale,Vulnerable,27.4951,-90.6066,2013,8,29.6,0.0,null,null,Neutral
2013GoM-Pma-05701,Sperm Whale,Vulnerable,27.471,-90.6804,2013,8,29.6,0.0,null,null,Neutral
2013GoM-Pma-05701,Sperm Whale,Vulnerable,27.7221,-89.7902,2013,8,29.61,0.0,null,null,Neutral
2013GoM-Pma-05701,Sperm Whale,Vulnerable,27.636400000000002,-89.7453,2013,8,29.61,0.0,null,null,Neutral
2013GoM-Pma-05701,Sperm Whale,Vulnerable,27.483700000000002,-90.6359,2013,8,29.6,0.0,null,null,Neutral
2013GoM-Pma-05701,Sperm Whale,Vulnerable,27.4833,-90.6337,2013,8,29.6,0.0,null,null,Neutral
2013GoM-Pma-05701,Sperm Whale,Vulnerable,27.4857,-90.5685,2013,8,29.6,0.0,null,null,Neutral
2013GoM-Pma-05701,Sperm Whale,Vulnerable,27.672500000000003,-90.0179,2013,8,29.400000000000002,0.0,null,null,Neutral
2013GoM-Pma-05701,Sperm Whale,Vulnerable,27.4357,-90.70490000000001,2013,8,29.6,0.0,null,null,Neutral
2013GoM-Pma-05701,Sperm Whale,Vulnerable,27.4233,-90.74560000000001,2013,8,29.6,0.0,null,null,Neutral
2013GoM-Pma-05701,Sperm Whale,Vulnerable,27.7377,-89.76360000000001,2013,8,29.61,0.0,null,null,Neutral
2013GoM-Pma-05701,Sperm Whale,Vulnerable,27.6998,-89.999,2013,8,29.400000000000002,0.0,null,null,Neutral
2013GoM-Pma-05701,Sperm Whale,Vulnerable,27.4095,-90.7382,2013,8,29.6,0.0,null,null,Neutral
2013GoM-Pma-05701,Sperm Whale,Vulnerable,27.424500000000002,-90.7459,2013,8,29.6,0.0,null,null,Neutral
2013GoM-Pma-05701,Sperm Whale,Vulnerable,27.762500000000003,-89.7506,2013,8,29.61,0.0,null,null,Neutral
2013GoM-Pma-05701,Sperm Whale,Vulnerable,27.5962,-90.1307,2013,8,29.400000000000002,0.0,null,null,Neutral
2013GoM-Pma-05701,Sperm Whale,Vulnerable,27.453500000000002,-90.6961,2013,8,29.6,0.0,null,null,Neutral
2013GoM-Pma-05701,Sperm Whale,Vulnerable,27.4831,-90.6525,2013,8,29.6,0.0,null,null,Neutral
2013GoM-Pma-05701,Sperm Whale,Vulnerable,27.4094,-90.7393,2013,8,29.6,0.0,null,null,Neutral
2013GoM-Pma-05701,Sperm Whale,Vulnerable,27.434800000000003,-90.7234,2013,8,29.6,0.0,null,null,Neutral
2013GoM-Pma-05701,Sperm Whale,Vulnerable,27.4115,-90.7552,2013,8,29.6,0.0,null,null,Neutral
2013GoM-Pma-05701,Sperm Whale,Vulnerable,27.433400000000002,-90.7247,2013,8,29.6,0.0,null,null,Neutral
2013GoM-Pma-05701,Sperm Whale,Vulnerable,27.762600000000003,-89.75280000000001,2013,8,29.61,0.0,null,null,Neutral
2013GoM-Pma-05701,Sperm Whale,Vulnerable,27.4358,-90.70280000000001,2013,8,29.6,0.0,null,null,Neutral
2013GoM-Pma-05701,Sperm Whale,Vulnerable,27.4848,-90.6537,2013,8,29.6,0.0,null,null,Neutral
2013GoM-Pma-05701,Sperm Whale,Vulnerable,27.4891,-90.592,2013,8,29.6,0.0,null,null,Neutral
2013GoM-Pma-05701,Sperm Whale,Vulnerable,27.4117,-90.7435,2013,8,29.6,0.0,null,null,Neutral
2013GoM-Pma-05701,Sperm Whale,Vulnerable,27.7386,-89.7626,2013,8,29.61,0.0,null,null,Neutral
2013GoM-Pma-05701,Sperm Whale,Vulnerable,27.4144,-90.7489,2013,8,29.6,0.0,null,null,Neutral
2013GoM-Pma-05701,Sperm Whale,Vulnerable,27.411800000000003,-90.7496,2013,8,29.6,0.0,null,null,Neutral
2013GoM-Pma-05701,Sperm Whale,Vulnerable,27.4218,-90.7312,2013,8,29.6,0.0,null,null,Neutral
2013GoM-Pma-05701,Sperm Whale,Vulnerable,27.764400000000002,-89.9132,2013,8,29.400000000000002,0.0,null,null,Neutral
2013GoM-Pma-05701,Sperm Whale,Vulnerable,27.4536,-90.7731,2013,8,29.6,0.0,null,null,Neutral
2013GoM-Pma-05701,Sperm Whale,Vulnerable,27.421,-90.7923,2013,8,29.6,0.0,null,null,Neutral
2013GoM-Pma-05701,Sperm Whale,Vulnerable,27.411800000000003,-90.738,2013,8,29.6,0.0,null,null,Neutral
2013GoM-Pma-05701,Sperm Whale,Vulnerable,27.459300000000002,-90.75840000000001,2013,8,29.6,0.0,null,null,Neutral
2013GoM-Pma-05701,Sperm Whale,Vulnerable,27.7774,-89.6988,2013,8,29.61,0.0,null,null,Neutral
2013GoM-Pma-05701,Sperm Whale,Vulnerable,27.4421,-90.745,2013,8,29.6,0.0,null,null,Neutral
2013GoM-Pma-05701,Sperm Whale,Vulnerable,27.4208,-90.7304,2013,8,29.6,0.0,null,null,Neutral
2013GoM-Pma-05701,Sperm Whale,Vulnerable,27.7908,-89.8832,2013,8,29.400000000000002,0.0,null,null,Neutral
2013GoM-Pma-05701,Sperm Whale,Vulnerable,27.442400000000003,-90.7458,2013,8,29.6,0.0,null,null,Neutral
2013GoM-Pma-05701,Sperm Whale,Vulnerable,27.4572,-90.76060000000001,2013,8,29.6,0.0,null,null,Neutral
2013GoM-Pma-05701,Sperm Whale,Vulnerable,27.768700000000003,-89.7251,2013,8,29.61,0.0,null,null,Neutral
2013GoM-Pma-05701,Sperm Whale,Vulnerable,27.759800000000002,-89.89460000000001,2013,8,29.400000000000002,0.0,null,null,Neutral
2013GoM-Pma-05701,Sperm Whale,Vulnerable,27.4132,-90.7607,2013,8,29.6,0.0,null,null,Neutral
2013GoM-Pma-05701,Sperm Whale,Vulnerable,27.4544,-90.7735,2013,8,29.6,0.0,null,null,Neutral
2013GoM-Pma-05701,Sperm Whale,Vulnerable,27.4421,-90.7835,2013,8,29.6,0.0,null,null,Neutral
2013GoM-Pma-05701,Sperm Whale,Vulnerable,27.8225,-89.86370000000001,2013,8,29.400000000000002,0.0,null,null,Neutral
2013GoM-Pma-05701,Sperm Whale,Vulnerable,27.442800000000002,-90.7804,2013,8,29.6,0.0,null,null,Neutral
2013GoM-Pma-05701,Sperm Whale,Vulnerable,27.7767,-89.7014,2013,8,29.61,0.0,null,null,Neutral
2013GoM-Pma-05701,Sperm Whale,Vulnerable,27.442,-90.7818,2013,8,29.6,0.0,null,null,Neutral
2013GoM-Pma-05701,Sperm Whale,Vulnerable,27.768900000000002,-89.7231,2013,8,29.61,0.0,null,null,Neutral
2013GoM-Pma-05701,Sperm Whale,Vulnerable,27.4418,-90.7795,2013,8,29.6,0.0,null,null,Neutral
2013GoM-Pma-05701,Sperm Whale,Vulnerable,27.441300000000002,-90.78280000000001,2013,8,29.6,0.0,null,null,Neutral
2013GoM-Pma-05701,Sperm Whale,Vulnerable,27.410600000000002,-90.8247,2013,8,29.6,0.0,null,null,Neutral
2013GoM-Pma-05701,Sperm Whale,Vulnerable,27.7924,-89.8823,2013,8,29.400000000000002,0.0,null,null,Neutral
2013GoM-Pma-05701,Sperm Whale,Vulnerable,27.372200000000003,-90.8982,2013,8,29.6,0.0,null,null,Neutral
2013GoM-Pma-05701,Sperm Whale,Vulnerable,27.4005,-90.9376,2013,8,29.6,0.0,null,null,Neutral
2013GoM-Pma-05701,Sperm Whale,Vulnerable,27.4422,-90.7805,2013,8,29.6,0.0,null,null,Neutral
2013GoM-Pma-05701,Sperm Whale,Vulnerable,27.663700000000002,-89.8515,2013,8,29.400000000000002,0.0,null,null,Neutral
2013GoM-Pma-05701,Sperm Whale,Vulnerable,27.4216,-90.7915,2013,8,29.6,0.0,null,null,Neutral
2013GoM-Pma-05701,Sperm Whale,Vulnerable,27.4126,-90.7604,2013,8,29.6,0.0,null,null,Neutral
2013GoM-Pma-05701,Sperm Whale,Vulnerable,27.4543,-90.6957,2013,8,29.6,0.0,null,null,Neutral
2013GoM-Pma-05701,Sperm Whale,Vulnerable,27.0274,-90.8215,2013,8,29.96,0.0,null,null,Neutral
2013GoM-Pma-05701,Sperm Whale,Vulnerable,26.009500000000003,-89.654,2013,8,29.48,0.0,null,null,Neutral
2013GoM-Pma-05701,Sperm Whale,Vulnerable,27.4002,-90.9401,2013,8,29.6,0.0,null,null,Neutral
2013GoM-Pma-05701,Sperm Whale,Vulnerable,27.3946,-90.85000000000001,2013,8,29.6,0.0,null,null,Neutral
2013GoM-Pma-05701,Sperm Whale,Vulnerable,27.357400000000002,-90.9133,2013,8,29.6,0.0,null,null,Neutral
2013GoM-Pma-05701,Sperm Whale,Vulnerable,27.3835,-90.8743,2013,8,29.6,0.0,null,null,Neutral
2013GoM-Pma-05701,Sperm Whale,Vulnerable,27.3698,-90.90140000000001,2013,8,29.6,0.0,null,null,Neutral
2013GoM-Pma-05701,Sperm Whale,Vulnerable,27.3578,-90.9137,2013,8,29.6,0.0,null,null,Neutral
2013GoM-Pma-05701,Sperm Whale,Vulnerable,27.601,-89.92670000000001,2013,8,29.400000000000002,0.0,null,null,Neutral
2013GoM-Pma-05701,Sperm Whale,Vulnerable,27.774800000000003,-89.6453,2013,8,29.61,0.0,null,null,Neutral
2013GoM-Pma-05701,Sperm Whale,Vulnerable,27.3949,-90.84920000000001,2013,8,29.6,0.0,null,null,Neutral
2013GoM-Pma-05701,Sperm Whale,Vulnerable,27.3484,-90.9606,2013,8,29.6,0.0,null,null,Neutral
2013GoM-Pma-05701,Sperm Whale,Vulnerable,27.0135,-90.8365,2013,8,29.96,0.0,null,null,Neutral
2013GoM-Pma-05701,Sperm Whale,Vulnerable,27.774800000000003,-89.6695,2013,8,29.61,0.0,null,null,Neutral
2013GoM-Pma-05701,Sperm Whale,Vulnerable,27.349700000000002,-90.93440000000001,2013,8,29.6,0.0,null,null,Neutral
2013GoM-Pma-05701,Sperm Whale,Vulnerable,27.3492,-90.9341,2013,8,29.6,0.0,null,null,Neutral
2013GoM-Pma-05701,Sperm Whale,Vulnerable,27.1645,-90.7514,2013,8,29.96,0.0,null,null,Neutral
2013GoM-Pma-05701,Sperm Whale,Vulnerable,27.364700000000003,-90.8495,2013,8,29.6,0.0,null,null,Neutral
2013GoM-Pma-05701,Sperm Whale,Vulnerable,27.271800000000002,-90.753,2013,8,29.6,0.0,null,null,Neutral
2013GoM-Pma-05701,Sperm Whale,Vulnerable,27.3492,-90.96130000000001,2013,8,29.6,0.0,null,null,Neutral
2013GoM-Pma-05701,Sperm Whale,Vulnerable,27.383100000000002,-90.8745,2013,8,29.6,0.0,null,null,Neutral
2013GoM-Pma-05701,Sperm Whale,Vulnerable,27.3866,-90.8563,2013,8,29.6,0.0,null,null,Neutral
2013GoM-Pma-05701,Sperm Whale,Vulnerable,27.8104,-89.58290000000001,2013,8,29.61,0.0,null,null,Neutral
2013GoM-Pma-05701,Sperm Whale,Vulnerable,27.3961,-90.88,2013,8,29.6,0.0,null,null,Neutral
2013GoM-Pma-05701,Sperm Whale,Vulnerable,27.396600000000003,-90.9102,2013,8,29.6,0.0,null,null,Neutral
2013GoM-Pma-05701,Sperm Whale,Vulnerable,27.273200000000003,-90.7543,2013,8,29.6,0.0,null,null,Neutral
2013GoM-Pma-05701,Sperm Whale,Vulnerable,27.3961,-90.8784,2013,8,29.6,0.0,null,null,Neutral
2013GoM-Pma-05701,Sperm Whale,Vulnerable,27.387700000000002,-90.8561,2013,8,29.6,0.0,null,null,Neutral
2013GoM-Pma-05701,Sperm Whale,Vulnerable,27.7889,-89.6155,2013,8,29.61,0.0,null,null,Neutral
2013GoM-Pma-05701,Sperm Whale,Vulnerable,27.364,-90.8485,2013,8,29.6,0.0,null,null,Neutral
2013GoM-Pma-05701,Sperm Whale,Vulnerable,27.3429,-90.8322,2013,8,29.6,0.0,null,null,Neutral
2013GoM-Pma-05701,Sperm Whale,Vulnerable,27.2951,-90.7754,2013,8,29.6,0.0,null,null,Neutral
2013GoM-Pma-05701,Sperm Whale,Vulnerable,27.807100000000002,-89.5875,2013,8,29.61,0.0,null,null,Neutral
2013GoM-Pma-05701,Sperm Whale,Vulnerable,27.326,-90.8032,2013,8,29.6,0.0,null,null,Neutral
2013GoM-Pma-05701,Sperm Whale,Vulnerable,27.3427,-90.8276,2013,8,29.6,0.0,null,null,Neutral
2013GoM-Pma-05701,Sperm Whale,Vulnerable,27.3957,-90.9089,2013,8,29.6,0.0,null,null,Neutral
2013GoM-Pma-05701,Sperm Whale,Vulnerable,27.7757,-89.6429,2013,8,29.61,0.0,null,null,Neutral
2013GoM-Pma-05701,Sperm Whale,Vulnerable,27.247300000000003,-90.7402,2013,8,29.6,0.0,null,null,Neutral
2013GoM-Pma-05701,Sperm Whale,Vulnerable,27.1811,-90.7373,2013,8,29.6,0.0,null,null,Neutral
2013GoM-Pma-05701,Sperm Whale,Vulnerable,27.829800000000002,-89.5668,2013,8,29.61,0.0,null,null,Neutral
2013GoM-Pma-05701,Sperm Whale,Vulnerable,27.181900000000002,-90.7355,2013,8,29.6,0.0,null,null,Neutral
2013GoM-Pma-05701,Sperm Whale,Vulnerable,27.2028,-90.7371,2013,8,29.6,0.0,null,null,Neutral
2013GoM-Pma-05701,Sperm Whale,Vulnerable,27.8642,-89.5424,2013,8,29.61,0.0,null,null,Neutral
2013GoM-Pma-05701,Sperm Whale,Vulnerable,27.2469,-90.7406,2013,8,29.6,0.0,null,null,Neutral
2013GoM-Pma-05701,Sperm Whale,Vulnerable,27.3262,-90.8009,2013,8,29.6,0.0,null,null,Neutral
2013GoM-Pma-05701,Sperm Whale,Vulnerable,27.448800000000002,-91.00370000000001,2013,8,29.77,0.0,null,null,Neutral
2013GoM-Pma-05701,Sperm Whale,Vulnerable,27.5165,-90.9988,2013,8,29.77,0.0,null,null,Neutral
2013GoM-Pma-05701,Sperm Whale,Vulnerable,27.8622,-89.544,2013,8,29.61,0.0,null,null,Neutral
2013GoM-Pma-05701,Sperm Whale,Vulnerable,27.448900000000002,-91.0026,2013,8,29.77,0.0,null,null,Neutral
2013GoM-Pma-05701,Sperm Whale,Vulnerable,27.5181,-90.998,2013,8,29.77,0.0,null,null,Neutral
2013GoM-Pma-05701,Sperm Whale,Vulnerable,27.5135,-91.0039,2013,8,29.77,0.0,null,null,Neutral
2013GoM-Pma-05701,Sperm Whale,Vulnerable,27.4436,-90.9812,2013,8,29.77,0.0,null,null,Neutral
2013GoM-Pma-05701,Sperm Whale,Vulnerable,27.2223,-90.74430000000001,2013,8,29.6,0.0,null,null,Neutral
2013GoM-Pma-05701,Sperm Whale,Vulnerable,27.4448,-90.9824,2013,8,29.77,0.0,null,null,Neutral
2013GoM-Pma-05701,Sperm Whale,Vulnerable,27.518800000000002,-90.99380000000001,2013,8,29.77,0.0,null,null,Neutral
2013GoM-Pma-05701,Sperm Whale,Vulnerable,27.4891,-91.0313,2013,8,29.77,0.0,null,null,Neutral
2013GoM-Pma-05701,Sperm Whale,Vulnerable,27.460700000000003,-91.0224,2013,8,29.77,0.0,null,null,Neutral
2013GoM-Pma-05701,Sperm Whale,Vulnerable,27.473,-91.04140000000001,2013,8,29.77,0.0,null,null,Neutral
2013GoM-Pma-05701,Sperm Whale,Vulnerable,27.460600000000003,-91.02340000000001,2013,8,29.77,0.0,null,null,Neutral
2013GoM-Pma-05701,Sperm Whale,Vulnerable,27.2038,-90.7371,2013,8,29.6,0.0,null,null,Neutral
2013GoM-Pma-05701,Sperm Whale,Vulnerable,27.486900000000002,-91.03240000000001,2013,8,29.77,0.0,null,null,Neutral
2013GoM-Pma-05701,Sperm Whale,Vulnerable,27.8381,-89.563,2013,8,29.61,0.0,null,null,Neutral
2013GoM-Pma-05701,Sperm Whale,Vulnerable,27.488,-91.03110000000001,2013,8,29.77,0.0,null,null,Neutral
2013GoM-Pma-05701,Sperm Whale,Vulnerable,27.491400000000002,-91.029,2013,8,29.77,0.0,null,null,Neutral
2013GoM-Pma-05701,Sperm Whale,Vulnerable,27.520200000000003,-90.9932,2013,8,29.77,0.0,null,null,Neutral
2013GoM-Pma-05701,Sperm Whale,Vulnerable,27.5071,-91.0085,2013,8,29.77,0.0,null,null,Neutral
2013GoM-Pma-05701,Sperm Whale,Vulnerable,27.4937,-91.0258,2013,8,29.77,0.0,null,null,Neutral
2013GoM-Pma-05701,Sperm Whale,Vulnerable,27.4995,-91.02120000000001,2013,8,29.77,0.0,null,null,Neutral
2013GoM-Pma-05701,Sperm Whale,Vulnerable,27.495,-91.027,2013,8,29.77,0.0,null,null,Neutral
2013GoM-Pma-05701,Sperm Whale,Vulnerable,27.3655,-91.2269,2013,8,29.77,0.0,null,null,Neutral
2013GoM-Pma-05701,Sperm Whale,Vulnerable,27.5013,-91.0188,2013,8,29.77,0.0,null,null,Neutral
2013GoM-Pma-05701,Sperm Whale,Vulnerable,27.892200000000003,-89.53410000000001,2013,8,29.61,0.0,null,null,Neutral
2013GoM-Pma-05701,Sperm Whale,Vulnerable,27.5027,-91.0128,2013,8,29.77,0.0,null,null,Neutral
2013GoM-Pma-05701,Sperm Whale,Vulnerable,27.495900000000002,-91.02380000000001,2013,8,29.77,0.0,null,null,Neutral
2013GoM-Pma-05701,Sperm Whale,Vulnerable,27.5255,-90.9829,2013,8,29.77,0.0,null,null,Neutral
2013GoM-Pma-05701,Sperm Whale,Vulnerable,27.3834,-90.9714,2013,8,29.77,0.0,null,null,Neutral
2013GoM-Pma-05701,Sperm Whale,Vulnerable,27.523400000000002,-90.9884,2013,8,29.77,0.0,null,null,Neutral
2013GoM-Pma-05701,Sperm Whale,Vulnerable,27.4297,-90.9864,2013,8,29.77,0.0,null,null,Neutral
2013GoM-Pma-05701,Sperm Whale,Vulnerable,27.893800000000002,-89.5348,2013,8,29.61,0.0,null,null,Neutral
2013GoM-Pma-05701,Sperm Whale,Vulnerable,27.2226,-90.74640000000001,2013,8,29.6,0.0,null,null,Neutral
2013GoM-Pma-05701,Sperm Whale,Vulnerable,27.3001,-90.7736,2013,8,29.6,0.0,null,null,Neutral
2013GoM-Pma-05701,Sperm Whale,Vulnerable,27.3226,-91.2668,2013,8,29.77,0.0,null,null,Neutral
2013GoM-Pma-05701,Sperm Whale,Vulnerable,27.509700000000002,-91.0064,2013,8,29.77,0.0,null,null,Neutral
2013GoM-Pma-05701,Sperm Whale,Vulnerable,27.348100000000002,-91.0035,2013,8,29.77,0.0,null,null,Neutral
2013GoM-Pma-05701,Sperm Whale,Vulnerable,27.3582,-90.993,2013,8,29.77,0.0,null,null,Neutral
2013GoM-Pma-05701,Sperm Whale,Vulnerable,27.356,-90.99470000000001,2013,8,29.77,0.0,null,null,Neutral
2013GoM-Pma-05701,Sperm Whale,Vulnerable,27.532700000000002,-90.9792,2013,8,29.77,0.0,null,null,Neutral
2013GoM-Pma-05701,Sperm Whale,Vulnerable,27.3927,-90.9841,2013,8,29.77,0.0,null,null,Neutral
2013GoM-Pma-05701,Sperm Whale,Vulnerable,27.428600000000003,-90.98660000000001,2013,8,29.77,0.0,null,null,Neutral
2013GoM-Pma-05701,Sperm Whale,Vulnerable,27.3502,-91.0032,2013,8,29.77,0.0,null,null,Neutral
2013GoM-Pma-05701,Sperm Whale,Vulnerable,27.3499,-90.9818,2013,8,29.77,0.0,null,null,Neutral
2013GoM-Pma-05701,Sperm Whale,Vulnerable,27.3933,-90.9833,2013,8,29.77,0.0,null,null,Neutral
2013GoM-Pma-05701,Sperm Whale,Vulnerable,27.401600000000002,-90.9837,2013,8,29.77,0.0,null,null,Neutral
2013GoM-Pma-05701,Sperm Whale,Vulnerable,27.4009,-90.9822,2013,8,29.77,0.0,null,null,Neutral
2013GoM-Pma-05701,Sperm Whale,Vulnerable,27.381800000000002,-90.9734,2013,8,29.77,0.0,null,null,Neutral
2013GoM-Pma-05701,Sperm Whale,Vulnerable,27.409200000000002,-90.9692,2013,8,29.77,0.0,null,null,Neutral
2013GoM-Pma-05701,Sperm Whale,Vulnerable,27.4011,-90.98230000000001,2013,8,29.77,0.0,null,null,Neutral
2013GoM-Pma-05701,Sperm Whale,Vulnerable,27.390900000000002,-90.98400000000001,2013,8,29.77,0.0,null,null,Neutral
2013GoM-Pma-05701,Sperm Whale,Vulnerable,27.3502,-90.9821,2013,8,29.77,0.0,null,null,Neutral
2013GoM-Pma-05701,Sperm Whale,Vulnerable,27.4067,-90.97850000000001,2013,8,29.77,0.0,null,null,Neutral
2013GoM-Pma-05701,Sperm Whale,Vulnerable,27.408800000000003,-90.96900000000001,2013,8,29.77,0.0,null,null,Neutral
2013GoM-Pma-05701,Sperm Whale,Vulnerable,27.407700000000002,-90.9719,2013,8,29.77,0.0,null,null,Neutral
2013GoM-Pma-05701,Sperm Whale,Vulnerable,27.402900000000002,-90.9791,2013,8,29.77,0.0,null,null,Neutral
2013GoM-Pma-05701,Sperm Whale,Vulnerable,27.4723,-91.1358,2013,8,29.77,0.0,null,null,Neutral
2013GoM-Pma-05701,Sperm Whale,Vulnerable,27.3242,-91.2672,2013,8,29.77,0.0,null,null,Neutral
2013GoM-Pma-05701,Sperm Whale,Vulnerable,27.407300000000003,-90.9721,2013,8,29.77,0.0,null,null,Neutral
2013GoM-Pma-05701,Sperm Whale,Vulnerable,27.403200000000002,-90.97840000000001,2013,8,29.77,0.0,null,null,Neutral
2013GoM-Pma-05701,Sperm Whale,Vulnerable,27.450100000000003,-91.0047,2013,8,29.77,0.0,null,null,Neutral
2013GoM-Pma-05701,Sperm Whale,Vulnerable,27.4829,-91.0389,2013,8,29.77,0.0,null,null,Neutral
2013GoM-Pma-05701,Sperm Whale,Vulnerable,27.466700000000003,-91.0244,2013,8,29.77,0.0,null,null,Neutral
2013GoM-Pma-05701,Sperm Whale,Vulnerable,27.4459,-91.0073,2013,8,29.77,0.0,null,null,Neutral
2013GoM-Pma-05701,Sperm Whale,Vulnerable,27.878600000000002,-89.558,2013,8,29.61,0.0,null,null,Neutral
2013GoM-Pma-05701,Sperm Whale,Vulnerable,27.4649,-91.0265,2013,8,29.77,0.0,null,null,Neutral
2013GoM-Pma-05701,Sperm Whale,Vulnerable,27.4906,-91.0389,2013,8,29.77,0.0,null,null,Neutral
2013GoM-Pma-05701,Sperm Whale,Vulnerable,27.401500000000002,-90.97890000000001,2013,8,29.77,0.0,null,null,Neutral
2013GoM-Pma-05701,Sperm Whale,Vulnerable,27.3593,-90.9888,2013,8,29.77,0.0,null,null,Neutral
2013GoM-Pma-05701,Sperm Whale,Vulnerable,27.491200000000003,-91.09400000000001,2013,8,29.77,0.0,null,null,Neutral
2013GoM-Pma-05701,Sperm Whale,Vulnerable,27.485,-91.12230000000001,2013,8,29.77,0.0,null,null,Neutral
2013GoM-Pma-05701,Sperm Whale,Vulnerable,27.4874,-91.12180000000001,2013,8,29.77,0.0,null,null,Neutral
2013GoM-Pma-05701,Sperm Whale,Vulnerable,27.4993,-91.0677,2013,8,29.77,0.0,null,null,Neutral
2013GoM-Pma-05701,Sperm Whale,Vulnerable,27.4392,-91.22590000000001,2013,8,29.77,0.0,null,null,Neutral
2013GoM-Pma-05701,Sperm Whale,Vulnerable,27.344900000000003,-91.2624,2013,8,29.77,0.0,null,null,Neutral
2013GoM-Pma-05701,Sperm Whale,Vulnerable,27.4863,-91.12190000000001,2013,8,29.77,0.0,null,null,Neutral
2013GoM-Pma-05701,Sperm Whale,Vulnerable,27.494300000000003,-91.08290000000001,2013,8,29.77,0.0,null,null,Neutral
2013GoM-Pma-05701,Sperm Whale,Vulnerable,27.467100000000002,-91.18950000000001,2013,8,29.77,0.0,null,null,Neutral
2013GoM-Pma-05701,Sperm Whale,Vulnerable,27.4588,-91.2167,2013,8,29.77,0.0,null,null,Neutral
2013GoM-Pma-05701,Sperm Whale,Vulnerable,27.460700000000003,-91.2149,2013,8,29.77,0.0,null,null,Neutral
2013GoM-Pma-05701,Sperm Whale,Vulnerable,27.4739,-91.1637,2013,8,29.77,0.0,null,null,Neutral
2013GoM-Pma-05701,Sperm Whale,Vulnerable,27.3476,-91.2626,2013,8,29.77,0.0,null,null,Neutral
2013GoM-Pma-05701,Sperm Whale,Vulnerable,27.472,-91.1983,2013,8,29.77,0.0,null,null,Neutral
2013GoM-Pma-05701,Sperm Whale,Vulnerable,27.474300000000003,-91.16460000000001,2013,8,29.77,0.0,null,null,Neutral
2013GoM-Pma-05701,Sperm Whale,Vulnerable,27.4908,-91.0931,2013,8,29.77,0.0,null,null,Neutral
2013GoM-Pma-05701,Sperm Whale,Vulnerable,27.3901,-91.2548,2013,8,29.77,0.0,null,null,Neutral
2013GoM-Pma-05701,Sperm Whale,Vulnerable,27.3656,-91.26570000000001,2013,8,29.77,0.0,null,null,Neutral
2013GoM-Pma-05701,Sperm Whale,Vulnerable,27.3653,-91.27,2013,8,29.77,0.0,null,null,Neutral
2013GoM-Pma-05701,Sperm Whale,Vulnerable,27.440800000000003,-91.2241,2013,8,29.77,0.0,null,null,Neutral
2013GoM-Pma-05701,Sperm Whale,Vulnerable,27.4984,-91.3858,2013,8,29.77,0.0,null,null,Neutral
2013GoM-Pma-05701,Sperm Whale,Vulnerable,27.3636,-91.2282,2013,8,29.77,0.0,null,null,Neutral
2013GoM-Pma-05701,Sperm Whale,Vulnerable,27.389100000000003,-91.2556,2013,8,29.77,0.0,null,null,Neutral
2013GoM-Pma-05701,Sperm Whale,Vulnerable,27.4238,-91.2337,2013,8,29.77,0.0,null,null,Neutral
2013GoM-Pma-05701,Sperm Whale,Vulnerable,27.41,-90.8238,2013,8,29.6,0.0,null,null,Neutral
2013GoM-Pma-05701,Sperm Whale,Vulnerable,27.3186,-91.2719,2013,8,29.77,0.0,null,null,Neutral
2013GoM-Pma-05701,Sperm Whale,Vulnerable,27.790300000000002,-89.6144,2013,8,29.61,0.0,null,null,Neutral
2013GoM-Pma-05701,Sperm Whale,Vulnerable,27.321900000000003,-91.2791,2013,8,29.77,0.0,null,null,Neutral
2013GoM-Pma-05701,Sperm Whale,Vulnerable,27.878700000000002,-89.5573,2013,8,29.61,0.0,null,null,Neutral
2013GoM-Pma-05701,Sperm Whale,Vulnerable,27.374100000000002,-91.3134,2013,8,29.77,0.0,null,null,Neutral
2013GoM-Pma-05701,Sperm Whale,Vulnerable,27.421,-91.2244,2013,8,29.77,0.0,null,null,Neutral
2013GoM-Pma-05701,Sperm Whale,Vulnerable,27.4696,-91.1358,2013,8,29.77,0.0,null,null,Neutral
2013GoM-Pma-05701,Sperm Whale,Vulnerable,27.522100000000002,-90.9889,2013,8,29.77,0.0,null,null,Neutral
2013GoM-Pma-05701,Sperm Whale,Vulnerable,27.3264,-91.2801,2013,8,29.77,0.0,null,null,Neutral
2013GoM-Pma-05701,Sperm Whale,Vulnerable,27.3614,-91.2923,2013,8,29.77,0.0,null,null,Neutral
2013GoM-Pma-05701,Sperm Whale,Vulnerable,27.361,-91.2913,2013,8,29.77,0.0,null,null,Neutral
2013GoM-Pma-05701,Sperm Whale,Vulnerable,27.322400000000002,-91.2796,2013,8,29.77,0.0,null,null,Neutral
2013GoM-Pma-05701,Sperm Whale,Vulnerable,27.448800000000002,-91.3645,2013,8,29.77,0.0,null,null,Neutral
2013GoM-Pma-05701,Sperm Whale,Vulnerable,27.4873,-91.4002,2013,8,29.77,0.0,null,null,Neutral
2013GoM-Pma-05701,Sperm Whale,Vulnerable,27.347800000000003,-91.2757,2013,8,29.77,0.0,null,null,Neutral
2013GoM-Pma-05701,Sperm Whale,Vulnerable,27.324900000000003,-91.2814,2013,8,29.77,0.0,null,null,Neutral
2013GoM-Pma-05701,Sperm Whale,Vulnerable,27.4038,-91.35130000000001,2013,8,29.77,0.0,null,null,Neutral
2013GoM-Pma-05701,Sperm Whale,Vulnerable,27.447400000000002,-91.3636,2013,8,29.77,0.0,null,null,Neutral
2013GoM-Pma-05701,Sperm Whale,Vulnerable,27.4285,-91.35730000000001,2013,8,29.77,0.0,null,null,Neutral
2013GoM-Pma-05701,Sperm Whale,Vulnerable,27.3886,-91.3314,2013,8,29.77,0.0,null,null,Neutral
2013GoM-Pma-05701,Sperm Whale,Vulnerable,27.4873,-91.401,2013,8,29.77,0.0,null,null,Neutral
2013GoM-Pma-05701,Sperm Whale,Vulnerable,27.427300000000002,-91.3571,2013,8,29.77,0.0,null,null,Neutral
2013GoM-Pma-05701,Sperm Whale,Vulnerable,27.3898,-91.3324,2013,8,29.77,0.0,null,null,Neutral
2013GoM-Pma-05701,Sperm Whale,Vulnerable,27.3257,-91.2805,2013,8,29.77,0.0,null,null,Neutral
2013GoM-Pma-05701,Sperm Whale,Vulnerable,27.467000000000002,-91.4,2013,8,29.77,0.0,null,null,Neutral
2013GoM-Pma-05701,Sperm Whale,Vulnerable,27.4769,-91.4191,2013,8,29.77,0.0,null,null,Neutral
2013GoM-Pma-05701,Sperm Whale,Vulnerable,27.468700000000002,-91.41760000000001,2013,8,29.77,0.0,null,null,Neutral
2013GoM-Pma-05701,Sperm Whale,Vulnerable,27.454,-91.3876,2013,8,29.77,0.0,null,null,Neutral
2013GoM-Pma-05701,Sperm Whale,Vulnerable,27.5488,-91.3386,2013,8,29.77,0.0,null,null,Neutral
2013GoM-Pma-05701,Sperm Whale,Vulnerable,27.3443,-91.25160000000001,2013,8,29.77,0.0,null,null,Neutral
2013GoM-Pma-05701,Sperm Whale,Vulnerable,27.4661,-91.4171,2013,8,29.77,0.0,null,null,Neutral
2013GoM-Pma-05701,Sperm Whale,Vulnerable,27.4575,-91.386,2013,8,29.77,0.0,null,null,Neutral
2013GoM-Pma-05701,Sperm Whale,Vulnerable,27.5104,-91.3661,2013,8,29.77,0.0,null,null,Neutral
2013GoM-Pma-05701,Sperm Whale,Vulnerable,27.5335,-91.349,2013,8,29.77,0.0,null,null,Neutral
2013GoM-Pma-05701,Sperm Whale,Vulnerable,27.527,-91.3575,2013,8,29.77,0.0,null,null,Neutral
2013GoM-Pma-05701,Sperm Whale,Vulnerable,27.498800000000003,-91.38550000000001,2013,8,29.77,0.0,null,null,Neutral
2013GoM-Pma-05701,Sperm Whale,Vulnerable,27.5107,-91.36540000000001,2013,8,29.77,0.0,null,null,Neutral
2013GoM-Pma-05701,Sperm Whale,Vulnerable,27.5347,-91.34830000000001,2013,8,29.77,0.0,null,null,Neutral
2013GoM-Pma-05701,Sperm Whale,Vulnerable,27.466,-91.39930000000001,2013,8,29.77,0.0,null,null,Neutral
2013GoM-Pma-05701,Sperm Whale,Vulnerable,27.3732,-91.3126,2013,8,29.77,0.0,null,null,Neutral
2013GoM-Pma-05701,Sperm Whale,Vulnerable,27.5396,-91.3464,2013,8,29.77,0.0,null,null,Neutral
2013GoM-Pma-05701,Sperm Whale,Vulnerable,27.5425,-91.3433,2013,8,29.77,0.0,null,null,Neutral
2013GoM-Pma-05701,Sperm Whale,Vulnerable,27.5423,-91.34320000000001,2013,8,29.77,0.0,null,null,Neutral
2013GoM-Pma-05701,Sperm Whale,Vulnerable,27.535500000000003,-91.34790000000001,2013,8,29.77,0.0,null,null,Neutral
2013GoM-Pma-05701,Sperm Whale,Vulnerable,27.503400000000003,-91.408,2013,8,29.77,0.0,null,null,Neutral
2013GoM-Pma-05701,Sperm Whale,Vulnerable,27.3424,-91.2549,2013,8,29.77,0.0,null,null,Neutral
2013GoM-Pma-05701,Sperm Whale,Vulnerable,27.543100000000003,-91.3459,2013,8,29.77,0.0,null,null,Neutral
2013GoM-Pma-05701,Sperm Whale,Vulnerable,27.536900000000003,-91.34740000000001,2013,8,29.77,0.0,null,null,Neutral
2013GoM-Pma-05701,Sperm Whale,Vulnerable,27.5336,-91.3604,2013,8,29.77,0.0,null,null,Neutral
2013GoM-Pma-05701,Sperm Whale,Vulnerable,27.5025,-91.4076,2013,8,29.77,0.0,null,null,Neutral
2013GoM-Pma-05701,Sperm Whale,Vulnerable,27.518,-91.3814,2013,8,29.77,0.0,null,null,Neutral
2013GoM-Pma-05701,Sperm Whale,Vulnerable,27.549,-91.3348,2013,8,29.77,0.0,null,null,Neutral
2013GoM-Pma-05701,Sperm Whale,Vulnerable,27.322100000000002,-91.2681,2013,8,29.77,0.0,null,null,Neutral
2013GoM-Pma-05701,Sperm Whale,Vulnerable,27.5178,-91.3807,2013,8,29.77,0.0,null,null,Neutral
2013GoM-Pma-05701,Sperm Whale,Vulnerable,27.533,-91.3593,2013,8,29.77,0.0,null,null,Neutral
2013GoM-Pma-05701,Sperm Whale,Vulnerable,27.5389,-91.3468,2013,8,29.77,0.0,null,null,Neutral
2013GoM-Pma-05701,Sperm Whale,Vulnerable,27.274900000000002,-91.2737,2013,8,29.77,0.0,null,null,Neutral
2013GoM-Pma-05701,Sperm Whale,Vulnerable,27.32,-91.2702,2013,8,29.77,0.0,null,null,Neutral
2013GoM-Pma-05701,Sperm Whale,Vulnerable,27.3003,-91.2729,2013,8,29.77,0.0,null,null,Neutral
2013GoM-Pma-05701,Sperm Whale,Vulnerable,27.229400000000002,-91.2916,2013,8,29.77,0.0,null,null,Neutral
2013GoM-Pma-05701,Sperm Whale,Vulnerable,27.4173,-91.2081,2013,8,29.77,0.0,null,null,Neutral
2013GoM-Pma-05701,Sperm Whale,Vulnerable,27.497,-91.10770000000001,2013,8,29.77,0.0,null,null,Neutral
2013GoM-Pma-05701,Sperm Whale,Vulnerable,27.2988,-91.2739,2013,8,29.77,0.0,null,null,Neutral
2013GoM-Pma-05701,Sperm Whale,Vulnerable,27.253800000000002,-91.2864,2013,8,29.77,0.0,null,null,Neutral
2013GoM-Pma-05701,Sperm Whale,Vulnerable,27.478,-91.1348,2013,8,29.77,0.0,null,null,Neutral
2013GoM-Pma-05701,Sperm Whale,Vulnerable,27.3889,-91.2146,2013,8,29.77,0.0,null,null,Neutral
2013GoM-Pma-05701,Sperm Whale,Vulnerable,27.4584,-91.1898,2013,8,29.77,0.0,null,null,Neutral
2013GoM-Pma-05701,Sperm Whale,Vulnerable,27.390500000000003,-91.2146,2013,8,29.77,0.0,null,null,Neutral
2013GoM-Pma-05701,Sperm Whale,Vulnerable,27.415200000000002,-91.2085,2013,8,29.77,0.0,null,null,Neutral
2013GoM-Pma-05701,Sperm Whale,Vulnerable,27.276400000000002,-91.2735,2013,8,29.77,0.0,null,null,Neutral
2013GoM-Pma-05701,Sperm Whale,Vulnerable,27.543400000000002,-91.3426,2013,8,29.77,0.0,null,null,Neutral
2013GoM-Pma-05701,Sperm Whale,Vulnerable,27.3002,-91.2711,2013,8,29.77,0.0,null,null,Neutral
2013GoM-Pma-05701,Sperm Whale,Vulnerable,27.4583,-90.9929,2013,8,29.77,0.0,null,null,Neutral
2013GoM-Pma-05701,Sperm Whale,Vulnerable,27.4709,-91.1662,2013,8,29.77,0.0,null,null,Neutral
2013GoM-Pma-05701,Sperm Whale,Vulnerable,27.518700000000003,-91.0921,2013,8,29.77,0.0,null,null,Neutral
2013GoM-Pma-05701,Sperm Whale,Vulnerable,27.4726,-91.1639,2013,8,29.77,0.0,null,null,Neutral
2013GoM-Pma-05701,Sperm Whale,Vulnerable,27.5105,-91.0423,2013,8,29.77,0.0,null,null,Neutral
2013GoM-Pma-05701,Sperm Whale,Vulnerable,27.4802,-90.99560000000001,2013,8,29.77,0.0,null,null,Neutral
2013GoM-Pma-05701,Sperm Whale,Vulnerable,27.4981,-91.10730000000001,2013,8,29.77,0.0,null,null,Neutral
2013GoM-Pma-05701,Sperm Whale,Vulnerable,27.4615,-91.1881,2013,8,29.77,0.0,null,null,Neutral
2013GoM-Pma-05701,Sperm Whale,Vulnerable,27.5191,-91.0634,2013,8,29.77,0.0,null,null,Neutral
2013GoM-Pma-05701,Sperm Whale,Vulnerable,27.5199,-91.0614,2013,8,29.77,0.0,null,null,Neutral
2013GoM-Pma-05701,Sperm Whale,Vulnerable,27.4878,-90.9976,2013,8,29.77,0.0,null,null,Neutral
2013GoM-Pma-05701,Sperm Whale,Vulnerable,27.518900000000002,-91.08970000000001,2013,8,29.77,0.0,null,null,Neutral
2013GoM-Pma-05701,Sperm Whale,Vulnerable,27.5121,-91.0164,2013,8,29.77,0.0,null,null,Neutral
2013GoM-Pma-05701,Sperm Whale,Vulnerable,27.5087,-91.01350000000001,2013,8,29.77,0.0,null,null,Neutral
2013GoM-Pma-05701,Sperm Whale,Vulnerable,27.5091,-91.047,2013,8,29.77,0.0,null,null,Neutral
2013GoM-Pma-05701,Sperm Whale,Vulnerable,27.4766,-91.1362,2013,8,29.77,0.0,null,null,Neutral
2013GoM-Pma-05701,Sperm Whale,Vulnerable,27.5042,-91.0073,2013,8,29.77,0.0,null,null,Neutral
2013GoM-Pma-05701,Sperm Whale,Vulnerable,27.4982,-91.002,2013,8,29.77,0.0,null,null,Neutral
2013GoM-Pma-05701,Sperm Whale,Vulnerable,27.421,-90.9941,2013,8,29.77,0.0,null,null,Neutral
2013GoM-Pma-05701,Sperm Whale,Vulnerable,27.505300000000002,-91.0082,2013,8,29.77,0.0,null,null,Neutral
2013GoM-Pma-05701,Sperm Whale,Vulnerable,27.4034,-90.9774,2013,8,29.77,0.0,null,null,Neutral
2013GoM-Pma-05701,Sperm Whale,Vulnerable,27.4034,-90.97550000000001,2013,8,29.77,0.0,null,null,Neutral
2013GoM-Pma-05701,Sperm Whale,Vulnerable,27.4203,-90.99130000000001,2013,8,29.77,0.0,null,null,Neutral
2013GoM-Pma-05701,Sperm Whale,Vulnerable,27.4921,-90.9992,2013,8,29.77,0.0,null,null,Neutral
2013GoM-Pma-05701,Sperm Whale,Vulnerable,25.4764,-89.49770000000001,2013,8,29.580000000000002,0.0,null,null,Neutral
2013GoM-Pma-05701,Sperm Whale,Vulnerable,25.4585,-89.4912,2013,8,29.580000000000002,0.0,null,null,Neutral
2013GoM-Pma-05701,Sperm Whale,Vulnerable,25.639300000000002,-89.5205,2013,8,29.580000000000002,0.0,null,null,Neutral
2013GoM-Pma-05701,Sperm Whale,Vulnerable,25.425600000000003,-89.47500000000001,2013,8,29.580000000000002,0.0,null,null,Neutral
2013GoM-Pma-05701,Sperm Whale,Vulnerable,25.6777,-89.514,2013,8,29.580000000000002,0.0,null,null,Neutral
2013GoM-Pma-05701,Sperm Whale,Vulnerable,25.3866,-89.4655,2013,8,29.580000000000002,0.0,null,null,Neutral
2013GoM-Pma-05701,Sperm Whale,Vulnerable,27.5167,-91.026,2013,8,29.77,0.0,null,null,Neutral
2013GoM-Pma-05701,Sperm Whale,Vulnerable,27.442,-91.20360000000001,2013,8,29.77,0.0,null,null,Neutral
2013GoM-Pma-05701,Sperm Whale,Vulnerable,25.582900000000002,-89.5227,2013,8,29.580000000000002,0.0,null,null,Neutral
2013GoM-Pma-05701,Sperm Whale,Vulnerable,25.549,-89.5207,2013,8,29.580000000000002,0.0,null,null,Neutral
2013GoM-Pma-05701,Sperm Whale,Vulnerable,25.6203,-89.5224,2013,8,29.580000000000002,0.0,null,null,Neutral
2013GoM-Pma-05701,Sperm Whale,Vulnerable,25.4904,-89.5056,2013,8,29.580000000000002,0.0,null,null,Neutral
2013GoM-Pma-05701,Sperm Whale,Vulnerable,25.518600000000003,-89.51530000000001,2013,8,29.580000000000002,0.0,null,null,Neutral
2013GoM-Pma-05701,Sperm Whale,Vulnerable,25.533,-89.5189,2013,8,29.580000000000002,0.0,null,null,Neutral
2013GoM-Pma-05701,Sperm Whale,Vulnerable,25.5048,-89.51140000000001,2013,8,29.580000000000002,0.0,null,null,Neutral
2013GoM-Pma-05701,Sperm Whale,Vulnerable,25.747600000000002,-89.5176,2013,8,29.580000000000002,0.0,null,null,Neutral
2013GoM-Pma-05701,Sperm Whale,Vulnerable,27.7743,-89.672,2013,8,29.61,0.0,null,null,Neutral
2013GoM-Pma-05701,Sperm Whale,Vulnerable,27.167900000000003,-91.7962,2013,8,30.14,1.0,null,null,Neutral
2013GoM-Pma-05701,Sperm Whale,Vulnerable,27.541,-89.9153,2013,8,29.52,0.0,null,null,Neutral
2013GoM-Pma-05701,Sperm Whale,Vulnerable,25.7219,-89.5145,2013,8,29.580000000000002,0.0,null,null,Neutral
2013GoM-Pma-05701,Sperm Whale,Vulnerable,25.7729,-89.5231,2013,8,29.580000000000002,0.0,null,null,Neutral
2013GoM-Pma-05701,Sperm Whale,Vulnerable,27.4434,-91.2016,2013,8,29.77,0.0,null,null,Neutral
2013GoM-Pma-05701,Sperm Whale,Vulnerable,27.317400000000003,-91.2715,2013,8,29.77,0.0,null,null,Neutral
2013GoM-Pma-05701,Sperm Whale,Vulnerable,27.3042,-91.2684,2013,8,29.77,0.0,null,null,Neutral
2013GoM-Pma-05701,Sperm Whale,Vulnerable,27.7466,-91.6662,2013,9,29.11,0.0,null,null,Neutral
2013GoM-Pma-05701,Sperm Whale,Vulnerable,23.873900000000003,-90.9735,2013,9,28.84,0.0,null,null,Neutral
2013GoM-Pma-05701,Sperm Whale,Vulnerable,23.874200000000002,-91.001,2013,9,28.84,0.0,null,null,Neutral
2013GoM-Pma-05701,Sperm Whale,Vulnerable,23.8736,-90.9466,2013,9,28.84,0.0,null,null,Neutral
2013GoM-Pma-05701,Sperm Whale,Vulnerable,23.8764,-91.08680000000001,2013,9,28.59,0.0,null,null,Neutral
2013GoM-Pma-05701,Sperm Whale,Vulnerable,25.646800000000002,-92.62440000000001,2013,9,29.07,0.0,null,null,Neutral
2013GoM-Pma-05701,Sperm Whale,Vulnerable,23.8718,-90.8687,2013,9,28.84,0.0,null,null,Neutral
2013GoM-Pma-05701,Sperm Whale,Vulnerable,23.8812,-91.1457,2013,9,28.59,0.0,null,null,Neutral
2013GoM-Pma-05701,Sperm Whale,Vulnerable,26.2008,-92.5257,2013,9,28.98,0.0,null,null,Neutral
2013GoM-Pma-05701,Sperm Whale,Vulnerable,25.4127,-92.59020000000001,2013,9,29.07,0.0,null,null,Neutral
2013GoM-Pma-05701,Sperm Whale,Vulnerable,26.1629,-92.545,2013,9,28.98,0.0,null,null,Neutral
2013GoM-Pma-05701,Sperm Whale,Vulnerable,25.5833,-92.6151,2013,9,29.07,0.0,null,null,Neutral
2013GoM-Pma-05701,Sperm Whale,Vulnerable,25.4541,-92.6011,2013,9,29.07,0.0,null,null,Neutral
2013GoM-Pma-05701,Sperm Whale,Vulnerable,25.4752,-92.6041,2013,9,29.07,0.0,null,null,Neutral
2013GoM-Pma-05701,Sperm Whale,Vulnerable,25.5608,-92.6115,2013,9,29.07,0.0,null,null,Neutral
2013GoM-Pma-05701,Sperm Whale,Vulnerable,25.602,-92.6179,2013,9,29.07,0.0,null,null,Neutral
2013GoM-Pma-05701,Sperm Whale,Vulnerable,25.370900000000002,-92.58,2013,9,28.84,0.0,null,null,Neutral
2013GoM-Pma-05701,Sperm Whale,Vulnerable,25.497500000000002,-92.608,2013,9,29.07,0.0,null,null,Neutral
2013GoM-Pma-05701,Sperm Whale,Vulnerable,26.4369,-92.43260000000001,2013,9,28.98,0.0,null,null,Neutral
2013GoM-Pma-05701,Sperm Whale,Vulnerable,25.5407,-92.61330000000001,2013,9,29.07,0.0,null,null,Neutral
2013GoM-Pma-05701,Sperm Whale,Vulnerable,26.4221,-92.43390000000001,2013,9,28.98,0.0,null,null,Neutral
2013GoM-Pma-05701,Sperm Whale,Vulnerable,25.425600000000003,-92.59490000000001,2013,9,29.07,0.0,null,null,Neutral
2013GoM-Pma-05701,Sperm Whale,Vulnerable,25.625300000000003,-92.621,2013,9,29.07,0.0,null,null,Neutral
2013GoM-Pma-05701,Sperm Whale,Vulnerable,27.748,-91.6628,2013,9,29.11,0.0,null,null,Neutral
2013GoM-Pma-05701,Sperm Whale,Vulnerable,26.3899,-92.4477,2013,9,28.98,0.0,null,null,Neutral
2013GoM-Pma-05701,Sperm Whale,Vulnerable,26.334500000000002,-92.46950000000001,2013,9,28.98,0.0,null,null,Neutral
2013GoM-Pma-05701,Sperm Whale,Vulnerable,27.678600000000003,-91.57350000000001,2013,9,29.11,0.0,null,null,Neutral
2013GoM-Pma-05701,Sperm Whale,Vulnerable,27.6433,-91.5404,2013,9,29.11,0.0,null,null,Neutral
2013GoM-Pma-05701,Sperm Whale,Vulnerable,27.672500000000003,-91.5717,2013,9,29.11,0.0,null,null,Neutral
2013GoM-Pma-05701,Sperm Whale,Vulnerable,26.230700000000002,-92.5074,2013,9,28.98,0.0,null,null,Neutral
2013GoM-Pma-05701,Sperm Whale,Vulnerable,27.7468,-91.64930000000001,2013,9,29.11,0.0,null,null,Neutral
2013GoM-Pma-05701,Sperm Whale,Vulnerable,27.6844,-91.5749,2013,9,29.11,0.0,null,null,Neutral
2013GoM-Pma-05701,Sperm Whale,Vulnerable,27.700200000000002,-91.5669,2013,9,29.11,0.0,null,null,Neutral
2013GoM-Pma-05701,Sperm Whale,Vulnerable,27.681800000000003,-91.59620000000001,2013,9,29.11,0.0,null,null,Neutral
2013GoM-Pma-05701,Sperm Whale,Vulnerable,27.6902,-91.619,2013,9,29.11,0.0,null,null,Neutral
2013GoM-Pma-05701,Sperm Whale,Vulnerable,27.680500000000002,-91.5905,2013,9,29.11,0.0,null,null,Neutral
2013GoM-Pma-05701,Sperm Whale,Vulnerable,27.685200000000002,-91.5745,2013,9,29.11,0.0,null,null,Neutral
2013GoM-Pma-05701,Sperm Whale,Vulnerable,27.7462,-91.6461,2013,9,29.11,0.0,null,null,Neutral
2013GoM-Pma-05701,Sperm Whale,Vulnerable,26.3993,-92.4407,2013,9,28.98,0.0,null,null,Neutral
2013GoM-Pma-05701,Sperm Whale,Vulnerable,25.352,-92.56920000000001,2013,9,28.84,0.0,null,null,Neutral
2013GoM-Pma-05701,Sperm Whale,Vulnerable,27.726,-91.6429,2013,9,29.11,0.0,null,null,Neutral
2013GoM-Pma-05701,Sperm Whale,Vulnerable,25.3293,-92.56830000000001,2013,9,28.84,0.0,null,null,Neutral
2013GoM-Pma-05701,Sperm Whale,Vulnerable,27.730400000000003,-91.64030000000001,2013,9,29.11,0.0,null,null,Neutral
2013GoM-Pma-05701,Sperm Whale,Vulnerable,25.0866,-92.4782,2013,9,28.84,0.0,null,null,Neutral
2013GoM-Pma-05701,Sperm Whale,Vulnerable,25.2455,-92.5399,2013,9,28.84,0.0,null,null,Neutral
2013GoM-Pma-05701,Sperm Whale,Vulnerable,25.2667,-92.54780000000001,2013,9,28.84,0.0,null,null,Neutral
2013GoM-Pma-05701,Sperm Whale,Vulnerable,27.7462,-91.639,2013,9,29.11,0.0,null,null,Neutral
2013GoM-Pma-05701,Sperm Whale,Vulnerable,25.221300000000003,-92.5279,2013,9,28.84,0.0,null,null,Neutral
2013GoM-Pma-05701,Sperm Whale,Vulnerable,26.4541,-92.42830000000001,2013,9,28.98,0.0,null,null,Neutral
2013GoM-Pma-05701,Sperm Whale,Vulnerable,25.154700000000002,-92.50760000000001,2013,9,28.84,0.0,null,null,Neutral
2013GoM-Pma-05701,Sperm Whale,Vulnerable,25.0165,-92.4479,2013,9,28.84,0.0,null,null,Neutral
2013GoM-Pma-05701,Sperm Whale,Vulnerable,25.0639,-92.46860000000001,2013,9,28.84,0.0,null,null,Neutral
2013GoM-Pma-05701,Sperm Whale,Vulnerable,27.6807,-91.5849,2013,9,29.11,0.0,null,null,Neutral
2013GoM-Pma-05701,Sperm Whale,Vulnerable,26.409100000000002,-92.43690000000001,2013,9,28.98,0.0,null,null,Neutral
2013GoM-Pma-05701,Sperm Whale,Vulnerable,25.1875,-92.5193,2013,9,28.84,0.0,null,null,Neutral
2013GoM-Pma-05701,Sperm Whale,Vulnerable,25.1099,-92.4876,2013,9,28.84,0.0,null,null,Neutral
2013GoM-Pma-05701,Sperm Whale,Vulnerable,25.1326,-92.49730000000001,2013,9,28.84,0.0,null,null,Neutral
2013GoM-Pma-05701,Sperm Whale,Vulnerable,27.081,-91.91760000000001,2013,9,29.13,0.0,null,null,Neutral
2013GoM-Pma-05701,Sperm Whale,Vulnerable,23.9264,-90.2673,2013,9,29.150000000000002,0.0,null,null,Neutral
2013GoM-Pma-05701,Sperm Whale,Vulnerable,27.172500000000003,-91.78750000000001,2013,9,29.13,0.0,null,null,Neutral
2013GoM-Pma-05701,Sperm Whale,Vulnerable,27.166800000000002,-91.8135,2013,9,29.13,0.0,null,null,Neutral
2013GoM-Pma-05701,Sperm Whale,Vulnerable,27.1738,-91.77980000000001,2013,9,29.13,0.0,null,null,Neutral
2013GoM-Pma-05701,Sperm Whale,Vulnerable,27.0136,-91.9603,2013,9,29.13,0.0,null,null,Neutral
2013GoM-Pma-05701,Sperm Whale,Vulnerable,26.8979,-92.11120000000001,2013,9,29.060000000000002,0.0,null,null,Neutral
2013GoM-Pma-05701,Sperm Whale,Vulnerable,27.060000000000002,-91.92840000000001,2013,9,29.13,0.0,null,null,Neutral
2013GoM-Pma-05701,Sperm Whale,Vulnerable,26.9632,-92.0339,2013,9,29.13,0.0,null,null,Neutral
2013GoM-Pma-05701,Sperm Whale,Vulnerable,26.692700000000002,-92.258,2013,9,29.060000000000002,0.0,null,null,Neutral
2013GoM-Pma-05701,Sperm Whale,Vulnerable,27.0701,-91.9238,2013,9,29.13,0.0,null,null,Neutral
2013GoM-Pma-05701,Sperm Whale,Vulnerable,26.9475,-92.05630000000001,2013,9,29.13,0.0,null,null,Neutral
2013GoM-Pma-05701,Sperm Whale,Vulnerable,27.1049,-91.902,2013,9,29.13,0.0,null,null,Neutral
2013GoM-Pma-05701,Sperm Whale,Vulnerable,27.1633,-91.82310000000001,2013,9,29.13,0.0,null,null,Neutral
2013GoM-Pma-05701,Sperm Whale,Vulnerable,26.9924,-91.9852,2013,9,29.13,0.0,null,null,Neutral
2013GoM-Pma-05701,Sperm Whale,Vulnerable,27.200300000000002,-91.73530000000001,2013,9,29.13,0.0,null,null,Neutral
2013GoM-Pma-05701,Sperm Whale,Vulnerable,27.001900000000003,-91.9711,2013,9,29.13,0.0,null,null,Neutral
2013GoM-Pma-05701,Sperm Whale,Vulnerable,27.1949,-91.7376,2013,9,29.13,0.0,null,null,Neutral
2013GoM-Pma-05701,Sperm Whale,Vulnerable,26.6099,-92.34700000000001,2013,9,29.060000000000002,0.0,null,null,Neutral
2013GoM-Pma-05701,Sperm Whale,Vulnerable,26.683500000000002,-92.2662,2013,9,29.060000000000002,0.0,null,null,Neutral
2013GoM-Pma-05701,Sperm Whale,Vulnerable,26.9191,-92.0891,2013,9,29.13,0.0,null,null,Neutral
2013GoM-Pma-05701,Sperm Whale,Vulnerable,26.701500000000003,-92.2492,2013,9,29.060000000000002,0.0,null,null,Neutral
2013GoM-Pma-05701,Sperm Whale,Vulnerable,26.9963,-91.9769,2013,9,29.13,0.0,null,null,Neutral
2013GoM-Pma-05701,Sperm Whale,Vulnerable,27.1503,-91.8498,2013,9,29.13,0.0,null,null,Neutral
2013GoM-Pma-05701,Sperm Whale,Vulnerable,26.732300000000002,-92.2262,2013,9,29.060000000000002,0.0,null,null,Neutral
2013GoM-Pma-05701,Sperm Whale,Vulnerable,26.794600000000003,-92.18090000000001,2013,9,29.060000000000002,0.0,null,null,Neutral
2013GoM-Pma-05701,Sperm Whale,Vulnerable,26.8079,-92.1729,2013,9,29.060000000000002,0.0,null,null,Neutral
2013GoM-Pma-05701,Sperm Whale,Vulnerable,26.757,-92.2077,2013,9,29.060000000000002,0.0,null,null,Neutral
2013GoM-Pma-05701,Sperm Whale,Vulnerable,26.6335,-92.32050000000001,2013,9,29.060000000000002,0.0,null,null,Neutral
2013GoM-Pma-05701,Sperm Whale,Vulnerable,26.8734,-92.1331,2013,9,29.060000000000002,0.0,null,null,Neutral
2013GoM-Pma-05701,Sperm Whale,Vulnerable,26.768900000000002,-92.1979,2013,9,29.060000000000002,0.0,null,null,Neutral
2013GoM-Pma-05701,Sperm Whale,Vulnerable,26.8213,-92.1645,2013,9,29.060000000000002,0.0,null,null,Neutral
2013GoM-Pma-05701,Sperm Whale,Vulnerable,26.579800000000002,-92.3715,2013,9,29.080000000000002,0.0,null,null,Neutral
2013GoM-Pma-05701,Sperm Whale,Vulnerable,27.144000000000002,-91.8596,2013,9,29.13,0.0,null,null,Neutral
2013GoM-Pma-05701,Sperm Whale,Vulnerable,26.596,-92.3597,2013,9,29.080000000000002,0.0,null,null,Neutral
2013GoM-Pma-05701,Sperm Whale,Vulnerable,26.7818,-92.18950000000001,2013,9,29.060000000000002,0.0,null,null,Neutral
2013GoM-Pma-05701,Sperm Whale,Vulnerable,26.6447,-92.3083,2013,9,29.060000000000002,0.0,null,null,Neutral
2013GoM-Pma-05701,Sperm Whale,Vulnerable,24.1054,-91.7364,2013,9,28.32,0.0,null,null,Neutral
2013GoM-Pma-05701,Sperm Whale,Vulnerable,24.4983,-92.1507,2013,9,28.46,0.0,null,null,Neutral
2013GoM-Pma-05701,Sperm Whale,Vulnerable,24.0946,-91.71640000000001,2013,9,28.32,0.0,null,null,Neutral
2013GoM-Pma-05701,Sperm Whale,Vulnerable,27.747300000000003,-91.69550000000001,2013,9,29.03,0.0,null,null,Neutral
2013GoM-Pma-05701,Sperm Whale,Vulnerable,26.9294,-92.0771,2013,9,29.13,0.0,null,null,Neutral
2013GoM-Pma-05701,Sperm Whale,Vulnerable,26.562900000000003,-92.3828,2013,9,29.080000000000002,0.0,null,null,Neutral
2013GoM-Pma-05701,Sperm Whale,Vulnerable,24.0849,-91.6967,2013,9,28.32,0.0,null,null,Neutral
2013GoM-Pma-05701,Sperm Whale,Vulnerable,27.7654,-91.6941,2013,9,29.03,0.0,null,null,Neutral
2013GoM-Pma-05701,Sperm Whale,Vulnerable,24.4171,-92.10640000000001,2013,9,28.46,0.0,null,null,Neutral
2013GoM-Pma-05701,Sperm Whale,Vulnerable,24.447100000000002,-92.121,2013,9,28.46,0.0,null,null,Neutral
2013GoM-Pma-05701,Sperm Whale,Vulnerable,24.3886,-92.0862,2013,9,28.46,0.0,null,null,Neutral
2013GoM-Pma-05701,Sperm Whale,Vulnerable,27.0459,-91.9298,2013,9,29.13,0.0,null,null,Neutral
2013GoM-Pma-05701,Sperm Whale,Vulnerable,24.252200000000002,-91.95710000000001,2013,9,28.32,0.0,null,null,Neutral
2013GoM-Pma-05701,Sperm Whale,Vulnerable,23.9254,-90.28240000000001,2013,9,29.150000000000002,0.0,null,null,Neutral
2013GoM-Pma-05701,Sperm Whale,Vulnerable,24.0657,-91.65740000000001,2013,9,28.32,0.0,null,null,Neutral
2013GoM-Pma-05701,Sperm Whale,Vulnerable,26.622,-92.3328,2013,9,29.060000000000002,0.0,null,null,Neutral
2013GoM-Pma-05701,Sperm Whale,Vulnerable,24.2724,-91.9803,2013,9,28.46,0.0,null,null,Neutral
2013GoM-Pma-05701,Sperm Whale,Vulnerable,24.291800000000002,-91.9997,2013,9,28.46,0.0,null,null,Neutral
2013GoM-Pma-05701,Sperm Whale,Vulnerable,27.7435,-91.68900000000001,2013,9,29.03,0.0,null,null,Neutral
2013GoM-Pma-05701,Sperm Whale,Vulnerable,24.3628,-92.06790000000001,2013,9,28.46,0.0,null,null,Neutral
2013GoM-Pma-05701,Sperm Whale,Vulnerable,23.8639,-90.7262,2013,9,28.79,0.0,null,null,Neutral
2013GoM-Pma-05701,Sperm Whale,Vulnerable,23.8715,-90.8438,2013,9,28.79,0.0,null,null,Neutral
2013GoM-Pma-05701,Sperm Whale,Vulnerable,26.976,-92.01360000000001,2013,9,29.13,0.0,null,null,Neutral
2013GoM-Pma-05701,Sperm Whale,Vulnerable,27.020400000000002,-91.9563,2013,9,29.13,0.0,null,null,Neutral
2013GoM-Pma-05701,Sperm Whale,Vulnerable,27.175,-91.77170000000001,2013,9,29.13,0.0,null,null,Neutral
2013GoM-Pma-05701,Sperm Whale,Vulnerable,23.9284,-90.2219,2013,9,29.150000000000002,0.0,null,null,Neutral
2013GoM-Pma-05701,Sperm Whale,Vulnerable,24.5984,-92.2103,2013,9,28.46,0.0,null,null,Neutral
2013GoM-Pma-05701,Sperm Whale,Vulnerable,23.8676,-90.6272,2013,9,28.79,0.0,null,null,Neutral
2013GoM-Pma-05701,Sperm Whale,Vulnerable,24.5229,-92.1648,2013,9,28.46,0.0,null,null,Neutral
2013GoM-Pma-05701,Sperm Whale,Vulnerable,23.9265,-90.2523,2013,9,29.150000000000002,0.0,null,null,Neutral
2013GoM-Pma-05701,Sperm Whale,Vulnerable,23.8638,-90.7013,2013,9,28.79,0.0,null,null,Neutral
2013GoM-Pma-05701,Sperm Whale,Vulnerable,24.127,-91.7786,2013,9,28.32,0.0,null,null,Neutral
2013GoM-Pma-05701,Sperm Whale,Vulnerable,23.8667,-90.77340000000001,2013,9,28.79,0.0,null,null,Neutral
2013GoM-Pma-05701,Sperm Whale,Vulnerable,23.8683,-90.7963,2013,9,28.79,0.0,null,null,Neutral
2013GoM-Pma-05701,Sperm Whale,Vulnerable,26.546200000000002,-92.39110000000001,2013,9,29.080000000000002,0.0,null,null,Neutral
2013GoM-Pma-05701,Sperm Whale,Vulnerable,23.870800000000003,-90.8199,2013,9,28.79,0.0,null,null,Neutral
2013GoM-Pma-05701,Sperm Whale,Vulnerable,27.0348,-91.94250000000001,2013,9,29.13,0.0,null,null,Neutral
2013GoM-Pma-05701,Sperm Whale,Vulnerable,26.9707,-92.023,2013,9,29.13,0.0,null,null,Neutral
2013GoM-Pma-05701,Sperm Whale,Vulnerable,27.175900000000002,-91.76480000000001,2013,9,29.13,0.0,null,null,Neutral
2013GoM-Pma-05701,Sperm Whale,Vulnerable,27.1899,-91.7401,2013,9,29.13,0.0,null,null,Neutral
2013GoM-Pma-05701,Sperm Whale,Vulnerable,27.1853,-91.7415,2013,9,29.13,0.0,null,null,Neutral
2013GoM-Pma-05701,Sperm Whale,Vulnerable,23.9237,-90.29820000000001,2013,9,29.150000000000002,0.0,null,null,Neutral
2013GoM-Pma-05701,Sperm Whale,Vulnerable,27.028100000000002,-91.9477,2013,9,29.13,0.0,null,null,Neutral
2013GoM-Pma-05701,Sperm Whale,Vulnerable,23.9174,-90.3327,2013,9,29.150000000000002,0.0,null,null,Neutral
2013GoM-Pma-05701,Sperm Whale,Vulnerable,26.908900000000003,-92.1003,2013,9,29.060000000000002,0.0,null,null,Neutral
2013GoM-Pma-05701,Sperm Whale,Vulnerable,24.1658,-91.84570000000001,2013,9,28.32,0.0,null,null,Neutral
2013GoM-Pma-05701,Sperm Whale,Vulnerable,26.6641,-92.28670000000001,2013,9,29.060000000000002,0.0,null,null,Neutral
2013GoM-Pma-05701,Sperm Whale,Vulnerable,27.6035,-91.5376,2013,9,29.09,0.0,null,null,Neutral
2013GoM-Pma-05701,Sperm Whale,Vulnerable,24.645500000000002,-92.2368,2013,9,28.61,0.0,null,null,Neutral
2013GoM-Pma-05701,Sperm Whale,Vulnerable,24.035700000000002,-91.599,2013,9,28.59,0.0,null,null,Neutral
2013GoM-Pma-05701,Sperm Whale,Vulnerable,24.7357,-92.28620000000001,2013,9,28.61,0.0,null,null,Neutral
2013GoM-Pma-05701,Sperm Whale,Vulnerable,23.973300000000002,-91.4933,2013,9,28.59,0.0,null,null,Neutral
2013GoM-Pma-05701,Sperm Whale,Vulnerable,24.758,-92.2994,2013,9,28.61,0.0,null,null,Neutral
2013GoM-Pma-05701,Sperm Whale,Vulnerable,24.803,-92.32480000000001,2013,9,28.61,0.0,null,null,Neutral
2013GoM-Pma-05701,Sperm Whale,Vulnerable,23.8927,-90.4766,2013,9,29.02,0.0,null,null,Neutral
2013GoM-Pma-05701,Sperm Whale,Vulnerable,24.944300000000002,-92.4128,2013,9,28.61,0.0,null,null,Neutral
2013GoM-Pma-05701,Sperm Whale,Vulnerable,24.893,-92.38390000000001,2013,9,28.61,0.0,null,null,Neutral
2013GoM-Pma-05701,Sperm Whale,Vulnerable,23.960700000000003,-91.47030000000001,2013,9,28.59,0.0,null,null,Neutral
2013GoM-Pma-05701,Sperm Whale,Vulnerable,24.968600000000002,-92.42490000000001,2013,9,28.61,0.0,null,null,Neutral
2013GoM-Pma-05701,Sperm Whale,Vulnerable,23.923000000000002,-91.37190000000001,2013,9,28.59,0.0,null,null,Neutral
2013GoM-Pma-05701,Sperm Whale,Vulnerable,23.939600000000002,-91.422,2013,9,28.59,0.0,null,null,Neutral
2013GoM-Pma-05701,Sperm Whale,Vulnerable,23.9497,-91.44640000000001,2013,9,28.59,0.0,null,null,Neutral
2013GoM-Pma-05701,Sperm Whale,Vulnerable,24.992,-92.43650000000001,2013,9,28.61,0.0,null,null,Neutral
2013GoM-Pma-05701,Sperm Whale,Vulnerable,27.572400000000002,-91.5325,2013,9,29.09,0.0,null,null,Neutral
2013GoM-Pma-05701,Sperm Whale,Vulnerable,27.5961,-91.5378,2013,9,29.09,0.0,null,null,Neutral
2013GoM-Pma-05701,Sperm Whale,Vulnerable,27.4754,-91.5231,2013,9,29.09,0.0,null,null,Neutral
2013GoM-Pma-05701,Sperm Whale,Vulnerable,23.9017,-91.2911,2013,9,28.59,0.0,null,null,Neutral
2013GoM-Pma-05701,Sperm Whale,Vulnerable,27.2817,-91.5946,2013,9,29.09,0.0,null,null,Neutral
2013GoM-Pma-05701,Sperm Whale,Vulnerable,27.4602,-91.5312,2013,9,29.09,0.0,null,null,Neutral
2013GoM-Pma-05701,Sperm Whale,Vulnerable,23.9086,-91.31840000000001,2013,9,28.59,0.0,null,null,Neutral
2013GoM-Pma-05701,Sperm Whale,Vulnerable,23.9144,-90.3514,2013,9,29.02,0.0,null,null,Neutral
2013GoM-Pma-05701,Sperm Whale,Vulnerable,27.2828,-91.60730000000001,2013,9,29.09,0.0,null,null,Neutral
2013GoM-Pma-05701,Sperm Whale,Vulnerable,24.0458,-91.6187,2013,9,28.59,0.0,null,null,Neutral
2013GoM-Pma-05701,Sperm Whale,Vulnerable,27.2663,-91.6786,2013,9,29.09,0.0,null,null,Neutral
2013GoM-Pma-05701,Sperm Whale,Vulnerable,27.217200000000002,-91.7265,2013,9,29.09,0.0,null,null,Neutral
2013GoM-Pma-05701,Sperm Whale,Vulnerable,27.283900000000003,-91.61540000000001,2013,9,29.09,0.0,null,null,Neutral
2013GoM-Pma-05701,Sperm Whale,Vulnerable,27.244400000000002,-91.7054,2013,9,29.09,0.0,null,null,Neutral
2013GoM-Pma-05701,Sperm Whale,Vulnerable,27.252200000000002,-91.6974,2013,9,29.09,0.0,null,null,Neutral
2013GoM-Pma-05701,Sperm Whale,Vulnerable,27.2226,-91.72200000000001,2013,9,29.09,0.0,null,null,Neutral
2013GoM-Pma-05701,Sperm Whale,Vulnerable,27.452,-91.534,2013,9,29.09,0.0,null,null,Neutral
2013GoM-Pma-05701,Sperm Whale,Vulnerable,27.276400000000002,-91.65820000000001,2013,9,29.09,0.0,null,null,Neutral
2013GoM-Pma-05701,Sperm Whale,Vulnerable,27.1797,-91.74520000000001,2013,9,29.13,0.0,null,null,Neutral
2013GoM-Pma-05701,Sperm Whale,Vulnerable,27.284200000000002,-91.6259,2013,9,29.09,0.0,null,null,Neutral
2013GoM-Pma-05701,Sperm Whale,Vulnerable,27.280800000000003,-91.65650000000001,2013,9,29.09,0.0,null,null,Neutral
2013GoM-Pma-05701,Sperm Whale,Vulnerable,27.217200000000002,-91.7265,2013,9,29.09,0.0,null,null,Neutral
2013GoM-Pma-05701,Sperm Whale,Vulnerable,23.9115,-90.3709,2013,9,29.02,0.0,null,null,Neutral
2013GoM-Pma-05701,Sperm Whale,Vulnerable,23.8887,-90.4984,2013,9,29.02,0.0,null,null,Neutral
2013GoM-Pma-05701,Sperm Whale,Vulnerable,23.883200000000002,-90.5227,2013,9,29.02,0.0,null,null,Neutral
2013GoM-Pma-05701,Sperm Whale,Vulnerable,27.4433,-91.5353,2013,9,29.09,0.0,null,null,Neutral
2013GoM-Pma-05701,Sperm Whale,Vulnerable,27.3398,-91.6024,2013,9,29.09,0.0,null,null,Neutral
2013GoM-Pma-05701,Sperm Whale,Vulnerable,27.3993,-91.51830000000001,2013,9,29.09,0.0,null,null,Neutral
2013GoM-Pma-05701,Sperm Whale,Vulnerable,27.3654,-91.59100000000001,2013,9,29.09,0.0,null,null,Neutral
2013GoM-Pma-05701,Sperm Whale,Vulnerable,27.4188,-91.5318,2013,9,29.09,0.0,null,null,Neutral
2013GoM-Pma-05701,Sperm Whale,Vulnerable,27.391000000000002,-91.56540000000001,2013,9,29.09,0.0,null,null,Neutral
2013GoM-Pma-05701,Sperm Whale,Vulnerable,27.3993,-91.5215,2013,9,29.09,0.0,null,null,Neutral
2013GoM-Pma-05701,Sperm Whale,Vulnerable,27.3043,-91.60210000000001,2013,9,29.09,0.0,null,null,Neutral
2013GoM-Pma-05701,Sperm Whale,Vulnerable,27.541900000000002,-91.51480000000001,2013,9,29.09,0.0,null,null,Neutral
2013GoM-Pma-05701,Sperm Whale,Vulnerable,27.399700000000003,-91.5184,2013,9,29.09,0.0,null,null,Neutral
2013GoM-Pma-05701,Sperm Whale,Vulnerable,27.535500000000003,-91.5087,2013,9,29.09,0.0,null,null,Neutral
2013GoM-Pma-05701,Sperm Whale,Vulnerable,27.410500000000003,-91.52940000000001,2013,9,29.09,0.0,null,null,Neutral
2013GoM-Pma-05701,Sperm Whale,Vulnerable,27.5072,-91.47800000000001,2013,9,29.09,0.0,null,null,Neutral
2013GoM-Pma-05701,Sperm Whale,Vulnerable,27.5214,-91.4928,2013,9,29.09,0.0,null,null,Neutral
2013GoM-Pma-05701,Sperm Whale,Vulnerable,27.3988,-91.5171,2013,9,29.09,0.0,null,null,Neutral
2013GoM-Pma-05701,Sperm Whale,Vulnerable,27.372600000000002,-91.58590000000001,2013,9,29.09,0.0,null,null,Neutral
2013GoM-Pma-05701,Sperm Whale,Vulnerable,27.514300000000002,-91.485,2013,9,29.09,0.0,null,null,Neutral
2013GoM-Pma-05701,Sperm Whale,Vulnerable,27.4964,-91.5021,2013,9,29.09,0.0,null,null,Neutral
2013GoM-Pma-05701,Sperm Whale,Vulnerable,27.5117,-91.48140000000001,2013,9,29.09,0.0,null,null,Neutral
2013GoM-Pma-05701,Sperm Whale,Vulnerable,27.4993,-91.4963,2013,9,29.09,0.0,null,null,Neutral
2013GoM-Pma-05701,Sperm Whale,Vulnerable,27.182100000000002,-91.7435,2013,9,29.13,0.0,null,null,Neutral
2013GoM-Pma-05701,Sperm Whale,Vulnerable,27.493100000000002,-91.50710000000001,2013,9,29.09,0.0,null,null,Neutral
2013GoM-Pma-05701,Sperm Whale,Vulnerable,27.506500000000003,-91.4773,2013,9,29.09,0.0,null,null,Neutral
2013GoM-Pma-05701,Sperm Whale,Vulnerable,27.2803,-91.5909,2013,9,29.09,0.0,null,null,Neutral
2013GoM-Pma-05701,Sperm Whale,Vulnerable,27.297600000000003,-91.6002,2013,9,29.09,0.0,null,null,Neutral
2013GoM-Pma-05701,Sperm Whale,Vulnerable,27.3851,-91.5732,2013,9,29.09,0.0,null,null,Neutral
2013GoM-Pma-05701,Sperm Whale,Vulnerable,23.8778,-90.5471,2013,9,29.02,0.0,null,null,Neutral
2013GoM-Pma-05701,Sperm Whale,Vulnerable,26.006700000000002,-92.58850000000001,2013,9,28.990000000000002,0.0,null,null,Neutral
2013GoM-Pma-05701,Sperm Whale,Vulnerable,23.975,-90.0327,2013,9,29.09,0.0,null,null,Neutral
2013GoM-Pma-05701,Sperm Whale,Vulnerable,26.0576,-92.57770000000001,2013,9,28.990000000000002,0.0,null,null,Neutral
2013GoM-Pma-05701,Sperm Whale,Vulnerable,24.0116,-89.97370000000001,2013,9,29.09,0.0,null,null,Neutral
2013GoM-Pma-05701,Sperm Whale,Vulnerable,26.0772,-92.57610000000001,2013,9,28.990000000000002,0.0,null,null,Neutral
2013GoM-Pma-05701,Sperm Whale,Vulnerable,25.9707,-92.5959,2013,9,28.990000000000002,0.0,null,null,Neutral
2013GoM-Pma-05701,Sperm Whale,Vulnerable,24.000500000000002,-89.9871,2013,9,29.09,0.0,null,null,Neutral
2013GoM-Pma-05701,Sperm Whale,Vulnerable,23.9901,-90.002,2013,9,29.09,0.0,null,null,Neutral
2013GoM-Pma-05701,Sperm Whale,Vulnerable,26.140800000000002,-92.555,2013,9,28.990000000000002,0.0,null,null,Neutral
2013GoM-Pma-05701,Sperm Whale,Vulnerable,25.8962,-92.60770000000001,2013,9,28.990000000000002,0.0,null,null,Neutral
2013GoM-Pma-05701,Sperm Whale,Vulnerable,25.714100000000002,-92.6275,2013,9,28.990000000000002,0.0,null,null,Neutral
2013GoM-Pma-05701,Sperm Whale,Vulnerable,25.8393,-92.61330000000001,2013,9,28.990000000000002,0.0,null,null,Neutral
2013GoM-Pma-05701,Sperm Whale,Vulnerable,25.7578,-92.62530000000001,2013,9,28.990000000000002,0.0,null,null,Neutral
2013GoM-Pma-05701,Sperm Whale,Vulnerable,25.8201,-92.6166,2013,9,28.990000000000002,0.0,null,null,Neutral
2013GoM-Pma-05701,Sperm Whale,Vulnerable,25.9525,-92.5995,2013,9,28.990000000000002,0.0,null,null,Neutral
2013GoM-Pma-05701,Sperm Whale,Vulnerable,23.9674,-90.0488,2013,9,29.09,0.0,null,null,Neutral
2013GoM-Pma-05701,Sperm Whale,Vulnerable,23.9598,-90.06450000000001,2013,9,29.09,0.0,null,null,Neutral
2013GoM-Pma-05701,Sperm Whale,Vulnerable,25.7999,-92.62,2013,9,28.990000000000002,0.0,null,null,Neutral
2013GoM-Pma-05701,Sperm Whale,Vulnerable,23.953300000000002,-90.0801,2013,9,29.09,0.0,null,null,Neutral
2013GoM-Pma-05701,Sperm Whale,Vulnerable,23.9419,-90.1123,2013,9,29.09,0.0,null,null,Neutral
2013GoM-Pma-05701,Sperm Whale,Vulnerable,23.9358,-90.14280000000001,2013,9,29.09,0.0,null,null,Neutral
2013GoM-Pma-05701,Sperm Whale,Vulnerable,23.9339,-90.1588,2013,9,29.09,0.0,null,null,Neutral
2013GoM-Pma-05701,Sperm Whale,Vulnerable,23.9314,-90.176,2013,9,29.09,0.0,null,null,Neutral
2013GoM-Pma-05701,Sperm Whale,Vulnerable,23.9301,-90.2069,2013,9,29.09,0.0,null,null,Neutral
2013GoM-Pma-05790,Sperm Whale,Vulnerable,29.031000000000002,-88.31110000000001,2013,7,28.14,0.0,null,null,La Nina
2013GoM-Pma-05790,Sperm Whale,Vulnerable,29.0332,-88.309,2013,7,28.14,0.0,null,null,La Nina
2013GoM-Pma-05790,Sperm Whale,Vulnerable,29.0427,-88.2853,2013,7,28.09,0.0,null,null,La Nina
2013GoM-Pma-05790,Sperm Whale,Vulnerable,29.0412,-88.2876,2013,7,28.09,0.0,null,null,La Nina
2013GoM-Pma-05790,Sperm Whale,Vulnerable,29.052,-88.2632,2013,7,28.09,0.0,null,null,La Nina
2013GoM-Pma-05790,Sperm Whale,Vulnerable,29.0531,-88.2626,2013,7,28.09,0.0,null,null,La Nina
2013GoM-Pma-05790,Sperm Whale,Vulnerable,29.0548,-88.2586,2013,7,28.09,0.0,null,null,La Nina
2013GoM-Pma-05790,Sperm Whale,Vulnerable,28.919,-88.3244,2013,7,28.14,0.0,null,null,La Nina
2013GoM-Pma-05790,Sperm Whale,Vulnerable,28.927100000000003,-88.3221,2013,7,28.14,0.0,null,null,La Nina
2013GoM-Pma-05790,Sperm Whale,Vulnerable,28.9906,-88.35520000000001,2013,7,28.14,0.0,null,null,La Nina
2013GoM-Pma-05790,Sperm Whale,Vulnerable,29.0122,-88.3438,2013,7,28.14,0.0,null,null,La Nina
2013GoM-Pma-05790,Sperm Whale,Vulnerable,28.9126,-88.3294,2013,7,28.14,0.0,null,null,La Nina
2013GoM-Pma-05790,Sperm Whale,Vulnerable,28.924,-88.322,2013,7,28.14,0.0,null,null,La Nina
2013GoM-Pma-05790,Sperm Whale,Vulnerable,28.901600000000002,-88.3464,2013,7,28.14,0.0,null,null,La Nina
2013GoM-Pma-05790,Sperm Whale,Vulnerable,28.904600000000002,-88.37740000000001,2013,7,28.14,0.0,null,null,La Nina
2013GoM-Pma-05790,Sperm Whale,Vulnerable,28.902900000000002,-88.3644,2013,7,28.14,0.0,null,null,La Nina
2013GoM-Pma-05790,Sperm Whale,Vulnerable,28.912300000000002,-88.3943,2013,7,28.14,0.0,null,null,La Nina
2013GoM-Pma-05790,Sperm Whale,Vulnerable,28.8959,-88.4561,2013,7,28.14,0.0,null,null,La Nina
2013GoM-Pma-05790,Sperm Whale,Vulnerable,28.9024,-88.3495,2013,7,28.14,0.0,null,null,La Nina
2013GoM-Pma-05790,Sperm Whale,Vulnerable,28.8958,-88.47070000000001,2013,7,28.14,0.0,null,null,La Nina
2013GoM-Pma-05790,Sperm Whale,Vulnerable,28.912100000000002,-88.3267,2013,7,28.14,0.0,null,null,La Nina
2013GoM-Pma-05790,Sperm Whale,Vulnerable,28.8822,-88.42150000000001,2013,7,28.14,0.0,null,null,La Nina
2013GoM-Pma-05790,Sperm Whale,Vulnerable,28.898,-88.4564,2013,7,28.14,0.0,null,null,La Nina
2013GoM-Pma-05790,Sperm Whale,Vulnerable,28.892200000000003,-88.4377,2013,7,28.14,0.0,null,null,La Nina
2013GoM-Pma-05790,Sperm Whale,Vulnerable,28.9114,-88.396,2013,7,28.14,0.0,null,null,La Nina
2013GoM-Pma-05790,Sperm Whale,Vulnerable,28.918,-88.4212,2013,7,28.14,0.0,null,null,La Nina
2013GoM-Pma-05790,Sperm Whale,Vulnerable,28.9724,-88.3664,2013,7,28.14,0.0,null,null,La Nina
2013GoM-Pma-05790,Sperm Whale,Vulnerable,28.893800000000002,-88.4371,2013,7,28.14,0.0,null,null,La Nina
2013GoM-Pma-05790,Sperm Whale,Vulnerable,28.9002,-88.4098,2013,7,28.14,0.0,null,null,La Nina
2013GoM-Pma-05790,Sperm Whale,Vulnerable,28.898,-88.4526,2013,7,28.14,0.0,null,null,La Nina
2013GoM-Pma-05790,Sperm Whale,Vulnerable,28.9055,-88.43010000000001,2013,7,28.14,0.0,null,null,La Nina
2013GoM-Pma-05790,Sperm Whale,Vulnerable,28.9036,-88.43310000000001,2013,7,28.14,0.0,null,null,La Nina
2013GoM-Pma-05790,Sperm Whale,Vulnerable,28.895400000000002,-88.4696,2013,7,28.14,0.0,null,null,La Nina
2013GoM-Pma-05790,Sperm Whale,Vulnerable,28.8933,-88.4431,2013,7,28.14,0.0,null,null,La Nina
2013GoM-Pma-05790,Sperm Whale,Vulnerable,28.899700000000003,-88.4535,2013,7,28.14,0.0,null,null,La Nina
2013GoM-Pma-05790,Sperm Whale,Vulnerable,28.883,-88.4203,2013,7,28.14,0.0,null,null,La Nina
2013GoM-Pma-05790,Sperm Whale,Vulnerable,28.9097,-88.3279,2013,7,28.14,0.0,null,null,La Nina
2013GoM-Pma-05790,Sperm Whale,Vulnerable,28.942,-88.39840000000001,2013,7,28.14,0.0,null,null,La Nina
2013GoM-Pma-05790,Sperm Whale,Vulnerable,28.9574,-88.3819,2013,7,28.14,0.0,null,null,La Nina
2013GoM-Pma-05790,Sperm Whale,Vulnerable,28.957,-88.38340000000001,2013,7,28.14,0.0,null,null,La Nina
2013GoM-Pma-05790,Sperm Whale,Vulnerable,28.9191,-88.4199,2013,7,28.14,0.0,null,null,La Nina
2013GoM-Pma-05790,Sperm Whale,Vulnerable,28.992700000000003,-88.3548,2013,7,28.14,0.0,null,null,La Nina
2013GoM-Pma-05790,Sperm Whale,Vulnerable,29.0108,-88.3455,2013,7,28.14,0.0,null,null,La Nina
2013GoM-Pma-05790,Sperm Whale,Vulnerable,28.9429,-88.3961,2013,7,28.14,0.0,null,null,La Nina
2013GoM-Pma-05790,Sperm Whale,Vulnerable,28.9342,-88.416,2013,7,28.14,0.0,null,null,La Nina
2013GoM-Pma-05790,Sperm Whale,Vulnerable,28.9353,-88.41420000000001,2013,7,28.14,0.0,null,null,La Nina
2013GoM-Pma-05790,Sperm Whale,Vulnerable,28.971300000000003,-88.36540000000001,2013,7,28.14,0.0,null,null,La Nina
2013GoM-Pma-05790,Sperm Whale,Vulnerable,28.8993,-88.3425,2013,7,28.14,0.0,null,null,La Nina
2013GoM-Pma-05790,Sperm Whale,Vulnerable,29.0244,-88.333,2013,7,28.14,0.0,null,null,La Nina
2013GoM-Pma-05790,Sperm Whale,Vulnerable,29.0259,-88.33160000000001,2013,7,28.14,0.0,null,null,La Nina
2013GoM-Pma-05790,Sperm Whale,Vulnerable,29.056900000000002,-88.23440000000001,2013,7,28.09,0.0,null,null,La Nina
2013GoM-Pma-05790,Sperm Whale,Vulnerable,29.056900000000002,-88.23190000000001,2013,7,28.09,0.0,null,null,La Nina
