animal_id,species_common,iucn_status,latitude,longitude,year,month,sea_surface_temperature,habitat_stress_index,degree_heating_week,bleaching_alert_category,enso_phase
140893.0,Reef Manta Ray,Vulnerable,-8.750300000000001,115.4676,2014,7,27.89,0.0,0.13,No Stress,Neutral
140893.0,Reef Manta Ray,Vulnerable,-8.7623,115.4816,2014,7,27.89,0.0,0.13,No Stress,Neutral
140893.0,Reef Manta Ray,Vulnerable,-8.7959,115.5261,2014,7,27.89,0.0,0.13,No Stress,Neutral
140893.0,Reef Manta Ray,Vulnerable,-8.751100000000001,115.4676,2014,8,27.200000000000003,0.0,0.0,No Stress,Neutral
140893.0,Reef Manta Ray,Vulnerable,-8.8053,115.53320000000001,2014,8,27.200000000000003,0.0,0.0,No Stress,Neutral
140893.0,Reef Manta Ray,Vulnerable,-8.7532,115.47,2014,8,27.200000000000003,0.0,0.0,No Stress,Neutral
140893.0,Reef Manta Ray,Vulnerable,-8.7566,115.4663,2014,8,27.200000000000003,0.0,0.0,No Stress,Neutral
140893.0,Reef Manta Ray,Vulnerable,-8.7797,115.51360000000001,2014,8,27.200000000000003,0.0,0.0,No Stress,Neutral
140893.0,Reef Manta Ray,Vulnerable,-8.764800000000001,115.4848,2014,8,27.200000000000003,0.0,0.0,No Stress,Neutral
140893.0,Reef Manta Ray,Vulnerable,-8.749500000000001,115.46640000000001,2014,8,27.200000000000003,0.0,0.0,No Stress,Neutral
140893.0,Reef Manta Ray,Vulnerable,-8.7645,115.4833,2014,8,27.200000000000003,0.0,0.0,No Stress,Neutral
140893.0,Reef Manta Ray,Vulnerable,-8.782300000000001,115.5168,2014,8,27.200000000000003,0.0,0.0,No Stress,Neutral
140893.0,Reef Manta Ray,Vulnerable,-8.7497,115.46650000000001,2014,8,27.200000000000003,0.0,0.0,No Stress,Neutral
140893.0,Reef Manta Ray,Vulnerable,-8.786100000000001,115.5154,2014,8,27.200000000000003,0.0,0.0,No Stress,Neutral
140893.0,Reef Manta Ray,Vulnerable,-8.768,115.4822,2014,8,27.200000000000003,0.0,0.0,No Stress,Neutral
140893.0,Reef Manta Ray,Vulnerable,-8.7833,115.51650000000001,2014,8,27.200000000000003,0.0,0.0,No Stress,Neutral
140893.0,Reef Manta Ray,Vulnerable,-8.763,115.479,2014,8,27.200000000000003,0.0,0.0,No Stress,Neutral
140893.0,Reef Manta Ray,Vulnerable,-8.8145,115.5753,2014,8,27.200000000000003,0.0,0.0,No Stress,Neutral
140893.0,Reef Manta Ray,Vulnerable,-8.782,115.5142,2014,8,27.200000000000003,0.0,0.0,No Stress,Neutral
140893.0,Reef Manta Ray,Vulnerable,-8.7946,115.52560000000001,2014,8,27.200000000000003,0.0,0.0,No Stress,Neutral
140893.0,Reef Manta Ray,Vulnerable,-8.8005,115.5275,2014,8,27.200000000000003,0.0,0.0,No Stress,Neutral
140893.0,Reef Manta Ray,Vulnerable,-8.7567,115.4658,2014,8,27.200000000000003,0.0,0.0,No Stress,Neutral
140893.0,Reef Manta Ray,Vulnerable,-8.8139,115.57610000000001,2014,8,27.200000000000003,0.0,0.0,No Stress,Neutral
140893.0,Reef Manta Ray,Vulnerable,-8.7946,115.52510000000001,2014,8,27.200000000000003,0.0,0.0,No Stress,Neutral
140893.0,Reef Manta Ray,Vulnerable,-8.754100000000001,115.47040000000001,2014,8,27.200000000000003,0.0,0.0,No Stress,Neutral
140893.0,Reef Manta Ray,Vulnerable,-8.813600000000001,115.5733,2014,8,27.200000000000003,0.0,0.0,No Stress,Neutral
140893.0,Reef Manta Ray,Vulnerable,-8.7583,115.48,2014,8,27.200000000000003,0.0,0.0,No Stress,Neutral
140893.0,Reef Manta Ray,Vulnerable,-8.751900000000001,115.46870000000001,2014,8,27.200000000000003,0.0,0.0,No Stress,Neutral
140893.0,Reef Manta Ray,Vulnerable,-8.7728,115.4835,2014,8,27.200000000000003,0.0,0.0,No Stress,Neutral
140893.0,Reef Manta Ray,Vulnerable,-8.814300000000001,115.57440000000001,2014,8,27.200000000000003,0.0,0.0,No Stress,Neutral
140893.0,Reef Manta Ray,Vulnerable,-8.783900000000001,115.519,2014,8,27.200000000000003,0.0,0.0,No Stress,Neutral
140893.0,Reef Manta Ray,Vulnerable,-8.785,115.51520000000001,2014,8,27.200000000000003,0.0,0.0,No Stress,Neutral
140893.0,Reef Manta Ray,Vulnerable,-8.7532,115.4698,2014,8,27.200000000000003,0.0,0.0,No Stress,Neutral
140893.0,Reef Manta Ray,Vulnerable,-8.7832,115.5164,2014,8,27.200000000000003,0.0,0.0,No Stress,Neutral
140893.0,Reef Manta Ray,Vulnerable,-8.7306,115.4465,2014,8,27.200000000000003,0.0,0.0,No Stress,Neutral
140893.0,Reef Manta Ray,Vulnerable,-8.772400000000001,115.4835,2014,8,27.200000000000003,0.0,0.0,No Stress,Neutral
140893.0,Reef Manta Ray,Vulnerable,-8.807400000000001,115.5334,2014,8,27.200000000000003,0.0,0.0,No Stress,Neutral
140893.0,Reef Manta Ray,Vulnerable,-8.7532,115.4692,2014,8,27.200000000000003,0.0,0.0,No Stress,Neutral
140893.0,Reef Manta Ray,Vulnerable,-8.7515,115.4681,2014,8,27.200000000000003,0.0,0.0,No Stress,Neutral
140893.0,Reef Manta Ray,Vulnerable,-8.765,115.4838,2014,8,27.200000000000003,0.0,0.0,No Stress,Neutral
140893.0,Reef Manta Ray,Vulnerable,-8.8041,115.53020000000001,2014,8,27.200000000000003,0.0,0.0,No Stress,Neutral
140893.0,Reef Manta Ray,Vulnerable,-8.7894,115.517,2014,8,27.200000000000003,0.0,0.0,No Stress,Neutral
140893.0,Reef Manta Ray,Vulnerable,-8.7517,115.4681,2014,8,27.200000000000003,0.0,0.0,No Stress,Neutral
140893.0,Reef Manta Ray,Vulnerable,-8.7521,115.46910000000001,2014,8,27.200000000000003,0.0,0.0,No Stress,Neutral
140893.0,Reef Manta Ray,Vulnerable,-8.7666,115.4829,2014,8,27.200000000000003,0.0,0.0,No Stress,Neutral
140893.0,Reef Manta Ray,Vulnerable,-8.773900000000001,115.4833,2014,8,27.200000000000003,0.0,0.0,No Stress,Neutral
140893.0,Reef Manta Ray,Vulnerable,-8.7913,115.52210000000001,2014,8,27.200000000000003,0.0,0.0,No Stress,Neutral
140893.0,Reef Manta Ray,Vulnerable,-8.7316,115.4467,2014,8,27.200000000000003,0.0,0.0,No Stress,Neutral
140893.0,Reef Manta Ray,Vulnerable,-8.7565,115.476,2014,8,27.200000000000003,0.0,0.0,No Stress,Neutral
140893.0,Reef Manta Ray,Vulnerable,-8.792300000000001,115.523,2014,8,27.200000000000003,0.0,0.0,No Stress,Neutral
140893.0,Reef Manta Ray,Vulnerable,-8.7723,115.4835,2014,8,27.200000000000003,0.0,0.0,No Stress,Neutral
140893.0,Reef Manta Ray,Vulnerable,-8.7719,115.4833,2014,8,27.200000000000003,0.0,0.0,No Stress,Neutral
140893.0,Reef Manta Ray,Vulnerable,-8.7515,115.4698,2014,8,27.200000000000003,0.0,0.0,No Stress,Neutral
140893.0,Reef Manta Ray,Vulnerable,-8.7712,115.4856,2014,8,27.200000000000003,0.0,0.0,No Stress,Neutral
140893.0,Reef Manta Ray,Vulnerable,-8.783100000000001,115.5159,2014,8,27.200000000000003,0.0,0.0,No Stress,Neutral
140893.0,Reef Manta Ray,Vulnerable,-8.8035,115.52990000000001,2014,8,27.200000000000003,0.0,0.0,No Stress,Neutral
140893.0,Reef Manta Ray,Vulnerable,-8.7826,115.517,2014,8,27.200000000000003,0.0,0.0,No Stress,Neutral
140893.0,Reef Manta Ray,Vulnerable,-8.753400000000001,115.47070000000001,2014,8,27.200000000000003,0.0,0.0,No Stress,Neutral
140893.0,Reef Manta Ray,Vulnerable,-8.7308,115.4474,2014,8,27.200000000000003,0.0,0.0,No Stress,Neutral
140893.0,Reef Manta Ray,Vulnerable,-8.8025,115.5297,2014,8,27.200000000000003,0.0,0.0,No Stress,Neutral
140893.0,Reef Manta Ray,Vulnerable,-8.7735,115.488,2014,8,27.200000000000003,0.0,0.0,No Stress,Neutral
140893.0,Reef Manta Ray,Vulnerable,-8.7478,115.46600000000001,2014,8,27.200000000000003,0.0,0.0,No Stress,Neutral
140894.0,Reef Manta Ray,Vulnerable,-8.822700000000001,115.54830000000001,2014,9,26.400000000000002,0.0,0.0,No Stress,Neutral
140894.0,Reef Manta Ray,Vulnerable,-8.8009,115.5416,2014,9,26.400000000000002,0.0,0.0,No Stress,Neutral
140894.0,Reef Manta Ray,Vulnerable,-8.7888,115.52170000000001,2014,9,26.400000000000002,0.0,0.0,No Stress,Neutral
140894.0,Reef Manta Ray,Vulnerable,-8.807,115.5523,2014,9,26.400000000000002,0.0,0.0,No Stress,Neutral
140894.0,Reef Manta Ray,Vulnerable,-8.812700000000001,115.5659,2014,9,26.400000000000002,0.0,0.0,No Stress,Neutral
140894.0,Reef Manta Ray,Vulnerable,-8.761700000000001,115.48150000000001,2014,9,26.400000000000002,0.0,0.0,No Stress,Neutral
140894.0,Reef Manta Ray,Vulnerable,-8.8049,115.53450000000001,2014,9,26.400000000000002,0.0,0.0,No Stress,Neutral
140894.0,Reef Manta Ray,Vulnerable,-8.753,115.46990000000001,2014,9,26.400000000000002,0.0,0.0,No Stress,Neutral
140894.0,Reef Manta Ray,Vulnerable,-8.7433,115.4526,2014,9,26.400000000000002,0.0,0.0,No Stress,Neutral
140894.0,Reef Manta Ray,Vulnerable,-8.8299,115.58330000000001,2014,9,26.400000000000002,0.0,0.0,No Stress,Neutral
140894.0,Reef Manta Ray,Vulnerable,-8.811300000000001,115.56450000000001,2014,9,26.400000000000002,0.0,0.0,No Stress,Neutral
140894.0,Reef Manta Ray,Vulnerable,-8.8027,115.53590000000001,2014,9,26.400000000000002,0.0,0.0,No Stress,Neutral
140894.0,Reef Manta Ray,Vulnerable,-8.752600000000001,115.4779,2014,9,26.400000000000002,0.0,0.0,No Stress,Neutral
140894.0,Reef Manta Ray,Vulnerable,-8.7684,115.48450000000001,2014,9,26.400000000000002,0.0,0.0,No Stress,Neutral
140894.0,Reef Manta Ray,Vulnerable,-8.735,115.4513,2014,9,26.400000000000002,0.0,0.0,No Stress,Neutral
140894.0,Reef Manta Ray,Vulnerable,-8.8011,115.5331,2014,9,26.400000000000002,0.0,0.0,No Stress,Neutral
140894.0,Reef Manta Ray,Vulnerable,-8.7805,115.49780000000001,2014,10,27.11,0.0,0.0,No Stress,Neutral
140894.0,Reef Manta Ray,Vulnerable,-8.7593,115.4813,2014,10,27.11,0.0,0.0,No Stress,Neutral
140894.0,Reef Manta Ray,Vulnerable,-8.782300000000001,115.514,2014,10,27.11,0.0,0.0,No Stress,Neutral
140894.0,Reef Manta Ray,Vulnerable,-8.8039,115.52730000000001,2014,10,27.11,0.0,0.0,No Stress,Neutral
140894.0,Reef Manta Ray,Vulnerable,-8.7662,115.48280000000001,2014,10,27.11,0.0,0.0,No Stress,Neutral
140894.0,Reef Manta Ray,Vulnerable,-8.7448,115.4731,2014,10,27.11,0.0,0.0,No Stress,Neutral
140894.0,Reef Manta Ray,Vulnerable,-8.7383,115.455,2014,10,27.11,0.0,0.0,No Stress,Neutral
140894.0,Reef Manta Ray,Vulnerable,-8.7484,115.45100000000001,2014,10,27.11,0.0,0.0,No Stress,Neutral
140894.0,Reef Manta Ray,Vulnerable,-8.7659,115.4949,2014,10,27.11,0.0,0.0,No Stress,Neutral
140894.0,Reef Manta Ray,Vulnerable,-8.7981,115.5198,2014,10,27.11,0.0,0.0,No Stress,Neutral
140894.0,Reef Manta Ray,Vulnerable,-8.7467,115.45110000000001,2014,10,27.11,0.0,0.0,No Stress,Neutral
140894.0,Reef Manta Ray,Vulnerable,-8.7788,115.4967,2014,10,27.11,0.0,0.0,No Stress,Neutral
140894.0,Reef Manta Ray,Vulnerable,-8.7364,115.45270000000001,2014,10,27.11,0.0,0.0,No Stress,Neutral
140894.0,Reef Manta Ray,Vulnerable,-8.746400000000001,115.4714,2014,10,27.11,0.0,0.0,No Stress,Neutral
140894.0,Reef Manta Ray,Vulnerable,-8.802,115.527,2014,10,27.11,0.0,0.0,No Stress,Neutral
140894.0,Reef Manta Ray,Vulnerable,-8.755600000000001,115.4851,2014,10,27.11,0.0,0.0,No Stress,Neutral
140894.0,Reef Manta Ray,Vulnerable,-8.779300000000001,115.51920000000001,2014,10,27.11,0.0,0.0,No Stress,Neutral
140894.0,Reef Manta Ray,Vulnerable,-8.791400000000001,115.52340000000001,2014,10,27.11,0.0,0.0,No Stress,Neutral
140894.0,Reef Manta Ray,Vulnerable,-8.7722,115.486,2014,10,27.11,0.0,0.0,No Stress,Neutral
140894.0,Reef Manta Ray,Vulnerable,-8.748,115.46260000000001,2014,10,27.11,0.0,0.0,No Stress,Neutral
140894.0,Reef Manta Ray,Vulnerable,-8.7719,115.49470000000001,2014,10,27.11,0.0,0.0,No Stress,Neutral
140894.0,Reef Manta Ray,Vulnerable,-8.8077,115.52820000000001,2014,10,27.11,0.0,0.0,No Stress,Neutral
140894.0,Reef Manta Ray,Vulnerable,-8.7596,115.44890000000001,2014,10,27.11,0.0,0.0,No Stress,Neutral
140894.0,Reef Manta Ray,Vulnerable,-8.7903,115.52340000000001,2014,10,27.11,0.0,0.0,No Stress,Neutral
140894.0,Reef Manta Ray,Vulnerable,-8.7454,115.46390000000001,2014,10,27.11,0.0,0.0,No Stress,Neutral
140894.0,Reef Manta Ray,Vulnerable,-8.7676,115.46010000000001,2014,10,27.11,0.0,0.0,No Stress,Neutral
140894.0,Reef Manta Ray,Vulnerable,-8.778,115.49050000000001,2014,10,27.11,0.0,0.0,No Stress,Neutral
140894.0,Reef Manta Ray,Vulnerable,-8.8313,115.4453,2014,10,27.11,0.0,0.0,No Stress,Neutral
140894.0,Reef Manta Ray,Vulnerable,-8.7478,115.46570000000001,2014,10,27.11,0.0,0.0,No Stress,Neutral
140894.0,Reef Manta Ray,Vulnerable,-8.7606,115.4603,2014,10,27.11,0.0,0.0,No Stress,Neutral
140894.0,Reef Manta Ray,Vulnerable,-8.8071,115.55560000000001,2014,10,27.11,0.0,0.0,No Stress,Neutral
140894.0,Reef Manta Ray,Vulnerable,-8.748700000000001,115.45060000000001,2014,10,27.11,0.0,0.0,No Stress,Neutral
140894.0,Reef Manta Ray,Vulnerable,-8.780100000000001,115.4924,2014,10,27.11,0.0,0.0,No Stress,Neutral
140894.0,Reef Manta Ray,Vulnerable,-8.803600000000001,115.5511,2014,10,27.11,0.0,0.0,No Stress,Neutral
140894.0,Reef Manta Ray,Vulnerable,-8.804,115.551,2014,10,27.11,0.0,0.0,No Stress,Neutral
140894.0,Reef Manta Ray,Vulnerable,-8.807500000000001,115.5301,2014,10,27.11,0.0,0.0,No Stress,Neutral
140894.0,Reef Manta Ray,Vulnerable,-8.7344,115.4475,2014,10,27.11,0.0,0.0,No Stress,Neutral
140894.0,Reef Manta Ray,Vulnerable,-8.7468,115.4505,2014,10,27.11,0.0,0.0,No Stress,Neutral
140894.0,Reef Manta Ray,Vulnerable,-8.7444,115.4509,2014,10,27.11,0.0,0.0,No Stress,Neutral
140894.0,Reef Manta Ray,Vulnerable,-8.7554,115.4651,2014,10,27.11,0.0,0.0,No Stress,Neutral
140894.0,Reef Manta Ray,Vulnerable,-8.7849,115.5167,2014,10,27.11,0.0,0.0,No Stress,Neutral
140894.0,Reef Manta Ray,Vulnerable,-8.749,115.4663,2014,10,27.11,0.0,0.0,No Stress,Neutral
140894.0,Reef Manta Ray,Vulnerable,-8.7748,115.49640000000001,2014,10,27.11,0.0,0.0,No Stress,Neutral
140894.0,Reef Manta Ray,Vulnerable,-8.7605,115.4813,2014,10,27.11,0.0,0.0,No Stress,Neutral
140894.0,Reef Manta Ray,Vulnerable,-8.7966,115.53330000000001,2014,10,27.11,0.0,0.0,No Stress,Neutral
140894.0,Reef Manta Ray,Vulnerable,-8.7697,115.48240000000001,2014,10,27.11,0.0,0.0,No Stress,Neutral
140894.0,Reef Manta Ray,Vulnerable,-8.7583,115.47980000000001,2014,10,27.11,0.0,0.0,No Stress,Neutral
140895.0,Reef Manta Ray,Vulnerable,-8.8057,115.5199,2014,9,26.400000000000002,0.0,0.0,No Stress,Neutral
140895.0,Reef Manta Ray,Vulnerable,-8.8016,115.542,2014,9,26.400000000000002,0.0,0.0,No Stress,Neutral
140895.0,Reef Manta Ray,Vulnerable,-8.7874,115.5156,2014,9,26.400000000000002,0.0,0.0,No Stress,Neutral
140895.0,Reef Manta Ray,Vulnerable,-8.7582,115.4795,2014,9,26.400000000000002,0.0,0.0,No Stress,Neutral
140895.0,Reef Manta Ray,Vulnerable,-8.7947,115.5248,2014,9,26.400000000000002,0.0,0.0,No Stress,Neutral
140895.0,Reef Manta Ray,Vulnerable,-8.7433,115.4526,2014,9,26.400000000000002,0.0,0.0,No Stress,Neutral
140895.0,Reef Manta Ray,Vulnerable,-8.754900000000001,115.4743,2014,9,26.400000000000002,0.0,0.0,No Stress,Neutral
140895.0,Reef Manta Ray,Vulnerable,-8.8058,115.55550000000001,2014,9,26.400000000000002,0.0,0.0,No Stress,Neutral
140895.0,Reef Manta Ray,Vulnerable,-8.7498,115.47030000000001,2014,9,26.400000000000002,0.0,0.0,No Stress,Neutral
140895.0,Reef Manta Ray,Vulnerable,-8.7872,115.51830000000001,2014,9,26.400000000000002,0.0,0.0,No Stress,Neutral
140895.0,Reef Manta Ray,Vulnerable,-8.7718,115.48440000000001,2014,10,27.11,0.0,0.0,No Stress,Neutral
140895.0,Reef Manta Ray,Vulnerable,-8.7719,115.49600000000001,2014,10,27.11,0.0,0.0,No Stress,Neutral
140895.0,Reef Manta Ray,Vulnerable,-8.7764,115.49430000000001,2014,10,27.11,0.0,0.0,No Stress,Neutral
140895.0,Reef Manta Ray,Vulnerable,-8.7786,115.5081,2014,10,27.11,0.0,0.0,No Stress,Neutral
140895.0,Reef Manta Ray,Vulnerable,-8.759500000000001,115.4809,2014,10,27.11,0.0,0.0,No Stress,Neutral
140895.0,Reef Manta Ray,Vulnerable,-8.7628,115.4855,2014,10,27.11,0.0,0.0,No Stress,Neutral
140895.0,Reef Manta Ray,Vulnerable,-8.782300000000001,115.50750000000001,2014,10,27.11,0.0,0.0,No Stress,Neutral
140895.0,Reef Manta Ray,Vulnerable,-8.7759,115.4927,2014,10,27.11,0.0,0.0,No Stress,Neutral
140895.0,Reef Manta Ray,Vulnerable,-8.8045,115.552,2014,10,27.11,0.0,0.0,No Stress,Neutral
140895.0,Reef Manta Ray,Vulnerable,-8.7763,115.5098,2014,10,27.11,0.0,0.0,No Stress,Neutral
140895.0,Reef Manta Ray,Vulnerable,-8.802200000000001,115.5327,2014,10,27.11,0.0,0.0,No Stress,Neutral
140895.0,Reef Manta Ray,Vulnerable,-8.7954,115.52340000000001,2014,10,27.11,0.0,0.0,No Stress,Neutral
140895.0,Reef Manta Ray,Vulnerable,-8.7982,115.52690000000001,2014,10,27.11,0.0,0.0,No Stress,Neutral
140895.0,Reef Manta Ray,Vulnerable,-8.8042,115.5305,2014,10,27.11,0.0,0.0,No Stress,Neutral
140895.0,Reef Manta Ray,Vulnerable,-8.801400000000001,115.53020000000001,2014,10,27.11,0.0,0.0,No Stress,Neutral
140895.0,Reef Manta Ray,Vulnerable,-8.7954,115.52590000000001,2014,10,27.11,0.0,0.0,No Stress,Neutral
140895.0,Reef Manta Ray,Vulnerable,-8.7592,115.4796,2014,10,27.11,0.0,0.0,No Stress,Neutral
140895.0,Reef Manta Ray,Vulnerable,-8.8011,115.539,2014,10,27.11,0.0,0.0,No Stress,Neutral
140895.0,Reef Manta Ray,Vulnerable,-8.7924,115.52250000000001,2014,10,27.11,0.0,0.0,No Stress,Neutral
140895.0,Reef Manta Ray,Vulnerable,-8.7682,115.4893,2014,10,27.11,0.0,0.0,No Stress,Neutral
140895.0,Reef Manta Ray,Vulnerable,-8.799,115.537,2014,10,27.11,0.0,0.0,No Stress,Neutral
140895.0,Reef Manta Ray,Vulnerable,-8.7772,115.50080000000001,2014,10,27.11,0.0,0.0,No Stress,Neutral
140896.0,Reef Manta Ray,Vulnerable,2.2722,118.2765,2015,5,28.98,1.0,1.6,Watch,El Nino
140896.0,Reef Manta Ray,Vulnerable,2.1199,118.35730000000001,2015,5,28.98,1.0,1.6,Watch,El Nino
140896.0,Reef Manta Ray,Vulnerable,2.1509,118.2981,2015,5,28.98,1.0,1.6,Watch,El Nino
140896.0,Reef Manta Ray,Vulnerable,2.1371,118.3075,2015,5,28.98,1.0,1.6,Watch,El Nino
140896.0,Reef Manta Ray,Vulnerable,2.0809,118.372,2015,5,28.98,1.0,1.6,Watch,El Nino
140896.0,Reef Manta Ray,Vulnerable,2.0989,118.3991,2015,5,28.98,1.0,1.6,Watch,El Nino
140896.0,Reef Manta Ray,Vulnerable,2.0716,118.3601,2015,5,28.98,1.0,1.6,Watch,El Nino
140896.0,Reef Manta Ray,Vulnerable,2.1575,118.31230000000001,2015,5,28.98,1.0,1.6,Watch,El Nino
140896.0,Reef Manta Ray,Vulnerable,2.0635,118.3589,2015,5,28.98,1.0,1.6,Watch,El Nino
140896.0,Reef Manta Ray,Vulnerable,2.0654,118.34360000000001,2015,5,28.98,1.0,1.6,Watch,El Nino
140896.0,Reef Manta Ray,Vulnerable,2.2381,118.2925,2015,5,28.98,1.0,1.6,Watch,El Nino
140896.0,Reef Manta Ray,Vulnerable,2.0966,118.39750000000001,2015,5,28.98,1.0,1.6,Watch,El Nino
140896.0,Reef Manta Ray,Vulnerable,2.0979,118.39970000000001,2015,5,28.98,1.0,1.6,Watch,El Nino
140896.0,Reef Manta Ray,Vulnerable,2.1714,118.2496,2015,5,28.98,1.0,1.6,Watch,El Nino
140896.0,Reef Manta Ray,Vulnerable,2.1216,118.2971,2015,5,28.98,1.0,1.6,Watch,El Nino
140896.0,Reef Manta Ray,Vulnerable,2.18,118.27090000000001,2015,5,28.98,1.0,1.6,Watch,El Nino
140896.0,Reef Manta Ray,Vulnerable,2.8422,117.9728,2015,5,29.05,1.0,1.23,Watch,El Nino
140896.0,Reef Manta Ray,Vulnerable,2.097,118.3956,2015,5,28.98,1.0,1.6,Watch,El Nino
140896.0,Reef Manta Ray,Vulnerable,2.1181,118.299,2015,5,28.98,1.0,1.6,Watch,El Nino
140896.0,Reef Manta Ray,Vulnerable,2.06,118.366,2015,5,28.98,1.0,1.6,Watch,El Nino
140896.0,Reef Manta Ray,Vulnerable,2.3086,118.2562,2015,5,29.02,1.0,1.6,Watch,El Nino
140896.0,Reef Manta Ray,Vulnerable,2.0758,118.36160000000001,2015,5,28.98,1.0,1.6,Watch,El Nino
140896.0,Reef Manta Ray,Vulnerable,2.0949,118.3053,2015,5,28.98,1.0,1.6,Watch,El Nino
140896.0,Reef Manta Ray,Vulnerable,2.0257,118.32910000000001,2015,5,28.98,1.0,1.6,Watch,El Nino
140896.0,Reef Manta Ray,Vulnerable,2.0678,118.3399,2015,5,28.98,1.0,1.6,Watch,El Nino
140896.0,Reef Manta Ray,Vulnerable,2.2332,118.29480000000001,2015,5,28.98,1.0,1.6,Watch,El Nino
140896.0,Reef Manta Ray,Vulnerable,2.0679000000000003,118.34700000000001,2015,5,28.98,1.0,1.6,Watch,El Nino
140896.0,Reef Manta Ray,Vulnerable,2.1515,118.33040000000001,2015,5,28.98,1.0,1.6,Watch,El Nino
140896.0,Reef Manta Ray,Vulnerable,3.2407000000000004,117.9766,2015,6,29.94,0.0,1.3,Watch,El Nino
140896.0,Reef Manta Ray,Vulnerable,3.0855,117.8908,2015,6,29.94,0.0,1.3,Watch,El Nino
140896.0,Reef Manta Ray,Vulnerable,3.1636,118.02770000000001,2015,6,29.93,0.0,1.3,Watch,El Nino
140896.0,Reef Manta Ray,Vulnerable,3.0906000000000002,117.8473,2015,6,29.94,0.0,1.3,Watch,El Nino
140896.0,Reef Manta Ray,Vulnerable,3.0833,117.8464,2015,6,29.94,0.0,1.3,Watch,El Nino
140896.0,Reef Manta Ray,Vulnerable,3.101,117.8375,2015,6,29.94,0.0,1.3,Watch,El Nino
140896.0,Reef Manta Ray,Vulnerable,3.2124,118.05,2015,6,29.93,0.0,1.3,Watch,El Nino
140896.0,Reef Manta Ray,Vulnerable,3.1928,118.0301,2015,6,29.93,0.0,1.3,Watch,El Nino
140896.0,Reef Manta Ray,Vulnerable,3.3894,117.9959,2015,6,30.240000000000002,1.0,2.16,Watch,El Nino
140896.0,Reef Manta Ray,Vulnerable,3.0772,117.8254,2015,6,29.94,0.0,1.3,Watch,El Nino
140896.0,Reef Manta Ray,Vulnerable,3.2108000000000003,118.0535,2015,6,29.93,0.0,1.3,Watch,El Nino
140896.0,Reef Manta Ray,Vulnerable,2.9806000000000004,117.928,2015,6,29.89,0.0,1.3,Watch,El Nino
140896.0,Reef Manta Ray,Vulnerable,3.0977,117.81020000000001,2015,6,29.94,0.0,1.3,Watch,El Nino
140896.0,Reef Manta Ray,Vulnerable,3.3541000000000003,118.00120000000001,2015,6,30.240000000000002,1.0,2.16,Watch,El Nino
140896.0,Reef Manta Ray,Vulnerable,2.8959,117.9569,2015,6,29.89,0.0,1.3,Watch,El Nino
140896.0,Reef Manta Ray,Vulnerable,3.2520000000000002,118.0724,2015,6,29.93,0.0,1.3,Watch,El Nino
140896.0,Reef Manta Ray,Vulnerable,3.3058,118.0107,2015,6,29.93,0.0,1.3,Watch,El Nino
140896.0,Reef Manta Ray,Vulnerable,2.8161,117.89460000000001,2015,6,29.89,0.0,1.3,Watch,El Nino
140896.0,Reef Manta Ray,Vulnerable,2.9013,117.9576,2015,6,29.89,0.0,1.3,Watch,El Nino
140896.0,Reef Manta Ray,Vulnerable,3.0661,117.9702,2015,6,29.89,0.0,1.3,Watch,El Nino
140896.0,Reef Manta Ray,Vulnerable,2.9111000000000002,117.93570000000001,2015,6,29.89,0.0,1.3,Watch,El Nino
140896.0,Reef Manta Ray,Vulnerable,3.0500000000000003,117.9636,2015,6,29.89,0.0,1.3,Watch,El Nino
140896.0,Reef Manta Ray,Vulnerable,3.1625,118.05770000000001,2015,6,29.93,0.0,1.3,Watch,El Nino
140896.0,Reef Manta Ray,Vulnerable,3.1005000000000003,117.907,2015,6,29.94,0.0,1.3,Watch,El Nino
140896.0,Reef Manta Ray,Vulnerable,3.1059,117.7801,2015,6,29.94,0.0,1.3,Watch,El Nino
140896.0,Reef Manta Ray,Vulnerable,2.9308,117.93050000000001,2015,6,29.89,0.0,1.3,Watch,El Nino
140896.0,Reef Manta Ray,Vulnerable,3.0857,117.831,2015,6,29.94,0.0,1.3,Watch,El Nino
140896.0,Reef Manta Ray,Vulnerable,3.0182,117.9573,2015,6,29.89,0.0,1.3,Watch,El Nino
140896.0,Reef Manta Ray,Vulnerable,3.0955000000000004,117.9773,2015,6,29.93,0.0,1.3,Watch,El Nino
140896.0,Reef Manta Ray,Vulnerable,3.0932,117.8177,2015,6,29.94,0.0,1.3,Watch,El Nino
140896.0,Reef Manta Ray,Vulnerable,3.2411000000000003,118.05760000000001,2015,6,29.93,0.0,1.3,Watch,El Nino
140896.0,Reef Manta Ray,Vulnerable,3.0096000000000003,117.95750000000001,2015,6,29.89,0.0,1.3,Watch,El Nino
140896.0,Reef Manta Ray,Vulnerable,3.3437,118.07820000000001,2015,6,29.93,0.0,1.3,Watch,El Nino
140896.0,Reef Manta Ray,Vulnerable,3.3819000000000004,117.9881,2015,6,30.240000000000002,1.0,2.16,Watch,El Nino
140896.0,Reef Manta Ray,Vulnerable,3.4709000000000003,118.1281,2015,6,30.240000000000002,1.0,2.16,Watch,El Nino
140896.0,Reef Manta Ray,Vulnerable,3.0634,117.8845,2015,6,29.94,0.0,1.3,Watch,El Nino
140896.0,Reef Manta Ray,Vulnerable,3.1101,117.81970000000001,2015,6,29.94,0.0,1.3,Watch,El Nino
140896.0,Reef Manta Ray,Vulnerable,3.0897,117.83550000000001,2015,6,29.94,0.0,1.3,Watch,El Nino
140896.0,Reef Manta Ray,Vulnerable,3.116,117.82230000000001,2015,6,29.94,0.0,1.3,Watch,El Nino
140896.0,Reef Manta Ray,Vulnerable,3.0968,117.811,2015,6,29.94,0.0,1.3,Watch,El Nino
140896.0,Reef Manta Ray,Vulnerable,3.0413,117.93730000000001,2015,6,29.89,0.0,1.3,Watch,El Nino
140896.0,Reef Manta Ray,Vulnerable,2.196,118.2917,2015,7,27.96,1.0,0.88,Watch,El Nino
140896.0,Reef Manta Ray,Vulnerable,2.2553,118.2839,2015,7,27.96,1.0,0.88,Watch,El Nino
140896.0,Reef Manta Ray,Vulnerable,2.095,118.40010000000001,2015,7,27.96,1.0,0.88,Watch,El Nino
140896.0,Reef Manta Ray,Vulnerable,2.0947,118.399,2015,7,27.96,1.0,0.88,Watch,El Nino
140896.0,Reef Manta Ray,Vulnerable,2.094,118.40220000000001,2015,7,27.96,1.0,0.88,Watch,El Nino
140896.0,Reef Manta Ray,Vulnerable,2.2923,118.26360000000001,2015,7,27.96,1.0,0.88,Watch,El Nino
140896.0,Reef Manta Ray,Vulnerable,2.094,118.4011,2015,7,27.96,1.0,0.88,Watch,El Nino
140896.0,Reef Manta Ray,Vulnerable,2.0946000000000002,118.3996,2015,7,27.96,1.0,0.88,Watch,El Nino
140896.0,Reef Manta Ray,Vulnerable,2.2134,118.2985,2015,7,27.96,1.0,0.88,Watch,El Nino
140896.0,Reef Manta Ray,Vulnerable,2.095,118.3977,2015,7,27.96,1.0,0.88,Watch,El Nino
140896.0,Reef Manta Ray,Vulnerable,2.1987,118.3108,2015,7,27.96,1.0,0.88,Watch,El Nino
140896.0,Reef Manta Ray,Vulnerable,1.9393,118.2155,2015,7,27.96,1.0,0.88,Watch,El Nino
140896.0,Reef Manta Ray,Vulnerable,2.5372,118.1243,2015,7,27.88,1.0,0.88,Watch,El Nino
140896.0,Reef Manta Ray,Vulnerable,1.9715,118.3194,2015,7,27.96,1.0,0.88,Watch,El Nino
140896.0,Reef Manta Ray,Vulnerable,1.931,118.209,2015,7,27.96,1.0,0.88,Watch,El Nino
140896.0,Reef Manta Ray,Vulnerable,1.9619000000000002,118.3297,2015,7,27.96,1.0,0.88,Watch,El Nino
140899.0,Reef Manta Ray,Vulnerable,-0.1393,130.1217,2014,10,null,null,null,null,Neutral
140899.0,Reef Manta Ray,Vulnerable,0.004200000000000001,130.5805,2014,10,null,null,null,null,Neutral
140899.0,Reef Manta Ray,Vulnerable,0.07250000000000001,130.6436,2014,10,null,null,null,null,Neutral
140899.0,Reef Manta Ray,Vulnerable,-0.0582,130.6617,2014,10,null,null,null,null,Neutral
140899.0,Reef Manta Ray,Vulnerable,-0.06280000000000001,130.2401,2014,10,null,null,null,null,Neutral
140899.0,Reef Manta Ray,Vulnerable,0.0762,130.7559,2014,10,null,null,null,null,Neutral
140899.0,Reef Manta Ray,Vulnerable,-0.0439,130.6724,2014,10,null,null,null,null,Neutral
140899.0,Reef Manta Ray,Vulnerable,-0.0529,130.33620000000002,2014,10,null,null,null,null,Neutral
140899.0,Reef Manta Ray,Vulnerable,-0.1393,130.1227,2014,10,null,null,null,null,Neutral
140899.0,Reef Manta Ray,Vulnerable,-0.1625,130.1045,2014,10,null,null,null,null,Neutral
140899.0,Reef Manta Ray,Vulnerable,-0.054700000000000006,130.28130000000002,2014,11,null,null,null,null,Neutral
140899.0,Reef Manta Ray,Vulnerable,-0.1514,130.1205,2014,11,null,null,null,null,Neutral
140899.0,Reef Manta Ray,Vulnerable,-0.057,130.2832,2014,11,null,null,null,null,Neutral
140899.0,Reef Manta Ray,Vulnerable,0.029300000000000003,130.42860000000002,2014,11,null,null,null,null,Neutral
140899.0,Reef Manta Ray,Vulnerable,0.0636,130.4084,2014,11,null,null,null,null,Neutral
140899.0,Reef Manta Ray,Vulnerable,-0.2091,130.177,2014,11,null,null,null,null,Neutral
140899.0,Reef Manta Ray,Vulnerable,-0.0758,130.4138,2014,11,null,null,null,null,Neutral
140899.0,Reef Manta Ray,Vulnerable,-0.06960000000000001,130.38240000000002,2014,11,null,null,null,null,Neutral
140899.0,Reef Manta Ray,Vulnerable,-0.0743,130.33520000000001,2014,11,null,null,null,null,Neutral
140899.0,Reef Manta Ray,Vulnerable,0.008700000000000001,130.3288,2014,11,null,null,null,null,Neutral
140899.0,Reef Manta Ray,Vulnerable,0.099,130.3286,2014,11,null,null,null,null,Neutral
140899.0,Reef Manta Ray,Vulnerable,-0.066,130.3985,2014,11,null,null,null,null,Neutral
140899.0,Reef Manta Ray,Vulnerable,-0.2034,130.0967,2014,11,null,null,null,null,Neutral
140899.0,Reef Manta Ray,Vulnerable,-0.199,130.08880000000002,2014,11,null,null,null,null,Neutral
140899.0,Reef Manta Ray,Vulnerable,0.10980000000000001,130.2621,2014,11,null,null,null,null,Neutral
140899.0,Reef Manta Ray,Vulnerable,-0.1605,130.18110000000001,2014,11,null,null,null,null,Neutral
140899.0,Reef Manta Ray,Vulnerable,0.1188,130.2346,2014,11,null,null,null,null,Neutral
140899.0,Reef Manta Ray,Vulnerable,-0.064,130.2786,2014,11,null,null,null,null,Neutral
140899.0,Reef Manta Ray,Vulnerable,-0.056900000000000006,130.296,2014,11,null,null,null,null,Neutral
140899.0,Reef Manta Ray,Vulnerable,-0.23240000000000002,130.1716,2014,11,null,null,null,null,Neutral
140899.0,Reef Manta Ray,Vulnerable,-0.0708,130.36610000000002,2014,11,null,null,null,null,Neutral
140899.0,Reef Manta Ray,Vulnerable,-0.0755,130.32160000000002,2014,11,null,null,null,null,Neutral
140899.0,Reef Manta Ray,Vulnerable,0.009300000000000001,130.3942,2014,11,null,null,null,null,Neutral
140899.0,Reef Manta Ray,Vulnerable,0.0873,130.2767,2014,11,null,null,null,null,Neutral
140899.0,Reef Manta Ray,Vulnerable,0.06720000000000001,130.2696,2014,11,null,null,null,null,Neutral
140899.0,Reef Manta Ray,Vulnerable,0.1032,130.3634,2014,11,null,null,null,null,Neutral
140899.0,Reef Manta Ray,Vulnerable,-0.25270000000000004,130.1809,2014,11,null,null,null,null,Neutral
140899.0,Reef Manta Ray,Vulnerable,0.006200000000000001,130.5327,2014,11,null,null,null,null,Neutral
140899.0,Reef Manta Ray,Vulnerable,0.1028,130.3604,2014,11,null,null,null,null,Neutral
140899.0,Reef Manta Ray,Vulnerable,-0.0204,130.3934,2014,11,null,null,null,null,Neutral
140899.0,Reef Manta Ray,Vulnerable,-0.084,130.3023,2014,11,null,null,null,null,Neutral
140899.0,Reef Manta Ray,Vulnerable,0.0088,130.3449,2014,11,null,null,null,null,Neutral
140899.0,Reef Manta Ray,Vulnerable,-0.0432,130.288,2014,11,null,null,null,null,Neutral
140899.0,Reef Manta Ray,Vulnerable,-0.0758,130.32680000000002,2014,11,null,null,null,null,Neutral
140899.0,Reef Manta Ray,Vulnerable,-0.20220000000000002,130.1194,2014,11,null,null,null,null,Neutral
140899.0,Reef Manta Ray,Vulnerable,0.0212,130.508,2014,11,null,null,null,null,Neutral
140899.0,Reef Manta Ray,Vulnerable,0.061900000000000004,130.63920000000002,2014,11,null,null,null,null,Neutral
140899.0,Reef Manta Ray,Vulnerable,0.0212,130.4506,2014,11,null,null,null,null,Neutral
140899.0,Reef Manta Ray,Vulnerable,-0.0616,130.3323,2014,11,null,null,null,null,Neutral
140899.0,Reef Manta Ray,Vulnerable,-0.0538,130.3808,2014,11,null,null,null,null,Neutral
140899.0,Reef Manta Ray,Vulnerable,0.0152,130.5881,2014,11,null,null,null,null,Neutral
140899.0,Reef Manta Ray,Vulnerable,-0.0118,130.5898,2014,11,null,null,null,null,Neutral
140899.0,Reef Manta Ray,Vulnerable,-0.2023,130.0976,2014,11,null,null,null,null,Neutral
140899.0,Reef Manta Ray,Vulnerable,0.0241,130.4872,2014,11,null,null,null,null,Neutral
140899.0,Reef Manta Ray,Vulnerable,-0.0606,130.30790000000002,2014,11,null,null,null,null,Neutral
140899.0,Reef Manta Ray,Vulnerable,-0.07060000000000001,130.3322,2014,11,null,null,null,null,Neutral
140899.0,Reef Manta Ray,Vulnerable,0.0262,130.6594,2014,11,null,null,null,null,Neutral
140899.0,Reef Manta Ray,Vulnerable,-0.0648,130.3731,2014,11,null,null,null,null,Neutral
140899.0,Reef Manta Ray,Vulnerable,-0.0731,130.369,2014,11,null,null,null,null,Neutral
140899.0,Reef Manta Ray,Vulnerable,-0.060200000000000004,130.3416,2014,11,null,null,null,null,Neutral
140899.0,Reef Manta Ray,Vulnerable,0.051000000000000004,130.4228,2014,11,null,null,null,null,Neutral
140899.0,Reef Manta Ray,Vulnerable,-0.07250000000000001,130.2927,2014,11,null,null,null,null,Neutral
140899.0,Reef Manta Ray,Vulnerable,-0.0804,130.3228,2014,11,null,null,null,null,Neutral
140899.0,Reef Manta Ray,Vulnerable,-0.020300000000000002,130.3881,2014,11,null,null,null,null,Neutral
140899.0,Reef Manta Ray,Vulnerable,-0.1915,130.1318,2014,11,null,null,null,null,Neutral
140899.0,Reef Manta Ray,Vulnerable,-0.0648,130.4308,2014,11,null,null,null,null,Neutral
140899.0,Reef Manta Ray,Vulnerable,0.0789,130.40120000000002,2014,11,null,null,null,null,Neutral
140899.0,Reef Manta Ray,Vulnerable,0.0936,130.25,2014,11,null,null,null,null,Neutral
140899.0,Reef Manta Ray,Vulnerable,-0.0666,130.2795,2014,11,null,null,null,null,Neutral
140899.0,Reef Manta Ray,Vulnerable,0.0296,130.6771,2014,11,null,null,null,null,Neutral
140899.0,Reef Manta Ray,Vulnerable,-0.08560000000000001,130.3023,2014,11,null,null,null,null,Neutral
140899.0,Reef Manta Ray,Vulnerable,-0.0609,130.3089,2014,11,null,null,null,null,Neutral
140899.0,Reef Manta Ray,Vulnerable,0.016300000000000002,130.5795,2014,11,null,null,null,null,Neutral
140899.0,Reef Manta Ray,Vulnerable,-0.0176,130.3615,2014,11,null,null,null,null,Neutral
140899.0,Reef Manta Ray,Vulnerable,-0.062,130.4193,2014,11,null,null,null,null,Neutral
140899.0,Reef Manta Ray,Vulnerable,-0.0747,130.3265,2014,11,null,null,null,null,Neutral
140899.0,Reef Manta Ray,Vulnerable,-0.061200000000000004,130.3665,2014,11,null,null,null,null,Neutral
140899.0,Reef Manta Ray,Vulnerable,0.0142,130.3902,2014,11,null,null,null,null,Neutral
140899.0,Reef Manta Ray,Vulnerable,0.0867,130.6354,2014,11,null,null,null,null,Neutral
140899.0,Reef Manta Ray,Vulnerable,-0.0539,130.38830000000002,2014,11,null,null,null,null,Neutral
140899.0,Reef Manta Ray,Vulnerable,-0.0195,130.51420000000002,2014,11,null,null,null,null,Neutral
140899.0,Reef Manta Ray,Vulnerable,-0.0771,130.3153,2014,11,null,null,null,null,Neutral
140899.0,Reef Manta Ray,Vulnerable,0.0317,130.4504,2014,12,null,null,null,null,Neutral
140899.0,Reef Manta Ray,Vulnerable,0.0307,130.64770000000001,2014,12,null,null,null,null,Neutral
140899.0,Reef Manta Ray,Vulnerable,-0.0152,130.4165,2014,12,null,null,null,null,Neutral
140899.0,Reef Manta Ray,Vulnerable,0.0393,130.4319,2014,12,null,null,null,null,Neutral
140899.0,Reef Manta Ray,Vulnerable,0.07640000000000001,130.62640000000002,2014,12,null,null,null,null,Neutral
140899.0,Reef Manta Ray,Vulnerable,0.025,130.567,2014,12,null,null,null,null,Neutral
140899.0,Reef Manta Ray,Vulnerable,0.0279,130.5474,2014,12,null,null,null,null,Neutral
140899.0,Reef Manta Ray,Vulnerable,0.037,130.4298,2014,12,null,null,null,null,Neutral
140899.0,Reef Manta Ray,Vulnerable,0.077,130.644,2014,12,null,null,null,null,Neutral
140899.0,Reef Manta Ray,Vulnerable,-0.0056,130.4784,2014,12,null,null,null,null,Neutral
140899.0,Reef Manta Ray,Vulnerable,0.0044,130.3958,2014,12,null,null,null,null,Neutral
140899.0,Reef Manta Ray,Vulnerable,0.0142,130.4031,2014,12,null,null,null,null,Neutral
140899.0,Reef Manta Ray,Vulnerable,0.02,130.6466,2014,12,null,null,null,null,Neutral
140899.0,Reef Manta Ray,Vulnerable,0.0317,130.5994,2014,12,null,null,null,null,Neutral
140899.0,Reef Manta Ray,Vulnerable,0.042100000000000005,130.46370000000002,2014,12,null,null,null,null,Neutral
140899.0,Reef Manta Ray,Vulnerable,0.0618,130.4581,2014,12,null,null,null,null,Neutral
140899.0,Reef Manta Ray,Vulnerable,0.0129,130.4005,2014,12,null,null,null,null,Neutral
140899.0,Reef Manta Ray,Vulnerable,0.0463,130.5481,2014,12,null,null,null,null,Neutral
140899.0,Reef Manta Ray,Vulnerable,-0.0446,130.3965,2014,12,null,null,null,null,Neutral
140899.0,Reef Manta Ray,Vulnerable,0.0193,130.379,2014,12,null,null,null,null,Neutral
140899.0,Reef Manta Ray,Vulnerable,0.1028,130.5106,2014,12,null,null,null,null,Neutral
140899.0,Reef Manta Ray,Vulnerable,0.0838,130.66150000000002,2014,12,null,null,null,null,Neutral
140899.0,Reef Manta Ray,Vulnerable,0.0142,130.4023,2014,12,null,null,null,null,Neutral
140899.0,Reef Manta Ray,Vulnerable,0.040100000000000004,130.4307,2014,12,null,null,null,null,Neutral
140899.0,Reef Manta Ray,Vulnerable,-0.0444,130.39870000000002,2014,12,null,null,null,null,Neutral
140899.0,Reef Manta Ray,Vulnerable,-0.008,130.474,2014,12,null,null,null,null,Neutral
140899.0,Reef Manta Ray,Vulnerable,0.0369,130.5711,2014,12,null,null,null,null,Neutral
140899.0,Reef Manta Ray,Vulnerable,0.0258,130.4323,2014,12,null,null,null,null,Neutral
140899.0,Reef Manta Ray,Vulnerable,0.062400000000000004,130.67010000000002,2014,12,null,null,null,null,Neutral
140899.0,Reef Manta Ray,Vulnerable,0.0267,130.4566,2014,12,null,null,null,null,Neutral
140900.0,Reef Manta Ray,Vulnerable,-8.9966,116.3643,2014,9,26.25,0.0,0.0,No Stress,Neutral
140900.0,Reef Manta Ray,Vulnerable,-8.9663,116.2526,2014,9,26.25,0.0,0.0,No Stress,Neutral
140900.0,Reef Manta Ray,Vulnerable,-8.9598,116.3966,2014,9,26.25,0.0,0.0,No Stress,Neutral
140900.0,Reef Manta Ray,Vulnerable,-8.7959,115.5261,2014,9,26.400000000000002,0.0,0.0,No Stress,Neutral
140900.0,Reef Manta Ray,Vulnerable,-8.9304,116.32690000000001,2014,9,26.25,0.0,0.0,No Stress,Neutral
140900.0,Reef Manta Ray,Vulnerable,-8.9291,116.4783,2014,9,26.25,0.0,0.0,No Stress,Neutral
140900.0,Reef Manta Ray,Vulnerable,-8.9273,116.46470000000001,2014,9,26.25,0.0,0.0,No Stress,Neutral
140900.0,Reef Manta Ray,Vulnerable,-8.9496,116.327,2014,9,26.25,0.0,0.0,No Stress,Neutral
140900.0,Reef Manta Ray,Vulnerable,-8.9412,116.4868,2014,9,26.25,0.0,0.0,No Stress,Neutral
140900.0,Reef Manta Ray,Vulnerable,-8.9999,116.3662,2014,9,26.25,0.0,0.0,No Stress,Neutral
140900.0,Reef Manta Ray,Vulnerable,-9.0192,116.34660000000001,2014,9,26.25,0.0,0.0,No Stress,Neutral
140900.0,Reef Manta Ray,Vulnerable,-8.8061,115.5604,2014,10,27.11,0.0,0.0,No Stress,Neutral
140900.0,Reef Manta Ray,Vulnerable,-8.806700000000001,115.55730000000001,2014,10,27.11,0.0,0.0,No Stress,Neutral
140900.0,Reef Manta Ray,Vulnerable,-8.8001,115.543,2014,10,27.11,0.0,0.0,No Stress,Neutral
140900.0,Reef Manta Ray,Vulnerable,-8.857,115.47550000000001,2014,10,27.11,0.0,0.0,No Stress,Neutral
140900.0,Reef Manta Ray,Vulnerable,-8.8336,115.22290000000001,2014,10,26.51,0.0,0.0,No Stress,Neutral
140900.0,Reef Manta Ray,Vulnerable,-8.811,115.33460000000001,2014,10,26.51,0.0,0.0,No Stress,Neutral
140900.0,Reef Manta Ray,Vulnerable,-8.8686,115.282,2014,10,26.51,0.0,0.0,No Stress,Neutral
140900.0,Reef Manta Ray,Vulnerable,-8.7908,115.52210000000001,2014,10,27.11,0.0,0.0,No Stress,Neutral
140900.0,Reef Manta Ray,Vulnerable,-8.801300000000001,115.54050000000001,2014,10,27.11,0.0,0.0,No Stress,Neutral
140900.0,Reef Manta Ray,Vulnerable,-8.7904,115.2634,2014,10,26.51,0.0,0.0,No Stress,Neutral
140900.0,Reef Manta Ray,Vulnerable,-8.8347,115.2279,2014,10,26.51,0.0,0.0,No Stress,Neutral
140900.0,Reef Manta Ray,Vulnerable,-8.8053,115.54490000000001,2014,10,27.11,0.0,0.0,No Stress,Neutral
140900.0,Reef Manta Ray,Vulnerable,-8.7803,115.2894,2014,10,26.51,0.0,0.0,No Stress,Neutral
140900.0,Reef Manta Ray,Vulnerable,-8.7886,115.3211,2014,10,26.51,0.0,0.0,No Stress,Neutral
140900.0,Reef Manta Ray,Vulnerable,-8.8287,115.47340000000001,2014,10,27.11,0.0,0.0,No Stress,Neutral
140900.0,Reef Manta Ray,Vulnerable,-8.7463,115.45110000000001,2014,10,27.11,0.0,0.0,No Stress,Neutral
140900.0,Reef Manta Ray,Vulnerable,-8.8055,115.5381,2014,10,27.11,0.0,0.0,No Stress,Neutral
140900.0,Reef Manta Ray,Vulnerable,-8.8442,115.9111,2014,11,29.05,0.0,0.0,Watch,Neutral
140900.0,Reef Manta Ray,Vulnerable,-8.8438,115.9122,2014,11,29.05,0.0,0.0,Watch,Neutral
140900.0,Reef Manta Ray,Vulnerable,-8.9303,116.33720000000001,2014,11,28.98,0.0,0.0,Watch,Neutral
140900.0,Reef Manta Ray,Vulnerable,-8.9542,116.34270000000001,2014,11,28.98,0.0,0.0,Watch,Neutral
140900.0,Reef Manta Ray,Vulnerable,-8.8066,115.5297,2014,11,28.8,0.0,0.0,Watch,Neutral
140900.0,Reef Manta Ray,Vulnerable,-8.954,116.343,2014,11,28.98,0.0,0.0,Watch,Neutral
140900.0,Reef Manta Ray,Vulnerable,-8.913,116.2852,2014,11,28.98,0.0,0.0,Watch,Neutral
140900.0,Reef Manta Ray,Vulnerable,-8.844,115.91260000000001,2014,11,29.05,0.0,0.0,Watch,Neutral
140902.0,Reef Manta Ray,Vulnerable,-0.1395,130.12630000000001,2014,10,null,null,null,null,Neutral
140902.0,Reef Manta Ray,Vulnerable,-0.0419,130.24030000000002,2014,10,null,null,null,null,Neutral
140902.0,Reef Manta Ray,Vulnerable,0.0911,130.1116,2014,10,null,null,null,null,Neutral
140902.0,Reef Manta Ray,Vulnerable,-0.0465,130.2389,2014,10,null,null,null,null,Neutral
140902.0,Reef Manta Ray,Vulnerable,-0.1393,130.1227,2014,10,null,null,null,null,Neutral
140902.0,Reef Manta Ray,Vulnerable,-0.13920000000000002,130.1236,2014,10,null,null,null,null,Neutral
140902.0,Reef Manta Ray,Vulnerable,0.0656,130.0832,2014,10,null,null,null,null,Neutral
140902.0,Reef Manta Ray,Vulnerable,-0.147,130.1454,2014,10,null,null,null,null,Neutral
140902.0,Reef Manta Ray,Vulnerable,-0.0504,130.1793,2014,10,null,null,null,null,Neutral
140902.0,Reef Manta Ray,Vulnerable,-0.14930000000000002,130.11870000000002,2014,10,null,null,null,null,Neutral
140902.0,Reef Manta Ray,Vulnerable,0.0534,130.04510000000002,2014,10,null,null,null,null,Neutral
140902.0,Reef Manta Ray,Vulnerable,-0.1389,130.12630000000001,2014,10,null,null,null,null,Neutral
140902.0,Reef Manta Ray,Vulnerable,-0.14020000000000002,130.12380000000002,2014,10,null,null,null,null,Neutral
140902.0,Reef Manta Ray,Vulnerable,-0.1484,130.1202,2014,10,null,null,null,null,Neutral
140902.0,Reef Manta Ray,Vulnerable,-0.1444,130.094,2014,10,null,null,null,null,Neutral
140902.0,Reef Manta Ray,Vulnerable,0.028900000000000002,130.1643,2014,10,null,null,null,null,Neutral
140902.0,Reef Manta Ray,Vulnerable,-0.15410000000000001,130.1518,2014,10,null,null,null,null,Neutral
140902.0,Reef Manta Ray,Vulnerable,0.07930000000000001,130.11190000000002,2014,10,null,null,null,null,Neutral
140902.0,Reef Manta Ray,Vulnerable,0.0506,130.0582,2014,10,null,null,null,null,Neutral
140902.0,Reef Manta Ray,Vulnerable,-0.1432,130.0935,2014,10,null,null,null,null,Neutral
140902.0,Reef Manta Ray,Vulnerable,-0.1388,130.1244,2014,10,null,null,null,null,Neutral
140902.0,Reef Manta Ray,Vulnerable,0.051300000000000005,130.1327,2014,10,null,null,null,null,Neutral
140902.0,Reef Manta Ray,Vulnerable,0.0455,130.14350000000002,2014,10,null,null,null,null,Neutral
140902.0,Reef Manta Ray,Vulnerable,-0.1522,130.1549,2014,10,null,null,null,null,Neutral
140902.0,Reef Manta Ray,Vulnerable,-0.1995,130.0867,2014,10,null,null,null,null,Neutral
140902.0,Reef Manta Ray,Vulnerable,-0.1595,130.0987,2014,10,null,null,null,null,Neutral
140902.0,Reef Manta Ray,Vulnerable,-0.1542,130.166,2014,10,null,null,null,null,Neutral
140902.0,Reef Manta Ray,Vulnerable,-0.1812,130.14010000000002,2014,11,null,null,null,null,Neutral
140902.0,Reef Manta Ray,Vulnerable,-0.2025,130.133,2014,11,null,null,null,null,Neutral
140902.0,Reef Manta Ray,Vulnerable,-0.16820000000000002,130.1175,2014,11,null,null,null,null,Neutral
140902.0,Reef Manta Ray,Vulnerable,-0.22240000000000001,130.101,2014,11,null,null,null,null,Neutral
140902.0,Reef Manta Ray,Vulnerable,-0.2553,130.15370000000001,2014,11,null,null,null,null,Neutral
140902.0,Reef Manta Ray,Vulnerable,-0.07010000000000001,130.1852,2014,11,null,null,null,null,Neutral
140902.0,Reef Manta Ray,Vulnerable,-0.20320000000000002,130.1447,2014,11,null,null,null,null,Neutral
140902.0,Reef Manta Ray,Vulnerable,-0.20320000000000002,130.1133,2014,11,null,null,null,null,Neutral
140902.0,Reef Manta Ray,Vulnerable,-0.16690000000000002,130.1592,2014,11,null,null,null,null,Neutral
140902.0,Reef Manta Ray,Vulnerable,-0.20420000000000002,130.13240000000002,2014,11,null,null,null,null,Neutral
140902.0,Reef Manta Ray,Vulnerable,-0.1938,130.1379,2014,11,null,null,null,null,Neutral
140902.0,Reef Manta Ray,Vulnerable,-0.2974,130.2799,2014,11,null,null,null,null,Neutral
140902.0,Reef Manta Ray,Vulnerable,-0.2046,130.1437,2014,11,null,null,null,null,Neutral
140902.0,Reef Manta Ray,Vulnerable,-0.1396,130.1235,2014,11,null,null,null,null,Neutral
140902.0,Reef Manta Ray,Vulnerable,-0.07350000000000001,130.2604,2014,11,null,null,null,null,Neutral
140902.0,Reef Manta Ray,Vulnerable,-0.2149,130.12040000000002,2014,11,null,null,null,null,Neutral
140902.0,Reef Manta Ray,Vulnerable,-0.2273,130.1454,2014,11,null,null,null,null,Neutral
140902.0,Reef Manta Ray,Vulnerable,-0.1647,130.1463,2014,11,null,null,null,null,Neutral
140902.0,Reef Manta Ray,Vulnerable,-0.17,130.1134,2014,11,null,null,null,null,Neutral
140902.0,Reef Manta Ray,Vulnerable,-0.0855,130.2372,2014,11,null,null,null,null,Neutral
140902.0,Reef Manta Ray,Vulnerable,-0.20270000000000002,130.1151,2014,11,null,null,null,null,Neutral
140902.0,Reef Manta Ray,Vulnerable,-0.161,130.123,2014,11,null,null,null,null,Neutral
140902.0,Reef Manta Ray,Vulnerable,-0.1395,130.1234,2014,11,null,null,null,null,Neutral
140902.0,Reef Manta Ray,Vulnerable,-0.1922,130.1189,2014,11,null,null,null,null,Neutral
140902.0,Reef Manta Ray,Vulnerable,-0.14170000000000002,130.12730000000002,2014,11,null,null,null,null,Neutral
140902.0,Reef Manta Ray,Vulnerable,-0.23520000000000002,130.16410000000002,2014,11,null,null,null,null,Neutral
140902.0,Reef Manta Ray,Vulnerable,-0.0703,130.2161,2014,12,null,null,null,null,Neutral
140902.0,Reef Manta Ray,Vulnerable,-0.1741,130.1514,2014,12,null,null,null,null,Neutral
140902.0,Reef Manta Ray,Vulnerable,-0.1885,130.18710000000002,2014,12,null,null,null,null,Neutral
140902.0,Reef Manta Ray,Vulnerable,-0.025400000000000002,130.2596,2014,12,null,null,null,null,Neutral
140902.0,Reef Manta Ray,Vulnerable,-0.0685,130.28740000000002,2014,12,null,null,null,null,Neutral
140902.0,Reef Manta Ray,Vulnerable,-0.1855,130.1942,2014,12,null,null,null,null,Neutral
140902.0,Reef Manta Ray,Vulnerable,-0.051000000000000004,130.281,2014,12,null,null,null,null,Neutral
140902.0,Reef Manta Ray,Vulnerable,-0.1857,130.1944,2014,12,null,null,null,null,Neutral
140902.0,Reef Manta Ray,Vulnerable,-0.0671,130.2158,2014,12,null,null,null,null,Neutral
140902.0,Reef Manta Ray,Vulnerable,-0.0417,130.2855,2014,12,null,null,null,null,Neutral
140902.0,Reef Manta Ray,Vulnerable,-0.0356,130.3341,2014,12,null,null,null,null,Neutral
140902.0,Reef Manta Ray,Vulnerable,-0.0636,130.18970000000002,2014,12,null,null,null,null,Neutral
140902.0,Reef Manta Ray,Vulnerable,-0.0058000000000000005,130.3249,2014,12,null,null,null,null,Neutral
140902.0,Reef Manta Ray,Vulnerable,-0.0119,130.2854,2014,12,null,null,null,null,Neutral
140902.0,Reef Manta Ray,Vulnerable,-0.0334,130.3234,2014,12,null,null,null,null,Neutral
140902.0,Reef Manta Ray,Vulnerable,-0.14930000000000002,130.15470000000002,2014,12,null,null,null,null,Neutral
140902.0,Reef Manta Ray,Vulnerable,-0.0061,130.3171,2014,12,null,null,null,null,Neutral
140902.0,Reef Manta Ray,Vulnerable,-0.048,130.1851,2014,12,null,null,null,null,Neutral
140902.0,Reef Manta Ray,Vulnerable,-0.0068000000000000005,130.349,2014,12,null,null,null,null,Neutral
140902.0,Reef Manta Ray,Vulnerable,-0.181,130.1663,2014,12,null,null,null,null,Neutral
140902.0,Reef Manta Ray,Vulnerable,-0.1393,130.1227,2014,12,null,null,null,null,Neutral
140902.0,Reef Manta Ray,Vulnerable,-0.0495,130.223,2014,12,null,null,null,null,Neutral
140902.0,Reef Manta Ray,Vulnerable,-0.069,130.1847,2014,12,null,null,null,null,Neutral
140902.0,Reef Manta Ray,Vulnerable,-0.1683,130.17090000000002,2014,12,null,null,null,null,Neutral
140902.0,Reef Manta Ray,Vulnerable,-0.022500000000000003,130.2826,2014,12,null,null,null,null,Neutral
140902.0,Reef Manta Ray,Vulnerable,-0.0589,130.285,2014,12,null,null,null,null,Neutral
140902.0,Reef Manta Ray,Vulnerable,-0.022,130.2974,2014,12,null,null,null,null,Neutral
140902.0,Reef Manta Ray,Vulnerable,-0.20320000000000002,130.18210000000002,2014,12,null,null,null,null,Neutral
140902.0,Reef Manta Ray,Vulnerable,-0.0688,130.1851,2014,12,null,null,null,null,Neutral
140902.0,Reef Manta Ray,Vulnerable,-0.06910000000000001,130.1848,2014,12,null,null,null,null,Neutral
140902.0,Reef Manta Ray,Vulnerable,-0.0648,130.2844,2014,12,null,null,null,null,Neutral
140902.0,Reef Manta Ray,Vulnerable,-0.2069,130.1193,2014,12,null,null,null,null,Neutral
140907.0,Reef Manta Ray,Vulnerable,2.0034,118.3721,2015,5,28.98,1.0,1.6,Watch,El Nino
140907.0,Reef Manta Ray,Vulnerable,1.9997,118.40320000000001,2015,5,28.98,1.0,1.6,Watch,El Nino
140907.0,Reef Manta Ray,Vulnerable,2.0971,118.4028,2015,5,28.98,1.0,1.6,Watch,El Nino
140907.0,Reef Manta Ray,Vulnerable,1.9505000000000001,118.45320000000001,2015,5,29.17,0.0,0.29,Watch,El Nino
140907.0,Reef Manta Ray,Vulnerable,1.9916,118.4016,2015,5,28.98,1.0,1.6,Watch,El Nino
140907.0,Reef Manta Ray,Vulnerable,2.0962,118.3994,2015,5,28.98,1.0,1.6,Watch,El Nino
140907.0,Reef Manta Ray,Vulnerable,1.9869,118.41390000000001,2015,5,28.98,1.0,1.6,Watch,El Nino
140907.0,Reef Manta Ray,Vulnerable,1.9217000000000002,118.4431,2015,5,29.17,0.0,0.29,Watch,El Nino
140907.0,Reef Manta Ray,Vulnerable,1.9175,118.4312,2015,5,29.17,0.0,0.29,Watch,El Nino
140907.0,Reef Manta Ray,Vulnerable,2.0979,118.39970000000001,2015,5,28.98,1.0,1.6,Watch,El Nino
140907.0,Reef Manta Ray,Vulnerable,1.9702000000000002,118.434,2015,5,29.17,0.0,0.29,Watch,El Nino
140907.0,Reef Manta Ray,Vulnerable,2.0918,118.3126,2015,5,28.98,1.0,1.6,Watch,El Nino
140907.0,Reef Manta Ray,Vulnerable,1.9218000000000002,118.44030000000001,2015,5,29.17,0.0,0.29,Watch,El Nino
140907.0,Reef Manta Ray,Vulnerable,1.9618,118.3953,2015,5,28.98,1.0,1.6,Watch,El Nino
140907.0,Reef Manta Ray,Vulnerable,1.9801000000000002,118.4505,2015,5,29.17,0.0,0.29,Watch,El Nino
140907.0,Reef Manta Ray,Vulnerable,1.9522000000000002,118.44940000000001,2015,5,29.17,0.0,0.29,Watch,El Nino
140907.0,Reef Manta Ray,Vulnerable,2.1049,118.38090000000001,2015,5,28.98,1.0,1.6,Watch,El Nino
140907.0,Reef Manta Ray,Vulnerable,1.9956,118.4388,2015,5,29.17,0.0,0.29,Watch,El Nino
140907.0,Reef Manta Ray,Vulnerable,2.0952,118.402,2015,5,28.98,1.0,1.6,Watch,El Nino
140907.0,Reef Manta Ray,Vulnerable,2.0808,118.3585,2015,5,28.98,1.0,1.6,Watch,El Nino
140907.0,Reef Manta Ray,Vulnerable,2.0423,118.3806,2015,5,28.98,1.0,1.6,Watch,El Nino
140907.0,Reef Manta Ray,Vulnerable,1.9982000000000002,118.408,2015,5,28.98,1.0,1.6,Watch,El Nino
140907.0,Reef Manta Ray,Vulnerable,1.9993,118.358,2015,5,28.98,1.0,1.6,Watch,El Nino
140907.0,Reef Manta Ray,Vulnerable,2.0002,118.4041,2015,5,28.98,1.0,1.6,Watch,El Nino
140907.0,Reef Manta Ray,Vulnerable,2.0136000000000003,118.3144,2015,5,28.98,1.0,1.6,Watch,El Nino
140907.0,Reef Manta Ray,Vulnerable,1.9969000000000001,118.35860000000001,2015,5,28.98,1.0,1.6,Watch,El Nino
140907.0,Reef Manta Ray,Vulnerable,2.0823,118.318,2015,5,28.98,1.0,1.6,Watch,El Nino
140907.0,Reef Manta Ray,Vulnerable,2.0166,118.3392,2015,5,28.98,1.0,1.6,Watch,El Nino
140907.0,Reef Manta Ray,Vulnerable,2.0957,118.3991,2015,5,28.98,1.0,1.6,Watch,El Nino
140907.0,Reef Manta Ray,Vulnerable,2.1048,118.34620000000001,2015,5,28.98,1.0,1.6,Watch,El Nino
140907.0,Reef Manta Ray,Vulnerable,2.0796,118.2868,2015,5,28.98,1.0,1.6,Watch,El Nino
140907.0,Reef Manta Ray,Vulnerable,1.9996,118.37020000000001,2015,5,28.98,1.0,1.6,Watch,El Nino
140907.0,Reef Manta Ray,Vulnerable,2.0669,118.34440000000001,2015,5,28.98,1.0,1.6,Watch,El Nino
140907.0,Reef Manta Ray,Vulnerable,2.0058000000000002,118.30730000000001,2015,5,28.98,1.0,1.6,Watch,El Nino
140907.0,Reef Manta Ray,Vulnerable,2.0946000000000002,118.4017,2015,5,28.98,1.0,1.6,Watch,El Nino
140907.0,Reef Manta Ray,Vulnerable,1.9311,118.4559,2015,5,29.17,0.0,0.29,Watch,El Nino
140907.0,Reef Manta Ray,Vulnerable,1.9277000000000002,118.4501,2015,5,29.17,0.0,0.29,Watch,El Nino
140907.0,Reef Manta Ray,Vulnerable,2.0794,118.4037,2015,5,28.98,1.0,1.6,Watch,El Nino
140907.0,Reef Manta Ray,Vulnerable,1.3429,118.76480000000001,2015,6,29.23,0.0,0.5700000000000001,Watch,El Nino
140907.0,Reef Manta Ray,Vulnerable,1.3181,118.8044,2015,6,29.23,0.0,0.5700000000000001,Watch,El Nino
140907.0,Reef Manta Ray,Vulnerable,1.7416,118.5827,2015,6,29.38,0.0,2.0300000000000002,Watch,El Nino
140907.0,Reef Manta Ray,Vulnerable,1.7468000000000001,118.55560000000001,2015,6,29.38,0.0,2.0300000000000002,Watch,El Nino
140907.0,Reef Manta Ray,Vulnerable,1.7518,118.5565,2015,6,29.38,0.0,2.0300000000000002,Watch,El Nino
140907.0,Reef Manta Ray,Vulnerable,1.3989,118.68230000000001,2015,6,29.17,0.0,0.5700000000000001,Watch,El Nino
140907.0,Reef Manta Ray,Vulnerable,1.4695,118.6892,2015,6,29.07,0.0,0.44,Watch,El Nino
140907.0,Reef Manta Ray,Vulnerable,1.4006,118.7128,2015,6,29.07,0.0,0.44,Watch,El Nino
140907.0,Reef Manta Ray,Vulnerable,1.3985,118.7167,2015,6,29.07,0.0,0.44,Watch,El Nino
140907.0,Reef Manta Ray,Vulnerable,1.7427000000000001,118.58800000000001,2015,6,29.07,0.0,0.44,Watch,El Nino
140907.0,Reef Manta Ray,Vulnerable,1.4853,118.6966,2015,6,29.07,0.0,0.44,Watch,El Nino
140907.0,Reef Manta Ray,Vulnerable,1.3961000000000001,118.7137,2015,6,29.07,0.0,0.44,Watch,El Nino
140907.0,Reef Manta Ray,Vulnerable,2.0785,118.3247,2015,6,29.76,0.0,2.0300000000000002,Watch,El Nino
140907.0,Reef Manta Ray,Vulnerable,1.7118,118.5973,2015,6,29.07,0.0,0.44,Watch,El Nino
140907.0,Reef Manta Ray,Vulnerable,1.3712,118.73450000000001,2015,6,29.07,0.0,0.44,Watch,El Nino
140907.0,Reef Manta Ray,Vulnerable,1.6731,118.6045,2015,6,29.07,0.0,0.44,Watch,El Nino
140907.0,Reef Manta Ray,Vulnerable,1.3871,118.9063,2015,6,29.23,0.0,0.5700000000000001,Watch,El Nino
140907.0,Reef Manta Ray,Vulnerable,1.3396000000000001,118.7681,2015,6,29.23,0.0,0.5700000000000001,Watch,El Nino
140907.0,Reef Manta Ray,Vulnerable,1.7456,118.52350000000001,2015,6,29.38,0.0,2.0300000000000002,Watch,El Nino
140907.0,Reef Manta Ray,Vulnerable,1.3328,118.78030000000001,2015,6,29.23,0.0,0.5700000000000001,Watch,El Nino
140907.0,Reef Manta Ray,Vulnerable,1.324,118.783,2015,6,29.23,0.0,0.5700000000000001,Watch,El Nino
140907.0,Reef Manta Ray,Vulnerable,1.4157,118.6712,2015,6,29.17,0.0,0.5700000000000001,Watch,El Nino
140907.0,Reef Manta Ray,Vulnerable,1.3909,118.6961,2015,6,29.17,0.0,0.5700000000000001,Watch,El Nino
140907.0,Reef Manta Ray,Vulnerable,1.391,118.6798,2015,6,29.17,0.0,0.5700000000000001,Watch,El Nino
140907.0,Reef Manta Ray,Vulnerable,1.7785000000000002,118.5712,2015,6,28.97,0.0,0.44,Watch,El Nino
140907.0,Reef Manta Ray,Vulnerable,1.3856000000000002,118.693,2015,6,29.17,0.0,0.5700000000000001,Watch,El Nino
140907.0,Reef Manta Ray,Vulnerable,1.321,118.7823,2015,6,29.23,0.0,0.5700000000000001,Watch,El Nino
140907.0,Reef Manta Ray,Vulnerable,1.4083,118.68520000000001,2015,6,29.17,0.0,0.5700000000000001,Watch,El Nino
140907.0,Reef Manta Ray,Vulnerable,1.4079000000000002,118.91590000000001,2015,6,29.23,0.0,0.5700000000000001,Watch,El Nino
140907.0,Reef Manta Ray,Vulnerable,1.4198000000000002,118.6877,2015,6,29.07,0.0,0.44,Watch,El Nino
140907.0,Reef Manta Ray,Vulnerable,1.4001000000000001,118.6922,2015,6,29.17,0.0,0.5700000000000001,Watch,El Nino
140907.0,Reef Manta Ray,Vulnerable,1.3166,118.7223,2015,6,29.17,0.0,0.5700000000000001,Watch,El Nino
140907.0,Reef Manta Ray,Vulnerable,1.3337,118.77130000000001,2015,6,29.23,0.0,0.5700000000000001,Watch,El Nino
140907.0,Reef Manta Ray,Vulnerable,1.4064,118.70540000000001,2015,6,29.07,0.0,0.44,Watch,El Nino
140907.0,Reef Manta Ray,Vulnerable,2.0663,118.38350000000001,2015,6,29.76,0.0,2.0300000000000002,Watch,El Nino
140907.0,Reef Manta Ray,Vulnerable,1.9827000000000001,118.3979,2015,6,29.76,0.0,2.0300000000000002,Watch,El Nino
140907.0,Reef Manta Ray,Vulnerable,1.4063,118.6991,2015,6,29.07,0.0,0.44,Watch,El Nino
140907.0,Reef Manta Ray,Vulnerable,2.074,118.3298,2015,6,29.76,0.0,2.0300000000000002,Watch,El Nino
140907.0,Reef Manta Ray,Vulnerable,1.8669,118.5108,2015,6,28.97,0.0,0.44,Watch,El Nino
140907.0,Reef Manta Ray,Vulnerable,1.3147,118.79050000000001,2015,6,29.23,0.0,0.5700000000000001,Watch,El Nino
140907.0,Reef Manta Ray,Vulnerable,1.8384,118.5335,2015,6,28.97,0.0,0.44,Watch,El Nino
140907.0,Reef Manta Ray,Vulnerable,1.8212000000000002,118.54560000000001,2015,6,28.97,0.0,0.44,Watch,El Nino
140907.0,Reef Manta Ray,Vulnerable,1.7974,118.5544,2015,6,28.97,0.0,0.44,Watch,El Nino
140907.0,Reef Manta Ray,Vulnerable,1.8451000000000002,118.55810000000001,2015,6,28.97,0.0,0.44,Watch,El Nino
140907.0,Reef Manta Ray,Vulnerable,1.8979000000000001,118.4946,2015,6,28.97,0.0,0.44,Watch,El Nino
140907.0,Reef Manta Ray,Vulnerable,1.8968,118.5536,2015,6,28.97,0.0,0.44,Watch,El Nino
140907.0,Reef Manta Ray,Vulnerable,1.351,118.738,2015,6,29.23,0.0,0.5700000000000001,Watch,El Nino
140907.0,Reef Manta Ray,Vulnerable,1.7868000000000002,118.5635,2015,6,28.97,0.0,0.44,Watch,El Nino
140907.0,Reef Manta Ray,Vulnerable,1.915,118.5532,2015,6,28.97,0.0,0.44,Watch,El Nino
140907.0,Reef Manta Ray,Vulnerable,1.9935,118.3707,2015,7,27.96,1.0,0.88,Watch,El Nino
140907.0,Reef Manta Ray,Vulnerable,2.0584000000000002,118.48710000000001,2015,7,27.84,0.0,0.19,Watch,El Nino
140907.0,Reef Manta Ray,Vulnerable,2.0248,118.49210000000001,2015,7,27.84,0.0,0.19,Watch,El Nino
140907.0,Reef Manta Ray,Vulnerable,1.913,118.42960000000001,2015,7,27.84,0.0,0.19,Watch,El Nino
140907.0,Reef Manta Ray,Vulnerable,1.9834,118.27050000000001,2015,7,27.96,1.0,0.88,Watch,El Nino
140907.0,Reef Manta Ray,Vulnerable,2.025,118.4941,2015,7,27.84,0.0,0.19,Watch,El Nino
140907.0,Reef Manta Ray,Vulnerable,1.9843000000000002,118.37060000000001,2015,7,27.96,1.0,0.88,Watch,El Nino
140907.0,Reef Manta Ray,Vulnerable,1.9235,118.477,2015,7,27.84,0.0,0.19,Watch,El Nino
140907.0,Reef Manta Ray,Vulnerable,1.5721,118.6256,2015,7,27.67,0.0,0.19,Watch,El Nino
140907.0,Reef Manta Ray,Vulnerable,2.0052000000000003,118.37410000000001,2015,7,27.96,1.0,0.88,Watch,El Nino
140907.0,Reef Manta Ray,Vulnerable,2.005,118.505,2015,7,27.84,0.0,0.19,Watch,El Nino
140907.0,Reef Manta Ray,Vulnerable,2.0772,118.43560000000001,2015,7,27.84,0.0,0.19,Watch,El Nino
140907.0,Reef Manta Ray,Vulnerable,2.1039,118.4295,2015,7,27.96,1.0,0.88,Watch,El Nino
140907.0,Reef Manta Ray,Vulnerable,2.0097,118.3949,2015,7,27.96,1.0,0.88,Watch,El Nino
140907.0,Reef Manta Ray,Vulnerable,2.1167000000000002,118.39450000000001,2015,7,27.96,1.0,0.88,Watch,El Nino
140907.0,Reef Manta Ray,Vulnerable,2.0067,118.3948,2015,7,27.96,1.0,0.88,Watch,El Nino
140907.0,Reef Manta Ray,Vulnerable,2.0553,118.3173,2015,7,27.96,1.0,0.88,Watch,El Nino
140907.0,Reef Manta Ray,Vulnerable,1.9914,118.26750000000001,2015,7,27.96,1.0,0.88,Watch,El Nino
140907.0,Reef Manta Ray,Vulnerable,2.0041,118.3687,2015,7,27.96,1.0,0.88,Watch,El Nino
140907.0,Reef Manta Ray,Vulnerable,1.9895,118.3341,2015,7,27.96,1.0,0.88,Watch,El Nino
140907.0,Reef Manta Ray,Vulnerable,1.9862000000000002,118.2639,2015,7,27.96,1.0,0.88,Watch,El Nino
140907.0,Reef Manta Ray,Vulnerable,2.0352,118.48010000000001,2015,7,27.84,0.0,0.19,Watch,El Nino
140907.0,Reef Manta Ray,Vulnerable,2.0069,118.3101,2015,7,27.96,1.0,0.88,Watch,El Nino
140907.0,Reef Manta Ray,Vulnerable,2.025,118.5177,2015,7,27.84,0.0,0.19,Watch,El Nino
140907.0,Reef Manta Ray,Vulnerable,2.0712,118.4544,2015,7,27.84,0.0,0.19,Watch,El Nino
140907.0,Reef Manta Ray,Vulnerable,2.0874,118.5052,2015,7,27.84,0.0,0.19,Watch,El Nino
140907.0,Reef Manta Ray,Vulnerable,2.064,118.47680000000001,2015,7,27.84,0.0,0.19,Watch,El Nino
140907.0,Reef Manta Ray,Vulnerable,2.0606,118.46690000000001,2015,7,27.84,0.0,0.19,Watch,El Nino
140907.0,Reef Manta Ray,Vulnerable,2.0823,118.4972,2015,7,27.84,0.0,0.19,Watch,El Nino
140907.0,Reef Manta Ray,Vulnerable,1.9842000000000002,118.42960000000001,2015,7,27.84,0.0,0.19,Watch,El Nino
140907.0,Reef Manta Ray,Vulnerable,2.0228,118.4988,2015,7,27.84,0.0,0.19,Watch,El Nino
140907.0,Reef Manta Ray,Vulnerable,2.0535,118.4017,2015,7,27.96,1.0,0.88,Watch,El Nino
140907.0,Reef Manta Ray,Vulnerable,1.8941000000000001,118.4298,2015,7,27.84,0.0,0.19,Watch,El Nino
140907.0,Reef Manta Ray,Vulnerable,1.9867000000000001,118.5322,2015,7,27.84,0.0,0.19,Watch,El Nino
140907.0,Reef Manta Ray,Vulnerable,1.9918,118.38680000000001,2015,7,27.96,1.0,0.88,Watch,El Nino
140907.0,Reef Manta Ray,Vulnerable,2.0817,118.449,2015,7,27.84,0.0,0.19,Watch,El Nino
140907.0,Reef Manta Ray,Vulnerable,1.9656,118.3486,2015,7,27.96,1.0,0.88,Watch,El Nino
140907.0,Reef Manta Ray,Vulnerable,1.9569,118.45190000000001,2015,7,27.84,0.0,0.19,Watch,El Nino
140907.0,Reef Manta Ray,Vulnerable,2.0688,118.47290000000001,2015,7,27.84,0.0,0.19,Watch,El Nino
140907.0,Reef Manta Ray,Vulnerable,2.0282,118.49310000000001,2015,7,27.84,0.0,0.19,Watch,El Nino
140907.0,Reef Manta Ray,Vulnerable,1.9526000000000001,118.4638,2015,7,27.84,0.0,0.19,Watch,El Nino
140907.0,Reef Manta Ray,Vulnerable,1.9857,118.34530000000001,2015,7,27.96,1.0,0.88,Watch,El Nino
140907.0,Reef Manta Ray,Vulnerable,2.0826000000000002,118.5048,2015,7,27.84,0.0,0.19,Watch,El Nino
140907.0,Reef Manta Ray,Vulnerable,1.6084,118.6117,2015,7,27.67,0.0,0.19,Watch,El Nino
140907.0,Reef Manta Ray,Vulnerable,2.0744000000000002,118.46610000000001,2015,7,27.84,0.0,0.19,Watch,El Nino
140907.0,Reef Manta Ray,Vulnerable,1.5459,118.6299,2015,7,27.67,0.0,0.19,Watch,El Nino
140907.0,Reef Manta Ray,Vulnerable,2.0,118.34660000000001,2015,7,27.96,1.0,0.88,Watch,El Nino
140907.0,Reef Manta Ray,Vulnerable,2.0603000000000002,118.4834,2015,7,27.84,0.0,0.19,Watch,El Nino
140907.0,Reef Manta Ray,Vulnerable,2.0285,118.5,2015,7,27.84,0.0,0.19,Watch,El Nino
140907.0,Reef Manta Ray,Vulnerable,2.0237000000000003,118.4929,2015,7,27.84,0.0,0.19,Watch,El Nino
140907.0,Reef Manta Ray,Vulnerable,2.0577,118.4757,2015,7,27.84,0.0,0.19,Watch,El Nino
140907.0,Reef Manta Ray,Vulnerable,2.1163000000000003,118.40020000000001,2015,7,27.96,1.0,0.88,Watch,El Nino
140907.0,Reef Manta Ray,Vulnerable,1.9823000000000002,118.346,2015,7,27.96,1.0,0.88,Watch,El Nino
140907.0,Reef Manta Ray,Vulnerable,1.9824000000000002,118.2607,2015,7,27.96,1.0,0.88,Watch,El Nino
140907.0,Reef Manta Ray,Vulnerable,1.952,118.3601,2015,7,27.96,1.0,0.88,Watch,El Nino
140907.0,Reef Manta Ray,Vulnerable,1.9479000000000002,118.38730000000001,2015,7,27.96,1.0,0.88,Watch,El Nino
140907.0,Reef Manta Ray,Vulnerable,2.1187,118.3974,2015,7,27.96,1.0,0.88,Watch,El Nino
140907.0,Reef Manta Ray,Vulnerable,1.999,118.39970000000001,2015,7,27.96,1.0,0.88,Watch,El Nino
140907.0,Reef Manta Ray,Vulnerable,2.0185,118.394,2015,7,27.96,1.0,0.88,Watch,El Nino
140907.0,Reef Manta Ray,Vulnerable,1.9934,118.29060000000001,2015,7,27.96,1.0,0.88,Watch,El Nino
140907.0,Reef Manta Ray,Vulnerable,2.1343,118.3861,2015,7,27.96,1.0,0.88,Watch,El Nino
140907.0,Reef Manta Ray,Vulnerable,2.0663,118.37230000000001,2015,7,27.96,1.0,0.88,Watch,El Nino
140907.0,Reef Manta Ray,Vulnerable,2.109,118.42880000000001,2015,7,27.96,1.0,0.88,Watch,El Nino
140907.0,Reef Manta Ray,Vulnerable,2.1103,118.422,2015,7,27.96,1.0,0.88,Watch,El Nino
140907.0,Reef Manta Ray,Vulnerable,1.998,118.3494,2015,7,27.96,1.0,0.88,Watch,El Nino
140907.0,Reef Manta Ray,Vulnerable,2.1348000000000003,118.388,2015,7,27.96,1.0,0.88,Watch,El Nino
140907.0,Reef Manta Ray,Vulnerable,2.0681000000000003,118.3803,2015,7,27.96,1.0,0.88,Watch,El Nino
140907.0,Reef Manta Ray,Vulnerable,2.1069,118.4105,2015,7,27.96,1.0,0.88,Watch,El Nino
140907.0,Reef Manta Ray,Vulnerable,1.9905000000000002,118.31240000000001,2015,7,27.96,1.0,0.88,Watch,El Nino
140907.0,Reef Manta Ray,Vulnerable,1.9895,118.27220000000001,2015,7,27.96,1.0,0.88,Watch,El Nino
140907.0,Reef Manta Ray,Vulnerable,1.9447,118.36,2015,7,27.96,1.0,0.88,Watch,El Nino
140907.0,Reef Manta Ray,Vulnerable,1.9851,118.3493,2015,7,27.96,1.0,0.88,Watch,El Nino
140907.0,Reef Manta Ray,Vulnerable,1.9926000000000001,118.291,2015,7,27.96,1.0,0.88,Watch,El Nino
140907.0,Reef Manta Ray,Vulnerable,1.9967000000000001,118.31370000000001,2015,7,27.96,1.0,0.88,Watch,El Nino
140907.0,Reef Manta Ray,Vulnerable,2.0243,118.2934,2015,7,27.96,1.0,0.88,Watch,El Nino
140907.0,Reef Manta Ray,Vulnerable,1.9859,118.2604,2015,7,27.96,1.0,0.88,Watch,El Nino
140907.0,Reef Manta Ray,Vulnerable,1.957,118.404,2015,7,27.96,1.0,0.88,Watch,El Nino
140907.0,Reef Manta Ray,Vulnerable,2.104,118.42670000000001,2015,7,27.96,1.0,0.88,Watch,El Nino
140907.0,Reef Manta Ray,Vulnerable,2.0684,118.32780000000001,2015,7,27.96,1.0,0.88,Watch,El Nino
140907.0,Reef Manta Ray,Vulnerable,1.9813,118.29960000000001,2015,7,27.96,1.0,0.88,Watch,El Nino
140907.0,Reef Manta Ray,Vulnerable,2.0268,118.3464,2015,7,27.96,1.0,0.88,Watch,El Nino
140907.0,Reef Manta Ray,Vulnerable,2.1118,118.41340000000001,2015,7,27.96,1.0,0.88,Watch,El Nino
140907.0,Reef Manta Ray,Vulnerable,1.9953,118.28890000000001,2015,7,27.96,1.0,0.88,Watch,El Nino
140907.0,Reef Manta Ray,Vulnerable,2.0002,118.34620000000001,2015,7,27.96,1.0,0.88,Watch,El Nino
140907.0,Reef Manta Ray,Vulnerable,2.0018000000000002,118.37010000000001,2015,7,27.96,1.0,0.88,Watch,El Nino
140907.0,Reef Manta Ray,Vulnerable,1.9749,118.3803,2015,7,27.96,1.0,0.88,Watch,El Nino
140907.0,Reef Manta Ray,Vulnerable,2.1043000000000003,118.417,2015,7,27.96,1.0,0.88,Watch,El Nino
140907.0,Reef Manta Ray,Vulnerable,2.0078,118.38680000000001,2015,7,27.96,1.0,0.88,Watch,El Nino
140907.0,Reef Manta Ray,Vulnerable,1.9161000000000001,118.37620000000001,2015,7,27.96,1.0,0.88,Watch,El Nino
140907.0,Reef Manta Ray,Vulnerable,2.1285000000000003,118.3859,2015,7,27.96,1.0,0.88,Watch,El Nino
140907.0,Reef Manta Ray,Vulnerable,1.9779,118.34960000000001,2015,7,27.96,1.0,0.88,Watch,El Nino
140907.0,Reef Manta Ray,Vulnerable,2.0624000000000002,118.3622,2015,7,27.96,1.0,0.88,Watch,El Nino
140907.0,Reef Manta Ray,Vulnerable,2.0072,118.38510000000001,2015,7,27.96,1.0,0.88,Watch,El Nino
140907.0,Reef Manta Ray,Vulnerable,2.0022,118.319,2015,7,27.96,1.0,0.88,Watch,El Nino
140907.0,Reef Manta Ray,Vulnerable,1.9913,118.4106,2015,7,27.96,1.0,0.88,Watch,El Nino
140907.0,Reef Manta Ray,Vulnerable,1.9425000000000001,118.3486,2015,7,27.96,1.0,0.88,Watch,El Nino
140907.0,Reef Manta Ray,Vulnerable,1.9807000000000001,118.3827,2015,7,27.96,1.0,0.88,Watch,El Nino
140907.0,Reef Manta Ray,Vulnerable,2.0642,118.4696,2015,7,27.84,0.0,0.19,Watch,El Nino
140907.0,Reef Manta Ray,Vulnerable,2.0552,118.4855,2015,7,27.84,0.0,0.19,Watch,El Nino
140907.0,Reef Manta Ray,Vulnerable,1.938,118.3404,2015,7,27.96,1.0,0.88,Watch,El Nino
140907.0,Reef Manta Ray,Vulnerable,2.0688,118.4903,2015,7,27.84,0.0,0.19,Watch,El Nino
140907.0,Reef Manta Ray,Vulnerable,1.9891,118.3357,2015,7,27.96,1.0,0.88,Watch,El Nino
140907.0,Reef Manta Ray,Vulnerable,2.091,118.2959,2015,7,27.96,1.0,0.88,Watch,El Nino
140908.0,Reef Manta Ray,Vulnerable,-0.1101,130.0919,2015,2,null,null,null,null,Neutral
140908.0,Reef Manta Ray,Vulnerable,-0.124,130.065,2015,2,null,null,null,null,Neutral
140908.0,Reef Manta Ray,Vulnerable,-0.1188,130.0932,2015,2,null,null,null,null,Neutral
140908.0,Reef Manta Ray,Vulnerable,-0.0358,130.1878,2015,2,null,null,null,null,Neutral
140908.0,Reef Manta Ray,Vulnerable,-0.12440000000000001,130.0584,2015,2,null,null,null,null,Neutral
140908.0,Reef Manta Ray,Vulnerable,-0.12350000000000001,130.0564,2015,2,null,null,null,null,Neutral
140908.0,Reef Manta Ray,Vulnerable,-0.1134,130.07750000000001,2015,2,null,null,null,null,Neutral
140908.0,Reef Manta Ray,Vulnerable,-0.1258,130.1026,2015,2,null,null,null,null,Neutral
140908.0,Reef Manta Ray,Vulnerable,-0.12610000000000002,130.0807,2015,2,null,null,null,null,Neutral
140908.0,Reef Manta Ray,Vulnerable,-0.1393,130.1227,2015,2,null,null,null,null,Neutral
140908.0,Reef Manta Ray,Vulnerable,-0.1164,130.054,2015,2,null,null,null,null,Neutral
140908.0,Reef Manta Ray,Vulnerable,0.0994,130.12030000000001,2015,2,null,null,null,null,Neutral
140908.0,Reef Manta Ray,Vulnerable,-0.13820000000000002,130.1215,2015,2,null,null,null,null,Neutral
140908.0,Reef Manta Ray,Vulnerable,-0.1269,130.0729,2015,2,null,null,null,null,Neutral
140908.0,Reef Manta Ray,Vulnerable,-0.11850000000000001,130.1022,2015,2,null,null,null,null,Neutral
140908.0,Reef Manta Ray,Vulnerable,-0.1401,130.1286,2015,2,null,null,null,null,Neutral
140908.0,Reef Manta Ray,Vulnerable,-0.12480000000000001,130.0893,2015,2,null,null,null,null,Neutral
140908.0,Reef Manta Ray,Vulnerable,-0.1341,130.0843,2015,2,null,null,null,null,Neutral
140908.0,Reef Manta Ray,Vulnerable,-0.1268,130.10320000000002,2015,2,null,null,null,null,Neutral
140908.0,Reef Manta Ray,Vulnerable,0.10990000000000001,130.2859,2015,2,null,null,null,null,Neutral
140908.0,Reef Manta Ray,Vulnerable,-0.1216,130.097,2015,2,null,null,null,null,Neutral
140908.0,Reef Manta Ray,Vulnerable,-0.013000000000000001,130.33270000000002,2015,2,null,null,null,null,Neutral
140908.0,Reef Manta Ray,Vulnerable,-0.003,130.3366,2015,2,null,null,null,null,Neutral
140908.0,Reef Manta Ray,Vulnerable,-0.121,130.0902,2015,2,null,null,null,null,Neutral
140908.0,Reef Manta Ray,Vulnerable,-0.117,130.10240000000002,2015,2,null,null,null,null,Neutral
140908.0,Reef Manta Ray,Vulnerable,0.1486,130.0111,2015,2,28.9694,0.0,null,null,Neutral
140908.0,Reef Manta Ray,Vulnerable,0.18680000000000002,130.0257,2015,2,null,null,null,null,Neutral
140908.0,Reef Manta Ray,Vulnerable,-0.132,130.0293,2015,3,null,null,null,null,Neutral
140908.0,Reef Manta Ray,Vulnerable,-0.122,130.0426,2015,3,null,null,null,null,Neutral
140908.0,Reef Manta Ray,Vulnerable,0.2482,130.23510000000002,2015,3,null,null,null,null,Neutral
140908.0,Reef Manta Ray,Vulnerable,-0.7848,129.7821,2015,3,null,null,null,null,Neutral
140908.0,Reef Manta Ray,Vulnerable,-0.7768,129.7992,2015,3,null,null,null,null,Neutral
140908.0,Reef Manta Ray,Vulnerable,-0.1217,130.0774,2015,3,null,null,null,null,Neutral
140908.0,Reef Manta Ray,Vulnerable,0.169,130.2272,2015,3,null,null,null,null,Neutral
140908.0,Reef Manta Ray,Vulnerable,0.1451,130.2178,2015,3,null,null,null,null,Neutral
140908.0,Reef Manta Ray,Vulnerable,-0.10890000000000001,130.05020000000002,2015,3,null,null,null,null,Neutral
140908.0,Reef Manta Ray,Vulnerable,0.2092,130.2152,2015,3,null,null,null,null,Neutral
140908.0,Reef Manta Ray,Vulnerable,-0.1322,130.0629,2015,3,null,null,null,null,Neutral
140908.0,Reef Manta Ray,Vulnerable,0.147,130.2079,2015,3,null,null,null,null,Neutral
140908.0,Reef Manta Ray,Vulnerable,-0.78,129.78650000000002,2015,3,null,null,null,null,Neutral
140908.0,Reef Manta Ray,Vulnerable,-0.42250000000000004,130.4745,2015,3,null,null,null,null,Neutral
140908.0,Reef Manta Ray,Vulnerable,0.14650000000000002,130.21020000000001,2015,3,null,null,null,null,Neutral
140908.0,Reef Manta Ray,Vulnerable,-0.7808,129.7901,2015,3,null,null,null,null,Neutral
140908.0,Reef Manta Ray,Vulnerable,-0.3664,130.4666,2015,3,null,null,null,null,Neutral
140908.0,Reef Manta Ray,Vulnerable,-0.39390000000000003,130.4498,2015,3,null,null,null,null,Neutral
140908.0,Reef Manta Ray,Vulnerable,-0.7772,129.78300000000002,2015,3,null,null,null,null,Neutral
140908.0,Reef Manta Ray,Vulnerable,0.1463,130.2091,2015,3,null,null,null,null,Neutral
140908.0,Reef Manta Ray,Vulnerable,-0.40230000000000005,130.4795,2015,3,null,null,null,null,Neutral
140908.0,Reef Manta Ray,Vulnerable,-0.421,130.262,2015,3,null,null,null,null,Neutral
140908.0,Reef Manta Ray,Vulnerable,0.12240000000000001,130.0949,2015,3,null,null,null,null,Neutral
140908.0,Reef Manta Ray,Vulnerable,0.20520000000000002,130.2245,2015,3,null,null,null,null,Neutral
140908.0,Reef Manta Ray,Vulnerable,-0.10350000000000001,130.0607,2015,3,null,null,null,null,Neutral
140908.0,Reef Manta Ray,Vulnerable,0.1484,130.209,2015,3,null,null,null,null,Neutral
140908.0,Reef Manta Ray,Vulnerable,-0.4097,130.4951,2015,3,null,null,null,null,Neutral
140908.0,Reef Manta Ray,Vulnerable,-0.7809,129.78910000000002,2015,3,null,null,null,null,Neutral
140908.0,Reef Manta Ray,Vulnerable,-0.7796000000000001,129.79330000000002,2015,3,null,null,null,null,Neutral
140908.0,Reef Manta Ray,Vulnerable,-0.7779,129.7841,2015,3,null,null,null,null,Neutral
140908.0,Reef Manta Ray,Vulnerable,-0.11470000000000001,130.0469,2015,3,null,null,null,null,Neutral
140908.0,Reef Manta Ray,Vulnerable,-0.7782,129.7827,2015,3,null,null,null,null,Neutral
140908.0,Reef Manta Ray,Vulnerable,0.17850000000000002,130.2096,2015,3,null,null,null,null,Neutral
140908.0,Reef Manta Ray,Vulnerable,-0.3637,130.4828,2015,3,null,null,null,null,Neutral
140908.0,Reef Manta Ray,Vulnerable,0.14250000000000002,130.0106,2015,3,28.635900000000003,0.0,null,null,Neutral
140908.0,Reef Manta Ray,Vulnerable,-0.12010000000000001,130.0415,2015,3,null,null,null,null,Neutral
140909.0,Reef Manta Ray,Vulnerable,0.0378,130.56480000000002,2015,2,null,null,null,null,Neutral
140909.0,Reef Manta Ray,Vulnerable,0.1459,130.1861,2015,2,null,null,null,null,Neutral
140909.0,Reef Manta Ray,Vulnerable,0.1092,130.1827,2015,2,null,null,null,null,Neutral
140909.0,Reef Manta Ray,Vulnerable,0.10310000000000001,130.1841,2015,2,null,null,null,null,Neutral
140909.0,Reef Manta Ray,Vulnerable,0.1507,130.2427,2015,2,null,null,null,null,Neutral
140909.0,Reef Manta Ray,Vulnerable,0.1559,130.1439,2015,2,null,null,null,null,Neutral
140909.0,Reef Manta Ray,Vulnerable,0.131,130.3248,2015,2,null,null,null,null,Neutral
140909.0,Reef Manta Ray,Vulnerable,0.18180000000000002,130.1942,2015,2,null,null,null,null,Neutral
140909.0,Reef Manta Ray,Vulnerable,0.1254,130.1896,2015,2,null,null,null,null,Neutral
140909.0,Reef Manta Ray,Vulnerable,0.1008,130.4313,2015,2,null,null,null,null,Neutral
140909.0,Reef Manta Ray,Vulnerable,0.1719,130.1994,2015,2,null,null,null,null,Neutral
140909.0,Reef Manta Ray,Vulnerable,0.0599,130.4332,2015,2,null,null,null,null,Neutral
140909.0,Reef Manta Ray,Vulnerable,0.137,130.2097,2015,2,null,null,null,null,Neutral
140909.0,Reef Manta Ray,Vulnerable,0.1778,130.2243,2015,2,null,null,null,null,Neutral
140909.0,Reef Manta Ray,Vulnerable,0.1434,130.16140000000001,2015,2,null,null,null,null,Neutral
140909.0,Reef Manta Ray,Vulnerable,-0.1393,130.1227,2015,2,null,null,null,null,Neutral
140909.0,Reef Manta Ray,Vulnerable,0.1318,130.2323,2015,2,null,null,null,null,Neutral
140909.0,Reef Manta Ray,Vulnerable,-0.0006000000000000001,130.536,2015,2,null,null,null,null,Neutral
140909.0,Reef Manta Ray,Vulnerable,0.038700000000000005,130.575,2015,2,null,null,null,null,Neutral
140909.0,Reef Manta Ray,Vulnerable,0.0149,130.57590000000002,2015,2,null,null,null,null,Neutral
140909.0,Reef Manta Ray,Vulnerable,0.0205,130.5558,2015,2,null,null,null,null,Neutral
140909.0,Reef Manta Ray,Vulnerable,-0.0105,130.52020000000002,2015,2,null,null,null,null,Neutral
140909.0,Reef Manta Ray,Vulnerable,-0.0142,130.5164,2015,2,null,null,null,null,Neutral
140909.0,Reef Manta Ray,Vulnerable,0.1272,130.1852,2015,3,null,null,null,null,Neutral
140909.0,Reef Manta Ray,Vulnerable,0.019100000000000002,130.21280000000002,2015,3,null,null,null,null,Neutral
140909.0,Reef Manta Ray,Vulnerable,0.013900000000000001,130.5061,2015,3,null,null,null,null,Neutral
140909.0,Reef Manta Ray,Vulnerable,0.1666,130.144,2015,3,null,null,null,null,Neutral
140909.0,Reef Manta Ray,Vulnerable,0.0853,130.5422,2015,3,null,null,null,null,Neutral
140909.0,Reef Manta Ray,Vulnerable,0.0785,130.52530000000002,2015,3,null,null,null,null,Neutral
140909.0,Reef Manta Ray,Vulnerable,0.22690000000000002,130.1763,2015,3,null,null,null,null,Neutral
140909.0,Reef Manta Ray,Vulnerable,0.2323,130.1429,2015,3,null,null,null,null,Neutral
140909.0,Reef Manta Ray,Vulnerable,0.2255,130.1511,2015,3,null,null,null,null,Neutral
140909.0,Reef Manta Ray,Vulnerable,0.2011,130.1379,2015,3,null,null,null,null,Neutral
140909.0,Reef Manta Ray,Vulnerable,0.21680000000000002,130.1566,2015,3,null,null,null,null,Neutral
140909.0,Reef Manta Ray,Vulnerable,0.1986,130.13930000000002,2015,3,null,null,null,null,Neutral
140909.0,Reef Manta Ray,Vulnerable,0.2097,130.167,2015,3,null,null,null,null,Neutral
140909.0,Reef Manta Ray,Vulnerable,0.2119,130.1626,2015,3,null,null,null,null,Neutral
140909.0,Reef Manta Ray,Vulnerable,0.2449,130.2058,2015,3,null,null,null,null,Neutral
140909.0,Reef Manta Ray,Vulnerable,0.2253,130.20770000000002,2015,3,null,null,null,null,Neutral
140909.0,Reef Manta Ray,Vulnerable,0.029500000000000002,130.5205,2015,3,null,null,null,null,Neutral
140909.0,Reef Manta Ray,Vulnerable,0.025400000000000002,130.52280000000002,2015,3,null,null,null,null,Neutral
140909.0,Reef Manta Ray,Vulnerable,0.1293,130.2332,2015,3,null,null,null,null,Neutral
140909.0,Reef Manta Ray,Vulnerable,0.1749,130.1736,2015,3,null,null,null,null,Neutral
140909.0,Reef Manta Ray,Vulnerable,0.1038,130.1671,2015,3,null,null,null,null,Neutral
140909.0,Reef Manta Ray,Vulnerable,0.06570000000000001,130.59890000000001,2015,3,null,null,null,null,Neutral
140909.0,Reef Manta Ray,Vulnerable,0.0572,130.4307,2015,3,null,null,null,null,Neutral
140909.0,Reef Manta Ray,Vulnerable,0.1296,130.2268,2015,3,null,null,null,null,Neutral
140909.0,Reef Manta Ray,Vulnerable,0.12610000000000002,130.2338,2015,3,null,null,null,null,Neutral
140909.0,Reef Manta Ray,Vulnerable,0.1535,130.2327,2015,3,null,null,null,null,Neutral
140909.0,Reef Manta Ray,Vulnerable,0.1975,130.1516,2015,3,null,null,null,null,Neutral
140909.0,Reef Manta Ray,Vulnerable,0.0458,130.49020000000002,2015,3,null,null,null,null,Neutral
140909.0,Reef Manta Ray,Vulnerable,0.0843,130.1511,2015,3,null,null,null,null,Neutral
140909.0,Reef Manta Ray,Vulnerable,0.0767,130.1559,2015,3,null,null,null,null,Neutral
140909.0,Reef Manta Ray,Vulnerable,0.2074,130.1813,2015,3,null,null,null,null,Neutral
140909.0,Reef Manta Ray,Vulnerable,0.1937,130.2217,2015,3,null,null,null,null,Neutral
140909.0,Reef Manta Ray,Vulnerable,0.056400000000000006,130.4287,2015,3,null,null,null,null,Neutral
140909.0,Reef Manta Ray,Vulnerable,0.1824,130.2036,2015,3,null,null,null,null,Neutral
140909.0,Reef Manta Ray,Vulnerable,0.1068,130.1827,2015,3,null,null,null,null,Neutral
140909.0,Reef Manta Ray,Vulnerable,0.0178,130.2218,2015,3,null,null,null,null,Neutral
140909.0,Reef Manta Ray,Vulnerable,0.0844,130.2664,2015,3,null,null,null,null,Neutral
140909.0,Reef Manta Ray,Vulnerable,0.14020000000000002,130.1911,2015,3,null,null,null,null,Neutral
140909.0,Reef Manta Ray,Vulnerable,0.0826,130.55020000000002,2015,3,null,null,null,null,Neutral
140909.0,Reef Manta Ray,Vulnerable,0.11720000000000001,130.40980000000002,2015,3,null,null,null,null,Neutral
140909.0,Reef Manta Ray,Vulnerable,0.2,130.23170000000002,2015,3,null,null,null,null,Neutral
140909.0,Reef Manta Ray,Vulnerable,0.0608,130.46030000000002,2015,3,null,null,null,null,Neutral
140909.0,Reef Manta Ray,Vulnerable,0.1189,130.2353,2015,3,null,null,null,null,Neutral
140909.0,Reef Manta Ray,Vulnerable,0.1511,130.21880000000002,2015,3,null,null,null,null,Neutral
140909.0,Reef Manta Ray,Vulnerable,0.1809,130.13150000000002,2015,3,null,null,null,null,Neutral
140909.0,Reef Manta Ray,Vulnerable,0.0426,130.537,2015,3,null,null,null,null,Neutral
140909.0,Reef Manta Ray,Vulnerable,0.0794,130.576,2015,3,null,null,null,null,Neutral
140909.0,Reef Manta Ray,Vulnerable,0.1574,130.22230000000002,2015,3,null,null,null,null,Neutral
140909.0,Reef Manta Ray,Vulnerable,0.181,130.1659,2015,3,null,null,null,null,Neutral
140909.0,Reef Manta Ray,Vulnerable,0.1918,130.1592,2015,3,null,null,null,null,Neutral
140909.0,Reef Manta Ray,Vulnerable,0.1287,130.2059,2015,3,null,null,null,null,Neutral
140909.0,Reef Manta Ray,Vulnerable,0.18910000000000002,130.22140000000002,2015,3,null,null,null,null,Neutral
140909.0,Reef Manta Ray,Vulnerable,0.0468,130.4904,2015,3,null,null,null,null,Neutral
140909.0,Reef Manta Ray,Vulnerable,0.2028,130.2201,2015,3,null,null,null,null,Neutral
140909.0,Reef Manta Ray,Vulnerable,0.1736,130.18460000000002,2015,3,null,null,null,null,Neutral
140909.0,Reef Manta Ray,Vulnerable,0.148,130.2244,2015,3,null,null,null,null,Neutral
140909.0,Reef Manta Ray,Vulnerable,0.07060000000000001,130.4703,2015,3,null,null,null,null,Neutral
140909.0,Reef Manta Ray,Vulnerable,0.12560000000000002,130.2318,2015,3,null,null,null,null,Neutral
140909.0,Reef Manta Ray,Vulnerable,0.1637,130.2311,2015,3,null,null,null,null,Neutral
140909.0,Reef Manta Ray,Vulnerable,0.1653,130.10150000000002,2015,3,null,null,null,null,Neutral
140909.0,Reef Manta Ray,Vulnerable,0.195,130.1997,2015,3,null,null,null,null,Neutral
140909.0,Reef Manta Ray,Vulnerable,0.0453,130.4838,2015,3,null,null,null,null,Neutral
140909.0,Reef Manta Ray,Vulnerable,0.0618,130.4932,2015,3,null,null,null,null,Neutral
140909.0,Reef Manta Ray,Vulnerable,0.0599,130.413,2015,3,null,null,null,null,Neutral
140909.0,Reef Manta Ray,Vulnerable,0.2088,130.1413,2015,3,null,null,null,null,Neutral
140909.0,Reef Manta Ray,Vulnerable,0.1902,130.1801,2015,3,null,null,null,null,Neutral
140909.0,Reef Manta Ray,Vulnerable,0.07,130.5397,2015,3,null,null,null,null,Neutral
140909.0,Reef Manta Ray,Vulnerable,0.0317,130.4695,2015,3,null,null,null,null,Neutral
140909.0,Reef Manta Ray,Vulnerable,0.1879,130.1531,2015,3,null,null,null,null,Neutral
140909.0,Reef Manta Ray,Vulnerable,0.1867,130.16660000000002,2015,3,null,null,null,null,Neutral
140909.0,Reef Manta Ray,Vulnerable,0.2048,130.1695,2015,3,null,null,null,null,Neutral
140909.0,Reef Manta Ray,Vulnerable,0.1246,130.2284,2015,3,null,null,null,null,Neutral
140909.0,Reef Manta Ray,Vulnerable,0.0926,130.1536,2015,3,null,null,null,null,Neutral
140909.0,Reef Manta Ray,Vulnerable,0.0931,130.154,2015,3,null,null,null,null,Neutral
140909.0,Reef Manta Ray,Vulnerable,0.11860000000000001,130.186,2015,3,null,null,null,null,Neutral
140909.0,Reef Manta Ray,Vulnerable,0.20070000000000002,130.1588,2015,3,null,null,null,null,Neutral
140909.0,Reef Manta Ray,Vulnerable,0.0538,130.4101,2015,3,null,null,null,null,Neutral
140909.0,Reef Manta Ray,Vulnerable,0.0604,130.15130000000002,2015,3,null,null,null,null,Neutral
140909.0,Reef Manta Ray,Vulnerable,0.08990000000000001,130.1737,2015,3,null,null,null,null,Neutral
140909.0,Reef Manta Ray,Vulnerable,0.0154,130.5223,2015,3,null,null,null,null,Neutral
140909.0,Reef Manta Ray,Vulnerable,0.0692,130.5198,2015,3,null,null,null,null,Neutral
140909.0,Reef Manta Ray,Vulnerable,0.0171,130.4931,2015,3,null,null,null,null,Neutral
140909.0,Reef Manta Ray,Vulnerable,0.0801,130.4477,2015,3,null,null,null,null,Neutral
140909.0,Reef Manta Ray,Vulnerable,0.056100000000000004,130.4299,2015,3,null,null,null,null,Neutral
140909.0,Reef Manta Ray,Vulnerable,0.0724,130.5342,2015,3,null,null,null,null,Neutral
140909.0,Reef Manta Ray,Vulnerable,0.041100000000000005,130.22140000000002,2015,3,null,null,null,null,Neutral
140909.0,Reef Manta Ray,Vulnerable,0.1782,130.1733,2015,3,null,null,null,null,Neutral
140909.0,Reef Manta Ray,Vulnerable,0.049600000000000005,130.2366,2015,3,null,null,null,null,Neutral
140909.0,Reef Manta Ray,Vulnerable,0.1275,130.46,2015,3,null,null,null,null,Neutral
140909.0,Reef Manta Ray,Vulnerable,0.06960000000000001,130.50820000000002,2015,3,null,null,null,null,Neutral
140909.0,Reef Manta Ray,Vulnerable,0.1705,130.1566,2015,3,null,null,null,null,Neutral
140909.0,Reef Manta Ray,Vulnerable,0.0763,130.5238,2015,3,null,null,null,null,Neutral
140909.0,Reef Manta Ray,Vulnerable,0.055,130.4597,2015,3,null,null,null,null,Neutral
140909.0,Reef Manta Ray,Vulnerable,0.1217,130.2417,2015,3,null,null,null,null,Neutral
140909.0,Reef Manta Ray,Vulnerable,0.056100000000000004,130.4541,2015,3,null,null,null,null,Neutral
140909.0,Reef Manta Ray,Vulnerable,0.201,130.1984,2015,3,null,null,null,null,Neutral
140909.0,Reef Manta Ray,Vulnerable,0.1221,130.2277,2015,3,null,null,null,null,Neutral
140909.0,Reef Manta Ray,Vulnerable,0.0709,130.2485,2015,3,null,null,null,null,Neutral
140909.0,Reef Manta Ray,Vulnerable,0.1431,130.2251,2015,3,null,null,null,null,Neutral
140909.0,Reef Manta Ray,Vulnerable,0.128,130.22050000000002,2015,3,null,null,null,null,Neutral
140909.0,Reef Manta Ray,Vulnerable,0.0584,130.4333,2015,3,null,null,null,null,Neutral
140909.0,Reef Manta Ray,Vulnerable,0.1537,130.2358,2015,3,null,null,null,null,Neutral
140909.0,Reef Manta Ray,Vulnerable,0.0565,130.5874,2015,3,null,null,null,null,Neutral
140909.0,Reef Manta Ray,Vulnerable,0.1603,130.1788,2015,4,null,null,null,null,Neutral
140909.0,Reef Manta Ray,Vulnerable,0.1689,130.1414,2015,4,null,null,null,null,Neutral
140909.0,Reef Manta Ray,Vulnerable,0.1247,130.2405,2015,4,null,null,null,null,Neutral
140909.0,Reef Manta Ray,Vulnerable,0.1965,130.16750000000002,2015,4,null,null,null,null,Neutral
140909.0,Reef Manta Ray,Vulnerable,0.19190000000000002,130.1989,2015,4,null,null,null,null,Neutral
140909.0,Reef Manta Ray,Vulnerable,0.1709,130.1642,2015,4,null,null,null,null,Neutral
140909.0,Reef Manta Ray,Vulnerable,0.18630000000000002,130.13660000000002,2015,4,null,null,null,null,Neutral
140909.0,Reef Manta Ray,Vulnerable,-0.033800000000000004,130.3057,2015,4,null,null,null,null,Neutral
140909.0,Reef Manta Ray,Vulnerable,0.1715,130.13840000000002,2015,4,null,null,null,null,Neutral
140909.0,Reef Manta Ray,Vulnerable,0.1226,130.2501,2015,4,null,null,null,null,Neutral
140909.0,Reef Manta Ray,Vulnerable,0.1582,130.2169,2015,4,null,null,null,null,Neutral
140909.0,Reef Manta Ray,Vulnerable,0.0269,130.346,2015,4,null,null,null,null,Neutral
140909.0,Reef Manta Ray,Vulnerable,0.1159,130.1791,2015,4,null,null,null,null,Neutral
140909.0,Reef Manta Ray,Vulnerable,-0.027600000000000003,130.3504,2015,4,null,null,null,null,Neutral
140909.0,Reef Manta Ray,Vulnerable,0.124,130.37550000000002,2015,4,null,null,null,null,Neutral
140909.0,Reef Manta Ray,Vulnerable,0.1829,130.2022,2015,4,null,null,null,null,Neutral
140909.0,Reef Manta Ray,Vulnerable,0.1955,130.0991,2015,4,null,null,null,null,Neutral
140909.0,Reef Manta Ray,Vulnerable,0.0979,130.3514,2015,4,null,null,null,null,Neutral
140909.0,Reef Manta Ray,Vulnerable,0.1701,130.13750000000002,2015,4,null,null,null,null,Neutral
140909.0,Reef Manta Ray,Vulnerable,0.10310000000000001,130.1648,2015,4,null,null,null,null,Neutral
140909.0,Reef Manta Ray,Vulnerable,0.1338,130.2332,2015,4,null,null,null,null,Neutral
140909.0,Reef Manta Ray,Vulnerable,0.1075,130.3649,2015,4,null,null,null,null,Neutral
140909.0,Reef Manta Ray,Vulnerable,0.047900000000000005,130.1977,2015,4,null,null,null,null,Neutral
140909.0,Reef Manta Ray,Vulnerable,0.09480000000000001,130.30960000000002,2015,4,null,null,null,null,Neutral
140909.0,Reef Manta Ray,Vulnerable,0.033600000000000005,130.2744,2015,4,null,null,null,null,Neutral
140909.0,Reef Manta Ray,Vulnerable,0.1549,130.22050000000002,2015,4,null,null,null,null,Neutral
140909.0,Reef Manta Ray,Vulnerable,0.22970000000000002,130.167,2015,4,null,null,null,null,Neutral
140909.0,Reef Manta Ray,Vulnerable,0.059000000000000004,130.5179,2015,4,null,null,null,null,Neutral
140909.0,Reef Manta Ray,Vulnerable,0.0616,130.5079,2015,4,null,null,null,null,Neutral
140909.0,Reef Manta Ray,Vulnerable,-0.0273,130.3411,2015,4,null,null,null,null,Neutral
140909.0,Reef Manta Ray,Vulnerable,0.0635,130.5025,2015,4,null,null,null,null,Neutral
140909.0,Reef Manta Ray,Vulnerable,0.17850000000000002,130.1096,2015,4,null,null,null,null,Neutral
140909.0,Reef Manta Ray,Vulnerable,0.09870000000000001,130.2032,2015,4,null,null,null,null,Neutral
140909.0,Reef Manta Ray,Vulnerable,0.0848,130.1578,2015,4,null,null,null,null,Neutral
140909.0,Reef Manta Ray,Vulnerable,0.11230000000000001,130.209,2015,4,null,null,null,null,Neutral
140909.0,Reef Manta Ray,Vulnerable,0.09530000000000001,130.5875,2015,4,null,null,null,null,Neutral
140909.0,Reef Manta Ray,Vulnerable,0.0852,130.17940000000002,2015,4,null,null,null,null,Neutral
140909.0,Reef Manta Ray,Vulnerable,0.2286,130.2022,2015,4,null,null,null,null,Neutral
140909.0,Reef Manta Ray,Vulnerable,0.1665,130.1404,2015,4,null,null,null,null,Neutral
140909.0,Reef Manta Ray,Vulnerable,0.1365,130.1637,2015,4,null,null,null,null,Neutral
140909.0,Reef Manta Ray,Vulnerable,0.18330000000000002,130.1205,2015,4,null,null,null,null,Neutral
140909.0,Reef Manta Ray,Vulnerable,0.1269,130.1921,2015,4,null,null,null,null,Neutral
140909.0,Reef Manta Ray,Vulnerable,0.0874,130.58880000000002,2015,4,null,null,null,null,Neutral
140909.0,Reef Manta Ray,Vulnerable,0.189,130.18370000000002,2015,4,null,null,null,null,Neutral
140909.0,Reef Manta Ray,Vulnerable,0.0426,130.5402,2015,4,null,null,null,null,Neutral
140909.0,Reef Manta Ray,Vulnerable,0.0892,130.5936,2015,4,null,null,null,null,Neutral
140909.0,Reef Manta Ray,Vulnerable,0.1731,130.1977,2015,4,null,null,null,null,Neutral
140909.0,Reef Manta Ray,Vulnerable,0.0207,130.5251,2015,4,null,null,null,null,Neutral
140909.0,Reef Manta Ray,Vulnerable,0.0882,130.5363,2015,4,null,null,null,null,Neutral
140909.0,Reef Manta Ray,Vulnerable,0.17980000000000002,130.1405,2015,4,null,null,null,null,Neutral
140909.0,Reef Manta Ray,Vulnerable,0.1653,130.17510000000001,2015,4,null,null,null,null,Neutral
140909.0,Reef Manta Ray,Vulnerable,0.0323,130.5268,2015,4,null,null,null,null,Neutral
140909.0,Reef Manta Ray,Vulnerable,0.12430000000000001,130.1946,2015,4,null,null,null,null,Neutral
140909.0,Reef Manta Ray,Vulnerable,0.07,130.5277,2015,4,null,null,null,null,Neutral
140909.0,Reef Manta Ray,Vulnerable,0.2358,130.2339,2015,4,null,null,null,null,Neutral
140909.0,Reef Manta Ray,Vulnerable,0.0625,130.5164,2015,4,null,null,null,null,Neutral
140909.0,Reef Manta Ray,Vulnerable,0.1351,130.2101,2015,4,null,null,null,null,Neutral
140909.0,Reef Manta Ray,Vulnerable,0.057300000000000004,130.51340000000002,2015,4,null,null,null,null,Neutral
140909.0,Reef Manta Ray,Vulnerable,0.16770000000000002,130.1211,2015,4,null,null,null,null,Neutral
140909.0,Reef Manta Ray,Vulnerable,0.1374,130.197,2015,4,null,null,null,null,Neutral
140909.0,Reef Manta Ray,Vulnerable,0.1631,130.2203,2015,4,null,null,null,null,Neutral
140909.0,Reef Manta Ray,Vulnerable,0.1308,130.2272,2015,4,null,null,null,null,Neutral
140909.0,Reef Manta Ray,Vulnerable,0.10990000000000001,130.21,2015,4,null,null,null,null,Neutral
140909.0,Reef Manta Ray,Vulnerable,0.19190000000000002,130.1539,2015,4,null,null,null,null,Neutral
140909.0,Reef Manta Ray,Vulnerable,0.1509,130.14950000000002,2015,4,null,null,null,null,Neutral
140909.0,Reef Manta Ray,Vulnerable,0.1806,130.1286,2015,4,null,null,null,null,Neutral
140909.0,Reef Manta Ray,Vulnerable,0.0603,130.5197,2015,4,null,null,null,null,Neutral
140909.0,Reef Manta Ray,Vulnerable,0.0998,130.5405,2015,4,null,null,null,null,Neutral
140909.0,Reef Manta Ray,Vulnerable,0.0611,130.5063,2015,4,null,null,null,null,Neutral
140909.0,Reef Manta Ray,Vulnerable,0.0971,130.5805,2015,4,null,null,null,null,Neutral
140909.0,Reef Manta Ray,Vulnerable,0.2278,130.1823,2015,4,null,null,null,null,Neutral
140909.0,Reef Manta Ray,Vulnerable,0.0673,130.49280000000002,2015,4,null,null,null,null,Neutral
140909.0,Reef Manta Ray,Vulnerable,0.054,130.51760000000002,2015,4,null,null,null,null,Neutral
140909.0,Reef Manta Ray,Vulnerable,0.2001,130.1372,2015,4,null,null,null,null,Neutral
140909.0,Reef Manta Ray,Vulnerable,0.0787,130.5447,2015,4,null,null,null,null,Neutral
140909.0,Reef Manta Ray,Vulnerable,0.0806,130.5456,2015,4,null,null,null,null,Neutral
140909.0,Reef Manta Ray,Vulnerable,0.051500000000000004,130.5345,2015,4,null,null,null,null,Neutral
140909.0,Reef Manta Ray,Vulnerable,0.0476,130.5163,2015,4,null,null,null,null,Neutral
140909.0,Reef Manta Ray,Vulnerable,0.0823,130.5446,2015,4,null,null,null,null,Neutral
140909.0,Reef Manta Ray,Vulnerable,0.0682,130.5378,2015,4,null,null,null,null,Neutral
140909.0,Reef Manta Ray,Vulnerable,0.0848,130.6091,2015,4,null,null,null,null,Neutral
140909.0,Reef Manta Ray,Vulnerable,0.0565,130.484,2015,4,null,null,null,null,Neutral
140909.0,Reef Manta Ray,Vulnerable,0.028300000000000002,130.5189,2015,4,null,null,null,null,Neutral
140909.0,Reef Manta Ray,Vulnerable,0.0839,130.51340000000002,2015,4,null,null,null,null,Neutral
140909.0,Reef Manta Ray,Vulnerable,0.1125,130.2923,2015,4,null,null,null,null,Neutral
140909.0,Reef Manta Ray,Vulnerable,0.09920000000000001,130.3129,2015,4,null,null,null,null,Neutral
140909.0,Reef Manta Ray,Vulnerable,0.0468,130.52190000000002,2015,4,null,null,null,null,Neutral
140909.0,Reef Manta Ray,Vulnerable,0.0187,130.33350000000002,2015,4,null,null,null,null,Neutral
140909.0,Reef Manta Ray,Vulnerable,0.09380000000000001,130.3397,2015,4,null,null,null,null,Neutral
140909.0,Reef Manta Ray,Vulnerable,0.10840000000000001,130.2801,2015,4,null,null,null,null,Neutral
140909.0,Reef Manta Ray,Vulnerable,0.1771,130.21120000000002,2015,4,null,null,null,null,Neutral
140909.0,Reef Manta Ray,Vulnerable,0.0882,130.5024,2015,4,null,null,null,null,Neutral
140909.0,Reef Manta Ray,Vulnerable,0.1403,130.1636,2015,4,null,null,null,null,Neutral
140909.0,Reef Manta Ray,Vulnerable,0.0781,130.4915,2015,4,null,null,null,null,Neutral
140909.0,Reef Manta Ray,Vulnerable,0.1306,130.2088,2015,4,null,null,null,null,Neutral
140909.0,Reef Manta Ray,Vulnerable,0.1136,130.2661,2015,4,null,null,null,null,Neutral
140909.0,Reef Manta Ray,Vulnerable,0.11080000000000001,130.28,2015,4,null,null,null,null,Neutral
140909.0,Reef Manta Ray,Vulnerable,0.0731,130.4927,2015,4,null,null,null,null,Neutral
140909.0,Reef Manta Ray,Vulnerable,0.1706,130.20350000000002,2015,4,null,null,null,null,Neutral
140909.0,Reef Manta Ray,Vulnerable,0.129,130.2184,2015,4,null,null,null,null,Neutral
140909.0,Reef Manta Ray,Vulnerable,0.20070000000000002,130.17090000000002,2015,4,null,null,null,null,Neutral
140909.0,Reef Manta Ray,Vulnerable,0.0925,130.546,2015,4,null,null,null,null,Neutral
140909.0,Reef Manta Ray,Vulnerable,0.2109,130.1217,2015,4,null,null,null,null,Neutral
140909.0,Reef Manta Ray,Vulnerable,0.0324,130.5291,2015,4,null,null,null,null,Neutral
140909.0,Reef Manta Ray,Vulnerable,0.0845,130.599,2015,4,null,null,null,null,Neutral
140909.0,Reef Manta Ray,Vulnerable,0.0639,130.547,2015,4,null,null,null,null,Neutral
140909.0,Reef Manta Ray,Vulnerable,0.21130000000000002,130.1201,2015,4,null,null,null,null,Neutral
140909.0,Reef Manta Ray,Vulnerable,0.053700000000000005,130.5076,2015,4,null,null,null,null,Neutral
140909.0,Reef Manta Ray,Vulnerable,0.2184,130.12130000000002,2015,4,null,null,null,null,Neutral
140909.0,Reef Manta Ray,Vulnerable,0.2021,130.11190000000002,2015,4,null,null,null,null,Neutral
140909.0,Reef Manta Ray,Vulnerable,0.0796,130.54670000000002,2015,4,null,null,null,null,Neutral
140909.0,Reef Manta Ray,Vulnerable,-0.016300000000000002,130.3578,2015,4,null,null,null,null,Neutral
140909.0,Reef Manta Ray,Vulnerable,0.0492,130.5269,2015,4,null,null,null,null,Neutral
140909.0,Reef Manta Ray,Vulnerable,0.0613,130.483,2015,4,null,null,null,null,Neutral
140909.0,Reef Manta Ray,Vulnerable,0.1526,130.2277,2015,4,null,null,null,null,Neutral
140909.0,Reef Manta Ray,Vulnerable,0.08700000000000001,130.50730000000001,2015,4,null,null,null,null,Neutral
140909.0,Reef Manta Ray,Vulnerable,0.1723,130.1403,2015,4,null,null,null,null,Neutral
140909.0,Reef Manta Ray,Vulnerable,0.0482,130.5179,2015,4,null,null,null,null,Neutral
140909.0,Reef Manta Ray,Vulnerable,0.21930000000000002,130.1793,2015,4,null,null,null,null,Neutral
140909.0,Reef Manta Ray,Vulnerable,-0.0354,130.3419,2015,4,null,null,null,null,Neutral
140909.0,Reef Manta Ray,Vulnerable,0.151,130.1593,2015,4,null,null,null,null,Neutral
140909.0,Reef Manta Ray,Vulnerable,0.0648,130.5231,2015,4,null,null,null,null,Neutral
140909.0,Reef Manta Ray,Vulnerable,0.08020000000000001,130.538,2015,4,null,null,null,null,Neutral
140909.0,Reef Manta Ray,Vulnerable,0.1693,130.1919,2015,4,null,null,null,null,Neutral
140909.0,Reef Manta Ray,Vulnerable,0.17980000000000002,130.2098,2015,4,null,null,null,null,Neutral
140909.0,Reef Manta Ray,Vulnerable,0.16290000000000002,130.1473,2015,4,null,null,null,null,Neutral
140909.0,Reef Manta Ray,Vulnerable,0.0454,130.358,2015,4,null,null,null,null,Neutral
140909.0,Reef Manta Ray,Vulnerable,0.07680000000000001,130.53740000000002,2015,4,null,null,null,null,Neutral
140909.0,Reef Manta Ray,Vulnerable,0.2144,130.2113,2015,4,null,null,null,null,Neutral
140909.0,Reef Manta Ray,Vulnerable,0.0809,130.5413,2015,4,null,null,null,null,Neutral
140909.0,Reef Manta Ray,Vulnerable,0.22030000000000002,130.144,2015,4,null,null,null,null,Neutral
140909.0,Reef Manta Ray,Vulnerable,0.0247,130.3126,2015,4,null,null,null,null,Neutral
140909.0,Reef Manta Ray,Vulnerable,0.2076,130.0723,2015,5,null,null,null,null,El Nino
140909.0,Reef Manta Ray,Vulnerable,0.2003,130.0832,2015,5,null,null,null,null,El Nino
140909.0,Reef Manta Ray,Vulnerable,0.203,130.0798,2015,5,null,null,null,null,El Nino
140909.0,Reef Manta Ray,Vulnerable,0.1973,130.0333,2015,5,null,null,null,null,El Nino
140909.0,Reef Manta Ray,Vulnerable,0.1811,130.0615,2015,5,null,null,null,null,El Nino
140909.0,Reef Manta Ray,Vulnerable,0.1855,130.0822,2015,5,null,null,null,null,El Nino
140909.0,Reef Manta Ray,Vulnerable,0.18030000000000002,130.0564,2015,5,null,null,null,null,El Nino
140909.0,Reef Manta Ray,Vulnerable,0.2018,130.0444,2015,5,null,null,null,null,El Nino
140909.0,Reef Manta Ray,Vulnerable,0.2076,130.144,2015,5,null,null,null,null,El Nino
140909.0,Reef Manta Ray,Vulnerable,0.20720000000000002,130.0846,2015,5,null,null,null,null,El Nino
140909.0,Reef Manta Ray,Vulnerable,0.21530000000000002,130.0475,2015,5,null,null,null,null,El Nino
140909.0,Reef Manta Ray,Vulnerable,0.187,130.089,2015,5,null,null,null,null,El Nino
140909.0,Reef Manta Ray,Vulnerable,0.2114,130.0567,2015,5,null,null,null,null,El Nino
140909.0,Reef Manta Ray,Vulnerable,0.2277,130.0668,2015,5,null,null,null,null,El Nino
140909.0,Reef Manta Ray,Vulnerable,0.2046,130.0847,2015,5,null,null,null,null,El Nino
140909.0,Reef Manta Ray,Vulnerable,0.2021,130.04760000000002,2015,5,null,null,null,null,El Nino
140909.0,Reef Manta Ray,Vulnerable,0.2245,130.062,2015,5,null,null,null,null,El Nino
140909.0,Reef Manta Ray,Vulnerable,0.2538,130.13660000000002,2015,5,null,null,null,null,El Nino
140909.0,Reef Manta Ray,Vulnerable,0.1789,130.0771,2015,5,null,null,null,null,El Nino
140909.0,Reef Manta Ray,Vulnerable,0.23820000000000002,130.11960000000002,2015,5,null,null,null,null,El Nino
140909.0,Reef Manta Ray,Vulnerable,0.2165,130.1394,2015,5,null,null,null,null,El Nino
140909.0,Reef Manta Ray,Vulnerable,0.2248,130.0661,2015,5,null,null,null,null,El Nino
140909.0,Reef Manta Ray,Vulnerable,0.19390000000000002,130.0505,2015,5,null,null,null,null,El Nino
140909.0,Reef Manta Ray,Vulnerable,0.1967,130.055,2015,5,null,null,null,null,El Nino
140909.0,Reef Manta Ray,Vulnerable,0.19840000000000002,130.053,2015,5,null,null,null,null,El Nino
140909.0,Reef Manta Ray,Vulnerable,0.1665,130.1117,2015,5,null,null,null,null,El Nino
140909.0,Reef Manta Ray,Vulnerable,0.1519,130.08440000000002,2015,5,null,null,null,null,El Nino
140909.0,Reef Manta Ray,Vulnerable,0.1631,130.1103,2015,5,null,null,null,null,El Nino
140909.0,Reef Manta Ray,Vulnerable,0.15180000000000002,130.108,2015,5,null,null,null,null,El Nino
140909.0,Reef Manta Ray,Vulnerable,0.1504,130.1405,2015,5,null,null,null,null,El Nino
140909.0,Reef Manta Ray,Vulnerable,0.1432,130.1592,2015,5,null,null,null,null,El Nino
140909.0,Reef Manta Ray,Vulnerable,0.1359,130.1089,2015,5,null,null,null,null,El Nino
140909.0,Reef Manta Ray,Vulnerable,0.18380000000000002,130.1122,2015,5,null,null,null,null,El Nino
140909.0,Reef Manta Ray,Vulnerable,0.153,130.07590000000002,2015,5,null,null,null,null,El Nino
140909.0,Reef Manta Ray,Vulnerable,0.1709,130.0788,2015,5,null,null,null,null,El Nino
140909.0,Reef Manta Ray,Vulnerable,0.1542,130.0806,2015,5,null,null,null,null,El Nino
140909.0,Reef Manta Ray,Vulnerable,0.2003,130.0538,2015,5,null,null,null,null,El Nino
140909.0,Reef Manta Ray,Vulnerable,0.2791,130.07420000000002,2015,5,null,null,null,null,El Nino
140909.0,Reef Manta Ray,Vulnerable,0.2154,130.1468,2015,5,null,null,null,null,El Nino
140909.0,Reef Manta Ray,Vulnerable,0.1963,130.0677,2015,5,null,null,null,null,El Nino
140909.0,Reef Manta Ray,Vulnerable,0.19920000000000002,130.041,2015,5,null,null,null,null,El Nino
140909.0,Reef Manta Ray,Vulnerable,0.2152,130.0721,2015,5,null,null,null,null,El Nino
140909.0,Reef Manta Ray,Vulnerable,0.1869,130.0854,2015,6,null,null,null,null,El Nino
140909.0,Reef Manta Ray,Vulnerable,0.2102,130.112,2015,6,null,null,null,null,El Nino
140909.0,Reef Manta Ray,Vulnerable,0.1598,130.1031,2015,6,null,null,null,null,El Nino
140909.0,Reef Manta Ray,Vulnerable,0.10790000000000001,130.1421,2015,6,null,null,null,null,El Nino
140909.0,Reef Manta Ray,Vulnerable,0.16670000000000001,130.1106,2015,6,null,null,null,null,El Nino
140909.0,Reef Manta Ray,Vulnerable,0.18530000000000002,130.1335,2015,6,null,null,null,null,El Nino
140909.0,Reef Manta Ray,Vulnerable,0.1595,130.13660000000002,2015,6,null,null,null,null,El Nino
140909.0,Reef Manta Ray,Vulnerable,0.1494,130.1121,2015,6,null,null,null,null,El Nino
140909.0,Reef Manta Ray,Vulnerable,0.1627,130.0826,2015,6,null,null,null,null,El Nino
140909.0,Reef Manta Ray,Vulnerable,0.182,130.127,2015,6,null,null,null,null,El Nino
140909.0,Reef Manta Ray,Vulnerable,0.20620000000000002,130.1236,2015,6,null,null,null,null,El Nino
140909.0,Reef Manta Ray,Vulnerable,0.1433,130.1112,2015,6,null,null,null,null,El Nino
140913.0,Reef Manta Ray,Vulnerable,-8.5364,119.59280000000001,2015,4,29.46,0.0,0.30000000000000004,Watch,Neutral
140913.0,Reef Manta Ray,Vulnerable,-8.5348,119.61210000000001,2015,4,29.46,0.0,0.30000000000000004,Watch,Neutral
140913.0,Reef Manta Ray,Vulnerable,-8.5314,119.5931,2015,4,29.46,0.0,0.30000000000000004,Watch,Neutral
140913.0,Reef Manta Ray,Vulnerable,-8.7161,119.7104,2015,4,29.36,0.0,1.11,Watch,Neutral
140913.0,Reef Manta Ray,Vulnerable,-8.7483,119.7698,2015,4,29.36,0.0,1.11,Watch,Neutral
140913.0,Reef Manta Ray,Vulnerable,-8.5639,119.6285,2015,4,29.36,0.0,1.11,Watch,Neutral
140913.0,Reef Manta Ray,Vulnerable,-8.5344,119.59710000000001,2015,4,29.46,0.0,0.30000000000000004,Watch,Neutral
140913.0,Reef Manta Ray,Vulnerable,-8.5211,119.607,2015,4,29.46,0.0,0.30000000000000004,Watch,Neutral
140913.0,Reef Manta Ray,Vulnerable,-8.4479,119.64710000000001,2015,4,29.46,0.0,0.30000000000000004,Watch,Neutral
140913.0,Reef Manta Ray,Vulnerable,-8.5328,119.5965,2015,4,29.46,0.0,0.30000000000000004,Watch,Neutral
140913.0,Reef Manta Ray,Vulnerable,-8.5328,119.6195,2015,4,29.46,0.0,0.30000000000000004,Watch,Neutral
140913.0,Reef Manta Ray,Vulnerable,-8.495800000000001,119.61030000000001,2015,4,29.46,0.0,0.30000000000000004,Watch,Neutral
140913.0,Reef Manta Ray,Vulnerable,-8.5571,119.62660000000001,2015,4,29.36,0.0,1.11,Watch,Neutral
140913.0,Reef Manta Ray,Vulnerable,-8.560500000000001,119.6336,2015,4,29.36,0.0,1.11,Watch,Neutral
140913.0,Reef Manta Ray,Vulnerable,-8.538,119.62190000000001,2015,4,29.36,0.0,1.11,Watch,Neutral
140913.0,Reef Manta Ray,Vulnerable,-8.5456,119.59830000000001,2015,4,29.36,0.0,1.11,Watch,Neutral
140913.0,Reef Manta Ray,Vulnerable,-8.7148,119.7004,2015,4,29.36,0.0,1.11,Watch,Neutral
140913.0,Reef Manta Ray,Vulnerable,-8.7132,119.7676,2015,4,29.36,0.0,1.11,Watch,Neutral
140913.0,Reef Manta Ray,Vulnerable,-8.716,119.6974,2015,4,29.36,0.0,1.11,Watch,Neutral
140913.0,Reef Manta Ray,Vulnerable,-8.6769,119.50710000000001,2015,4,28.95,0.0,0.74,No Stress,Neutral
140913.0,Reef Manta Ray,Vulnerable,-8.5527,119.587,2015,4,29.36,0.0,1.11,Watch,Neutral
140913.0,Reef Manta Ray,Vulnerable,-8.7086,119.5369,2015,4,28.95,0.0,0.74,No Stress,Neutral
140913.0,Reef Manta Ray,Vulnerable,-8.7059,119.77,2015,4,29.36,0.0,1.11,Watch,Neutral
140913.0,Reef Manta Ray,Vulnerable,-8.562800000000001,119.6353,2015,4,29.36,0.0,1.11,Watch,Neutral
140913.0,Reef Manta Ray,Vulnerable,-8.7117,119.7689,2015,4,29.36,0.0,1.11,Watch,Neutral
140913.0,Reef Manta Ray,Vulnerable,-8.7138,119.70840000000001,2015,4,29.36,0.0,1.11,Watch,Neutral
140913.0,Reef Manta Ray,Vulnerable,-8.7147,119.7082,2015,4,29.36,0.0,1.11,Watch,Neutral
140913.0,Reef Manta Ray,Vulnerable,-8.7294,119.55890000000001,2015,4,29.36,0.0,1.11,Watch,Neutral
140913.0,Reef Manta Ray,Vulnerable,-8.6378,119.5489,2015,4,28.95,0.0,0.74,No Stress,Neutral
140913.0,Reef Manta Ray,Vulnerable,-8.565900000000001,119.6324,2015,4,29.36,0.0,1.11,Watch,Neutral
140913.0,Reef Manta Ray,Vulnerable,-8.699,119.7176,2015,5,28.43,0.0,1.1,No Stress,El Nino
140913.0,Reef Manta Ray,Vulnerable,-8.7043,119.7513,2015,5,28.43,0.0,1.1,No Stress,El Nino
140913.0,Reef Manta Ray,Vulnerable,-8.6986,119.71010000000001,2015,5,28.43,0.0,1.1,No Stress,El Nino
140913.0,Reef Manta Ray,Vulnerable,-8.7224,119.71990000000001,2015,5,28.43,0.0,1.1,No Stress,El Nino
140913.0,Reef Manta Ray,Vulnerable,-8.722800000000001,119.71560000000001,2015,5,28.43,0.0,1.1,No Stress,El Nino
140913.0,Reef Manta Ray,Vulnerable,-8.718300000000001,119.72,2015,5,28.43,0.0,1.1,No Stress,El Nino
140913.0,Reef Manta Ray,Vulnerable,-8.7372,119.73020000000001,2015,5,28.43,0.0,1.1,No Stress,El Nino
140913.0,Reef Manta Ray,Vulnerable,-8.7223,119.7166,2015,5,28.43,0.0,1.1,No Stress,El Nino
140913.0,Reef Manta Ray,Vulnerable,-8.708400000000001,119.54740000000001,2015,5,28.43,0.0,1.1,No Stress,El Nino
140913.0,Reef Manta Ray,Vulnerable,-8.722100000000001,119.6941,2015,5,28.43,0.0,1.1,No Stress,El Nino
140913.0,Reef Manta Ray,Vulnerable,-8.7247,119.69290000000001,2015,5,28.43,0.0,1.1,No Stress,El Nino
140913.0,Reef Manta Ray,Vulnerable,-8.7197,119.7352,2015,5,28.43,0.0,1.1,No Stress,El Nino
140913.0,Reef Manta Ray,Vulnerable,-8.7013,119.7091,2015,5,28.43,0.0,1.1,No Stress,El Nino
140913.0,Reef Manta Ray,Vulnerable,-8.733,119.7377,2015,5,28.43,0.0,1.1,No Stress,El Nino
140913.0,Reef Manta Ray,Vulnerable,-8.6991,119.70840000000001,2015,5,28.43,0.0,1.1,No Stress,El Nino
140913.0,Reef Manta Ray,Vulnerable,-8.7159,119.7334,2015,5,28.43,0.0,1.1,No Stress,El Nino
140913.0,Reef Manta Ray,Vulnerable,-8.6994,119.71520000000001,2015,5,28.43,0.0,1.1,No Stress,El Nino
140913.0,Reef Manta Ray,Vulnerable,-8.7052,119.7419,2015,5,28.43,0.0,1.1,No Stress,El Nino
140913.0,Reef Manta Ray,Vulnerable,-8.709100000000001,119.74180000000001,2015,5,28.43,0.0,1.1,No Stress,El Nino
140913.0,Reef Manta Ray,Vulnerable,-8.7012,119.7104,2015,5,28.43,0.0,1.1,No Stress,El Nino
140913.0,Reef Manta Ray,Vulnerable,-8.496400000000001,119.7903,2015,5,28.43,0.0,1.1,No Stress,El Nino
140913.0,Reef Manta Ray,Vulnerable,-8.498,119.79360000000001,2015,5,29.35,0.0,0.30000000000000004,Watch,El Nino
140913.0,Reef Manta Ray,Vulnerable,-8.7408,119.7273,2015,5,28.43,0.0,1.1,No Stress,El Nino
140913.0,Reef Manta Ray,Vulnerable,-8.7203,119.69680000000001,2015,5,28.43,0.0,1.1,No Stress,El Nino
140913.0,Reef Manta Ray,Vulnerable,-8.7188,119.696,2015,5,28.43,0.0,1.1,No Stress,El Nino
140913.0,Reef Manta Ray,Vulnerable,-8.7284,119.75120000000001,2015,5,28.43,0.0,1.1,No Stress,El Nino
140913.0,Reef Manta Ray,Vulnerable,-8.7049,119.73150000000001,2015,5,28.43,0.0,1.1,No Stress,El Nino
140913.0,Reef Manta Ray,Vulnerable,-8.716,119.69730000000001,2015,5,28.43,0.0,1.1,No Stress,El Nino
140913.0,Reef Manta Ray,Vulnerable,-8.695500000000001,119.7181,2015,5,28.43,0.0,1.1,No Stress,El Nino
140913.0,Reef Manta Ray,Vulnerable,-8.498800000000001,119.78930000000001,2015,5,28.43,0.0,1.1,No Stress,El Nino
140913.0,Reef Manta Ray,Vulnerable,-8.7437,119.74910000000001,2015,5,28.43,0.0,1.1,No Stress,El Nino
140913.0,Reef Manta Ray,Vulnerable,-8.7279,119.745,2015,5,28.43,0.0,1.1,No Stress,El Nino
140913.0,Reef Manta Ray,Vulnerable,-8.698,119.72040000000001,2015,5,28.43,0.0,1.1,No Stress,El Nino
140913.0,Reef Manta Ray,Vulnerable,-8.4981,119.78490000000001,2015,5,28.43,0.0,1.1,No Stress,El Nino
140913.0,Reef Manta Ray,Vulnerable,-8.7202,119.6967,2015,5,28.43,0.0,1.1,No Stress,El Nino
140913.0,Reef Manta Ray,Vulnerable,-8.4738,119.7672,2015,5,29.38,0.0,0.30000000000000004,Watch,El Nino
140913.0,Reef Manta Ray,Vulnerable,-8.7169,119.74650000000001,2015,5,28.43,0.0,1.1,No Stress,El Nino
140913.0,Reef Manta Ray,Vulnerable,-8.7386,119.7368,2015,5,28.43,0.0,1.1,No Stress,El Nino
140913.0,Reef Manta Ray,Vulnerable,-8.72,119.69430000000001,2015,5,28.43,0.0,1.1,No Stress,El Nino
140913.0,Reef Manta Ray,Vulnerable,-8.7197,119.6948,2015,5,28.43,0.0,1.1,No Stress,El Nino
140913.0,Reef Manta Ray,Vulnerable,-8.7021,119.7423,2015,5,28.43,0.0,1.1,No Stress,El Nino
140913.0,Reef Manta Ray,Vulnerable,-8.7139,119.7248,2015,5,28.43,0.0,1.1,No Stress,El Nino
140913.0,Reef Manta Ray,Vulnerable,-8.6998,119.764,2015,5,28.43,0.0,1.1,No Stress,El Nino
140913.0,Reef Manta Ray,Vulnerable,-8.731300000000001,119.73270000000001,2015,5,28.43,0.0,1.1,No Stress,El Nino
140913.0,Reef Manta Ray,Vulnerable,-8.5314,119.6987,2015,5,28.43,0.0,1.1,No Stress,El Nino
140913.0,Reef Manta Ray,Vulnerable,-8.6448,119.804,2015,5,28.43,0.0,1.1,No Stress,El Nino
140913.0,Reef Manta Ray,Vulnerable,-8.744900000000001,119.7817,2015,5,28.43,0.0,1.1,No Stress,El Nino
140913.0,Reef Manta Ray,Vulnerable,-8.6971,119.7193,2015,5,28.43,0.0,1.1,No Stress,El Nino
140913.0,Reef Manta Ray,Vulnerable,-8.7722,119.7981,2015,5,28.43,0.0,1.1,No Stress,El Nino
140913.0,Reef Manta Ray,Vulnerable,-8.702,119.7227,2015,5,28.43,0.0,1.1,No Stress,El Nino
140913.0,Reef Manta Ray,Vulnerable,-8.696,119.7133,2015,5,28.43,0.0,1.1,No Stress,El Nino
140913.0,Reef Manta Ray,Vulnerable,-8.7357,119.76870000000001,2015,5,28.43,0.0,1.1,No Stress,El Nino
140913.0,Reef Manta Ray,Vulnerable,-8.7006,119.73920000000001,2015,5,28.43,0.0,1.1,No Stress,El Nino
140913.0,Reef Manta Ray,Vulnerable,-8.4961,119.79220000000001,2015,5,29.35,0.0,0.30000000000000004,Watch,El Nino
140913.0,Reef Manta Ray,Vulnerable,-8.6952,119.5336,2015,5,29.17,0.0,0.6900000000000001,No Stress,El Nino
140913.0,Reef Manta Ray,Vulnerable,-8.6853,119.72040000000001,2015,5,28.43,0.0,1.1,No Stress,El Nino
140913.0,Reef Manta Ray,Vulnerable,-8.6994,119.7485,2015,5,28.43,0.0,1.1,No Stress,El Nino
140913.0,Reef Manta Ray,Vulnerable,-8.699300000000001,119.7115,2015,5,28.43,0.0,1.1,No Stress,El Nino
140913.0,Reef Manta Ray,Vulnerable,-8.6978,119.74980000000001,2015,5,28.43,0.0,1.1,No Stress,El Nino
140913.0,Reef Manta Ray,Vulnerable,-8.7177,119.6944,2015,5,28.43,0.0,1.1,No Stress,El Nino
140913.0,Reef Manta Ray,Vulnerable,-8.7156,119.6974,2015,5,28.43,0.0,1.1,No Stress,El Nino
140913.0,Reef Manta Ray,Vulnerable,-8.736500000000001,119.7727,2015,5,28.43,0.0,1.1,No Stress,El Nino
140913.0,Reef Manta Ray,Vulnerable,-8.7034,119.7226,2015,5,28.43,0.0,1.1,No Stress,El Nino
140913.0,Reef Manta Ray,Vulnerable,-8.7159,119.69770000000001,2015,5,28.43,0.0,1.1,No Stress,El Nino
140913.0,Reef Manta Ray,Vulnerable,-8.7377,119.7292,2015,5,28.43,0.0,1.1,No Stress,El Nino
140913.0,Reef Manta Ray,Vulnerable,-8.7151,119.723,2015,5,28.43,0.0,1.1,No Stress,El Nino
140913.0,Reef Manta Ray,Vulnerable,-8.7006,119.7185,2015,5,28.43,0.0,1.1,No Stress,El Nino
140913.0,Reef Manta Ray,Vulnerable,-8.6982,119.71180000000001,2015,5,28.43,0.0,1.1,No Stress,El Nino
140913.0,Reef Manta Ray,Vulnerable,-8.701,119.7476,2015,5,28.43,0.0,1.1,No Stress,El Nino
140913.0,Reef Manta Ray,Vulnerable,-8.694700000000001,119.7116,2015,5,28.43,0.0,1.1,No Stress,El Nino
140913.0,Reef Manta Ray,Vulnerable,-8.6958,119.70670000000001,2015,5,28.43,0.0,1.1,No Stress,El Nino
140913.0,Reef Manta Ray,Vulnerable,-8.7063,119.7359,2015,5,28.43,0.0,1.1,No Stress,El Nino
140913.0,Reef Manta Ray,Vulnerable,-8.7048,119.7073,2015,5,28.43,0.0,1.1,No Stress,El Nino
140913.0,Reef Manta Ray,Vulnerable,-8.7009,119.7215,2015,5,28.43,0.0,1.1,No Stress,El Nino
140913.0,Reef Manta Ray,Vulnerable,-8.707600000000001,119.7074,2015,5,28.43,0.0,1.1,No Stress,El Nino
140913.0,Reef Manta Ray,Vulnerable,-8.6937,119.7193,2015,5,28.43,0.0,1.1,No Stress,El Nino
140913.0,Reef Manta Ray,Vulnerable,-8.7367,119.7275,2015,5,28.43,0.0,1.1,No Stress,El Nino
140913.0,Reef Manta Ray,Vulnerable,-8.700700000000001,119.7209,2015,5,28.43,0.0,1.1,No Stress,El Nino
140913.0,Reef Manta Ray,Vulnerable,-8.6991,119.7183,2015,5,28.43,0.0,1.1,No Stress,El Nino
140913.0,Reef Manta Ray,Vulnerable,-8.7013,119.71910000000001,2015,5,28.43,0.0,1.1,No Stress,El Nino
140913.0,Reef Manta Ray,Vulnerable,-8.7132,119.7034,2015,5,28.43,0.0,1.1,No Stress,El Nino
140913.0,Reef Manta Ray,Vulnerable,-8.7128,119.72540000000001,2015,5,28.43,0.0,1.1,No Stress,El Nino
140913.0,Reef Manta Ray,Vulnerable,-8.7201,119.69420000000001,2015,5,28.43,0.0,1.1,No Stress,El Nino
140913.0,Reef Manta Ray,Vulnerable,-8.686,119.6038,2015,5,28.43,0.0,1.1,No Stress,El Nino
140913.0,Reef Manta Ray,Vulnerable,-8.7197,119.69800000000001,2015,5,28.43,0.0,1.1,No Stress,El Nino
140913.0,Reef Manta Ray,Vulnerable,-8.6973,119.71950000000001,2015,5,28.43,0.0,1.1,No Stress,El Nino
140913.0,Reef Manta Ray,Vulnerable,-8.705,119.7278,2015,5,28.43,0.0,1.1,No Stress,El Nino
140913.0,Reef Manta Ray,Vulnerable,-8.700800000000001,119.74080000000001,2015,5,28.43,0.0,1.1,No Stress,El Nino
140913.0,Reef Manta Ray,Vulnerable,-8.7017,119.70840000000001,2015,5,28.43,0.0,1.1,No Stress,El Nino
140913.0,Reef Manta Ray,Vulnerable,-8.7201,119.7346,2015,5,28.43,0.0,1.1,No Stress,El Nino
140913.0,Reef Manta Ray,Vulnerable,-8.6971,119.718,2015,5,28.43,0.0,1.1,No Stress,El Nino
140913.0,Reef Manta Ray,Vulnerable,-8.7561,119.791,2015,5,28.43,0.0,1.1,No Stress,El Nino
140913.0,Reef Manta Ray,Vulnerable,-8.7051,119.72170000000001,2015,5,28.43,0.0,1.1,No Stress,El Nino
140913.0,Reef Manta Ray,Vulnerable,-8.6928,119.72680000000001,2015,5,28.43,0.0,1.1,No Stress,El Nino
140913.0,Reef Manta Ray,Vulnerable,-8.692400000000001,119.7278,2015,5,28.43,0.0,1.1,No Stress,El Nino
140913.0,Reef Manta Ray,Vulnerable,-8.7033,119.71730000000001,2015,5,28.43,0.0,1.1,No Stress,El Nino
140913.0,Reef Manta Ray,Vulnerable,-8.7242,119.69420000000001,2015,5,28.43,0.0,1.1,No Stress,El Nino
140913.0,Reef Manta Ray,Vulnerable,-8.6994,119.71730000000001,2015,5,28.43,0.0,1.1,No Stress,El Nino
140913.0,Reef Manta Ray,Vulnerable,-8.6973,119.71870000000001,2015,5,28.43,0.0,1.1,No Stress,El Nino
140913.0,Reef Manta Ray,Vulnerable,-8.7306,119.77220000000001,2015,5,28.43,0.0,1.1,No Stress,El Nino
140913.0,Reef Manta Ray,Vulnerable,-8.6553,119.62410000000001,2015,5,28.43,0.0,1.1,No Stress,El Nino
140913.0,Reef Manta Ray,Vulnerable,-8.7086,119.7557,2015,5,28.43,0.0,1.1,No Stress,El Nino
140913.0,Reef Manta Ray,Vulnerable,-8.7025,119.721,2015,5,28.43,0.0,1.1,No Stress,El Nino
140913.0,Reef Manta Ray,Vulnerable,-8.7139,119.7211,2015,5,28.43,0.0,1.1,No Stress,El Nino
140913.0,Reef Manta Ray,Vulnerable,-8.7003,119.7074,2015,6,26.28,0.0,0.12,No Stress,El Nino
140913.0,Reef Manta Ray,Vulnerable,-8.7049,119.7406,2015,6,26.28,0.0,0.12,No Stress,El Nino
140913.0,Reef Manta Ray,Vulnerable,-8.7013,119.74090000000001,2015,6,26.28,0.0,0.12,No Stress,El Nino
140913.0,Reef Manta Ray,Vulnerable,-8.698400000000001,119.7521,2015,6,26.28,0.0,0.12,No Stress,El Nino
140913.0,Reef Manta Ray,Vulnerable,-8.7009,119.72,2015,6,26.28,0.0,0.12,No Stress,El Nino
140913.0,Reef Manta Ray,Vulnerable,-8.7071,119.73790000000001,2015,6,26.28,0.0,0.12,No Stress,El Nino
140913.0,Reef Manta Ray,Vulnerable,-8.6121,119.80380000000001,2015,6,26.28,0.0,0.12,No Stress,El Nino
140913.0,Reef Manta Ray,Vulnerable,-8.6099,119.6967,2015,6,26.28,0.0,0.12,No Stress,El Nino
140913.0,Reef Manta Ray,Vulnerable,-8.5312,119.6987,2015,6,26.28,0.0,0.12,No Stress,El Nino
140913.0,Reef Manta Ray,Vulnerable,-8.6674,119.5955,2015,6,26.28,0.0,0.12,No Stress,El Nino
140913.0,Reef Manta Ray,Vulnerable,-8.7123,119.75150000000001,2015,6,26.28,0.0,0.12,No Stress,El Nino
140913.0,Reef Manta Ray,Vulnerable,-8.7123,119.71640000000001,2015,6,26.28,0.0,0.12,No Stress,El Nino
140913.0,Reef Manta Ray,Vulnerable,-8.7063,119.73530000000001,2015,6,26.28,0.0,0.12,No Stress,El Nino
140913.0,Reef Manta Ray,Vulnerable,-8.7255,119.73960000000001,2015,6,26.28,0.0,0.12,No Stress,El Nino
140913.0,Reef Manta Ray,Vulnerable,-8.7108,119.7282,2015,6,26.28,0.0,0.12,No Stress,El Nino
140913.0,Reef Manta Ray,Vulnerable,-8.7093,119.7462,2015,6,26.28,0.0,0.12,No Stress,El Nino
140913.0,Reef Manta Ray,Vulnerable,-8.7003,119.712,2015,6,26.28,0.0,0.12,No Stress,El Nino
140913.0,Reef Manta Ray,Vulnerable,-8.7128,119.7359,2015,6,26.28,0.0,0.12,No Stress,El Nino
140913.0,Reef Manta Ray,Vulnerable,-8.7047,119.7065,2015,6,26.28,0.0,0.12,No Stress,El Nino
140913.0,Reef Manta Ray,Vulnerable,-8.701,119.7093,2015,6,26.28,0.0,0.12,No Stress,El Nino
140913.0,Reef Manta Ray,Vulnerable,-8.726600000000001,119.73870000000001,2015,6,26.28,0.0,0.12,No Stress,El Nino
140913.0,Reef Manta Ray,Vulnerable,-8.7042,119.7069,2015,6,26.28,0.0,0.12,No Stress,El Nino
140913.0,Reef Manta Ray,Vulnerable,-8.705,119.74050000000001,2015,6,26.28,0.0,0.12,No Stress,El Nino
140913.0,Reef Manta Ray,Vulnerable,-8.7013,119.71170000000001,2015,6,26.28,0.0,0.12,No Stress,El Nino
140913.0,Reef Manta Ray,Vulnerable,-8.7156,119.69770000000001,2015,6,26.28,0.0,0.12,No Stress,El Nino
140913.0,Reef Manta Ray,Vulnerable,-8.7207,119.72680000000001,2015,6,26.28,0.0,0.12,No Stress,El Nino
140913.0,Reef Manta Ray,Vulnerable,-8.7096,119.73,2015,6,26.28,0.0,0.12,No Stress,El Nino
140913.0,Reef Manta Ray,Vulnerable,-8.7025,119.7372,2015,6,26.28,0.0,0.12,No Stress,El Nino
140913.0,Reef Manta Ray,Vulnerable,-8.705300000000001,119.7376,2015,6,26.28,0.0,0.12,No Stress,El Nino
140913.0,Reef Manta Ray,Vulnerable,-8.7096,119.72840000000001,2015,6,26.28,0.0,0.12,No Stress,El Nino
140913.0,Reef Manta Ray,Vulnerable,-8.7093,119.72370000000001,2015,6,26.28,0.0,0.12,No Stress,El Nino
140913.0,Reef Manta Ray,Vulnerable,-8.732800000000001,119.72940000000001,2015,6,26.28,0.0,0.12,No Stress,El Nino
140913.0,Reef Manta Ray,Vulnerable,-8.6338,119.60690000000001,2015,6,26.28,0.0,0.12,No Stress,El Nino
140913.0,Reef Manta Ray,Vulnerable,-8.705,119.75550000000001,2015,6,26.28,0.0,0.12,No Stress,El Nino
140913.0,Reef Manta Ray,Vulnerable,-8.7112,119.7193,2015,6,26.28,0.0,0.12,No Stress,El Nino
140913.0,Reef Manta Ray,Vulnerable,-8.562800000000001,119.635,2015,6,26.28,0.0,0.12,No Stress,El Nino
140913.0,Reef Manta Ray,Vulnerable,-8.703100000000001,119.7091,2015,6,26.28,0.0,0.12,No Stress,El Nino
140913.0,Reef Manta Ray,Vulnerable,-8.7028,119.7474,2015,6,26.28,0.0,0.12,No Stress,El Nino
140913.0,Reef Manta Ray,Vulnerable,-8.683,119.763,2015,6,26.28,0.0,0.12,No Stress,El Nino
140914.0,Reef Manta Ray,Vulnerable,-8.539900000000001,119.5887,2015,4,29.46,0.0,0.30000000000000004,Watch,Neutral
140914.0,Reef Manta Ray,Vulnerable,-8.535,119.59440000000001,2015,4,29.46,0.0,0.30000000000000004,Watch,Neutral
140914.0,Reef Manta Ray,Vulnerable,-8.5744,119.5823,2015,4,29.36,0.0,1.11,Watch,Neutral
140914.0,Reef Manta Ray,Vulnerable,-8.6007,119.57090000000001,2015,4,29.36,0.0,1.11,Watch,Neutral
140914.0,Reef Manta Ray,Vulnerable,-8.562800000000001,119.5806,2015,4,29.36,0.0,1.11,Watch,Neutral
140914.0,Reef Manta Ray,Vulnerable,-8.5647,119.57950000000001,2015,4,29.36,0.0,1.11,Watch,Neutral
140914.0,Reef Manta Ray,Vulnerable,-8.5626,119.59570000000001,2015,4,29.36,0.0,1.11,Watch,Neutral
140914.0,Reef Manta Ray,Vulnerable,-8.708300000000001,119.51350000000001,2015,4,28.95,0.0,0.74,No Stress,Neutral
140914.0,Reef Manta Ray,Vulnerable,-8.5799,119.58120000000001,2015,4,29.36,0.0,1.11,Watch,Neutral
140914.0,Reef Manta Ray,Vulnerable,-8.653,119.51280000000001,2015,4,28.95,0.0,0.74,No Stress,Neutral
140914.0,Reef Manta Ray,Vulnerable,-8.6667,119.46600000000001,2015,4,28.95,0.0,0.74,No Stress,Neutral
140914.0,Reef Manta Ray,Vulnerable,-8.5456,119.59830000000001,2015,4,29.36,0.0,1.11,Watch,Neutral
140914.0,Reef Manta Ray,Vulnerable,-8.708400000000001,119.53410000000001,2015,4,28.95,0.0,0.74,No Stress,Neutral
140914.0,Reef Manta Ray,Vulnerable,-8.6803,119.47540000000001,2015,4,28.95,0.0,0.74,No Stress,Neutral
140914.0,Reef Manta Ray,Vulnerable,-8.4635,119.5844,2015,5,29.38,0.0,0.30000000000000004,Watch,El Nino
140914.0,Reef Manta Ray,Vulnerable,-8.5358,119.5948,2015,5,29.38,0.0,0.30000000000000004,Watch,El Nino
140914.0,Reef Manta Ray,Vulnerable,-8.5359,119.5978,2015,5,29.38,0.0,0.30000000000000004,Watch,El Nino
140914.0,Reef Manta Ray,Vulnerable,-8.560500000000001,119.62880000000001,2015,5,28.43,0.0,1.1,No Stress,El Nino
140914.0,Reef Manta Ray,Vulnerable,-8.6624,119.59490000000001,2015,5,28.43,0.0,1.1,No Stress,El Nino
140914.0,Reef Manta Ray,Vulnerable,-8.548300000000001,119.7162,2015,5,28.43,0.0,1.1,No Stress,El Nino
140914.0,Reef Manta Ray,Vulnerable,-8.6807,119.58340000000001,2015,5,28.43,0.0,1.1,No Stress,El Nino
140914.0,Reef Manta Ray,Vulnerable,-8.6492,119.60600000000001,2015,5,28.43,0.0,1.1,No Stress,El Nino
140914.0,Reef Manta Ray,Vulnerable,-8.6587,119.6072,2015,5,28.43,0.0,1.1,No Stress,El Nino
140914.0,Reef Manta Ray,Vulnerable,-8.542300000000001,119.6177,2015,5,28.43,0.0,1.1,No Stress,El Nino
140914.0,Reef Manta Ray,Vulnerable,-8.6621,119.5982,2015,5,28.43,0.0,1.1,No Stress,El Nino
140914.0,Reef Manta Ray,Vulnerable,-8.5436,119.5991,2015,5,28.43,0.0,1.1,No Stress,El Nino
140914.0,Reef Manta Ray,Vulnerable,-8.6658,119.59370000000001,2015,5,28.43,0.0,1.1,No Stress,El Nino
140914.0,Reef Manta Ray,Vulnerable,-8.5367,119.5925,2015,5,29.38,0.0,0.30000000000000004,Watch,El Nino
140914.0,Reef Manta Ray,Vulnerable,-8.690900000000001,119.53890000000001,2015,5,29.17,0.0,0.6900000000000001,No Stress,El Nino
140914.0,Reef Manta Ray,Vulnerable,-8.733500000000001,119.42,2015,6,26.810000000000002,0.0,0.12,No Stress,El Nino
140914.0,Reef Manta Ray,Vulnerable,-8.845,118.8443,2015,6,26.57,0.0,0.12,No Stress,El Nino
140914.0,Reef Manta Ray,Vulnerable,-8.8009,118.7108,2015,6,26.57,0.0,0.12,No Stress,El Nino
140914.0,Reef Manta Ray,Vulnerable,-8.5359,119.59440000000001,2015,6,28.36,0.0,0.30000000000000004,No Stress,El Nino
140915.0,Reef Manta Ray,Vulnerable,-8.7037,119.5245,2015,4,28.95,0.0,0.74,No Stress,Neutral
140915.0,Reef Manta Ray,Vulnerable,-8.7033,119.52210000000001,2015,4,28.95,0.0,0.74,No Stress,Neutral
140915.0,Reef Manta Ray,Vulnerable,-8.702200000000001,119.52470000000001,2015,4,28.95,0.0,0.74,No Stress,Neutral
140915.0,Reef Manta Ray,Vulnerable,-8.736600000000001,119.41090000000001,2015,4,28.95,0.0,0.74,No Stress,Neutral
140915.0,Reef Manta Ray,Vulnerable,-8.6942,119.5351,2015,4,28.95,0.0,0.74,No Stress,Neutral
140915.0,Reef Manta Ray,Vulnerable,-8.7014,119.52380000000001,2015,4,28.95,0.0,0.74,No Stress,Neutral
140915.0,Reef Manta Ray,Vulnerable,-8.7295,119.4132,2015,4,28.95,0.0,0.74,No Stress,Neutral
140915.0,Reef Manta Ray,Vulnerable,-8.7364,119.41220000000001,2015,4,28.95,0.0,0.74,No Stress,Neutral
140915.0,Reef Manta Ray,Vulnerable,-8.769,119.5262,2015,4,28.95,0.0,0.74,No Stress,Neutral
140915.0,Reef Manta Ray,Vulnerable,-8.7014,119.5245,2015,4,28.95,0.0,0.74,No Stress,Neutral
140915.0,Reef Manta Ray,Vulnerable,-8.7522,119.5353,2015,4,28.95,0.0,0.74,No Stress,Neutral
140915.0,Reef Manta Ray,Vulnerable,-8.7003,119.5245,2015,4,28.95,0.0,0.74,No Stress,Neutral
140915.0,Reef Manta Ray,Vulnerable,-8.7683,119.5216,2015,4,28.95,0.0,0.74,No Stress,Neutral
140915.0,Reef Manta Ray,Vulnerable,-8.7385,119.4127,2015,5,29.17,0.0,0.6900000000000001,No Stress,El Nino
140915.0,Reef Manta Ray,Vulnerable,-8.6915,119.539,2015,5,29.17,0.0,0.6900000000000001,No Stress,El Nino
140915.0,Reef Manta Ray,Vulnerable,-8.7386,119.41080000000001,2015,5,29.17,0.0,0.6900000000000001,No Stress,El Nino
140915.0,Reef Manta Ray,Vulnerable,-8.6936,119.5365,2015,5,29.17,0.0,0.6900000000000001,No Stress,El Nino
140915.0,Reef Manta Ray,Vulnerable,-8.7361,119.41390000000001,2015,5,29.17,0.0,0.6900000000000001,No Stress,El Nino
140915.0,Reef Manta Ray,Vulnerable,-8.7287,119.41220000000001,2015,5,29.17,0.0,0.6900000000000001,No Stress,El Nino
140915.0,Reef Manta Ray,Vulnerable,-8.7382,119.4115,2015,5,29.17,0.0,0.6900000000000001,No Stress,El Nino
140915.0,Reef Manta Ray,Vulnerable,-8.694600000000001,119.53450000000001,2015,5,29.17,0.0,0.6900000000000001,No Stress,El Nino
140915.0,Reef Manta Ray,Vulnerable,-8.737,119.411,2015,5,29.17,0.0,0.6900000000000001,No Stress,El Nino
140915.0,Reef Manta Ray,Vulnerable,-8.7385,119.41120000000001,2015,5,29.17,0.0,0.6900000000000001,No Stress,El Nino
140915.0,Reef Manta Ray,Vulnerable,-8.692300000000001,119.537,2015,5,29.17,0.0,0.6900000000000001,No Stress,El Nino
140915.0,Reef Manta Ray,Vulnerable,-8.738100000000001,119.4111,2015,5,29.17,0.0,0.6900000000000001,No Stress,El Nino
140915.0,Reef Manta Ray,Vulnerable,-8.6915,119.53890000000001,2015,5,29.17,0.0,0.6900000000000001,No Stress,El Nino
140917.0,Reef Manta Ray,Vulnerable,-8.535,119.59320000000001,2015,4,29.46,0.0,0.30000000000000004,Watch,Neutral
140917.0,Reef Manta Ray,Vulnerable,-8.536800000000001,119.59970000000001,2015,4,29.46,0.0,0.30000000000000004,Watch,Neutral
140917.0,Reef Manta Ray,Vulnerable,-8.5287,119.60440000000001,2015,4,29.46,0.0,0.30000000000000004,Watch,Neutral
140917.0,Reef Manta Ray,Vulnerable,-8.536200000000001,119.5938,2015,4,29.46,0.0,0.30000000000000004,Watch,Neutral
140917.0,Reef Manta Ray,Vulnerable,-8.5367,119.59280000000001,2015,4,29.46,0.0,0.30000000000000004,Watch,Neutral
140917.0,Reef Manta Ray,Vulnerable,-8.5373,119.5964,2015,4,29.46,0.0,0.30000000000000004,Watch,Neutral
140917.0,Reef Manta Ray,Vulnerable,-8.5302,119.6032,2015,4,29.46,0.0,0.30000000000000004,Watch,Neutral
140917.0,Reef Manta Ray,Vulnerable,-8.5421,119.59840000000001,2015,4,29.46,0.0,0.30000000000000004,Watch,Neutral
140917.0,Reef Manta Ray,Vulnerable,-8.5318,119.59530000000001,2015,4,29.46,0.0,0.30000000000000004,Watch,Neutral
140917.0,Reef Manta Ray,Vulnerable,-8.4633,119.6113,2015,4,29.46,0.0,0.30000000000000004,Watch,Neutral
140917.0,Reef Manta Ray,Vulnerable,-8.5374,119.5989,2015,4,29.46,0.0,0.30000000000000004,Watch,Neutral
140917.0,Reef Manta Ray,Vulnerable,-8.5358,119.5934,2015,4,29.46,0.0,0.30000000000000004,Watch,Neutral
140917.0,Reef Manta Ray,Vulnerable,-8.480400000000001,119.6087,2015,4,29.46,0.0,0.30000000000000004,Watch,Neutral
140917.0,Reef Manta Ray,Vulnerable,-8.4442,119.6376,2015,4,29.46,0.0,0.30000000000000004,Watch,Neutral
140917.0,Reef Manta Ray,Vulnerable,-8.5343,119.5952,2015,4,29.46,0.0,0.30000000000000004,Watch,Neutral
140917.0,Reef Manta Ray,Vulnerable,-8.4971,119.62400000000001,2015,4,29.46,0.0,0.30000000000000004,Watch,Neutral
140917.0,Reef Manta Ray,Vulnerable,-8.5311,119.59670000000001,2015,4,29.46,0.0,0.30000000000000004,Watch,Neutral
140917.0,Reef Manta Ray,Vulnerable,-8.5364,119.59240000000001,2015,4,29.46,0.0,0.30000000000000004,Watch,Neutral
140917.0,Reef Manta Ray,Vulnerable,-8.4663,119.6333,2015,4,29.46,0.0,0.30000000000000004,Watch,Neutral
140917.0,Reef Manta Ray,Vulnerable,-8.4794,119.60820000000001,2015,4,29.46,0.0,0.30000000000000004,Watch,Neutral
140917.0,Reef Manta Ray,Vulnerable,-8.536,119.59320000000001,2015,4,29.46,0.0,0.30000000000000004,Watch,Neutral
140917.0,Reef Manta Ray,Vulnerable,-8.4487,119.6337,2015,4,29.46,0.0,0.30000000000000004,Watch,Neutral
140917.0,Reef Manta Ray,Vulnerable,-8.5105,119.6139,2015,4,29.46,0.0,0.30000000000000004,Watch,Neutral
140917.0,Reef Manta Ray,Vulnerable,-8.6333,119.51820000000001,2015,4,28.95,0.0,0.74,No Stress,Neutral
140917.0,Reef Manta Ray,Vulnerable,-8.5259,119.6187,2015,4,29.46,0.0,0.30000000000000004,Watch,Neutral
140917.0,Reef Manta Ray,Vulnerable,-8.474400000000001,119.60340000000001,2015,4,29.46,0.0,0.30000000000000004,Watch,Neutral
140917.0,Reef Manta Ray,Vulnerable,-8.5365,119.59230000000001,2015,4,29.46,0.0,0.30000000000000004,Watch,Neutral
140917.0,Reef Manta Ray,Vulnerable,-8.506,119.60210000000001,2015,4,29.46,0.0,0.30000000000000004,Watch,Neutral
140917.0,Reef Manta Ray,Vulnerable,-8.505600000000001,119.6152,2015,4,29.46,0.0,0.30000000000000004,Watch,Neutral
140917.0,Reef Manta Ray,Vulnerable,-8.5397,119.5991,2015,4,29.46,0.0,0.30000000000000004,Watch,Neutral
140917.0,Reef Manta Ray,Vulnerable,-8.5365,119.5977,2015,4,29.46,0.0,0.30000000000000004,Watch,Neutral
140917.0,Reef Manta Ray,Vulnerable,-8.5357,119.5918,2015,4,29.46,0.0,0.30000000000000004,Watch,Neutral
140917.0,Reef Manta Ray,Vulnerable,-8.5365,119.59280000000001,2015,4,29.46,0.0,0.30000000000000004,Watch,Neutral
140917.0,Reef Manta Ray,Vulnerable,-8.536100000000001,119.59360000000001,2015,4,29.46,0.0,0.30000000000000004,Watch,Neutral
140917.0,Reef Manta Ray,Vulnerable,-8.5364,119.5981,2015,4,29.46,0.0,0.30000000000000004,Watch,Neutral
140917.0,Reef Manta Ray,Vulnerable,-8.4779,119.62280000000001,2015,4,29.46,0.0,0.30000000000000004,Watch,Neutral
140917.0,Reef Manta Ray,Vulnerable,-8.5372,119.5981,2015,4,29.46,0.0,0.30000000000000004,Watch,Neutral
140917.0,Reef Manta Ray,Vulnerable,-8.5425,119.59830000000001,2015,4,29.46,0.0,0.30000000000000004,Watch,Neutral
140917.0,Reef Manta Ray,Vulnerable,-8.5372,119.59240000000001,2015,4,29.46,0.0,0.30000000000000004,Watch,Neutral
140917.0,Reef Manta Ray,Vulnerable,-8.5366,119.593,2015,4,29.46,0.0,0.30000000000000004,Watch,Neutral
140917.0,Reef Manta Ray,Vulnerable,-8.5373,119.5933,2015,4,29.46,0.0,0.30000000000000004,Watch,Neutral
140917.0,Reef Manta Ray,Vulnerable,-8.5184,119.6083,2015,4,29.46,0.0,0.30000000000000004,Watch,Neutral
140917.0,Reef Manta Ray,Vulnerable,-8.5366,119.5929,2015,4,29.46,0.0,0.30000000000000004,Watch,Neutral
140917.0,Reef Manta Ray,Vulnerable,-8.5329,119.59880000000001,2015,4,29.46,0.0,0.30000000000000004,Watch,Neutral
140917.0,Reef Manta Ray,Vulnerable,-8.537700000000001,119.59100000000001,2015,4,29.46,0.0,0.30000000000000004,Watch,Neutral
140917.0,Reef Manta Ray,Vulnerable,-8.535,119.59440000000001,2015,4,29.46,0.0,0.30000000000000004,Watch,Neutral
140917.0,Reef Manta Ray,Vulnerable,-8.695,119.53920000000001,2015,4,28.95,0.0,0.74,No Stress,Neutral
140917.0,Reef Manta Ray,Vulnerable,-8.6434,119.54520000000001,2015,4,28.95,0.0,0.74,No Stress,Neutral
140917.0,Reef Manta Ray,Vulnerable,-8.5398,119.61720000000001,2015,4,29.36,0.0,1.11,Watch,Neutral
140917.0,Reef Manta Ray,Vulnerable,-8.6165,119.5682,2015,4,29.36,0.0,1.11,Watch,Neutral
140917.0,Reef Manta Ray,Vulnerable,-8.574900000000001,119.5823,2015,4,29.36,0.0,1.11,Watch,Neutral
140917.0,Reef Manta Ray,Vulnerable,-8.6331,119.5886,2015,4,29.36,0.0,1.11,Watch,Neutral
140917.0,Reef Manta Ray,Vulnerable,-8.6463,119.54960000000001,2015,4,28.95,0.0,0.74,No Stress,Neutral
140917.0,Reef Manta Ray,Vulnerable,-8.6919,119.4962,2015,4,28.95,0.0,0.74,No Stress,Neutral
140917.0,Reef Manta Ray,Vulnerable,-8.6869,119.49050000000001,2015,4,28.95,0.0,0.74,No Stress,Neutral
140917.0,Reef Manta Ray,Vulnerable,-8.6928,119.48710000000001,2015,4,28.95,0.0,0.74,No Stress,Neutral
140917.0,Reef Manta Ray,Vulnerable,-8.706,119.5347,2015,4,28.95,0.0,0.74,No Stress,Neutral
140917.0,Reef Manta Ray,Vulnerable,-8.7268,119.4902,2015,4,28.95,0.0,0.74,No Stress,Neutral
140917.0,Reef Manta Ray,Vulnerable,-8.7184,119.49910000000001,2015,4,28.95,0.0,0.74,No Stress,Neutral
140917.0,Reef Manta Ray,Vulnerable,-8.6561,119.5293,2015,4,28.95,0.0,0.74,No Stress,Neutral
140917.0,Reef Manta Ray,Vulnerable,-8.6972,119.52260000000001,2015,4,28.95,0.0,0.74,No Stress,Neutral
140917.0,Reef Manta Ray,Vulnerable,-8.6328,119.574,2015,4,29.36,0.0,1.11,Watch,Neutral
140917.0,Reef Manta Ray,Vulnerable,-8.7142,119.54090000000001,2015,4,28.95,0.0,0.74,No Stress,Neutral
140917.0,Reef Manta Ray,Vulnerable,-8.7029,119.51960000000001,2015,4,28.95,0.0,0.74,No Stress,Neutral
140917.0,Reef Manta Ray,Vulnerable,-8.7346,119.4992,2015,4,28.95,0.0,0.74,No Stress,Neutral
140917.0,Reef Manta Ray,Vulnerable,-8.6857,119.51280000000001,2015,4,28.95,0.0,0.74,No Stress,Neutral
140917.0,Reef Manta Ray,Vulnerable,-8.5425,119.60990000000001,2015,4,29.36,0.0,1.11,Watch,Neutral
140917.0,Reef Manta Ray,Vulnerable,-8.5802,119.5813,2015,4,29.36,0.0,1.11,Watch,Neutral
140917.0,Reef Manta Ray,Vulnerable,-8.5304,119.59620000000001,2015,4,29.46,0.0,0.30000000000000004,Watch,Neutral
140917.0,Reef Manta Ray,Vulnerable,-8.5403,119.599,2015,4,29.46,0.0,0.30000000000000004,Watch,Neutral
140917.0,Reef Manta Ray,Vulnerable,-8.713700000000001,119.52470000000001,2015,4,28.95,0.0,0.74,No Stress,Neutral
140917.0,Reef Manta Ray,Vulnerable,-8.7043,119.4867,2015,4,28.95,0.0,0.74,No Stress,Neutral
140917.0,Reef Manta Ray,Vulnerable,-8.7081,119.5137,2015,4,28.95,0.0,0.74,No Stress,Neutral
140917.0,Reef Manta Ray,Vulnerable,-8.5479,119.5986,2015,4,29.36,0.0,1.11,Watch,Neutral
140917.0,Reef Manta Ray,Vulnerable,-8.5457,119.60860000000001,2015,4,29.36,0.0,1.11,Watch,Neutral
140917.0,Reef Manta Ray,Vulnerable,-8.7124,119.5472,2015,4,29.36,0.0,1.11,Watch,Neutral
140917.0,Reef Manta Ray,Vulnerable,-8.5456,119.59830000000001,2015,4,29.36,0.0,1.11,Watch,Neutral
140917.0,Reef Manta Ray,Vulnerable,-8.4915,119.5991,2015,4,29.46,0.0,0.30000000000000004,Watch,Neutral
140917.0,Reef Manta Ray,Vulnerable,-8.533,119.60810000000001,2015,4,29.46,0.0,0.30000000000000004,Watch,Neutral
140917.0,Reef Manta Ray,Vulnerable,-8.6327,119.5826,2015,4,29.36,0.0,1.11,Watch,Neutral
140917.0,Reef Manta Ray,Vulnerable,-8.5122,119.62480000000001,2015,4,29.46,0.0,0.30000000000000004,Watch,Neutral
140917.0,Reef Manta Ray,Vulnerable,-8.4491,119.629,2015,4,29.46,0.0,0.30000000000000004,Watch,Neutral
140917.0,Reef Manta Ray,Vulnerable,-8.5311,119.5985,2015,4,29.46,0.0,0.30000000000000004,Watch,Neutral
140917.0,Reef Manta Ray,Vulnerable,-8.514800000000001,119.61370000000001,2015,4,29.46,0.0,0.30000000000000004,Watch,Neutral
140917.0,Reef Manta Ray,Vulnerable,-8.5365,119.59320000000001,2015,4,29.46,0.0,0.30000000000000004,Watch,Neutral
140917.0,Reef Manta Ray,Vulnerable,-8.4695,119.6068,2015,4,29.46,0.0,0.30000000000000004,Watch,Neutral
140917.0,Reef Manta Ray,Vulnerable,-8.542900000000001,119.60690000000001,2015,4,29.36,0.0,1.11,Watch,Neutral
140917.0,Reef Manta Ray,Vulnerable,-8.4791,119.6149,2015,4,29.46,0.0,0.30000000000000004,Watch,Neutral
140917.0,Reef Manta Ray,Vulnerable,-8.7134,119.51520000000001,2015,4,28.95,0.0,0.74,No Stress,Neutral
140917.0,Reef Manta Ray,Vulnerable,-8.691,119.4791,2015,4,28.95,0.0,0.74,No Stress,Neutral
140917.0,Reef Manta Ray,Vulnerable,-8.658,119.51480000000001,2015,4,28.95,0.0,0.74,No Stress,Neutral
140917.0,Reef Manta Ray,Vulnerable,-8.6387,119.49980000000001,2015,4,28.95,0.0,0.74,No Stress,Neutral
140917.0,Reef Manta Ray,Vulnerable,-8.5409,119.59840000000001,2015,4,29.46,0.0,0.30000000000000004,Watch,Neutral
140917.0,Reef Manta Ray,Vulnerable,-8.6701,119.4693,2015,4,28.95,0.0,0.74,No Stress,Neutral
140917.0,Reef Manta Ray,Vulnerable,-8.6515,119.5266,2015,4,28.95,0.0,0.74,No Stress,Neutral
140917.0,Reef Manta Ray,Vulnerable,-8.5458,119.59960000000001,2015,4,29.36,0.0,1.11,Watch,Neutral
140917.0,Reef Manta Ray,Vulnerable,-8.5561,119.6192,2015,4,29.36,0.0,1.11,Watch,Neutral
140917.0,Reef Manta Ray,Vulnerable,-8.6112,119.56160000000001,2015,4,29.36,0.0,1.11,Watch,Neutral
140917.0,Reef Manta Ray,Vulnerable,-8.603900000000001,119.5797,2015,4,29.36,0.0,1.11,Watch,Neutral
140917.0,Reef Manta Ray,Vulnerable,-8.5371,119.59240000000001,2015,4,29.46,0.0,0.30000000000000004,Watch,Neutral
140917.0,Reef Manta Ray,Vulnerable,-8.577,119.57900000000001,2015,4,29.36,0.0,1.11,Watch,Neutral
140917.0,Reef Manta Ray,Vulnerable,-8.5676,119.5798,2015,4,29.36,0.0,1.11,Watch,Neutral
140917.0,Reef Manta Ray,Vulnerable,-8.5433,119.5993,2015,4,29.36,0.0,1.11,Watch,Neutral
140917.0,Reef Manta Ray,Vulnerable,-8.567400000000001,119.57870000000001,2015,4,29.36,0.0,1.11,Watch,Neutral
140917.0,Reef Manta Ray,Vulnerable,-8.543700000000001,119.5989,2015,4,29.36,0.0,1.11,Watch,Neutral
140917.0,Reef Manta Ray,Vulnerable,-8.6211,119.58940000000001,2015,4,29.36,0.0,1.11,Watch,Neutral
140917.0,Reef Manta Ray,Vulnerable,-8.575000000000001,119.6058,2015,4,29.36,0.0,1.11,Watch,Neutral
140917.0,Reef Manta Ray,Vulnerable,-8.5756,119.58290000000001,2015,4,29.36,0.0,1.11,Watch,Neutral
140917.0,Reef Manta Ray,Vulnerable,-8.575800000000001,119.5794,2015,4,29.36,0.0,1.11,Watch,Neutral
140917.0,Reef Manta Ray,Vulnerable,-8.5831,119.5999,2015,4,29.36,0.0,1.11,Watch,Neutral
140917.0,Reef Manta Ray,Vulnerable,-8.5761,119.5794,2015,4,29.36,0.0,1.11,Watch,Neutral
140917.0,Reef Manta Ray,Vulnerable,-8.5639,119.58120000000001,2015,4,29.36,0.0,1.11,Watch,Neutral
140917.0,Reef Manta Ray,Vulnerable,-8.7062,119.5425,2015,5,29.17,0.0,0.6900000000000001,No Stress,El Nino
140917.0,Reef Manta Ray,Vulnerable,-8.5372,119.5922,2015,5,29.38,0.0,0.30000000000000004,Watch,El Nino
140917.0,Reef Manta Ray,Vulnerable,-8.5372,119.59840000000001,2015,5,29.38,0.0,0.30000000000000004,Watch,El Nino
140917.0,Reef Manta Ray,Vulnerable,-8.5366,119.592,2015,5,29.38,0.0,0.30000000000000004,Watch,El Nino
140917.0,Reef Manta Ray,Vulnerable,-8.533900000000001,119.5968,2015,5,29.38,0.0,0.30000000000000004,Watch,El Nino
140917.0,Reef Manta Ray,Vulnerable,-8.5328,119.5955,2015,5,29.38,0.0,0.30000000000000004,Watch,El Nino
140917.0,Reef Manta Ray,Vulnerable,-8.5374,119.592,2015,5,29.38,0.0,0.30000000000000004,Watch,El Nino
140917.0,Reef Manta Ray,Vulnerable,-8.532,119.59670000000001,2015,5,29.38,0.0,0.30000000000000004,Watch,El Nino
140917.0,Reef Manta Ray,Vulnerable,-8.536200000000001,119.5935,2015,5,29.38,0.0,0.30000000000000004,Watch,El Nino
140917.0,Reef Manta Ray,Vulnerable,-8.5328,119.58550000000001,2015,5,29.38,0.0,0.30000000000000004,Watch,El Nino
140917.0,Reef Manta Ray,Vulnerable,-8.536900000000001,119.59230000000001,2015,5,29.38,0.0,0.30000000000000004,Watch,El Nino
140917.0,Reef Manta Ray,Vulnerable,-8.475200000000001,119.60040000000001,2015,5,29.38,0.0,0.30000000000000004,Watch,El Nino
140917.0,Reef Manta Ray,Vulnerable,-8.430200000000001,119.6042,2015,5,29.38,0.0,0.30000000000000004,Watch,El Nino
140917.0,Reef Manta Ray,Vulnerable,-8.4442,119.61980000000001,2015,5,29.38,0.0,0.30000000000000004,Watch,El Nino
140917.0,Reef Manta Ray,Vulnerable,-8.4534,119.6161,2015,5,29.38,0.0,0.30000000000000004,Watch,El Nino
140917.0,Reef Manta Ray,Vulnerable,-8.461400000000001,119.59700000000001,2015,5,29.38,0.0,0.30000000000000004,Watch,El Nino
140917.0,Reef Manta Ray,Vulnerable,-8.5335,119.5976,2015,5,29.38,0.0,0.30000000000000004,Watch,El Nino
140917.0,Reef Manta Ray,Vulnerable,-8.532,119.5976,2015,5,29.38,0.0,0.30000000000000004,Watch,El Nino
140917.0,Reef Manta Ray,Vulnerable,-8.540000000000001,119.5989,2015,5,29.38,0.0,0.30000000000000004,Watch,El Nino
140917.0,Reef Manta Ray,Vulnerable,-8.5373,119.5982,2015,5,29.38,0.0,0.30000000000000004,Watch,El Nino
140917.0,Reef Manta Ray,Vulnerable,-8.5364,119.59870000000001,2015,5,29.38,0.0,0.30000000000000004,Watch,El Nino
140917.0,Reef Manta Ray,Vulnerable,-8.5355,119.592,2015,5,29.38,0.0,0.30000000000000004,Watch,El Nino
140917.0,Reef Manta Ray,Vulnerable,-8.532,119.5986,2015,5,29.38,0.0,0.30000000000000004,Watch,El Nino
140917.0,Reef Manta Ray,Vulnerable,-8.5223,119.6037,2015,5,29.38,0.0,0.30000000000000004,Watch,El Nino
140917.0,Reef Manta Ray,Vulnerable,-8.5378,119.59880000000001,2015,5,29.38,0.0,0.30000000000000004,Watch,El Nino
140917.0,Reef Manta Ray,Vulnerable,-8.432,119.60690000000001,2015,5,29.38,0.0,0.30000000000000004,Watch,El Nino
140917.0,Reef Manta Ray,Vulnerable,-8.485,119.5959,2015,5,29.38,0.0,0.30000000000000004,Watch,El Nino
140917.0,Reef Manta Ray,Vulnerable,-8.536200000000001,119.5934,2015,5,29.38,0.0,0.30000000000000004,Watch,El Nino
140917.0,Reef Manta Ray,Vulnerable,-8.536100000000001,119.5929,2015,5,29.38,0.0,0.30000000000000004,Watch,El Nino
140917.0,Reef Manta Ray,Vulnerable,-8.4746,119.5985,2015,5,29.38,0.0,0.30000000000000004,Watch,El Nino
140917.0,Reef Manta Ray,Vulnerable,-8.5345,119.5965,2015,5,29.38,0.0,0.30000000000000004,Watch,El Nino
140917.0,Reef Manta Ray,Vulnerable,-8.533900000000001,119.59490000000001,2015,5,29.38,0.0,0.30000000000000004,Watch,El Nino
140917.0,Reef Manta Ray,Vulnerable,-8.5373,119.5918,2015,5,29.38,0.0,0.30000000000000004,Watch,El Nino
140917.0,Reef Manta Ray,Vulnerable,-8.540700000000001,119.58840000000001,2015,5,29.38,0.0,0.30000000000000004,Watch,El Nino
140917.0,Reef Manta Ray,Vulnerable,-8.541400000000001,119.5991,2015,5,29.38,0.0,0.30000000000000004,Watch,El Nino
140917.0,Reef Manta Ray,Vulnerable,-8.4971,119.5981,2015,5,29.38,0.0,0.30000000000000004,Watch,El Nino
140917.0,Reef Manta Ray,Vulnerable,-8.5378,119.5759,2015,5,29.38,0.0,0.30000000000000004,Watch,El Nino
140917.0,Reef Manta Ray,Vulnerable,-8.5358,119.6002,2015,5,29.38,0.0,0.30000000000000004,Watch,El Nino
140917.0,Reef Manta Ray,Vulnerable,-8.5356,119.59570000000001,2015,5,29.38,0.0,0.30000000000000004,Watch,El Nino
140917.0,Reef Manta Ray,Vulnerable,-8.6933,119.5142,2015,5,29.17,0.0,0.6900000000000001,No Stress,El Nino
140917.0,Reef Manta Ray,Vulnerable,-8.6532,119.4068,2015,5,29.17,0.0,0.6900000000000001,No Stress,El Nino
140917.0,Reef Manta Ray,Vulnerable,-8.695,119.5336,2015,5,29.17,0.0,0.6900000000000001,No Stress,El Nino
140917.0,Reef Manta Ray,Vulnerable,-8.7387,119.4097,2015,5,29.17,0.0,0.6900000000000001,No Stress,El Nino
140917.0,Reef Manta Ray,Vulnerable,-8.746,119.421,2015,5,29.17,0.0,0.6900000000000001,No Stress,El Nino
140917.0,Reef Manta Ray,Vulnerable,-8.7369,119.412,2015,5,29.17,0.0,0.6900000000000001,No Stress,El Nino
140917.0,Reef Manta Ray,Vulnerable,-8.7248,119.4013,2015,5,29.17,0.0,0.6900000000000001,No Stress,El Nino
140917.0,Reef Manta Ray,Vulnerable,-8.6674,119.405,2015,5,29.17,0.0,0.6900000000000001,No Stress,El Nino
140917.0,Reef Manta Ray,Vulnerable,-8.725,119.3982,2015,5,29.17,0.0,0.6900000000000001,No Stress,El Nino
140917.0,Reef Manta Ray,Vulnerable,-8.6805,119.5171,2015,5,29.17,0.0,0.6900000000000001,No Stress,El Nino
140917.0,Reef Manta Ray,Vulnerable,-8.731,119.41290000000001,2015,5,29.17,0.0,0.6900000000000001,No Stress,El Nino
140917.0,Reef Manta Ray,Vulnerable,-8.7286,119.4116,2015,5,29.17,0.0,0.6900000000000001,No Stress,El Nino
140917.0,Reef Manta Ray,Vulnerable,-8.651,119.51610000000001,2015,5,29.17,0.0,0.6900000000000001,No Stress,El Nino
140917.0,Reef Manta Ray,Vulnerable,-8.6952,119.5336,2015,5,29.17,0.0,0.6900000000000001,No Stress,El Nino
140917.0,Reef Manta Ray,Vulnerable,-8.7355,119.412,2015,5,29.17,0.0,0.6900000000000001,No Stress,El Nino
140917.0,Reef Manta Ray,Vulnerable,-8.737300000000001,119.42330000000001,2015,5,29.17,0.0,0.6900000000000001,No Stress,El Nino
140917.0,Reef Manta Ray,Vulnerable,-8.737400000000001,119.4243,2015,5,29.17,0.0,0.6900000000000001,No Stress,El Nino
140917.0,Reef Manta Ray,Vulnerable,-8.729700000000001,119.4077,2015,5,29.17,0.0,0.6900000000000001,No Stress,El Nino
140917.0,Reef Manta Ray,Vulnerable,-8.7179,119.42630000000001,2015,5,29.17,0.0,0.6900000000000001,No Stress,El Nino
140917.0,Reef Manta Ray,Vulnerable,-8.664100000000001,119.5194,2015,5,29.17,0.0,0.6900000000000001,No Stress,El Nino
140917.0,Reef Manta Ray,Vulnerable,-8.696900000000001,119.51190000000001,2015,5,29.17,0.0,0.6900000000000001,No Stress,El Nino
140917.0,Reef Manta Ray,Vulnerable,-8.686,119.4872,2015,5,29.17,0.0,0.6900000000000001,No Stress,El Nino
140917.0,Reef Manta Ray,Vulnerable,-8.728200000000001,119.4072,2015,5,29.17,0.0,0.6900000000000001,No Stress,El Nino
140917.0,Reef Manta Ray,Vulnerable,-8.6957,119.53160000000001,2015,5,29.17,0.0,0.6900000000000001,No Stress,El Nino
140917.0,Reef Manta Ray,Vulnerable,-8.7353,119.4204,2015,5,29.17,0.0,0.6900000000000001,No Stress,El Nino
140917.0,Reef Manta Ray,Vulnerable,-8.6514,119.53420000000001,2015,5,29.17,0.0,0.6900000000000001,No Stress,El Nino
140917.0,Reef Manta Ray,Vulnerable,-8.5966,119.57530000000001,2015,5,28.43,0.0,1.1,No Stress,El Nino
140917.0,Reef Manta Ray,Vulnerable,-8.725200000000001,119.4025,2015,5,29.17,0.0,0.6900000000000001,No Stress,El Nino
140917.0,Reef Manta Ray,Vulnerable,-8.7291,119.41170000000001,2015,5,29.17,0.0,0.6900000000000001,No Stress,El Nino
140917.0,Reef Manta Ray,Vulnerable,-8.7407,119.42970000000001,2015,5,29.17,0.0,0.6900000000000001,No Stress,El Nino
140917.0,Reef Manta Ray,Vulnerable,-8.7287,119.4081,2015,5,29.17,0.0,0.6900000000000001,No Stress,El Nino
140917.0,Reef Manta Ray,Vulnerable,-8.7311,119.413,2015,5,29.17,0.0,0.6900000000000001,No Stress,El Nino
140917.0,Reef Manta Ray,Vulnerable,-8.736500000000001,119.42370000000001,2015,5,29.17,0.0,0.6900000000000001,No Stress,El Nino
140917.0,Reef Manta Ray,Vulnerable,-8.7354,119.4116,2015,5,29.17,0.0,0.6900000000000001,No Stress,El Nino
140917.0,Reef Manta Ray,Vulnerable,-8.7385,119.40950000000001,2015,5,29.17,0.0,0.6900000000000001,No Stress,El Nino
140917.0,Reef Manta Ray,Vulnerable,-8.5371,119.592,2015,5,29.38,0.0,0.30000000000000004,Watch,El Nino
140917.0,Reef Manta Ray,Vulnerable,-8.5822,119.58340000000001,2015,5,28.43,0.0,1.1,No Stress,El Nino
140917.0,Reef Manta Ray,Vulnerable,-8.576500000000001,119.58770000000001,2015,5,28.43,0.0,1.1,No Stress,El Nino
140917.0,Reef Manta Ray,Vulnerable,-8.5738,119.5824,2015,5,28.43,0.0,1.1,No Stress,El Nino
140917.0,Reef Manta Ray,Vulnerable,-8.5802,119.5801,2015,5,28.43,0.0,1.1,No Stress,El Nino
140917.0,Reef Manta Ray,Vulnerable,-8.5686,119.58120000000001,2015,5,28.43,0.0,1.1,No Stress,El Nino
140917.0,Reef Manta Ray,Vulnerable,-8.5442,119.6012,2015,5,28.43,0.0,1.1,No Stress,El Nino
140917.0,Reef Manta Ray,Vulnerable,-8.5867,119.58200000000001,2015,5,28.43,0.0,1.1,No Stress,El Nino
140917.0,Reef Manta Ray,Vulnerable,-8.573400000000001,119.5826,2015,5,28.43,0.0,1.1,No Stress,El Nino
140917.0,Reef Manta Ray,Vulnerable,-8.545200000000001,119.5982,2015,5,28.43,0.0,1.1,No Stress,El Nino
140917.0,Reef Manta Ray,Vulnerable,-8.562,119.59700000000001,2015,5,28.43,0.0,1.1,No Stress,El Nino
140917.0,Reef Manta Ray,Vulnerable,-8.5672,119.5794,2015,5,28.43,0.0,1.1,No Stress,El Nino
140917.0,Reef Manta Ray,Vulnerable,-8.5793,119.57900000000001,2015,5,28.43,0.0,1.1,No Stress,El Nino
140917.0,Reef Manta Ray,Vulnerable,-8.5619,119.58210000000001,2015,5,28.43,0.0,1.1,No Stress,El Nino
140917.0,Reef Manta Ray,Vulnerable,-8.5428,119.599,2015,5,28.43,0.0,1.1,No Stress,El Nino
140917.0,Reef Manta Ray,Vulnerable,-8.5725,119.58340000000001,2015,5,28.43,0.0,1.1,No Stress,El Nino
140917.0,Reef Manta Ray,Vulnerable,-8.5641,119.60480000000001,2015,5,28.43,0.0,1.1,No Stress,El Nino
140917.0,Reef Manta Ray,Vulnerable,-8.5729,119.56960000000001,2015,5,28.43,0.0,1.1,No Stress,El Nino
140917.0,Reef Manta Ray,Vulnerable,-8.5784,119.5832,2015,5,28.43,0.0,1.1,No Stress,El Nino
140917.0,Reef Manta Ray,Vulnerable,-8.542,119.5998,2015,5,29.38,0.0,0.30000000000000004,Watch,El Nino
140917.0,Reef Manta Ray,Vulnerable,-8.5762,119.5794,2015,5,28.43,0.0,1.1,No Stress,El Nino
140917.0,Reef Manta Ray,Vulnerable,-8.565,119.58030000000001,2015,5,28.43,0.0,1.1,No Stress,El Nino
140917.0,Reef Manta Ray,Vulnerable,-8.5741,119.5831,2015,5,28.43,0.0,1.1,No Stress,El Nino
140917.0,Reef Manta Ray,Vulnerable,-8.587100000000001,119.5922,2015,5,28.43,0.0,1.1,No Stress,El Nino
140917.0,Reef Manta Ray,Vulnerable,-8.5853,119.5827,2015,5,28.43,0.0,1.1,No Stress,El Nino
140917.0,Reef Manta Ray,Vulnerable,-8.5535,119.5789,2015,5,28.43,0.0,1.1,No Stress,El Nino
140917.0,Reef Manta Ray,Vulnerable,-8.5753,119.5794,2015,5,28.43,0.0,1.1,No Stress,El Nino
140917.0,Reef Manta Ray,Vulnerable,-8.5647,119.5789,2015,5,28.43,0.0,1.1,No Stress,El Nino
140917.0,Reef Manta Ray,Vulnerable,-8.5606,119.5973,2015,5,28.43,0.0,1.1,No Stress,El Nino
140917.0,Reef Manta Ray,Vulnerable,-8.5677,119.5801,2015,5,28.43,0.0,1.1,No Stress,El Nino
140917.0,Reef Manta Ray,Vulnerable,-8.5411,119.69810000000001,2015,5,28.43,0.0,1.1,No Stress,El Nino
140917.0,Reef Manta Ray,Vulnerable,-8.574300000000001,119.58330000000001,2015,5,28.43,0.0,1.1,No Stress,El Nino
140917.0,Reef Manta Ray,Vulnerable,-8.563,119.58120000000001,2015,5,28.43,0.0,1.1,No Stress,El Nino
140917.0,Reef Manta Ray,Vulnerable,-8.5446,119.5993,2015,5,28.43,0.0,1.1,No Stress,El Nino
140917.0,Reef Manta Ray,Vulnerable,-8.563,119.58120000000001,2015,5,28.43,0.0,1.1,No Stress,El Nino
140917.0,Reef Manta Ray,Vulnerable,-8.562100000000001,119.5912,2015,5,28.43,0.0,1.1,No Stress,El Nino
140917.0,Reef Manta Ray,Vulnerable,-8.5737,119.5959,2015,5,28.43,0.0,1.1,No Stress,El Nino
140917.0,Reef Manta Ray,Vulnerable,-8.5435,119.6063,2015,5,28.43,0.0,1.1,No Stress,El Nino
140917.0,Reef Manta Ray,Vulnerable,-8.5386,119.5899,2015,5,29.38,0.0,0.30000000000000004,Watch,El Nino
140917.0,Reef Manta Ray,Vulnerable,-8.5656,119.58080000000001,2015,5,28.43,0.0,1.1,No Stress,El Nino
140917.0,Reef Manta Ray,Vulnerable,-8.511700000000001,119.69470000000001,2015,5,28.43,0.0,1.1,No Stress,El Nino
140917.0,Reef Manta Ray,Vulnerable,-8.5402,119.69040000000001,2015,5,28.43,0.0,1.1,No Stress,El Nino
140917.0,Reef Manta Ray,Vulnerable,-8.53,119.6979,2015,5,28.43,0.0,1.1,No Stress,El Nino
140917.0,Reef Manta Ray,Vulnerable,-8.5411,119.69640000000001,2015,5,28.43,0.0,1.1,No Stress,El Nino
140917.0,Reef Manta Ray,Vulnerable,-8.533900000000001,119.5977,2015,5,29.38,0.0,0.30000000000000004,Watch,El Nino
140917.0,Reef Manta Ray,Vulnerable,-8.5336,119.5982,2015,5,29.38,0.0,0.30000000000000004,Watch,El Nino
140917.0,Reef Manta Ray,Vulnerable,-8.4292,119.6113,2015,5,29.38,0.0,0.30000000000000004,Watch,El Nino
140917.0,Reef Manta Ray,Vulnerable,-8.5859,119.5839,2015,5,28.43,0.0,1.1,No Stress,El Nino
140917.0,Reef Manta Ray,Vulnerable,-8.5637,119.58170000000001,2015,5,28.43,0.0,1.1,No Stress,El Nino
140917.0,Reef Manta Ray,Vulnerable,-8.728200000000001,119.4111,2015,5,29.17,0.0,0.6900000000000001,No Stress,El Nino
140917.0,Reef Manta Ray,Vulnerable,-8.7216,119.40960000000001,2015,5,29.17,0.0,0.6900000000000001,No Stress,El Nino
140917.0,Reef Manta Ray,Vulnerable,-8.7378,119.4248,2015,5,29.17,0.0,0.6900000000000001,No Stress,El Nino
140917.0,Reef Manta Ray,Vulnerable,-8.5325,119.5965,2015,5,29.38,0.0,0.30000000000000004,Watch,El Nino
140917.0,Reef Manta Ray,Vulnerable,-8.526200000000001,119.75760000000001,2015,5,28.43,0.0,1.1,No Stress,El Nino
140917.0,Reef Manta Ray,Vulnerable,-8.542900000000001,119.72080000000001,2015,5,28.43,0.0,1.1,No Stress,El Nino
140917.0,Reef Manta Ray,Vulnerable,-8.553,119.58210000000001,2015,5,28.43,0.0,1.1,No Stress,El Nino
140917.0,Reef Manta Ray,Vulnerable,-8.5624,119.5969,2015,5,28.43,0.0,1.1,No Stress,El Nino
140917.0,Reef Manta Ray,Vulnerable,-8.5302,119.59740000000001,2015,5,29.38,0.0,0.30000000000000004,Watch,El Nino
140917.0,Reef Manta Ray,Vulnerable,-8.544500000000001,119.6958,2015,5,28.43,0.0,1.1,No Stress,El Nino
140917.0,Reef Manta Ray,Vulnerable,-8.5777,119.57860000000001,2015,5,28.43,0.0,1.1,No Stress,El Nino
140917.0,Reef Manta Ray,Vulnerable,-8.5342,119.69510000000001,2015,5,28.43,0.0,1.1,No Stress,El Nino
140918.0,Reef Manta Ray,Vulnerable,-8.4936,119.59920000000001,2015,4,29.46,0.0,0.30000000000000004,Watch,Neutral
140918.0,Reef Manta Ray,Vulnerable,-8.5009,119.59700000000001,2015,4,29.46,0.0,0.30000000000000004,Watch,Neutral
140918.0,Reef Manta Ray,Vulnerable,-8.452300000000001,119.6153,2015,4,29.46,0.0,0.30000000000000004,Watch,Neutral
140918.0,Reef Manta Ray,Vulnerable,-8.5295,119.6256,2015,4,29.46,0.0,0.30000000000000004,Watch,Neutral
140918.0,Reef Manta Ray,Vulnerable,-8.4908,119.5946,2015,4,29.46,0.0,0.30000000000000004,Watch,Neutral
140918.0,Reef Manta Ray,Vulnerable,-8.4787,119.6169,2015,4,29.46,0.0,0.30000000000000004,Watch,Neutral
140918.0,Reef Manta Ray,Vulnerable,-8.552100000000001,119.5862,2015,4,29.36,0.0,1.11,Watch,Neutral
140918.0,Reef Manta Ray,Vulnerable,-8.6417,119.5841,2015,4,29.36,0.0,1.11,Watch,Neutral
140918.0,Reef Manta Ray,Vulnerable,-8.5845,119.59060000000001,2015,4,29.36,0.0,1.11,Watch,Neutral
140918.0,Reef Manta Ray,Vulnerable,-8.589500000000001,119.5869,2015,4,29.36,0.0,1.11,Watch,Neutral
140918.0,Reef Manta Ray,Vulnerable,-8.68,119.572,2015,4,29.36,0.0,1.11,Watch,Neutral
140918.0,Reef Manta Ray,Vulnerable,-8.6513,119.5634,2015,4,29.36,0.0,1.11,Watch,Neutral
140918.0,Reef Manta Ray,Vulnerable,-8.5769,119.592,2015,4,29.36,0.0,1.11,Watch,Neutral
140918.0,Reef Manta Ray,Vulnerable,-8.552200000000001,119.59060000000001,2015,4,29.36,0.0,1.11,Watch,Neutral
140918.0,Reef Manta Ray,Vulnerable,-8.5722,119.58840000000001,2015,4,29.36,0.0,1.11,Watch,Neutral
140918.0,Reef Manta Ray,Vulnerable,-8.552200000000001,119.62140000000001,2015,4,29.36,0.0,1.11,Watch,Neutral
140918.0,Reef Manta Ray,Vulnerable,-8.5456,119.59830000000001,2015,4,29.36,0.0,1.11,Watch,Neutral
140918.0,Reef Manta Ray,Vulnerable,-8.5503,119.5976,2015,4,29.36,0.0,1.11,Watch,Neutral
140918.0,Reef Manta Ray,Vulnerable,-8.559800000000001,119.59670000000001,2015,4,29.36,0.0,1.11,Watch,Neutral
140918.0,Reef Manta Ray,Vulnerable,-8.5809,119.58770000000001,2015,4,29.36,0.0,1.11,Watch,Neutral
140918.0,Reef Manta Ray,Vulnerable,-8.4748,119.61120000000001,2015,4,29.46,0.0,0.30000000000000004,Watch,Neutral
140918.0,Reef Manta Ray,Vulnerable,-8.7009,119.52220000000001,2015,4,28.95,0.0,0.74,No Stress,Neutral
142777.0,Reef Manta Ray,Vulnerable,2.0979,118.39970000000001,2015,5,28.98,1.0,1.6,Watch,El Nino
142777.0,Reef Manta Ray,Vulnerable,1.9915,118.40950000000001,2015,5,28.98,1.0,1.6,Watch,El Nino
142777.0,Reef Manta Ray,Vulnerable,2.0932,118.40060000000001,2015,5,28.98,1.0,1.6,Watch,El Nino
142777.0,Reef Manta Ray,Vulnerable,1.9842000000000002,118.38,2015,5,28.98,1.0,1.6,Watch,El Nino
142777.0,Reef Manta Ray,Vulnerable,1.9894,118.367,2015,5,28.98,1.0,1.6,Watch,El Nino
142777.0,Reef Manta Ray,Vulnerable,2.0109,118.40050000000001,2015,5,28.98,1.0,1.6,Watch,El Nino
142777.0,Reef Manta Ray,Vulnerable,2.0958,118.40020000000001,2015,5,28.98,1.0,1.6,Watch,El Nino
142777.0,Reef Manta Ray,Vulnerable,2.095,118.4,2015,5,28.98,1.0,1.6,Watch,El Nino
142777.0,Reef Manta Ray,Vulnerable,2.0976,118.39880000000001,2015,5,28.98,1.0,1.6,Watch,El Nino
142777.0,Reef Manta Ray,Vulnerable,2.0941,118.3964,2015,5,28.98,1.0,1.6,Watch,El Nino
142777.0,Reef Manta Ray,Vulnerable,2.0977,118.42060000000001,2015,5,28.98,1.0,1.6,Watch,El Nino
142777.0,Reef Manta Ray,Vulnerable,2.0945,118.40020000000001,2015,5,28.98,1.0,1.6,Watch,El Nino
142777.0,Reef Manta Ray,Vulnerable,2.0944000000000003,118.39930000000001,2015,5,28.98,1.0,1.6,Watch,El Nino
142777.0,Reef Manta Ray,Vulnerable,2.0957,118.3951,2015,5,28.98,1.0,1.6,Watch,El Nino
142777.0,Reef Manta Ray,Vulnerable,2.1018,118.4045,2015,5,28.98,1.0,1.6,Watch,El Nino
142777.0,Reef Manta Ray,Vulnerable,2.0955,118.41730000000001,2015,5,28.98,1.0,1.6,Watch,El Nino
142777.0,Reef Manta Ray,Vulnerable,2.0845000000000002,118.3172,2015,5,28.98,1.0,1.6,Watch,El Nino
142777.0,Reef Manta Ray,Vulnerable,2.0504000000000002,118.29530000000001,2015,5,28.98,1.0,1.6,Watch,El Nino
142777.0,Reef Manta Ray,Vulnerable,2.0703,118.2771,2015,5,28.98,1.0,1.6,Watch,El Nino
142777.0,Reef Manta Ray,Vulnerable,2.0651,118.33850000000001,2015,5,28.98,1.0,1.6,Watch,El Nino
142777.0,Reef Manta Ray,Vulnerable,2.0778000000000003,118.41850000000001,2015,5,28.98,1.0,1.6,Watch,El Nino
142777.0,Reef Manta Ray,Vulnerable,2.0745,118.3319,2015,5,28.98,1.0,1.6,Watch,El Nino
142777.0,Reef Manta Ray,Vulnerable,2.0915,118.39370000000001,2015,5,28.98,1.0,1.6,Watch,El Nino
142777.0,Reef Manta Ray,Vulnerable,2.0945,118.3961,2015,5,28.98,1.0,1.6,Watch,El Nino
142777.0,Reef Manta Ray,Vulnerable,2.0949,118.3961,2015,5,28.98,1.0,1.6,Watch,El Nino
142777.0,Reef Manta Ray,Vulnerable,2.0741,118.41260000000001,2015,5,28.98,1.0,1.6,Watch,El Nino
142777.0,Reef Manta Ray,Vulnerable,2.0955,118.39930000000001,2015,5,28.98,1.0,1.6,Watch,El Nino
142777.0,Reef Manta Ray,Vulnerable,2.0695,118.4191,2015,5,28.98,1.0,1.6,Watch,El Nino
142777.0,Reef Manta Ray,Vulnerable,2.0959000000000003,118.40270000000001,2015,5,28.98,1.0,1.6,Watch,El Nino
142777.0,Reef Manta Ray,Vulnerable,2.0945,118.3994,2015,5,28.98,1.0,1.6,Watch,El Nino
142777.0,Reef Manta Ray,Vulnerable,2.0891,118.39290000000001,2015,5,28.98,1.0,1.6,Watch,El Nino
142777.0,Reef Manta Ray,Vulnerable,2.0579,118.2963,2015,5,28.98,1.0,1.6,Watch,El Nino
142777.0,Reef Manta Ray,Vulnerable,2.0872,118.40820000000001,2015,5,28.98,1.0,1.6,Watch,El Nino
142777.0,Reef Manta Ray,Vulnerable,2.0958,118.3921,2015,5,28.98,1.0,1.6,Watch,El Nino
142777.0,Reef Manta Ray,Vulnerable,2.0929,118.4037,2015,5,28.98,1.0,1.6,Watch,El Nino
142777.0,Reef Manta Ray,Vulnerable,2.0946000000000002,118.39890000000001,2015,5,28.98,1.0,1.6,Watch,El Nino
142777.0,Reef Manta Ray,Vulnerable,2.094,118.3995,2015,5,28.98,1.0,1.6,Watch,El Nino
142777.0,Reef Manta Ray,Vulnerable,2.0952,118.40320000000001,2015,5,28.98,1.0,1.6,Watch,El Nino
142777.0,Reef Manta Ray,Vulnerable,2.1042,118.39920000000001,2015,5,28.98,1.0,1.6,Watch,El Nino
142777.0,Reef Manta Ray,Vulnerable,2.1072,118.3973,2015,5,28.98,1.0,1.6,Watch,El Nino
142777.0,Reef Manta Ray,Vulnerable,2.0954,118.3983,2015,5,28.98,1.0,1.6,Watch,El Nino
142777.0,Reef Manta Ray,Vulnerable,2.0981,118.4008,2015,5,28.98,1.0,1.6,Watch,El Nino
142777.0,Reef Manta Ray,Vulnerable,2.0993,118.40620000000001,2015,5,28.98,1.0,1.6,Watch,El Nino
142777.0,Reef Manta Ray,Vulnerable,2.0953,118.399,2015,5,28.98,1.0,1.6,Watch,El Nino
142777.0,Reef Manta Ray,Vulnerable,2.0929,118.3952,2015,5,28.98,1.0,1.6,Watch,El Nino
142777.0,Reef Manta Ray,Vulnerable,2.0935,118.39970000000001,2015,5,28.98,1.0,1.6,Watch,El Nino
142777.0,Reef Manta Ray,Vulnerable,2.096,118.3943,2015,5,28.98,1.0,1.6,Watch,El Nino
142777.0,Reef Manta Ray,Vulnerable,2.0967000000000002,118.40820000000001,2015,5,28.98,1.0,1.6,Watch,El Nino
142777.0,Reef Manta Ray,Vulnerable,2.0954,118.3999,2015,5,28.98,1.0,1.6,Watch,El Nino
142777.0,Reef Manta Ray,Vulnerable,2.1152,118.4088,2015,5,28.98,1.0,1.6,Watch,El Nino
142777.0,Reef Manta Ray,Vulnerable,2.0951,118.3999,2015,5,28.98,1.0,1.6,Watch,El Nino
142777.0,Reef Manta Ray,Vulnerable,2.0923000000000003,118.3926,2015,5,28.98,1.0,1.6,Watch,El Nino
142777.0,Reef Manta Ray,Vulnerable,2.0939,118.40220000000001,2015,5,28.98,1.0,1.6,Watch,El Nino
142777.0,Reef Manta Ray,Vulnerable,2.0962,118.3987,2015,5,28.98,1.0,1.6,Watch,El Nino
142777.0,Reef Manta Ray,Vulnerable,2.0946000000000002,118.40050000000001,2015,5,28.98,1.0,1.6,Watch,El Nino
142777.0,Reef Manta Ray,Vulnerable,2.2214,118.3956,2015,5,29.13,1.0,1.6,Watch,El Nino
142777.0,Reef Manta Ray,Vulnerable,2.0534,118.36930000000001,2015,5,28.98,1.0,1.6,Watch,El Nino
142777.0,Reef Manta Ray,Vulnerable,2.0142,118.4573,2015,5,29.17,0.0,0.29,Watch,El Nino
142777.0,Reef Manta Ray,Vulnerable,2.0956,118.3994,2015,5,28.98,1.0,1.6,Watch,El Nino
142777.0,Reef Manta Ray,Vulnerable,2.0933,118.3939,2015,5,28.98,1.0,1.6,Watch,El Nino
142777.0,Reef Manta Ray,Vulnerable,2.0949,118.40090000000001,2015,5,28.98,1.0,1.6,Watch,El Nino
142777.0,Reef Manta Ray,Vulnerable,2.094,118.4037,2015,5,28.98,1.0,1.6,Watch,El Nino
142777.0,Reef Manta Ray,Vulnerable,2.0987,118.398,2015,5,28.98,1.0,1.6,Watch,El Nino
142777.0,Reef Manta Ray,Vulnerable,2.0599000000000003,118.3147,2015,5,28.98,1.0,1.6,Watch,El Nino
142777.0,Reef Manta Ray,Vulnerable,2.0933,118.3951,2015,6,29.76,0.0,2.0300000000000002,Watch,El Nino
142777.0,Reef Manta Ray,Vulnerable,2.0988,118.4051,2015,6,29.76,0.0,2.0300000000000002,Watch,El Nino
142777.0,Reef Manta Ray,Vulnerable,2.093,118.3951,2015,6,29.76,0.0,2.0300000000000002,Watch,El Nino
142777.0,Reef Manta Ray,Vulnerable,2.0938,118.39840000000001,2015,6,29.76,0.0,2.0300000000000002,Watch,El Nino
142777.0,Reef Manta Ray,Vulnerable,2.0949,118.398,2015,6,29.76,0.0,2.0300000000000002,Watch,El Nino
142777.0,Reef Manta Ray,Vulnerable,2.0954,118.3893,2015,6,29.76,0.0,2.0300000000000002,Watch,El Nino
142777.0,Reef Manta Ray,Vulnerable,2.094,118.39720000000001,2015,6,29.76,0.0,2.0300000000000002,Watch,El Nino
142777.0,Reef Manta Ray,Vulnerable,2.0952,118.40230000000001,2015,6,29.76,0.0,2.0300000000000002,Watch,El Nino
142777.0,Reef Manta Ray,Vulnerable,2.0937,118.40090000000001,2015,6,29.76,0.0,2.0300000000000002,Watch,El Nino
142777.0,Reef Manta Ray,Vulnerable,2.0887000000000002,118.4029,2015,6,29.76,0.0,2.0300000000000002,Watch,El Nino
142777.0,Reef Manta Ray,Vulnerable,2.0945,118.3965,2015,6,29.76,0.0,2.0300000000000002,Watch,El Nino
142777.0,Reef Manta Ray,Vulnerable,2.0897,118.3921,2015,6,29.76,0.0,2.0300000000000002,Watch,El Nino
142777.0,Reef Manta Ray,Vulnerable,2.0911,118.39420000000001,2015,6,29.76,0.0,2.0300000000000002,Watch,El Nino
142777.0,Reef Manta Ray,Vulnerable,2.0798,118.393,2015,6,29.76,0.0,2.0300000000000002,Watch,El Nino
142777.0,Reef Manta Ray,Vulnerable,2.0487,118.3892,2015,6,29.76,0.0,2.0300000000000002,Watch,El Nino
142777.0,Reef Manta Ray,Vulnerable,2.0886,118.3926,2015,6,29.76,0.0,2.0300000000000002,Watch,El Nino
142777.0,Reef Manta Ray,Vulnerable,2.0903,118.393,2015,6,29.76,0.0,2.0300000000000002,Watch,El Nino
142777.0,Reef Manta Ray,Vulnerable,2.0889,118.394,2015,6,29.76,0.0,2.0300000000000002,Watch,El Nino
142777.0,Reef Manta Ray,Vulnerable,2.0947,118.398,2015,6,29.76,0.0,2.0300000000000002,Watch,El Nino
142777.0,Reef Manta Ray,Vulnerable,2.0916,118.3938,2015,6,29.76,0.0,2.0300000000000002,Watch,El Nino
142777.0,Reef Manta Ray,Vulnerable,2.0948,118.397,2015,6,29.76,0.0,2.0300000000000002,Watch,El Nino
142777.0,Reef Manta Ray,Vulnerable,2.0963000000000003,118.3995,2015,6,29.76,0.0,2.0300000000000002,Watch,El Nino
142777.0,Reef Manta Ray,Vulnerable,2.0961000000000003,118.3986,2015,6,29.76,0.0,2.0300000000000002,Watch,El Nino
142777.0,Reef Manta Ray,Vulnerable,2.0949,118.4008,2015,6,29.76,0.0,2.0300000000000002,Watch,El Nino
142777.0,Reef Manta Ray,Vulnerable,2.092,118.3931,2015,6,29.76,0.0,2.0300000000000002,Watch,El Nino
142777.0,Reef Manta Ray,Vulnerable,2.0959000000000003,118.4011,2015,6,29.76,0.0,2.0300000000000002,Watch,El Nino
142777.0,Reef Manta Ray,Vulnerable,2.0648,118.40140000000001,2015,6,29.76,0.0,2.0300000000000002,Watch,El Nino
142777.0,Reef Manta Ray,Vulnerable,2.0942000000000003,118.3994,2015,6,29.76,0.0,2.0300000000000002,Watch,El Nino
142777.0,Reef Manta Ray,Vulnerable,2.0878,118.39250000000001,2015,6,29.76,0.0,2.0300000000000002,Watch,El Nino
142777.0,Reef Manta Ray,Vulnerable,2.0944000000000003,118.40140000000001,2015,6,29.76,0.0,2.0300000000000002,Watch,El Nino
142777.0,Reef Manta Ray,Vulnerable,2.0944000000000003,118.39620000000001,2015,6,29.76,0.0,2.0300000000000002,Watch,El Nino
142777.0,Reef Manta Ray,Vulnerable,2.0962,118.3853,2015,6,29.76,0.0,2.0300000000000002,Watch,El Nino
142777.0,Reef Manta Ray,Vulnerable,2.0941,118.3987,2015,6,29.76,0.0,2.0300000000000002,Watch,El Nino
142777.0,Reef Manta Ray,Vulnerable,2.0958,118.4017,2015,6,29.76,0.0,2.0300000000000002,Watch,El Nino
142777.0,Reef Manta Ray,Vulnerable,2.0953,118.3982,2015,6,29.76,0.0,2.0300000000000002,Watch,El Nino
142777.0,Reef Manta Ray,Vulnerable,2.0936,118.40140000000001,2015,6,29.76,0.0,2.0300000000000002,Watch,El Nino
142777.0,Reef Manta Ray,Vulnerable,2.0955,118.4021,2015,6,29.76,0.0,2.0300000000000002,Watch,El Nino
142777.0,Reef Manta Ray,Vulnerable,2.0963000000000003,118.39890000000001,2015,6,29.76,0.0,2.0300000000000002,Watch,El Nino
142777.0,Reef Manta Ray,Vulnerable,2.0891,118.39320000000001,2015,6,29.76,0.0,2.0300000000000002,Watch,El Nino
142777.0,Reef Manta Ray,Vulnerable,2.0951,118.3973,2015,6,29.76,0.0,2.0300000000000002,Watch,El Nino
142777.0,Reef Manta Ray,Vulnerable,2.0895,118.3926,2015,6,29.76,0.0,2.0300000000000002,Watch,El Nino
142777.0,Reef Manta Ray,Vulnerable,2.0937,118.40020000000001,2015,6,29.76,0.0,2.0300000000000002,Watch,El Nino
142777.0,Reef Manta Ray,Vulnerable,2.0965000000000003,118.40480000000001,2015,6,29.76,0.0,2.0300000000000002,Watch,El Nino
142777.0,Reef Manta Ray,Vulnerable,2.0936,118.3957,2015,6,29.76,0.0,2.0300000000000002,Watch,El Nino
142777.0,Reef Manta Ray,Vulnerable,2.0949,118.3999,2015,6,29.76,0.0,2.0300000000000002,Watch,El Nino
142777.0,Reef Manta Ray,Vulnerable,2.0971,118.3994,2015,6,29.76,0.0,2.0300000000000002,Watch,El Nino
142777.0,Reef Manta Ray,Vulnerable,2.0916,118.39320000000001,2015,6,29.76,0.0,2.0300000000000002,Watch,El Nino
142777.0,Reef Manta Ray,Vulnerable,2.0885000000000002,118.3918,2015,6,29.76,0.0,2.0300000000000002,Watch,El Nino
142777.0,Reef Manta Ray,Vulnerable,2.0866000000000002,118.3936,2015,6,29.76,0.0,2.0300000000000002,Watch,El Nino
142777.0,Reef Manta Ray,Vulnerable,2.091,118.3936,2015,6,29.76,0.0,2.0300000000000002,Watch,El Nino
142777.0,Reef Manta Ray,Vulnerable,2.0882,118.39240000000001,2015,6,29.76,0.0,2.0300000000000002,Watch,El Nino
142777.0,Reef Manta Ray,Vulnerable,2.0953,118.39620000000001,2015,6,29.76,0.0,2.0300000000000002,Watch,El Nino
142777.0,Reef Manta Ray,Vulnerable,2.0971,118.3983,2015,6,29.76,0.0,2.0300000000000002,Watch,El Nino
142777.0,Reef Manta Ray,Vulnerable,2.0933,118.3947,2015,6,29.76,0.0,2.0300000000000002,Watch,El Nino
142777.0,Reef Manta Ray,Vulnerable,2.0906000000000002,118.39250000000001,2015,6,29.76,0.0,2.0300000000000002,Watch,El Nino
142777.0,Reef Manta Ray,Vulnerable,2.1061,118.3965,2015,6,29.76,0.0,2.0300000000000002,Watch,El Nino
142777.0,Reef Manta Ray,Vulnerable,2.0945,118.40020000000001,2015,6,29.76,0.0,2.0300000000000002,Watch,El Nino
142777.0,Reef Manta Ray,Vulnerable,2.0946000000000002,118.4028,2015,6,29.76,0.0,2.0300000000000002,Watch,El Nino
142777.0,Reef Manta Ray,Vulnerable,2.0931,118.3943,2015,6,29.76,0.0,2.0300000000000002,Watch,El Nino
142777.0,Reef Manta Ray,Vulnerable,2.0918,118.40490000000001,2015,6,29.76,0.0,2.0300000000000002,Watch,El Nino
142777.0,Reef Manta Ray,Vulnerable,2.0852,118.38850000000001,2015,6,29.76,0.0,2.0300000000000002,Watch,El Nino
142777.0,Reef Manta Ray,Vulnerable,2.089,118.3906,2015,6,29.76,0.0,2.0300000000000002,Watch,El Nino
142777.0,Reef Manta Ray,Vulnerable,2.0854,118.3939,2015,6,29.76,0.0,2.0300000000000002,Watch,El Nino
142777.0,Reef Manta Ray,Vulnerable,2.0933,118.3951,2015,6,29.76,0.0,2.0300000000000002,Watch,El Nino
142777.0,Reef Manta Ray,Vulnerable,2.0887000000000002,118.39290000000001,2015,6,29.76,0.0,2.0300000000000002,Watch,El Nino
142777.0,Reef Manta Ray,Vulnerable,2.0948,118.3973,2015,6,29.76,0.0,2.0300000000000002,Watch,El Nino
142777.0,Reef Manta Ray,Vulnerable,2.0944000000000003,118.39750000000001,2015,6,29.76,0.0,2.0300000000000002,Watch,El Nino
142777.0,Reef Manta Ray,Vulnerable,2.0942000000000003,118.3981,2015,6,29.76,0.0,2.0300000000000002,Watch,El Nino
142777.0,Reef Manta Ray,Vulnerable,2.0918,118.3943,2015,6,29.76,0.0,2.0300000000000002,Watch,El Nino
142777.0,Reef Manta Ray,Vulnerable,2.0931,118.39450000000001,2015,6,29.76,0.0,2.0300000000000002,Watch,El Nino
142777.0,Reef Manta Ray,Vulnerable,2.0955,118.4007,2015,6,29.76,0.0,2.0300000000000002,Watch,El Nino
142777.0,Reef Manta Ray,Vulnerable,2.0958,118.3999,2015,6,29.76,0.0,2.0300000000000002,Watch,El Nino
142777.0,Reef Manta Ray,Vulnerable,2.0917,118.394,2015,6,29.76,0.0,2.0300000000000002,Watch,El Nino
142777.0,Reef Manta Ray,Vulnerable,2.0942000000000003,118.399,2015,6,29.76,0.0,2.0300000000000002,Watch,El Nino
142777.0,Reef Manta Ray,Vulnerable,2.0907,118.393,2015,6,29.76,0.0,2.0300000000000002,Watch,El Nino
142777.0,Reef Manta Ray,Vulnerable,2.0943,118.4015,2015,6,29.76,0.0,2.0300000000000002,Watch,El Nino
142777.0,Reef Manta Ray,Vulnerable,2.0923000000000003,118.3936,2015,6,29.76,0.0,2.0300000000000002,Watch,El Nino
142777.0,Reef Manta Ray,Vulnerable,2.0956,118.4015,2015,6,29.76,0.0,2.0300000000000002,Watch,El Nino
142777.0,Reef Manta Ray,Vulnerable,2.1393,118.29190000000001,2015,6,29.76,0.0,2.0300000000000002,Watch,El Nino
142777.0,Reef Manta Ray,Vulnerable,2.0886,118.393,2015,6,29.76,0.0,2.0300000000000002,Watch,El Nino
142777.0,Reef Manta Ray,Vulnerable,2.0965000000000003,118.39930000000001,2015,6,29.76,0.0,2.0300000000000002,Watch,El Nino
142777.0,Reef Manta Ray,Vulnerable,2.0939,118.40180000000001,2015,6,29.76,0.0,2.0300000000000002,Watch,El Nino
142777.0,Reef Manta Ray,Vulnerable,2.0975,118.399,2015,6,29.76,0.0,2.0300000000000002,Watch,El Nino
142777.0,Reef Manta Ray,Vulnerable,2.1169000000000002,118.2989,2015,6,29.76,0.0,2.0300000000000002,Watch,El Nino
142777.0,Reef Manta Ray,Vulnerable,2.0864000000000003,118.3918,2015,6,29.76,0.0,2.0300000000000002,Watch,El Nino
142777.0,Reef Manta Ray,Vulnerable,2.0915,118.3944,2015,6,29.76,0.0,2.0300000000000002,Watch,El Nino
142777.0,Reef Manta Ray,Vulnerable,2.0946000000000002,118.3964,2015,6,29.76,0.0,2.0300000000000002,Watch,El Nino
142777.0,Reef Manta Ray,Vulnerable,2.0898,118.39280000000001,2015,6,29.76,0.0,2.0300000000000002,Watch,El Nino
142777.0,Reef Manta Ray,Vulnerable,2.0959000000000003,118.40010000000001,2015,6,29.76,0.0,2.0300000000000002,Watch,El Nino
142777.0,Reef Manta Ray,Vulnerable,2.0993,118.39750000000001,2015,6,29.76,0.0,2.0300000000000002,Watch,El Nino
142777.0,Reef Manta Ray,Vulnerable,2.0965000000000003,118.4016,2015,6,29.76,0.0,2.0300000000000002,Watch,El Nino
142777.0,Reef Manta Ray,Vulnerable,2.0771,118.2988,2015,6,29.76,0.0,2.0300000000000002,Watch,El Nino
142777.0,Reef Manta Ray,Vulnerable,2.0958,118.39880000000001,2015,6,29.76,0.0,2.0300000000000002,Watch,El Nino
142777.0,Reef Manta Ray,Vulnerable,2.1225,118.2506,2015,6,29.76,0.0,2.0300000000000002,Watch,El Nino
142777.0,Reef Manta Ray,Vulnerable,2.0945,118.3969,2015,6,29.76,0.0,2.0300000000000002,Watch,El Nino
142777.0,Reef Manta Ray,Vulnerable,2.0911,118.31240000000001,2015,6,29.76,0.0,2.0300000000000002,Watch,El Nino
142777.0,Reef Manta Ray,Vulnerable,2.0875,118.2869,2015,6,29.76,0.0,2.0300000000000002,Watch,El Nino
142777.0,Reef Manta Ray,Vulnerable,2.0963000000000003,118.3966,2015,6,29.76,0.0,2.0300000000000002,Watch,El Nino
142777.0,Reef Manta Ray,Vulnerable,2.0954,118.3996,2015,6,29.76,0.0,2.0300000000000002,Watch,El Nino
142777.0,Reef Manta Ray,Vulnerable,2.0941,118.39620000000001,2015,6,29.76,0.0,2.0300000000000002,Watch,El Nino
142777.0,Reef Manta Ray,Vulnerable,2.103,118.39840000000001,2015,6,29.76,0.0,2.0300000000000002,Watch,El Nino
142777.0,Reef Manta Ray,Vulnerable,2.0795,118.38850000000001,2015,6,29.76,0.0,2.0300000000000002,Watch,El Nino
142777.0,Reef Manta Ray,Vulnerable,2.0912,118.3935,2015,6,29.76,0.0,2.0300000000000002,Watch,El Nino
142777.0,Reef Manta Ray,Vulnerable,2.0944000000000003,118.3966,2015,6,29.76,0.0,2.0300000000000002,Watch,El Nino
142777.0,Reef Manta Ray,Vulnerable,2.0938,118.3974,2015,6,29.76,0.0,2.0300000000000002,Watch,El Nino
142777.0,Reef Manta Ray,Vulnerable,2.0949,118.4015,2015,6,29.76,0.0,2.0300000000000002,Watch,El Nino
142777.0,Reef Manta Ray,Vulnerable,2.0891,118.3921,2015,6,29.76,0.0,2.0300000000000002,Watch,El Nino
142777.0,Reef Manta Ray,Vulnerable,2.0941,118.39750000000001,2015,6,29.76,0.0,2.0300000000000002,Watch,El Nino
142777.0,Reef Manta Ray,Vulnerable,2.0949,118.3977,2015,6,29.76,0.0,2.0300000000000002,Watch,El Nino
142777.0,Reef Manta Ray,Vulnerable,2.0948,118.4007,2015,6,29.76,0.0,2.0300000000000002,Watch,El Nino
142777.0,Reef Manta Ray,Vulnerable,2.0949,118.39890000000001,2015,6,29.76,0.0,2.0300000000000002,Watch,El Nino
142777.0,Reef Manta Ray,Vulnerable,2.0955,118.3995,2015,6,29.76,0.0,2.0300000000000002,Watch,El Nino
142777.0,Reef Manta Ray,Vulnerable,2.0919000000000003,118.39410000000001,2015,6,29.76,0.0,2.0300000000000002,Watch,El Nino
142777.0,Reef Manta Ray,Vulnerable,2.0578000000000003,118.3647,2015,6,29.76,0.0,2.0300000000000002,Watch,El Nino
142777.0,Reef Manta Ray,Vulnerable,2.0933,118.3966,2015,6,29.76,0.0,2.0300000000000002,Watch,El Nino
142777.0,Reef Manta Ray,Vulnerable,2.0977,118.39970000000001,2015,6,29.76,0.0,2.0300000000000002,Watch,El Nino
142777.0,Reef Manta Ray,Vulnerable,2.0957,118.3996,2015,6,29.76,0.0,2.0300000000000002,Watch,El Nino
142777.0,Reef Manta Ray,Vulnerable,2.0877,118.3923,2015,6,29.76,0.0,2.0300000000000002,Watch,El Nino
142777.0,Reef Manta Ray,Vulnerable,2.0924,118.3935,2015,6,29.76,0.0,2.0300000000000002,Watch,El Nino
142777.0,Reef Manta Ray,Vulnerable,2.091,118.3936,2015,6,29.76,0.0,2.0300000000000002,Watch,El Nino
142777.0,Reef Manta Ray,Vulnerable,2.0948,118.399,2015,6,29.76,0.0,2.0300000000000002,Watch,El Nino
142777.0,Reef Manta Ray,Vulnerable,2.0919000000000003,118.39030000000001,2015,6,29.76,0.0,2.0300000000000002,Watch,El Nino
142777.0,Reef Manta Ray,Vulnerable,2.0938,118.4012,2015,6,29.76,0.0,2.0300000000000002,Watch,El Nino
142777.0,Reef Manta Ray,Vulnerable,2.0939,118.3966,2015,6,29.76,0.0,2.0300000000000002,Watch,El Nino
142777.0,Reef Manta Ray,Vulnerable,2.0922,118.40440000000001,2015,6,29.76,0.0,2.0300000000000002,Watch,El Nino
142777.0,Reef Manta Ray,Vulnerable,2.0948,118.40220000000001,2015,6,29.76,0.0,2.0300000000000002,Watch,El Nino
142777.0,Reef Manta Ray,Vulnerable,2.0924,118.39420000000001,2015,6,29.76,0.0,2.0300000000000002,Watch,El Nino
142777.0,Reef Manta Ray,Vulnerable,2.0884,118.4063,2015,6,29.76,0.0,2.0300000000000002,Watch,El Nino
142777.0,Reef Manta Ray,Vulnerable,2.0922,118.4055,2015,6,29.76,0.0,2.0300000000000002,Watch,El Nino
142777.0,Reef Manta Ray,Vulnerable,2.0909,118.393,2015,6,29.76,0.0,2.0300000000000002,Watch,El Nino
142777.0,Reef Manta Ray,Vulnerable,2.0946000000000002,118.4021,2015,6,29.76,0.0,2.0300000000000002,Watch,El Nino
142777.0,Reef Manta Ray,Vulnerable,2.0949,118.4007,2015,6,29.76,0.0,2.0300000000000002,Watch,El Nino
142777.0,Reef Manta Ray,Vulnerable,2.094,118.3944,2015,6,29.76,0.0,2.0300000000000002,Watch,El Nino
142777.0,Reef Manta Ray,Vulnerable,2.0958,118.39840000000001,2015,6,29.76,0.0,2.0300000000000002,Watch,El Nino
142777.0,Reef Manta Ray,Vulnerable,2.0869,118.41210000000001,2015,6,29.76,0.0,2.0300000000000002,Watch,El Nino
142777.0,Reef Manta Ray,Vulnerable,2.0891,118.393,2015,6,29.76,0.0,2.0300000000000002,Watch,El Nino
142777.0,Reef Manta Ray,Vulnerable,2.0901,118.3931,2015,6,29.76,0.0,2.0300000000000002,Watch,El Nino
142777.0,Reef Manta Ray,Vulnerable,2.0941,118.3981,2015,6,29.76,0.0,2.0300000000000002,Watch,El Nino
142777.0,Reef Manta Ray,Vulnerable,2.0952,118.401,2015,6,29.76,0.0,2.0300000000000002,Watch,El Nino
142777.0,Reef Manta Ray,Vulnerable,2.0951,118.3996,2015,6,29.76,0.0,2.0300000000000002,Watch,El Nino
142777.0,Reef Manta Ray,Vulnerable,2.0937,118.4012,2015,6,29.76,0.0,2.0300000000000002,Watch,El Nino
142777.0,Reef Manta Ray,Vulnerable,2.0907,118.4088,2015,6,29.76,0.0,2.0300000000000002,Watch,El Nino
142777.0,Reef Manta Ray,Vulnerable,2.0758,118.3953,2015,6,29.76,0.0,2.0300000000000002,Watch,El Nino
142777.0,Reef Manta Ray,Vulnerable,2.0891,118.39280000000001,2015,6,29.76,0.0,2.0300000000000002,Watch,El Nino
142777.0,Reef Manta Ray,Vulnerable,2.0949,118.4007,2015,6,29.76,0.0,2.0300000000000002,Watch,El Nino
142777.0,Reef Manta Ray,Vulnerable,2.0948,118.4015,2015,6,29.76,0.0,2.0300000000000002,Watch,El Nino
142777.0,Reef Manta Ray,Vulnerable,2.0947,118.39710000000001,2015,6,29.76,0.0,2.0300000000000002,Watch,El Nino
142777.0,Reef Manta Ray,Vulnerable,2.0962,118.4004,2015,6,29.76,0.0,2.0300000000000002,Watch,El Nino
142777.0,Reef Manta Ray,Vulnerable,2.0946000000000002,118.4013,2015,6,29.76,0.0,2.0300000000000002,Watch,El Nino
142777.0,Reef Manta Ray,Vulnerable,2.0948,118.40090000000001,2015,6,29.76,0.0,2.0300000000000002,Watch,El Nino
142777.0,Reef Manta Ray,Vulnerable,2.0956,118.399,2015,6,29.76,0.0,2.0300000000000002,Watch,El Nino
142777.0,Reef Manta Ray,Vulnerable,2.0936,118.3964,2015,6,29.76,0.0,2.0300000000000002,Watch,El Nino
142777.0,Reef Manta Ray,Vulnerable,2.0916,118.40360000000001,2015,6,29.76,0.0,2.0300000000000002,Watch,El Nino
142777.0,Reef Manta Ray,Vulnerable,2.0935,118.39460000000001,2015,6,29.76,0.0,2.0300000000000002,Watch,El Nino
142777.0,Reef Manta Ray,Vulnerable,2.0943,118.3983,2015,6,29.76,0.0,2.0300000000000002,Watch,El Nino
142777.0,Reef Manta Ray,Vulnerable,2.0971,118.40060000000001,2015,6,29.76,0.0,2.0300000000000002,Watch,El Nino
142777.0,Reef Manta Ray,Vulnerable,2.0953,118.393,2015,6,29.76,0.0,2.0300000000000002,Watch,El Nino
142777.0,Reef Manta Ray,Vulnerable,2.0938,118.3953,2015,6,29.76,0.0,2.0300000000000002,Watch,El Nino
142777.0,Reef Manta Ray,Vulnerable,2.0884,118.3923,2015,6,29.76,0.0,2.0300000000000002,Watch,El Nino
142777.0,Reef Manta Ray,Vulnerable,2.0926,118.4024,2015,6,29.76,0.0,2.0300000000000002,Watch,El Nino
142777.0,Reef Manta Ray,Vulnerable,2.0933,118.4008,2015,6,29.76,0.0,2.0300000000000002,Watch,El Nino
142777.0,Reef Manta Ray,Vulnerable,2.0943,118.4012,2015,6,29.76,0.0,2.0300000000000002,Watch,El Nino
142777.0,Reef Manta Ray,Vulnerable,2.0954,118.396,2015,6,29.76,0.0,2.0300000000000002,Watch,El Nino
142777.0,Reef Manta Ray,Vulnerable,2.0937,118.395,2015,6,29.76,0.0,2.0300000000000002,Watch,El Nino
142777.0,Reef Manta Ray,Vulnerable,2.0884,118.39280000000001,2015,6,29.76,0.0,2.0300000000000002,Watch,El Nino
142777.0,Reef Manta Ray,Vulnerable,2.0989,118.3994,2015,6,29.76,0.0,2.0300000000000002,Watch,El Nino
142777.0,Reef Manta Ray,Vulnerable,2.0951,118.40020000000001,2015,6,29.76,0.0,2.0300000000000002,Watch,El Nino
142777.0,Reef Manta Ray,Vulnerable,2.0924,118.403,2015,6,29.76,0.0,2.0300000000000002,Watch,El Nino
142777.0,Reef Manta Ray,Vulnerable,2.0964,118.39970000000001,2015,6,29.76,0.0,2.0300000000000002,Watch,El Nino
142777.0,Reef Manta Ray,Vulnerable,2.0884,118.39250000000001,2015,6,29.76,0.0,2.0300000000000002,Watch,El Nino
142777.0,Reef Manta Ray,Vulnerable,2.0944000000000003,118.3987,2015,6,29.76,0.0,2.0300000000000002,Watch,El Nino
142777.0,Reef Manta Ray,Vulnerable,2.0964,118.39890000000001,2015,6,29.76,0.0,2.0300000000000002,Watch,El Nino
142777.0,Reef Manta Ray,Vulnerable,2.0928,118.4015,2015,6,29.76,0.0,2.0300000000000002,Watch,El Nino
142777.0,Reef Manta Ray,Vulnerable,2.0951,118.39840000000001,2015,6,29.76,0.0,2.0300000000000002,Watch,El Nino
142777.0,Reef Manta Ray,Vulnerable,2.0955,118.3966,2015,7,27.96,1.0,0.88,Watch,El Nino
142777.0,Reef Manta Ray,Vulnerable,2.0832,118.35950000000001,2015,7,27.96,1.0,0.88,Watch,El Nino
142777.0,Reef Manta Ray,Vulnerable,2.0951,118.3981,2015,7,27.96,1.0,0.88,Watch,El Nino
142777.0,Reef Manta Ray,Vulnerable,2.0924,118.4037,2015,7,27.96,1.0,0.88,Watch,El Nino
142777.0,Reef Manta Ray,Vulnerable,2.0951,118.39670000000001,2015,7,27.96,1.0,0.88,Watch,El Nino
142777.0,Reef Manta Ray,Vulnerable,2.0968,118.3983,2015,7,27.96,1.0,0.88,Watch,El Nino
142777.0,Reef Manta Ray,Vulnerable,2.0812,118.3691,2015,7,27.96,1.0,0.88,Watch,El Nino
142777.0,Reef Manta Ray,Vulnerable,2.0932,118.3952,2015,7,27.96,1.0,0.88,Watch,El Nino
142777.0,Reef Manta Ray,Vulnerable,2.0851,118.35610000000001,2015,7,27.96,1.0,0.88,Watch,El Nino
142777.0,Reef Manta Ray,Vulnerable,2.0949,118.4041,2015,7,27.96,1.0,0.88,Watch,El Nino
142777.0,Reef Manta Ray,Vulnerable,2.1052,118.402,2015,7,27.96,1.0,0.88,Watch,El Nino
142777.0,Reef Manta Ray,Vulnerable,2.0895,118.406,2015,7,27.96,1.0,0.88,Watch,El Nino
142777.0,Reef Manta Ray,Vulnerable,2.096,118.4012,2015,7,27.96,1.0,0.88,Watch,El Nino
142777.0,Reef Manta Ray,Vulnerable,2.095,118.3968,2015,7,27.96,1.0,0.88,Watch,El Nino
142777.0,Reef Manta Ray,Vulnerable,1.986,118.5021,2015,7,27.84,0.0,0.19,Watch,El Nino
142777.0,Reef Manta Ray,Vulnerable,2.1114,118.3722,2015,7,27.96,1.0,0.88,Watch,El Nino
142777.0,Reef Manta Ray,Vulnerable,2.0945,118.3966,2015,7,27.96,1.0,0.88,Watch,El Nino
142777.0,Reef Manta Ray,Vulnerable,2.0938,118.4025,2015,7,27.96,1.0,0.88,Watch,El Nino
142777.0,Reef Manta Ray,Vulnerable,2.095,118.39670000000001,2015,7,27.96,1.0,0.88,Watch,El Nino
142777.0,Reef Manta Ray,Vulnerable,2.0929,118.403,2015,7,27.96,1.0,0.88,Watch,El Nino
142777.0,Reef Manta Ray,Vulnerable,2.0794,118.39930000000001,2015,7,27.96,1.0,0.88,Watch,El Nino
142777.0,Reef Manta Ray,Vulnerable,2.0898,118.38520000000001,2015,7,27.96,1.0,0.88,Watch,El Nino
142777.0,Reef Manta Ray,Vulnerable,2.0906000000000002,118.3921,2015,7,27.96,1.0,0.88,Watch,El Nino
142777.0,Reef Manta Ray,Vulnerable,2.0959000000000003,118.3977,2015,7,27.96,1.0,0.88,Watch,El Nino
142777.0,Reef Manta Ray,Vulnerable,2.0893,118.3919,2015,7,27.96,1.0,0.88,Watch,El Nino
142777.0,Reef Manta Ray,Vulnerable,2.0929,118.401,2015,7,27.96,1.0,0.88,Watch,El Nino
142777.0,Reef Manta Ray,Vulnerable,2.0959000000000003,118.3968,2015,7,27.96,1.0,0.88,Watch,El Nino
142777.0,Reef Manta Ray,Vulnerable,2.0943,118.3968,2015,7,27.96,1.0,0.88,Watch,El Nino
142777.0,Reef Manta Ray,Vulnerable,2.0952,118.3987,2015,7,27.96,1.0,0.88,Watch,El Nino
142777.0,Reef Manta Ray,Vulnerable,2.0794,118.39710000000001,2015,7,27.96,1.0,0.88,Watch,El Nino
142777.0,Reef Manta Ray,Vulnerable,2.0966,118.4015,2015,7,27.96,1.0,0.88,Watch,El Nino
142777.0,Reef Manta Ray,Vulnerable,2.093,118.3961,2015,7,27.96,1.0,0.88,Watch,El Nino
142777.0,Reef Manta Ray,Vulnerable,2.0938,118.4012,2015,7,27.96,1.0,0.88,Watch,El Nino
142777.0,Reef Manta Ray,Vulnerable,2.1047000000000002,118.3974,2015,7,27.96,1.0,0.88,Watch,El Nino
142777.0,Reef Manta Ray,Vulnerable,2.09,118.39160000000001,2015,7,27.96,1.0,0.88,Watch,El Nino
142777.0,Reef Manta Ray,Vulnerable,2.0967000000000002,118.3998,2015,7,27.96,1.0,0.88,Watch,El Nino
142777.0,Reef Manta Ray,Vulnerable,2.0985,118.3953,2015,7,27.96,1.0,0.88,Watch,El Nino
142777.0,Reef Manta Ray,Vulnerable,2.0927000000000002,118.3922,2015,7,27.96,1.0,0.88,Watch,El Nino
142777.0,Reef Manta Ray,Vulnerable,2.0886,118.393,2015,7,27.96,1.0,0.88,Watch,El Nino
142777.0,Reef Manta Ray,Vulnerable,2.099,118.39120000000001,2015,7,27.96,1.0,0.88,Watch,El Nino
142777.0,Reef Manta Ray,Vulnerable,2.0741,118.38860000000001,2015,7,27.96,1.0,0.88,Watch,El Nino
142777.0,Reef Manta Ray,Vulnerable,2.0897,118.3919,2015,7,27.96,1.0,0.88,Watch,El Nino
142777.0,Reef Manta Ray,Vulnerable,2.0968,118.3994,2015,7,27.96,1.0,0.88,Watch,El Nino
142777.0,Reef Manta Ray,Vulnerable,2.0964,118.39630000000001,2015,7,27.96,1.0,0.88,Watch,El Nino
142777.0,Reef Manta Ray,Vulnerable,2.0947,118.3996,2015,7,27.96,1.0,0.88,Watch,El Nino
142777.0,Reef Manta Ray,Vulnerable,2.0939,118.3948,2015,7,27.96,1.0,0.88,Watch,El Nino
142777.0,Reef Manta Ray,Vulnerable,2.088,118.4004,2015,7,27.96,1.0,0.88,Watch,El Nino
142777.0,Reef Manta Ray,Vulnerable,2.0899,118.3917,2015,7,27.96,1.0,0.88,Watch,El Nino
142777.0,Reef Manta Ray,Vulnerable,2.0906000000000002,118.392,2015,7,27.96,1.0,0.88,Watch,El Nino
142777.0,Reef Manta Ray,Vulnerable,2.0936,118.40220000000001,2015,7,27.96,1.0,0.88,Watch,El Nino
142777.0,Reef Manta Ray,Vulnerable,2.0966,118.4004,2015,7,27.96,1.0,0.88,Watch,El Nino
142777.0,Reef Manta Ray,Vulnerable,2.0926,118.39320000000001,2015,7,27.96,1.0,0.88,Watch,El Nino
142777.0,Reef Manta Ray,Vulnerable,2.0937,118.39580000000001,2015,7,27.96,1.0,0.88,Watch,El Nino
142777.0,Reef Manta Ray,Vulnerable,2.0949,118.40190000000001,2015,7,27.96,1.0,0.88,Watch,El Nino
142777.0,Reef Manta Ray,Vulnerable,2.0938,118.396,2015,7,27.96,1.0,0.88,Watch,El Nino
142777.0,Reef Manta Ray,Vulnerable,2.0926,118.40050000000001,2015,7,27.96,1.0,0.88,Watch,El Nino
142777.0,Reef Manta Ray,Vulnerable,2.0933,118.3961,2015,7,27.96,1.0,0.88,Watch,El Nino
142777.0,Reef Manta Ray,Vulnerable,2.0946000000000002,118.39580000000001,2015,7,27.96,1.0,0.88,Watch,El Nino
142777.0,Reef Manta Ray,Vulnerable,2.0934,118.39720000000001,2015,7,27.96,1.0,0.88,Watch,El Nino
142777.0,Reef Manta Ray,Vulnerable,2.0942000000000003,118.3982,2015,7,27.96,1.0,0.88,Watch,El Nino
142777.0,Reef Manta Ray,Vulnerable,2.08,118.40740000000001,2015,7,27.96,1.0,0.88,Watch,El Nino
142777.0,Reef Manta Ray,Vulnerable,2.0945,118.3998,2015,7,27.96,1.0,0.88,Watch,El Nino
142777.0,Reef Manta Ray,Vulnerable,2.0907,118.39420000000001,2015,7,27.96,1.0,0.88,Watch,El Nino
142777.0,Reef Manta Ray,Vulnerable,2.0967000000000002,118.39890000000001,2015,7,27.96,1.0,0.88,Watch,El Nino
142777.0,Reef Manta Ray,Vulnerable,2.0954,118.40060000000001,2015,7,27.96,1.0,0.88,Watch,El Nino
142777.0,Reef Manta Ray,Vulnerable,2.0971,118.3966,2015,7,27.96,1.0,0.88,Watch,El Nino
142777.0,Reef Manta Ray,Vulnerable,2.0885000000000002,118.39290000000001,2015,7,27.96,1.0,0.88,Watch,El Nino
142777.0,Reef Manta Ray,Vulnerable,2.0934,118.3977,2015,7,27.96,1.0,0.88,Watch,El Nino
142777.0,Reef Manta Ray,Vulnerable,2.0941,118.39710000000001,2015,7,27.96,1.0,0.88,Watch,El Nino
142777.0,Reef Manta Ray,Vulnerable,2.0964,118.4003,2015,7,27.96,1.0,0.88,Watch,El Nino
142777.0,Reef Manta Ray,Vulnerable,2.0894,118.39320000000001,2015,7,27.96,1.0,0.88,Watch,El Nino
142777.0,Reef Manta Ray,Vulnerable,2.0907,118.3931,2015,7,27.96,1.0,0.88,Watch,El Nino
142777.0,Reef Manta Ray,Vulnerable,2.0957,118.40060000000001,2015,7,27.96,1.0,0.88,Watch,El Nino
142777.0,Reef Manta Ray,Vulnerable,2.0952,118.3969,2015,7,27.96,1.0,0.88,Watch,El Nino
142777.0,Reef Manta Ray,Vulnerable,2.0927000000000002,118.39460000000001,2015,7,27.96,1.0,0.88,Watch,El Nino
142777.0,Reef Manta Ray,Vulnerable,2.0941,118.39720000000001,2015,7,27.96,1.0,0.88,Watch,El Nino
142777.0,Reef Manta Ray,Vulnerable,2.0922,118.4024,2015,7,27.96,1.0,0.88,Watch,El Nino
142777.0,Reef Manta Ray,Vulnerable,2.0948,118.3964,2015,7,27.96,1.0,0.88,Watch,El Nino
142777.0,Reef Manta Ray,Vulnerable,2.0923000000000003,118.4004,2015,7,27.96,1.0,0.88,Watch,El Nino
142777.0,Reef Manta Ray,Vulnerable,2.0954,118.40180000000001,2015,7,27.96,1.0,0.88,Watch,El Nino
142777.0,Reef Manta Ray,Vulnerable,2.0854,118.3914,2015,7,27.96,1.0,0.88,Watch,El Nino
142777.0,Reef Manta Ray,Vulnerable,2.0827,118.3202,2015,7,27.96,1.0,0.88,Watch,El Nino
142777.0,Reef Manta Ray,Vulnerable,2.0952,118.3953,2015,7,27.96,1.0,0.88,Watch,El Nino
142777.0,Reef Manta Ray,Vulnerable,2.0981,118.39840000000001,2015,7,27.96,1.0,0.88,Watch,El Nino
142777.0,Reef Manta Ray,Vulnerable,2.0917,118.40230000000001,2015,7,27.96,1.0,0.88,Watch,El Nino
142777.0,Reef Manta Ray,Vulnerable,2.0959000000000003,118.39760000000001,2015,7,27.96,1.0,0.88,Watch,El Nino
142777.0,Reef Manta Ray,Vulnerable,2.0929,118.4021,2015,7,27.96,1.0,0.88,Watch,El Nino
142777.0,Reef Manta Ray,Vulnerable,2.0953,118.3995,2015,7,27.96,1.0,0.88,Watch,El Nino
142777.0,Reef Manta Ray,Vulnerable,2.0786000000000002,118.3957,2015,7,27.96,1.0,0.88,Watch,El Nino
142777.0,Reef Manta Ray,Vulnerable,2.0937,118.3961,2015,7,27.96,1.0,0.88,Watch,El Nino
142777.0,Reef Manta Ray,Vulnerable,2.0932,118.4013,2015,7,27.96,1.0,0.88,Watch,El Nino
142777.0,Reef Manta Ray,Vulnerable,2.0923000000000003,118.4021,2015,7,27.96,1.0,0.88,Watch,El Nino
142777.0,Reef Manta Ray,Vulnerable,2.0923000000000003,118.40230000000001,2015,7,27.96,1.0,0.88,Watch,El Nino
142777.0,Reef Manta Ray,Vulnerable,2.0949,118.3981,2015,7,27.96,1.0,0.88,Watch,El Nino
142777.0,Reef Manta Ray,Vulnerable,2.098,118.3983,2015,7,27.96,1.0,0.88,Watch,El Nino
142777.0,Reef Manta Ray,Vulnerable,2.095,118.39970000000001,2015,7,27.96,1.0,0.88,Watch,El Nino
142777.0,Reef Manta Ray,Vulnerable,2.0954,118.3981,2015,7,27.96,1.0,0.88,Watch,El Nino
142777.0,Reef Manta Ray,Vulnerable,2.098,118.396,2015,7,27.96,1.0,0.88,Watch,El Nino
142777.0,Reef Manta Ray,Vulnerable,2.0956,118.40020000000001,2015,7,27.96,1.0,0.88,Watch,El Nino
142777.0,Reef Manta Ray,Vulnerable,2.0983,118.39320000000001,2015,7,27.96,1.0,0.88,Watch,El Nino
142777.0,Reef Manta Ray,Vulnerable,2.095,118.40090000000001,2015,7,27.96,1.0,0.88,Watch,El Nino
142777.0,Reef Manta Ray,Vulnerable,2.0925000000000002,118.4015,2015,7,27.96,1.0,0.88,Watch,El Nino
142777.0,Reef Manta Ray,Vulnerable,2.0904000000000003,118.39280000000001,2015,7,27.96,1.0,0.88,Watch,El Nino
142777.0,Reef Manta Ray,Vulnerable,2.0941,118.40220000000001,2015,7,27.96,1.0,0.88,Watch,El Nino
142777.0,Reef Manta Ray,Vulnerable,2.0964,118.39750000000001,2015,7,27.96,1.0,0.88,Watch,El Nino
142777.0,Reef Manta Ray,Vulnerable,2.0949,118.39970000000001,2015,7,27.96,1.0,0.88,Watch,El Nino
142777.0,Reef Manta Ray,Vulnerable,2.0983,118.39890000000001,2015,8,28.200000000000003,0.0,0.53,No Stress,El Nino
142777.0,Reef Manta Ray,Vulnerable,2.092,118.395,2015,8,28.200000000000003,0.0,0.53,No Stress,El Nino
142777.0,Reef Manta Ray,Vulnerable,2.0971,118.3981,2015,8,28.200000000000003,0.0,0.53,No Stress,El Nino
142777.0,Reef Manta Ray,Vulnerable,2.0952,118.40660000000001,2015,8,28.200000000000003,0.0,0.53,No Stress,El Nino
142779.0,Reef Manta Ray,Vulnerable,-8.8046,115.49990000000001,2015,5,29.44,0.0,0.85,Watch,El Nino
142779.0,Reef Manta Ray,Vulnerable,-8.804,115.5507,2015,5,29.44,0.0,0.85,Watch,El Nino
142779.0,Reef Manta Ray,Vulnerable,-8.8033,115.5287,2015,5,29.44,0.0,0.85,Watch,El Nino
142779.0,Reef Manta Ray,Vulnerable,-8.7959,115.5261,2015,5,29.44,0.0,0.85,Watch,El Nino
142779.0,Reef Manta Ray,Vulnerable,-8.7942,115.5189,2015,5,29.44,0.0,0.85,Watch,El Nino
142779.0,Reef Manta Ray,Vulnerable,-8.7654,115.48310000000001,2015,5,29.44,0.0,0.85,Watch,El Nino
142779.0,Reef Manta Ray,Vulnerable,-8.801300000000001,115.53190000000001,2015,5,29.44,0.0,0.85,Watch,El Nino
142779.0,Reef Manta Ray,Vulnerable,-8.7883,115.51740000000001,2015,5,29.44,0.0,0.85,Watch,El Nino
142779.0,Reef Manta Ray,Vulnerable,-8.8063,115.54610000000001,2015,5,29.44,0.0,0.85,Watch,El Nino
142779.0,Reef Manta Ray,Vulnerable,-8.808300000000001,115.5454,2015,5,29.44,0.0,0.85,Watch,El Nino
142779.0,Reef Manta Ray,Vulnerable,-8.809800000000001,115.56360000000001,2015,5,29.44,0.0,0.85,Watch,El Nino
142779.0,Reef Manta Ray,Vulnerable,-8.7962,115.52040000000001,2015,5,29.44,0.0,0.85,Watch,El Nino
142779.0,Reef Manta Ray,Vulnerable,-8.8145,115.577,2015,5,29.44,0.0,0.85,Watch,El Nino
142779.0,Reef Manta Ray,Vulnerable,-8.801300000000001,115.5235,2015,5,29.44,0.0,0.85,Watch,El Nino
142779.0,Reef Manta Ray,Vulnerable,-8.799800000000001,115.5342,2015,5,29.44,0.0,0.85,Watch,El Nino
142779.0,Reef Manta Ray,Vulnerable,-8.7994,115.5335,2015,5,29.44,0.0,0.85,Watch,El Nino
142779.0,Reef Manta Ray,Vulnerable,-8.8094,115.55980000000001,2015,5,29.44,0.0,0.85,Watch,El Nino
142779.0,Reef Manta Ray,Vulnerable,-8.8053,115.5519,2015,5,29.44,0.0,0.85,Watch,El Nino
142779.0,Reef Manta Ray,Vulnerable,-8.8119,115.5271,2015,5,29.44,0.0,0.85,Watch,El Nino
142779.0,Reef Manta Ray,Vulnerable,-8.803600000000001,115.52550000000001,2015,5,29.44,0.0,0.85,Watch,El Nino
142779.0,Reef Manta Ray,Vulnerable,-8.802900000000001,115.52420000000001,2015,5,29.44,0.0,0.85,Watch,El Nino
142779.0,Reef Manta Ray,Vulnerable,-8.8104,115.56580000000001,2015,5,29.44,0.0,0.85,Watch,El Nino
142779.0,Reef Manta Ray,Vulnerable,-8.8064,115.5507,2015,5,29.44,0.0,0.85,Watch,El Nino
142779.0,Reef Manta Ray,Vulnerable,-8.8033,115.5263,2015,5,29.44,0.0,0.85,Watch,El Nino
142779.0,Reef Manta Ray,Vulnerable,-8.7874,115.5177,2015,5,29.44,0.0,0.85,Watch,El Nino
142779.0,Reef Manta Ray,Vulnerable,-8.802800000000001,115.52560000000001,2015,5,29.44,0.0,0.85,Watch,El Nino
142779.0,Reef Manta Ray,Vulnerable,-8.800600000000001,115.535,2015,5,29.44,0.0,0.85,Watch,El Nino
142779.0,Reef Manta Ray,Vulnerable,-8.8246,115.5323,2015,5,29.44,0.0,0.85,Watch,El Nino
142779.0,Reef Manta Ray,Vulnerable,-8.8033,115.52550000000001,2015,5,29.44,0.0,0.85,Watch,El Nino
142779.0,Reef Manta Ray,Vulnerable,-8.804,115.5531,2015,5,29.44,0.0,0.85,Watch,El Nino
142779.0,Reef Manta Ray,Vulnerable,-8.7962,115.4945,2015,5,29.44,0.0,0.85,Watch,El Nino
142779.0,Reef Manta Ray,Vulnerable,-8.82,115.5552,2015,5,29.44,0.0,0.85,Watch,El Nino
142779.0,Reef Manta Ray,Vulnerable,-8.817300000000001,115.5657,2015,5,29.44,0.0,0.85,Watch,El Nino
142779.0,Reef Manta Ray,Vulnerable,-8.783800000000001,115.5109,2015,5,29.44,0.0,0.85,Watch,El Nino
142779.0,Reef Manta Ray,Vulnerable,-8.8068,115.5601,2015,5,29.44,0.0,0.85,Watch,El Nino
142779.0,Reef Manta Ray,Vulnerable,-8.8032,115.527,2015,5,29.44,0.0,0.85,Watch,El Nino
142779.0,Reef Manta Ray,Vulnerable,-8.7936,115.506,2015,5,29.44,0.0,0.85,Watch,El Nino
142779.0,Reef Manta Ray,Vulnerable,-8.802200000000001,115.5069,2015,5,29.44,0.0,0.85,Watch,El Nino
142779.0,Reef Manta Ray,Vulnerable,-8.802800000000001,115.5158,2015,5,29.44,0.0,0.85,Watch,El Nino
142779.0,Reef Manta Ray,Vulnerable,-8.8058,115.5575,2015,5,29.44,0.0,0.85,Watch,El Nino
142779.0,Reef Manta Ray,Vulnerable,-8.8137,115.566,2015,5,29.44,0.0,0.85,Watch,El Nino
142779.0,Reef Manta Ray,Vulnerable,-8.7784,115.4984,2015,5,29.44,0.0,0.85,Watch,El Nino
142779.0,Reef Manta Ray,Vulnerable,-8.7927,115.5229,2015,5,29.44,0.0,0.85,Watch,El Nino
142779.0,Reef Manta Ray,Vulnerable,-8.8038,115.5253,2015,5,29.44,0.0,0.85,Watch,El Nino
142779.0,Reef Manta Ray,Vulnerable,-8.8153,115.56970000000001,2015,5,29.44,0.0,0.85,Watch,El Nino
142779.0,Reef Manta Ray,Vulnerable,-8.8145,115.5725,2015,5,29.44,0.0,0.85,Watch,El Nino
142779.0,Reef Manta Ray,Vulnerable,-8.803600000000001,115.5253,2015,5,29.44,0.0,0.85,Watch,El Nino
142779.0,Reef Manta Ray,Vulnerable,-8.8138,115.547,2015,6,27.13,0.0,0.30000000000000004,No Stress,El Nino
142779.0,Reef Manta Ray,Vulnerable,-8.801400000000001,115.5228,2015,6,27.13,0.0,0.30000000000000004,No Stress,El Nino
142780.0,Reef Manta Ray,Vulnerable,-0.5583,130.5378,2015,1,null,null,null,null,Neutral
142780.0,Reef Manta Ray,Vulnerable,-0.5641,130.5475,2015,1,null,null,null,null,Neutral
142780.0,Reef Manta Ray,Vulnerable,-0.5462,130.57080000000002,2015,1,null,null,null,null,Neutral
142780.0,Reef Manta Ray,Vulnerable,-0.5592,130.5517,2015,1,null,null,null,null,Neutral
142780.0,Reef Manta Ray,Vulnerable,-0.5552,130.5317,2015,1,null,null,null,null,Neutral
142780.0,Reef Manta Ray,Vulnerable,-0.6893,130.72480000000002,2015,1,null,null,null,null,Neutral
142780.0,Reef Manta Ray,Vulnerable,-0.5278,130.68630000000002,2015,1,null,null,null,null,Neutral
142780.0,Reef Manta Ray,Vulnerable,-0.5283,130.6612,2015,1,null,null,null,null,Neutral
142780.0,Reef Manta Ray,Vulnerable,-0.6806,130.7278,2015,1,null,null,null,null,Neutral
142780.0,Reef Manta Ray,Vulnerable,-0.6879000000000001,130.72820000000002,2015,1,null,null,null,null,Neutral
142780.0,Reef Manta Ray,Vulnerable,-0.5263,130.6616,2015,1,null,null,null,null,Neutral
142780.0,Reef Manta Ray,Vulnerable,-0.6906,130.71280000000002,2015,1,null,null,null,null,Neutral
142780.0,Reef Manta Ray,Vulnerable,-0.6871,130.7247,2015,1,null,null,null,null,Neutral
142780.0,Reef Manta Ray,Vulnerable,-0.6129,130.54770000000002,2015,1,null,null,null,null,Neutral
142780.0,Reef Manta Ray,Vulnerable,-0.5266000000000001,130.6695,2015,1,null,null,null,null,Neutral
142780.0,Reef Manta Ray,Vulnerable,-0.5802,130.5418,2015,1,null,null,null,null,Neutral
142780.0,Reef Manta Ray,Vulnerable,-0.6867000000000001,130.7251,2015,1,null,null,null,null,Neutral
142780.0,Reef Manta Ray,Vulnerable,-0.5588000000000001,130.5521,2015,1,null,null,null,null,Neutral
142780.0,Reef Manta Ray,Vulnerable,-0.5626,130.5475,2015,1,null,null,null,null,Neutral
142780.0,Reef Manta Ray,Vulnerable,-0.5633,130.5513,2015,1,null,null,null,null,Neutral
142780.0,Reef Manta Ray,Vulnerable,-0.5638000000000001,130.5095,2015,1,null,null,null,null,Neutral
142780.0,Reef Manta Ray,Vulnerable,-0.5603,130.5572,2015,1,null,null,null,null,Neutral
142780.0,Reef Manta Ray,Vulnerable,-0.5632,130.5567,2015,1,null,null,null,null,Neutral
142780.0,Reef Manta Ray,Vulnerable,-0.5469,130.5752,2015,1,null,null,null,null,Neutral
142780.0,Reef Manta Ray,Vulnerable,-0.5394,130.5619,2015,1,null,null,null,null,Neutral
142780.0,Reef Manta Ray,Vulnerable,-0.5720000000000001,130.5405,2015,1,null,null,null,null,Neutral
142780.0,Reef Manta Ray,Vulnerable,-0.5615,130.5551,2015,1,null,null,null,null,Neutral
142780.0,Reef Manta Ray,Vulnerable,-0.5506,130.5603,2015,1,null,null,null,null,Neutral
142780.0,Reef Manta Ray,Vulnerable,-0.562,130.554,2015,1,null,null,null,null,Neutral
142780.0,Reef Manta Ray,Vulnerable,-0.5624,130.5402,2015,1,null,null,null,null,Neutral
142780.0,Reef Manta Ray,Vulnerable,-0.5666,130.52710000000002,2015,1,null,null,null,null,Neutral
142780.0,Reef Manta Ray,Vulnerable,-0.5711,130.5311,2015,2,null,null,null,null,Neutral
142780.0,Reef Manta Ray,Vulnerable,-0.5618000000000001,130.5542,2015,2,null,null,null,null,Neutral
142780.0,Reef Manta Ray,Vulnerable,-0.5666,130.5094,2015,2,null,null,null,null,Neutral
142780.0,Reef Manta Ray,Vulnerable,-0.5670000000000001,130.5307,2015,2,null,null,null,null,Neutral
142780.0,Reef Manta Ray,Vulnerable,-0.5706,130.529,2015,2,null,null,null,null,Neutral
142780.0,Reef Manta Ray,Vulnerable,-0.5640000000000001,130.5572,2015,2,null,null,null,null,Neutral
142780.0,Reef Manta Ray,Vulnerable,-0.7257,130.6459,2015,2,null,null,null,null,Neutral
142780.0,Reef Manta Ray,Vulnerable,-0.7244,130.6622,2015,2,null,null,null,null,Neutral
142780.0,Reef Manta Ray,Vulnerable,-0.5431,130.54680000000002,2015,2,null,null,null,null,Neutral
142780.0,Reef Manta Ray,Vulnerable,-0.6922,130.7202,2015,2,null,null,null,null,Neutral
142780.0,Reef Manta Ray,Vulnerable,-0.6825,130.7159,2015,2,null,null,null,null,Neutral
142780.0,Reef Manta Ray,Vulnerable,-0.6874,130.7143,2015,2,null,null,null,null,Neutral
142780.0,Reef Manta Ray,Vulnerable,-0.7985,130.7063,2015,2,null,null,null,null,Neutral
142780.0,Reef Manta Ray,Vulnerable,-0.5656,130.5549,2015,2,null,null,null,null,Neutral
142780.0,Reef Manta Ray,Vulnerable,-0.5599000000000001,130.53910000000002,2015,2,null,null,null,null,Neutral
142780.0,Reef Manta Ray,Vulnerable,-0.5674,130.532,2015,2,null,null,null,null,Neutral
142780.0,Reef Manta Ray,Vulnerable,-0.7024,130.7143,2015,2,null,null,null,null,Neutral
142780.0,Reef Manta Ray,Vulnerable,-0.5967,130.5148,2015,2,null,null,null,null,Neutral
142780.0,Reef Manta Ray,Vulnerable,-0.5636,130.5491,2015,2,null,null,null,null,Neutral
142780.0,Reef Manta Ray,Vulnerable,-0.5544,130.53,2015,2,null,null,null,null,Neutral
142780.0,Reef Manta Ray,Vulnerable,-0.5668000000000001,130.5294,2015,2,null,null,null,null,Neutral
142780.0,Reef Manta Ray,Vulnerable,-0.5577,130.5548,2015,2,null,null,null,null,Neutral
142780.0,Reef Manta Ray,Vulnerable,-0.5561,130.5017,2015,2,null,null,null,null,Neutral
142780.0,Reef Manta Ray,Vulnerable,-0.5621,130.5564,2015,2,null,null,null,null,Neutral
142780.0,Reef Manta Ray,Vulnerable,-0.5443,130.5419,2015,2,null,null,null,null,Neutral
142780.0,Reef Manta Ray,Vulnerable,-0.5423,130.5466,2015,2,null,null,null,null,Neutral
142780.0,Reef Manta Ray,Vulnerable,-0.5423,130.5453,2015,2,null,null,null,null,Neutral
142780.0,Reef Manta Ray,Vulnerable,-0.5588000000000001,130.55100000000002,2015,2,null,null,null,null,Neutral
142780.0,Reef Manta Ray,Vulnerable,-0.7192000000000001,130.69480000000001,2015,2,null,null,null,null,Neutral
142780.0,Reef Manta Ray,Vulnerable,-0.5425,130.55020000000002,2015,2,null,null,null,null,Neutral
142780.0,Reef Manta Ray,Vulnerable,-0.5689000000000001,130.5064,2015,2,null,null,null,null,Neutral
142780.0,Reef Manta Ray,Vulnerable,-0.5639000000000001,130.55780000000001,2015,2,null,null,null,null,Neutral
142780.0,Reef Manta Ray,Vulnerable,-0.5442,130.54590000000002,2015,2,null,null,null,null,Neutral
142780.0,Reef Manta Ray,Vulnerable,-0.5315,130.5246,2015,2,null,null,null,null,Neutral
142780.0,Reef Manta Ray,Vulnerable,-0.5373,130.555,2015,2,null,null,null,null,Neutral
142780.0,Reef Manta Ray,Vulnerable,-0.5422,130.5466,2015,2,null,null,null,null,Neutral
142780.0,Reef Manta Ray,Vulnerable,-0.5459,130.5419,2015,2,null,null,null,null,Neutral
142780.0,Reef Manta Ray,Vulnerable,-0.6807000000000001,130.72220000000002,2015,2,null,null,null,null,Neutral
142780.0,Reef Manta Ray,Vulnerable,-0.5601,130.53910000000002,2015,2,null,null,null,null,Neutral
142780.0,Reef Manta Ray,Vulnerable,-0.5628000000000001,130.56,2015,2,null,null,null,null,Neutral
142780.0,Reef Manta Ray,Vulnerable,-0.5629000000000001,130.5461,2015,2,null,null,null,null,Neutral
142780.0,Reef Manta Ray,Vulnerable,-0.5616,130.5491,2015,2,null,null,null,null,Neutral
142780.0,Reef Manta Ray,Vulnerable,-0.6122000000000001,130.5696,2015,2,null,null,null,null,Neutral
142780.0,Reef Manta Ray,Vulnerable,-0.5612,130.5568,2015,2,null,null,null,null,Neutral
142780.0,Reef Manta Ray,Vulnerable,-0.5597,130.5359,2015,2,null,null,null,null,Neutral
142780.0,Reef Manta Ray,Vulnerable,-0.5568000000000001,130.5317,2015,2,null,null,null,null,Neutral
142780.0,Reef Manta Ray,Vulnerable,-0.5680000000000001,130.5246,2015,2,null,null,null,null,Neutral
142780.0,Reef Manta Ray,Vulnerable,-0.6846,130.7165,2015,2,null,null,null,null,Neutral
142780.0,Reef Manta Ray,Vulnerable,-0.5414,130.5471,2015,2,null,null,null,null,Neutral
142780.0,Reef Manta Ray,Vulnerable,-0.556,130.5513,2015,2,null,null,null,null,Neutral
142780.0,Reef Manta Ray,Vulnerable,-0.6567000000000001,130.2663,2015,2,null,null,null,null,Neutral
142780.0,Reef Manta Ray,Vulnerable,-0.5406000000000001,130.5481,2015,2,null,null,null,null,Neutral
142780.0,Reef Manta Ray,Vulnerable,-0.6962,130.2585,2015,2,null,null,null,null,Neutral
142780.0,Reef Manta Ray,Vulnerable,-0.6469,130.49370000000002,2015,2,null,null,null,null,Neutral
142780.0,Reef Manta Ray,Vulnerable,-0.5609000000000001,130.5509,2015,2,null,null,null,null,Neutral
142780.0,Reef Manta Ray,Vulnerable,-0.5634,130.54850000000002,2015,2,null,null,null,null,Neutral
142780.0,Reef Manta Ray,Vulnerable,-0.685,130.7246,2015,2,null,null,null,null,Neutral
142780.0,Reef Manta Ray,Vulnerable,-0.6852,130.7216,2015,2,null,null,null,null,Neutral
142780.0,Reef Manta Ray,Vulnerable,-0.5625,130.5574,2015,2,null,null,null,null,Neutral
142780.0,Reef Manta Ray,Vulnerable,-0.5446,130.5437,2015,2,null,null,null,null,Neutral
142780.0,Reef Manta Ray,Vulnerable,-0.5609000000000001,130.55530000000002,2015,2,null,null,null,null,Neutral
142780.0,Reef Manta Ray,Vulnerable,-0.549,130.5316,2015,2,null,null,null,null,Neutral
142780.0,Reef Manta Ray,Vulnerable,-0.5445,130.5446,2015,2,null,null,null,null,Neutral
142780.0,Reef Manta Ray,Vulnerable,-0.5714,130.5147,2015,2,null,null,null,null,Neutral
142780.0,Reef Manta Ray,Vulnerable,-0.5617,130.5537,2015,2,null,null,null,null,Neutral
142780.0,Reef Manta Ray,Vulnerable,-0.5616,130.5516,2015,2,null,null,null,null,Neutral
142780.0,Reef Manta Ray,Vulnerable,-0.5615,130.5546,2015,2,null,null,null,null,Neutral
142780.0,Reef Manta Ray,Vulnerable,-0.5644,130.5525,2015,2,null,null,null,null,Neutral
142780.0,Reef Manta Ray,Vulnerable,-0.683,130.7184,2015,2,null,null,null,null,Neutral
142780.0,Reef Manta Ray,Vulnerable,-0.6981,130.2558,2015,2,null,null,null,null,Neutral
142780.0,Reef Manta Ray,Vulnerable,-0.5533,130.5289,2015,2,null,null,null,null,Neutral
142780.0,Reef Manta Ray,Vulnerable,-0.538,130.548,2015,2,null,null,null,null,Neutral
142780.0,Reef Manta Ray,Vulnerable,-0.7716000000000001,130.822,2015,3,null,null,null,null,Neutral
142780.0,Reef Manta Ray,Vulnerable,-0.7461,130.8084,2015,3,null,null,null,null,Neutral
142780.0,Reef Manta Ray,Vulnerable,-0.681,130.73250000000002,2015,3,null,null,null,null,Neutral
142780.0,Reef Manta Ray,Vulnerable,-0.7564000000000001,130.8174,2015,3,null,null,null,null,Neutral
142780.0,Reef Manta Ray,Vulnerable,-0.5653,130.55110000000002,2015,3,null,null,null,null,Neutral
142780.0,Reef Manta Ray,Vulnerable,-0.5401,130.54760000000002,2015,3,null,null,null,null,Neutral
142780.0,Reef Manta Ray,Vulnerable,-0.5674,130.52540000000002,2015,3,null,null,null,null,Neutral
142780.0,Reef Manta Ray,Vulnerable,-0.5608000000000001,130.5543,2015,3,null,null,null,null,Neutral
142780.0,Reef Manta Ray,Vulnerable,-0.5784,130.5307,2015,3,null,null,null,null,Neutral
142780.0,Reef Manta Ray,Vulnerable,-0.5676,130.5359,2015,3,null,null,null,null,Neutral
142780.0,Reef Manta Ray,Vulnerable,-0.5614,130.5397,2015,3,null,null,null,null,Neutral
142780.0,Reef Manta Ray,Vulnerable,-0.5623,130.53990000000002,2015,3,null,null,null,null,Neutral
142780.0,Reef Manta Ray,Vulnerable,-0.5547000000000001,130.5329,2015,3,null,null,null,null,Neutral
142780.0,Reef Manta Ray,Vulnerable,-0.5578000000000001,130.5517,2015,3,null,null,null,null,Neutral
142780.0,Reef Manta Ray,Vulnerable,-0.5832,130.5423,2015,3,null,null,null,null,Neutral
142780.0,Reef Manta Ray,Vulnerable,-0.5535,130.5306,2015,3,null,null,null,null,Neutral
142780.0,Reef Manta Ray,Vulnerable,-0.5788,130.5355,2015,3,null,null,null,null,Neutral
142780.0,Reef Manta Ray,Vulnerable,-0.5575,130.5216,2015,3,null,null,null,null,Neutral
142780.0,Reef Manta Ray,Vulnerable,-0.5623,130.5576,2015,3,null,null,null,null,Neutral
142780.0,Reef Manta Ray,Vulnerable,-0.5611,130.5512,2015,3,null,null,null,null,Neutral
142780.0,Reef Manta Ray,Vulnerable,-0.5732,130.5421,2015,3,null,null,null,null,Neutral
142780.0,Reef Manta Ray,Vulnerable,-0.5625,130.5542,2015,3,null,null,null,null,Neutral
142780.0,Reef Manta Ray,Vulnerable,-0.5630000000000001,130.5563,2015,3,null,null,null,null,Neutral
142780.0,Reef Manta Ray,Vulnerable,-0.5722,130.55020000000002,2015,3,null,null,null,null,Neutral
142780.0,Reef Manta Ray,Vulnerable,-0.5614,130.559,2015,3,null,null,null,null,Neutral
142780.0,Reef Manta Ray,Vulnerable,-0.5807,130.5358,2015,3,null,null,null,null,Neutral
142780.0,Reef Manta Ray,Vulnerable,-0.5408000000000001,130.55450000000002,2015,3,null,null,null,null,Neutral
142780.0,Reef Manta Ray,Vulnerable,-0.561,130.548,2015,3,null,null,null,null,Neutral
142780.0,Reef Manta Ray,Vulnerable,-0.5615,130.5512,2015,3,null,null,null,null,Neutral
142780.0,Reef Manta Ray,Vulnerable,-0.5755,130.5428,2015,3,null,null,null,null,Neutral
142780.0,Reef Manta Ray,Vulnerable,-0.5624,130.5559,2015,3,null,null,null,null,Neutral
142780.0,Reef Manta Ray,Vulnerable,-0.5754,130.53480000000002,2015,3,null,null,null,null,Neutral
142780.0,Reef Manta Ray,Vulnerable,-0.5602,130.5531,2015,3,null,null,null,null,Neutral
142780.0,Reef Manta Ray,Vulnerable,-0.5609000000000001,130.53810000000001,2015,3,null,null,null,null,Neutral
142780.0,Reef Manta Ray,Vulnerable,-0.5942000000000001,130.602,2015,3,null,null,null,null,Neutral
142780.0,Reef Manta Ray,Vulnerable,-0.6900000000000001,130.7225,2015,3,null,null,null,null,Neutral
142780.0,Reef Manta Ray,Vulnerable,-0.6891,130.72560000000001,2015,3,null,null,null,null,Neutral
142780.0,Reef Manta Ray,Vulnerable,-0.6683,130.5987,2015,3,null,null,null,null,Neutral
142780.0,Reef Manta Ray,Vulnerable,-0.6941,130.7254,2015,3,null,null,null,null,Neutral
142780.0,Reef Manta Ray,Vulnerable,-0.6623,130.5814,2015,3,null,null,null,null,Neutral
142780.0,Reef Manta Ray,Vulnerable,-0.6966,130.7235,2015,3,null,null,null,null,Neutral
142780.0,Reef Manta Ray,Vulnerable,-0.6911,130.7268,2015,3,null,null,null,null,Neutral
142780.0,Reef Manta Ray,Vulnerable,-0.7408,130.6445,2015,3,null,null,null,null,Neutral
142780.0,Reef Manta Ray,Vulnerable,-0.707,130.73090000000002,2015,3,null,null,null,null,Neutral
142780.0,Reef Manta Ray,Vulnerable,-0.7331000000000001,130.77020000000002,2015,3,null,null,null,null,Neutral
142780.0,Reef Manta Ray,Vulnerable,-0.6923,130.71880000000002,2015,3,null,null,null,null,Neutral
142780.0,Reef Manta Ray,Vulnerable,-0.6605000000000001,130.5523,2015,3,null,null,null,null,Neutral
142780.0,Reef Manta Ray,Vulnerable,-0.728,130.6617,2015,3,null,null,null,null,Neutral
142780.0,Reef Manta Ray,Vulnerable,-0.6967,130.7148,2015,3,null,null,null,null,Neutral
142780.0,Reef Manta Ray,Vulnerable,-0.6967,130.7218,2015,3,null,null,null,null,Neutral
142780.0,Reef Manta Ray,Vulnerable,-0.659,130.56130000000002,2015,3,null,null,null,null,Neutral
142780.0,Reef Manta Ray,Vulnerable,-0.5861000000000001,130.5449,2015,3,null,null,null,null,Neutral
142780.0,Reef Manta Ray,Vulnerable,-0.5838,130.5315,2015,3,null,null,null,null,Neutral
142780.0,Reef Manta Ray,Vulnerable,-0.5616,130.5581,2015,3,null,null,null,null,Neutral
142780.0,Reef Manta Ray,Vulnerable,-0.562,130.5523,2015,3,null,null,null,null,Neutral
142780.0,Reef Manta Ray,Vulnerable,-0.6953,130.7255,2015,4,null,null,null,null,Neutral
142780.0,Reef Manta Ray,Vulnerable,-0.6278,130.6194,2015,4,null,null,null,null,Neutral
142780.0,Reef Manta Ray,Vulnerable,-0.7142000000000001,130.6813,2015,4,null,null,null,null,Neutral
142780.0,Reef Manta Ray,Vulnerable,-0.7019000000000001,130.71460000000002,2015,4,null,null,null,null,Neutral
142780.0,Reef Manta Ray,Vulnerable,-0.7267,130.66070000000002,2015,4,null,null,null,null,Neutral
142780.0,Reef Manta Ray,Vulnerable,-0.7264,130.6633,2015,4,null,null,null,null,Neutral
142780.0,Reef Manta Ray,Vulnerable,-0.784,130.607,2015,4,null,null,null,null,Neutral
142780.0,Reef Manta Ray,Vulnerable,-0.7278,130.6291,2015,4,null,null,null,null,Neutral
142780.0,Reef Manta Ray,Vulnerable,-0.7261000000000001,130.6576,2015,4,null,null,null,null,Neutral
142780.0,Reef Manta Ray,Vulnerable,-0.6872,130.7168,2015,4,null,null,null,null,Neutral
142780.0,Reef Manta Ray,Vulnerable,-0.7322000000000001,130.63320000000002,2015,4,null,null,null,null,Neutral
142780.0,Reef Manta Ray,Vulnerable,-0.7255,130.6639,2015,4,null,null,null,null,Neutral
142780.0,Reef Manta Ray,Vulnerable,-0.7245,130.6619,2015,4,null,null,null,null,Neutral
142780.0,Reef Manta Ray,Vulnerable,-0.7833,130.6052,2015,4,null,null,null,null,Neutral
142780.0,Reef Manta Ray,Vulnerable,-0.7202000000000001,130.67260000000002,2015,4,null,null,null,null,Neutral
142780.0,Reef Manta Ray,Vulnerable,-0.5616,130.5405,2015,5,null,null,null,null,El Nino
142780.0,Reef Manta Ray,Vulnerable,-0.7117,130.4221,2015,5,null,null,null,null,El Nino
142780.0,Reef Manta Ray,Vulnerable,-0.7093,130.43200000000002,2015,5,null,null,null,null,El Nino
142780.0,Reef Manta Ray,Vulnerable,-0.7044,130.511,2015,5,null,null,null,null,El Nino
149141.0,Reef Manta Ray,Vulnerable,-2.1503,130.6925,2015,6,null,null,null,null,El Nino
149141.0,Reef Manta Ray,Vulnerable,-2.1061,130.6802,2015,6,null,null,null,null,El Nino
149141.0,Reef Manta Ray,Vulnerable,-2.1122,130.7261,2015,6,null,null,null,null,El Nino
149141.0,Reef Manta Ray,Vulnerable,-2.1382000000000003,130.68280000000001,2015,6,null,null,null,null,El Nino
149141.0,Reef Manta Ray,Vulnerable,-2.0454,131.05700000000002,2015,6,28.0329,0.0,null,null,El Nino
149141.0,Reef Manta Ray,Vulnerable,-2.0827,131.20770000000002,2015,6,28.0329,0.0,null,null,El Nino
149141.0,Reef Manta Ray,Vulnerable,-2.0158,131.1553,2015,6,28.0329,0.0,null,null,El Nino
149141.0,Reef Manta Ray,Vulnerable,-2.1816,130.6916,2015,6,null,null,null,null,El Nino
149141.0,Reef Manta Ray,Vulnerable,-2.1937,131.207,2015,6,28.0329,0.0,null,null,El Nino
149141.0,Reef Manta Ray,Vulnerable,-2.1533,131.0037,2015,6,28.0329,0.0,null,null,El Nino
149141.0,Reef Manta Ray,Vulnerable,-2.1631,131.1357,2015,6,28.0329,0.0,null,null,El Nino
149141.0,Reef Manta Ray,Vulnerable,-2.0827,131.08180000000002,2015,6,28.0329,0.0,null,null,El Nino
149141.0,Reef Manta Ray,Vulnerable,-2.0829,131.0515,2015,6,28.0329,0.0,null,null,El Nino
149141.0,Reef Manta Ray,Vulnerable,-2.1085000000000003,131.0711,2015,6,28.0329,0.0,null,null,El Nino
149141.0,Reef Manta Ray,Vulnerable,-2.019,131.0016,2015,6,28.0329,0.0,null,null,El Nino
149141.0,Reef Manta Ray,Vulnerable,-2.0858000000000003,131.0435,2015,6,28.0329,0.0,null,null,El Nino
149141.0,Reef Manta Ray,Vulnerable,-2.0228,131.1176,2015,6,28.0329,0.0,null,null,El Nino
149141.0,Reef Manta Ray,Vulnerable,-2.1872000000000003,131.1725,2015,6,28.0329,0.0,null,null,El Nino
149141.0,Reef Manta Ray,Vulnerable,-2.1786000000000003,131.1765,2015,6,28.0329,0.0,null,null,El Nino
149141.0,Reef Manta Ray,Vulnerable,-2.1801,131.189,2015,6,28.0329,0.0,null,null,El Nino
149141.0,Reef Manta Ray,Vulnerable,-2.1162,131.03810000000001,2015,6,28.0329,0.0,null,null,El Nino
149141.0,Reef Manta Ray,Vulnerable,-2.1721,131.1686,2015,6,28.0329,0.0,null,null,El Nino
149141.0,Reef Manta Ray,Vulnerable,-2.0652,131.0694,2015,6,28.0329,0.0,null,null,El Nino
149141.0,Reef Manta Ray,Vulnerable,-2.108,131.2151,2015,6,28.0329,0.0,null,null,El Nino
149141.0,Reef Manta Ray,Vulnerable,-2.0951,131.0618,2015,6,28.0329,0.0,null,null,El Nino
149141.0,Reef Manta Ray,Vulnerable,-2.0691,131.10250000000002,2015,6,28.0329,0.0,null,null,El Nino
149141.0,Reef Manta Ray,Vulnerable,-2.1209000000000002,131.1148,2015,6,28.0329,0.0,null,null,El Nino
149141.0,Reef Manta Ray,Vulnerable,-2.0871,131.1433,2015,6,28.0329,0.0,null,null,El Nino
149141.0,Reef Manta Ray,Vulnerable,-2.1396,131.2122,2015,6,28.0329,0.0,null,null,El Nino
149141.0,Reef Manta Ray,Vulnerable,-1.9562000000000002,131.0668,2015,6,28.0329,0.0,null,null,El Nino
149141.0,Reef Manta Ray,Vulnerable,-2.0257,131.0372,2015,6,28.0329,0.0,null,null,El Nino
149141.0,Reef Manta Ray,Vulnerable,-2.0578000000000003,131.1211,2015,6,28.0329,0.0,null,null,El Nino
149141.0,Reef Manta Ray,Vulnerable,-2.1551,131.03560000000002,2015,6,28.0329,0.0,null,null,El Nino
149141.0,Reef Manta Ray,Vulnerable,-1.9563000000000001,131.0958,2015,6,28.0329,0.0,null,null,El Nino
149141.0,Reef Manta Ray,Vulnerable,-2.0662000000000003,131.1578,2015,6,28.0329,0.0,null,null,El Nino
149141.0,Reef Manta Ray,Vulnerable,-1.9864000000000002,131.1517,2015,6,28.0329,0.0,null,null,El Nino
149141.0,Reef Manta Ray,Vulnerable,-2.1409000000000002,131.025,2015,6,28.0329,0.0,null,null,El Nino
149141.0,Reef Manta Ray,Vulnerable,-2.0205,131.16750000000002,2015,6,28.0329,0.0,null,null,El Nino
149141.0,Reef Manta Ray,Vulnerable,-2.1047000000000002,131.08780000000002,2015,6,28.0329,0.0,null,null,El Nino
149141.0,Reef Manta Ray,Vulnerable,-1.9697,131.0662,2015,6,28.0329,0.0,null,null,El Nino
149141.0,Reef Manta Ray,Vulnerable,-1.9854,131.1094,2015,6,28.0329,0.0,null,null,El Nino
149141.0,Reef Manta Ray,Vulnerable,-2.1483000000000003,131.09720000000002,2015,6,28.0329,0.0,null,null,El Nino
149141.0,Reef Manta Ray,Vulnerable,-2.6654,131.97060000000002,2015,6,null,null,null,null,El Nino
149141.0,Reef Manta Ray,Vulnerable,-2.7789,131.9832,2015,6,null,null,null,null,El Nino
149141.0,Reef Manta Ray,Vulnerable,-2.6361000000000003,132.0706,2015,6,null,null,null,null,El Nino
149141.0,Reef Manta Ray,Vulnerable,-2.7394000000000003,131.9522,2015,6,null,null,null,null,El Nino
149141.0,Reef Manta Ray,Vulnerable,-2.7066000000000003,131.957,2015,6,null,null,null,null,El Nino
149141.0,Reef Manta Ray,Vulnerable,-2.6419,132.081,2015,6,null,null,null,null,El Nino
149141.0,Reef Manta Ray,Vulnerable,-2.6202,132.0644,2015,6,null,null,null,null,El Nino
149141.0,Reef Manta Ray,Vulnerable,-2.6265,132.0755,2015,6,null,null,null,null,El Nino
149141.0,Reef Manta Ray,Vulnerable,-2.6398,132.0953,2015,6,null,null,null,null,El Nino
149141.0,Reef Manta Ray,Vulnerable,-2.6263,132.1188,2015,6,null,null,null,null,El Nino
149141.0,Reef Manta Ray,Vulnerable,-2.6113,132.1261,2015,6,null,null,null,null,El Nino
149141.0,Reef Manta Ray,Vulnerable,-2.6169000000000002,132.0422,2015,6,null,null,null,null,El Nino
149141.0,Reef Manta Ray,Vulnerable,-2.654,132.081,2015,6,null,null,null,null,El Nino
149141.0,Reef Manta Ray,Vulnerable,-2.8122000000000003,131.95850000000002,2015,6,null,null,null,null,El Nino
149141.0,Reef Manta Ray,Vulnerable,-2.8227,131.9741,2015,6,null,null,null,null,El Nino
149141.0,Reef Manta Ray,Vulnerable,-2.1822,130.7502,2015,6,null,null,null,null,El Nino
149141.0,Reef Manta Ray,Vulnerable,-2.2413000000000003,130.65470000000002,2015,6,null,null,null,null,El Nino
149141.0,Reef Manta Ray,Vulnerable,-2.2593,130.64780000000002,2015,6,null,null,null,null,El Nino
149141.0,Reef Manta Ray,Vulnerable,-2.0712,131.0894,2015,6,28.0329,0.0,null,null,El Nino
149141.0,Reef Manta Ray,Vulnerable,-2.0484,131.15370000000001,2015,6,28.0329,0.0,null,null,El Nino
149141.0,Reef Manta Ray,Vulnerable,-2.0839000000000003,131.11090000000002,2015,6,28.0329,0.0,null,null,El Nino
149141.0,Reef Manta Ray,Vulnerable,-2.1491000000000002,131.0343,2015,6,28.0329,0.0,null,null,El Nino
149141.0,Reef Manta Ray,Vulnerable,-2.0712,131.04840000000002,2015,6,28.0329,0.0,null,null,El Nino
149141.0,Reef Manta Ray,Vulnerable,-2.1831,131.2355,2015,6,null,null,null,null,El Nino
149141.0,Reef Manta Ray,Vulnerable,-2.2028000000000003,131.2209,2015,6,null,null,null,null,El Nino
149141.0,Reef Manta Ray,Vulnerable,-2.2127,131.27540000000002,2015,6,null,null,null,null,El Nino
149141.0,Reef Manta Ray,Vulnerable,-2.1804,131.2704,2015,6,null,null,null,null,El Nino
149141.0,Reef Manta Ray,Vulnerable,-2.1637,130.699,2015,6,null,null,null,null,El Nino
149141.0,Reef Manta Ray,Vulnerable,-2.0919000000000003,130.7178,2015,6,null,null,null,null,El Nino
149141.0,Reef Manta Ray,Vulnerable,-2.1218,130.7142,2015,6,null,null,null,null,El Nino
149141.0,Reef Manta Ray,Vulnerable,-2.6122,131.8376,2015,7,null,null,null,null,El Nino
149141.0,Reef Manta Ray,Vulnerable,-2.6073,131.90460000000002,2015,7,null,null,null,null,El Nino
149141.0,Reef Manta Ray,Vulnerable,-2.4178,131.8124,2015,7,null,null,null,null,El Nino
149141.0,Reef Manta Ray,Vulnerable,-2.6054,131.82330000000002,2015,7,null,null,null,null,El Nino
149141.0,Reef Manta Ray,Vulnerable,-2.446,131.913,2015,7,null,null,null,null,El Nino
149141.0,Reef Manta Ray,Vulnerable,-2.4961,131.8458,2015,7,null,null,null,null,El Nino
149141.0,Reef Manta Ray,Vulnerable,-2.5259,131.8863,2015,7,null,null,null,null,El Nino
149141.0,Reef Manta Ray,Vulnerable,-2.5793,131.8442,2015,7,null,null,null,null,El Nino
149141.0,Reef Manta Ray,Vulnerable,-2.5153000000000003,131.8528,2015,7,null,null,null,null,El Nino
149141.0,Reef Manta Ray,Vulnerable,-2.6589,131.91060000000002,2015,7,null,null,null,null,El Nino
149141.0,Reef Manta Ray,Vulnerable,-2.5202,131.8448,2015,7,null,null,null,null,El Nino
149141.0,Reef Manta Ray,Vulnerable,-2.5631,131.8731,2015,7,null,null,null,null,El Nino
149141.0,Reef Manta Ray,Vulnerable,-2.6985,131.8334,2015,7,null,null,null,null,El Nino
149141.0,Reef Manta Ray,Vulnerable,-2.4449,131.9761,2015,7,null,null,null,null,El Nino
149141.0,Reef Manta Ray,Vulnerable,-2.5455,131.8994,2015,7,null,null,null,null,El Nino
149141.0,Reef Manta Ray,Vulnerable,-2.5333,131.8514,2015,7,null,null,null,null,El Nino
149141.0,Reef Manta Ray,Vulnerable,-2.5947,131.9113,2015,7,null,null,null,null,El Nino
149141.0,Reef Manta Ray,Vulnerable,-2.5902000000000003,131.91570000000002,2015,7,null,null,null,null,El Nino
149141.0,Reef Manta Ray,Vulnerable,-2.4723,131.8492,2015,7,null,null,null,null,El Nino
149141.0,Reef Manta Ray,Vulnerable,-2.4724,131.9083,2015,7,null,null,null,null,El Nino
149141.0,Reef Manta Ray,Vulnerable,-2.5506,131.8788,2015,7,null,null,null,null,El Nino
149141.0,Reef Manta Ray,Vulnerable,-2.5641000000000003,131.8931,2015,7,null,null,null,null,El Nino
149141.0,Reef Manta Ray,Vulnerable,-2.5894,131.90210000000002,2015,7,null,null,null,null,El Nino
149141.0,Reef Manta Ray,Vulnerable,-2.5408,131.9163,2015,7,null,null,null,null,El Nino
149141.0,Reef Manta Ray,Vulnerable,-2.6211,131.9403,2015,7,null,null,null,null,El Nino
149141.0,Reef Manta Ray,Vulnerable,-2.628,131.9349,2015,7,null,null,null,null,El Nino
149141.0,Reef Manta Ray,Vulnerable,-2.7984,131.97990000000001,2015,7,null,null,null,null,El Nino
149141.0,Reef Manta Ray,Vulnerable,-2.5911,131.8941,2015,7,null,null,null,null,El Nino
149141.0,Reef Manta Ray,Vulnerable,-2.5357000000000003,131.8371,2015,7,null,null,null,null,El Nino
149141.0,Reef Manta Ray,Vulnerable,-2.5952,131.9138,2015,7,null,null,null,null,El Nino
149141.0,Reef Manta Ray,Vulnerable,-2.737,131.89770000000001,2015,7,null,null,null,null,El Nino
149141.0,Reef Manta Ray,Vulnerable,-2.7711,131.9582,2015,7,null,null,null,null,El Nino
149141.0,Reef Manta Ray,Vulnerable,-2.5262000000000002,131.87800000000001,2015,7,null,null,null,null,El Nino
149141.0,Reef Manta Ray,Vulnerable,-2.6068000000000002,131.91,2015,7,null,null,null,null,El Nino
149141.0,Reef Manta Ray,Vulnerable,-2.724,131.8372,2015,7,null,null,null,null,El Nino
149141.0,Reef Manta Ray,Vulnerable,-2.5335,131.849,2015,7,null,null,null,null,El Nino
149141.0,Reef Manta Ray,Vulnerable,-2.5104,131.83880000000002,2015,7,null,null,null,null,El Nino
149141.0,Reef Manta Ray,Vulnerable,-2.5802,131.8981,2015,7,null,null,null,null,El Nino
149141.0,Reef Manta Ray,Vulnerable,-2.4673000000000003,131.8682,2015,7,null,null,null,null,El Nino
149141.0,Reef Manta Ray,Vulnerable,-2.4842,131.84720000000002,2015,7,null,null,null,null,El Nino
149141.0,Reef Manta Ray,Vulnerable,-2.6641,131.8694,2015,7,null,null,null,null,El Nino
149141.0,Reef Manta Ray,Vulnerable,-2.7689,131.9359,2015,7,null,null,null,null,El Nino
149141.0,Reef Manta Ray,Vulnerable,-2.5006,131.8431,2015,7,null,null,null,null,El Nino
149141.0,Reef Manta Ray,Vulnerable,-2.6129000000000002,131.9341,2015,7,null,null,null,null,El Nino
149141.0,Reef Manta Ray,Vulnerable,-2.8361,131.9088,2015,7,null,null,null,null,El Nino
149141.0,Reef Manta Ray,Vulnerable,-2.5463,131.8495,2015,7,null,null,null,null,El Nino
149141.0,Reef Manta Ray,Vulnerable,-2.8753,131.8912,2015,7,null,null,null,null,El Nino
149141.0,Reef Manta Ray,Vulnerable,-2.7578,131.8414,2015,7,null,null,null,null,El Nino
149141.0,Reef Manta Ray,Vulnerable,-2.8692,131.9472,2015,7,null,null,null,null,El Nino
149141.0,Reef Manta Ray,Vulnerable,-2.7717,131.91230000000002,2015,7,null,null,null,null,El Nino
149141.0,Reef Manta Ray,Vulnerable,-2.7375000000000003,131.85590000000002,2015,7,null,null,null,null,El Nino
149141.0,Reef Manta Ray,Vulnerable,-2.7784,131.9642,2015,7,null,null,null,null,El Nino
149141.0,Reef Manta Ray,Vulnerable,-2.6107,131.8692,2015,7,null,null,null,null,El Nino
149141.0,Reef Manta Ray,Vulnerable,-2.7153,131.82160000000002,2015,7,null,null,null,null,El Nino
149141.0,Reef Manta Ray,Vulnerable,-2.6373,131.8783,2015,7,null,null,null,null,El Nino
149141.0,Reef Manta Ray,Vulnerable,-2.7828,131.9347,2015,7,null,null,null,null,El Nino
149141.0,Reef Manta Ray,Vulnerable,-2.7045000000000003,131.8183,2015,7,null,null,null,null,El Nino
149141.0,Reef Manta Ray,Vulnerable,-2.7014,131.835,2015,7,null,null,null,null,El Nino
149141.0,Reef Manta Ray,Vulnerable,-2.6319,131.8349,2015,7,null,null,null,null,El Nino
149141.0,Reef Manta Ray,Vulnerable,-2.6486,131.8175,2015,7,null,null,null,null,El Nino
149141.0,Reef Manta Ray,Vulnerable,-2.6572,131.8174,2015,7,null,null,null,null,El Nino
149141.0,Reef Manta Ray,Vulnerable,-2.4999000000000002,131.8811,2015,7,null,null,null,null,El Nino
149141.0,Reef Manta Ray,Vulnerable,-2.5094000000000003,131.8565,2015,7,null,null,null,null,El Nino
149141.0,Reef Manta Ray,Vulnerable,-2.7785,131.9769,2015,7,null,null,null,null,El Nino
149141.0,Reef Manta Ray,Vulnerable,-2.6468000000000003,131.8294,2015,7,null,null,null,null,El Nino
149141.0,Reef Manta Ray,Vulnerable,-2.4812000000000003,131.95090000000002,2015,7,null,null,null,null,El Nino
149141.0,Reef Manta Ray,Vulnerable,-2.5628,131.875,2015,7,null,null,null,null,El Nino
149141.0,Reef Manta Ray,Vulnerable,-2.5092000000000003,131.8512,2015,7,null,null,null,null,El Nino
149141.0,Reef Manta Ray,Vulnerable,-2.5235000000000003,131.9002,2015,7,null,null,null,null,El Nino
149141.0,Reef Manta Ray,Vulnerable,-2.8223000000000003,131.9412,2015,7,null,null,null,null,El Nino
149141.0,Reef Manta Ray,Vulnerable,-2.4847,131.8788,2015,7,null,null,null,null,El Nino
149141.0,Reef Manta Ray,Vulnerable,-2.4409,131.9202,2015,7,null,null,null,null,El Nino
149141.0,Reef Manta Ray,Vulnerable,-2.503,131.9104,2015,7,null,null,null,null,El Nino
149141.0,Reef Manta Ray,Vulnerable,-2.5194,131.8932,2015,7,null,null,null,null,El Nino
149141.0,Reef Manta Ray,Vulnerable,-2.4711000000000003,131.84990000000002,2015,7,null,null,null,null,El Nino
149141.0,Reef Manta Ray,Vulnerable,-2.4755000000000003,131.9396,2015,7,null,null,null,null,El Nino
149141.0,Reef Manta Ray,Vulnerable,-2.6509,131.8873,2015,7,null,null,null,null,El Nino
149141.0,Reef Manta Ray,Vulnerable,-2.5692,131.9009,2015,7,null,null,null,null,El Nino
149141.0,Reef Manta Ray,Vulnerable,-2.5352,131.8717,2015,7,null,null,null,null,El Nino
149141.0,Reef Manta Ray,Vulnerable,-2.5382000000000002,131.8637,2015,7,null,null,null,null,El Nino
149141.0,Reef Manta Ray,Vulnerable,-2.4854000000000003,131.7561,2015,7,null,null,null,null,El Nino
149141.0,Reef Manta Ray,Vulnerable,-2.6784000000000003,131.7791,2015,7,null,null,null,null,El Nino
149141.0,Reef Manta Ray,Vulnerable,-2.6192,131.7938,2015,7,null,null,null,null,El Nino
149141.0,Reef Manta Ray,Vulnerable,-2.5722,131.7781,2015,7,null,null,null,null,El Nino
149141.0,Reef Manta Ray,Vulnerable,-2.7007000000000003,131.7827,2015,7,null,null,null,null,El Nino
149141.0,Reef Manta Ray,Vulnerable,-2.5826000000000002,131.7992,2015,7,null,null,null,null,El Nino
149141.0,Reef Manta Ray,Vulnerable,-2.5865,131.8201,2015,7,null,null,null,null,El Nino
149141.0,Reef Manta Ray,Vulnerable,-2.5741,131.812,2015,7,null,null,null,null,El Nino
149141.0,Reef Manta Ray,Vulnerable,-2.5285,131.8269,2015,7,null,null,null,null,El Nino
149141.0,Reef Manta Ray,Vulnerable,-2.5996,131.7686,2015,7,null,null,null,null,El Nino
149141.0,Reef Manta Ray,Vulnerable,-2.5845000000000002,131.80450000000002,2015,7,null,null,null,null,El Nino
149141.0,Reef Manta Ray,Vulnerable,-2.5907,131.7892,2015,7,null,null,null,null,El Nino
149141.0,Reef Manta Ray,Vulnerable,-2.525,131.7961,2015,7,null,null,null,null,El Nino
149141.0,Reef Manta Ray,Vulnerable,-2.5975,131.7887,2015,7,null,null,null,null,El Nino
149141.0,Reef Manta Ray,Vulnerable,-2.6536,131.7679,2015,7,null,null,null,null,El Nino
149141.0,Reef Manta Ray,Vulnerable,-2.5753,131.77370000000002,2015,7,null,null,null,null,El Nino
149141.0,Reef Manta Ray,Vulnerable,-2.532,131.81470000000002,2015,7,null,null,null,null,El Nino
149141.0,Reef Manta Ray,Vulnerable,-2.6444,131.79340000000002,2015,7,null,null,null,null,El Nino
149141.0,Reef Manta Ray,Vulnerable,-2.5698000000000003,131.7987,2015,7,null,null,null,null,El Nino
149141.0,Reef Manta Ray,Vulnerable,-2.648,131.7801,2015,7,null,null,null,null,El Nino
149141.0,Reef Manta Ray,Vulnerable,-2.6796,131.7944,2015,7,null,null,null,null,El Nino
149141.0,Reef Manta Ray,Vulnerable,-2.4045,131.70250000000001,2015,7,null,null,null,null,El Nino
149141.0,Reef Manta Ray,Vulnerable,-2.5281000000000002,131.7948,2015,7,null,null,null,null,El Nino
149141.0,Reef Manta Ray,Vulnerable,-2.5008,131.7919,2015,7,null,null,null,null,El Nino
149141.0,Reef Manta Ray,Vulnerable,-2.6587,131.7992,2015,7,null,null,null,null,El Nino
149141.0,Reef Manta Ray,Vulnerable,-2.5054000000000003,131.7795,2015,7,null,null,null,null,El Nino
149141.0,Reef Manta Ray,Vulnerable,-2.6652,131.7729,2015,7,null,null,null,null,El Nino
149141.0,Reef Manta Ray,Vulnerable,-2.5183,131.7712,2015,7,null,null,null,null,El Nino
149141.0,Reef Manta Ray,Vulnerable,-2.6264000000000003,131.7281,2015,7,null,null,null,null,El Nino
149141.0,Reef Manta Ray,Vulnerable,-2.6542000000000003,131.681,2015,7,null,null,null,null,El Nino
149141.0,Reef Manta Ray,Vulnerable,-2.4714,131.8366,2015,7,null,null,null,null,El Nino
149141.0,Reef Manta Ray,Vulnerable,-2.5543,131.754,2015,7,null,null,null,null,El Nino
149141.0,Reef Manta Ray,Vulnerable,-2.661,131.76930000000002,2015,7,null,null,null,null,El Nino
149141.0,Reef Manta Ray,Vulnerable,-2.5176000000000003,131.8051,2015,7,null,null,null,null,El Nino
149141.0,Reef Manta Ray,Vulnerable,-2.4597,131.7609,2015,7,null,null,null,null,El Nino
149141.0,Reef Manta Ray,Vulnerable,-2.4643,131.839,2015,7,null,null,null,null,El Nino
149141.0,Reef Manta Ray,Vulnerable,-2.5292000000000003,131.7858,2015,7,null,null,null,null,El Nino
149141.0,Reef Manta Ray,Vulnerable,-2.5548,131.8145,2015,7,null,null,null,null,El Nino
149141.0,Reef Manta Ray,Vulnerable,-2.5606,131.7863,2015,7,null,null,null,null,El Nino
149141.0,Reef Manta Ray,Vulnerable,-2.5406,131.7483,2015,7,null,null,null,null,El Nino
149141.0,Reef Manta Ray,Vulnerable,-2.5123,131.80370000000002,2015,7,null,null,null,null,El Nino
149141.0,Reef Manta Ray,Vulnerable,-2.5100000000000002,131.83010000000002,2015,7,null,null,null,null,El Nino
149141.0,Reef Manta Ray,Vulnerable,-2.5304,131.8076,2015,7,null,null,null,null,El Nino
149141.0,Reef Manta Ray,Vulnerable,-2.5072,131.7926,2015,7,null,null,null,null,El Nino
149141.0,Reef Manta Ray,Vulnerable,-2.6404,131.7903,2015,7,null,null,null,null,El Nino
149141.0,Reef Manta Ray,Vulnerable,-2.4783,131.78050000000002,2015,7,null,null,null,null,El Nino
149141.0,Reef Manta Ray,Vulnerable,-2.5460000000000003,131.8168,2015,7,null,null,null,null,El Nino
149141.0,Reef Manta Ray,Vulnerable,-2.5772,131.7888,2015,7,null,null,null,null,El Nino
149141.0,Reef Manta Ray,Vulnerable,-2.699,131.7981,2015,7,null,null,null,null,El Nino
149141.0,Reef Manta Ray,Vulnerable,-2.5296000000000003,131.7949,2015,7,null,null,null,null,El Nino
149141.0,Reef Manta Ray,Vulnerable,-2.4706,131.83020000000002,2015,7,null,null,null,null,El Nino
149141.0,Reef Manta Ray,Vulnerable,-2.4843,131.8238,2015,7,null,null,null,null,El Nino
149141.0,Reef Manta Ray,Vulnerable,-2.5100000000000002,131.8329,2015,7,null,null,null,null,El Nino
149141.0,Reef Manta Ray,Vulnerable,-2.5075000000000003,131.8223,2015,7,null,null,null,null,El Nino
149141.0,Reef Manta Ray,Vulnerable,-2.5715000000000003,131.8689,2015,7,null,null,null,null,El Nino
149141.0,Reef Manta Ray,Vulnerable,-2.5709,131.8518,2015,7,null,null,null,null,El Nino
149141.0,Reef Manta Ray,Vulnerable,-2.7836000000000003,131.8693,2015,7,null,null,null,null,El Nino
149141.0,Reef Manta Ray,Vulnerable,-2.4526000000000003,131.9135,2015,7,null,null,null,null,El Nino
149141.0,Reef Manta Ray,Vulnerable,-2.5657,131.8785,2015,7,null,null,null,null,El Nino
149141.0,Reef Manta Ray,Vulnerable,-2.5174000000000003,131.86,2015,7,null,null,null,null,El Nino
149141.0,Reef Manta Ray,Vulnerable,-2.5681000000000003,131.8546,2015,7,null,null,null,null,El Nino
149141.0,Reef Manta Ray,Vulnerable,-2.5806,131.8826,2015,7,null,null,null,null,El Nino
149141.0,Reef Manta Ray,Vulnerable,-2.6123000000000003,131.9041,2015,7,null,null,null,null,El Nino
149141.0,Reef Manta Ray,Vulnerable,-2.556,131.8857,2015,7,null,null,null,null,El Nino
149141.0,Reef Manta Ray,Vulnerable,-2.5593,131.8737,2015,7,null,null,null,null,El Nino
149141.0,Reef Manta Ray,Vulnerable,-2.5369,131.87730000000002,2015,7,null,null,null,null,El Nino
149141.0,Reef Manta Ray,Vulnerable,-2.562,131.8913,2015,7,null,null,null,null,El Nino
149141.0,Reef Manta Ray,Vulnerable,-2.5565,131.8454,2015,7,null,null,null,null,El Nino
149141.0,Reef Manta Ray,Vulnerable,-2.6159000000000003,131.8694,2015,7,null,null,null,null,El Nino
149141.0,Reef Manta Ray,Vulnerable,-2.6365000000000003,131.9221,2015,7,null,null,null,null,El Nino
149141.0,Reef Manta Ray,Vulnerable,-2.5197000000000003,131.879,2015,7,null,null,null,null,El Nino
149141.0,Reef Manta Ray,Vulnerable,-2.4695,131.84050000000002,2015,7,null,null,null,null,El Nino
149141.0,Reef Manta Ray,Vulnerable,-2.4698,131.8223,2015,7,null,null,null,null,El Nino
149141.0,Reef Manta Ray,Vulnerable,-2.747,131.8055,2015,7,null,null,null,null,El Nino
149141.0,Reef Manta Ray,Vulnerable,-2.3847,131.8128,2015,7,null,null,null,null,El Nino
149141.0,Reef Manta Ray,Vulnerable,-2.4331,131.92000000000002,2015,7,null,null,null,null,El Nino
149141.0,Reef Manta Ray,Vulnerable,-2.3912,131.7905,2015,7,null,null,null,null,El Nino
149141.0,Reef Manta Ray,Vulnerable,-2.4079,131.7999,2015,7,null,null,null,null,El Nino
149141.0,Reef Manta Ray,Vulnerable,-2.4081,131.7903,2015,7,null,null,null,null,El Nino
149141.0,Reef Manta Ray,Vulnerable,-2.415,131.81810000000002,2015,7,null,null,null,null,El Nino
149141.0,Reef Manta Ray,Vulnerable,-2.4359,131.9049,2015,7,null,null,null,null,El Nino
149141.0,Reef Manta Ray,Vulnerable,-2.4183,131.8149,2015,7,null,null,null,null,El Nino
149141.0,Reef Manta Ray,Vulnerable,-2.4007,131.7772,2015,7,null,null,null,null,El Nino
149141.0,Reef Manta Ray,Vulnerable,-2.4292000000000002,131.91660000000002,2015,7,null,null,null,null,El Nino
149141.0,Reef Manta Ray,Vulnerable,-2.4036,131.9177,2015,7,null,null,null,null,El Nino
149141.0,Reef Manta Ray,Vulnerable,-2.5689,131.87980000000002,2015,7,null,null,null,null,El Nino
149141.0,Reef Manta Ray,Vulnerable,-2.5511,131.8637,2015,7,null,null,null,null,El Nino
149141.0,Reef Manta Ray,Vulnerable,-2.5649,131.8825,2015,7,null,null,null,null,El Nino
149141.0,Reef Manta Ray,Vulnerable,-2.4507000000000003,131.8897,2015,7,null,null,null,null,El Nino
149141.0,Reef Manta Ray,Vulnerable,-2.6646,131.9806,2015,7,null,null,null,null,El Nino
149141.0,Reef Manta Ray,Vulnerable,-2.6974,131.80780000000001,2015,7,null,null,null,null,El Nino
149141.0,Reef Manta Ray,Vulnerable,-2.5198,131.89260000000002,2015,7,null,null,null,null,El Nino
149141.0,Reef Manta Ray,Vulnerable,-2.7574,131.9599,2015,7,null,null,null,null,El Nino
149141.0,Reef Manta Ray,Vulnerable,-2.4598,131.8238,2015,7,null,null,null,null,El Nino
174992.0,Reef Manta Ray,Vulnerable,0.5216000000000001,131.10580000000002,2018,12,null,null,null,null,Neutral
174992.0,Reef Manta Ray,Vulnerable,0.5189,131.18210000000002,2018,12,null,null,null,null,Neutral
174992.0,Reef Manta Ray,Vulnerable,0.5226000000000001,131.1011,2018,12,null,null,null,null,Neutral
174992.0,Reef Manta Ray,Vulnerable,0.5094000000000001,131.18630000000002,2018,12,null,null,null,null,Neutral
174992.0,Reef Manta Ray,Vulnerable,0.5101,131.1851,2018,12,null,null,null,null,Neutral
174992.0,Reef Manta Ray,Vulnerable,0.515,131.163,2018,12,null,null,null,null,Neutral
174992.0,Reef Manta Ray,Vulnerable,0.5211,131.1505,2018,12,null,null,null,null,Neutral
174992.0,Reef Manta Ray,Vulnerable,0.5227,131.1232,2018,12,null,null,null,null,Neutral
174992.0,Reef Manta Ray,Vulnerable,0.45880000000000004,131.1635,2018,12,null,null,null,null,Neutral
174992.0,Reef Manta Ray,Vulnerable,0.5314,131.193,2018,12,null,null,null,null,Neutral
174992.0,Reef Manta Ray,Vulnerable,0.5242,131.1908,2018,12,null,null,null,null,Neutral
174992.0,Reef Manta Ray,Vulnerable,0.5085000000000001,131.1605,2018,12,null,null,null,null,Neutral
174992.0,Reef Manta Ray,Vulnerable,0.511,131.1511,2018,12,null,null,null,null,Neutral
174992.0,Reef Manta Ray,Vulnerable,0.5244,131.1533,2018,12,null,null,null,null,Neutral
174992.0,Reef Manta Ray,Vulnerable,0.5149,131.191,2018,12,null,null,null,null,Neutral
174992.0,Reef Manta Ray,Vulnerable,0.5192,131.1149,2018,12,null,null,null,null,Neutral
174992.0,Reef Manta Ray,Vulnerable,0.5005000000000001,131.1629,2018,12,null,null,null,null,Neutral
174992.0,Reef Manta Ray,Vulnerable,0.5168,131.1514,2018,12,null,null,null,null,Neutral
174992.0,Reef Manta Ray,Vulnerable,0.5296000000000001,131.1326,2018,12,null,null,null,null,Neutral
174992.0,Reef Manta Ray,Vulnerable,0.5239,131.1373,2018,12,null,null,null,null,Neutral
174992.0,Reef Manta Ray,Vulnerable,0.5356000000000001,131.1661,2018,12,null,null,null,null,Neutral
174992.0,Reef Manta Ray,Vulnerable,0.5256000000000001,131.16,2018,12,null,null,null,null,Neutral
174992.0,Reef Manta Ray,Vulnerable,0.5317000000000001,131.1338,2018,12,null,null,null,null,Neutral
174992.0,Reef Manta Ray,Vulnerable,0.5303,131.1328,2018,12,null,null,null,null,Neutral
174992.0,Reef Manta Ray,Vulnerable,0.5306000000000001,131.13230000000001,2018,12,null,null,null,null,Neutral
174992.0,Reef Manta Ray,Vulnerable,0.5264,131.1585,2018,12,null,null,null,null,Neutral
174992.0,Reef Manta Ray,Vulnerable,0.5515,131.1663,2018,12,null,null,null,null,Neutral
174992.0,Reef Manta Ray,Vulnerable,0.523,131.1549,2018,12,null,null,null,null,Neutral
174992.0,Reef Manta Ray,Vulnerable,0.5258,131.12290000000002,2018,12,null,null,null,null,Neutral
174992.0,Reef Manta Ray,Vulnerable,0.5309,131.1347,2018,12,null,null,null,null,Neutral
174992.0,Reef Manta Ray,Vulnerable,0.5759000000000001,131.1296,2018,12,null,null,null,null,Neutral
174992.0,Reef Manta Ray,Vulnerable,0.4928,131.1311,2018,12,null,null,null,null,Neutral
174992.0,Reef Manta Ray,Vulnerable,0.5208,131.15030000000002,2018,12,null,null,null,null,Neutral
174992.0,Reef Manta Ray,Vulnerable,0.5249,131.15130000000002,2018,12,null,null,null,null,Neutral
174992.0,Reef Manta Ray,Vulnerable,0.5027,131.1725,2018,12,null,null,null,null,Neutral
174992.0,Reef Manta Ray,Vulnerable,0.483,131.1886,2019,1,null,null,null,null,Neutral
174992.0,Reef Manta Ray,Vulnerable,0.46280000000000004,131.187,2019,1,null,null,null,null,Neutral
174992.0,Reef Manta Ray,Vulnerable,0.5153,131.1613,2019,1,null,null,null,null,Neutral
174992.0,Reef Manta Ray,Vulnerable,0.5291,131.1912,2019,1,null,null,null,null,Neutral
174992.0,Reef Manta Ray,Vulnerable,0.49410000000000004,131.1971,2019,1,null,null,null,null,Neutral
174992.0,Reef Manta Ray,Vulnerable,0.47990000000000005,131.18980000000002,2019,1,null,null,null,null,Neutral
174992.0,Reef Manta Ray,Vulnerable,0.531,131.1899,2019,1,null,null,null,null,Neutral
174992.0,Reef Manta Ray,Vulnerable,0.4731,131.17510000000001,2019,1,null,null,null,null,Neutral
174992.0,Reef Manta Ray,Vulnerable,0.5335,131.1917,2019,1,null,null,null,null,Neutral
174992.0,Reef Manta Ray,Vulnerable,0.46740000000000004,131.1588,2019,1,null,null,null,null,Neutral
174992.0,Reef Manta Ray,Vulnerable,0.5367000000000001,131.19,2019,1,null,null,null,null,Neutral
174992.0,Reef Manta Ray,Vulnerable,0.5266000000000001,131.153,2019,1,null,null,null,null,Neutral
174992.0,Reef Manta Ray,Vulnerable,0.4555,131.1651,2019,1,null,null,null,null,Neutral
174992.0,Reef Manta Ray,Vulnerable,0.4776,131.1919,2019,1,null,null,null,null,Neutral
174992.0,Reef Manta Ray,Vulnerable,0.46880000000000005,131.18550000000002,2019,1,null,null,null,null,Neutral
174992.0,Reef Manta Ray,Vulnerable,0.4687,131.1922,2019,1,null,null,null,null,Neutral
174992.0,Reef Manta Ray,Vulnerable,0.5337000000000001,131.1955,2019,1,null,null,null,null,Neutral
174992.0,Reef Manta Ray,Vulnerable,0.46380000000000005,131.1636,2019,1,null,null,null,null,Neutral
174992.0,Reef Manta Ray,Vulnerable,0.4622,131.185,2019,1,null,null,null,null,Neutral
174992.0,Reef Manta Ray,Vulnerable,0.5152,131.1473,2019,1,null,null,null,null,Neutral
174992.0,Reef Manta Ray,Vulnerable,0.5286000000000001,131.18880000000001,2019,1,null,null,null,null,Neutral
174992.0,Reef Manta Ray,Vulnerable,0.5276000000000001,131.192,2019,1,null,null,null,null,Neutral
174992.0,Reef Manta Ray,Vulnerable,0.5174,131.1489,2019,1,null,null,null,null,Neutral
174992.0,Reef Manta Ray,Vulnerable,0.5161,131.1618,2019,1,null,null,null,null,Neutral
174992.0,Reef Manta Ray,Vulnerable,0.5049,131.1972,2019,1,null,null,null,null,Neutral
174992.0,Reef Manta Ray,Vulnerable,0.5078,131.1693,2019,1,null,null,null,null,Neutral
174992.0,Reef Manta Ray,Vulnerable,0.5057,131.1535,2019,1,null,null,null,null,Neutral
174992.0,Reef Manta Ray,Vulnerable,0.5186000000000001,131.1334,2019,1,null,null,null,null,Neutral
174992.0,Reef Manta Ray,Vulnerable,0.5232,131.1523,2019,1,null,null,null,null,Neutral
174992.0,Reef Manta Ray,Vulnerable,0.5222,131.1524,2019,1,null,null,null,null,Neutral
174992.0,Reef Manta Ray,Vulnerable,0.5187,131.1104,2019,1,null,null,null,null,Neutral
174992.0,Reef Manta Ray,Vulnerable,0.5241,131.1516,2019,1,null,null,null,null,Neutral
174992.0,Reef Manta Ray,Vulnerable,0.5201,131.149,2019,1,null,null,null,null,Neutral
174992.0,Reef Manta Ray,Vulnerable,0.5491,131.1628,2019,1,null,null,null,null,Neutral
174992.0,Reef Manta Ray,Vulnerable,0.5162,131.1463,2019,1,null,null,null,null,Neutral
174992.0,Reef Manta Ray,Vulnerable,0.5357000000000001,131.19060000000002,2019,1,null,null,null,null,Neutral
174992.0,Reef Manta Ray,Vulnerable,0.5168,131.1455,2019,1,null,null,null,null,Neutral
174992.0,Reef Manta Ray,Vulnerable,0.5058,131.1772,2019,1,null,null,null,null,Neutral
174992.0,Reef Manta Ray,Vulnerable,0.5173,131.1493,2019,1,null,null,null,null,Neutral
174992.0,Reef Manta Ray,Vulnerable,0.5157,131.1947,2019,1,null,null,null,null,Neutral
174992.0,Reef Manta Ray,Vulnerable,0.5061,131.1856,2019,1,null,null,null,null,Neutral
174992.0,Reef Manta Ray,Vulnerable,0.5371,131.1571,2019,1,null,null,null,null,Neutral
174992.0,Reef Manta Ray,Vulnerable,0.5262,131.18540000000002,2019,1,null,null,null,null,Neutral
174992.0,Reef Manta Ray,Vulnerable,0.46490000000000004,131.1731,2019,1,null,null,null,null,Neutral
174992.0,Reef Manta Ray,Vulnerable,0.5276000000000001,131.1861,2019,1,null,null,null,null,Neutral
174992.0,Reef Manta Ray,Vulnerable,0.534,131.1579,2019,1,null,null,null,null,Neutral
174992.0,Reef Manta Ray,Vulnerable,0.5236000000000001,131.19660000000002,2019,1,null,null,null,null,Neutral
174992.0,Reef Manta Ray,Vulnerable,0.46080000000000004,131.1715,2019,1,null,null,null,null,Neutral
174992.0,Reef Manta Ray,Vulnerable,0.5258,131.1596,2019,1,null,null,null,null,Neutral
174992.0,Reef Manta Ray,Vulnerable,0.5251,131.1633,2019,1,null,null,null,null,Neutral
174992.0,Reef Manta Ray,Vulnerable,0.4596,131.1725,2019,1,null,null,null,null,Neutral
174992.0,Reef Manta Ray,Vulnerable,0.46490000000000004,131.1893,2019,1,null,null,null,null,Neutral
174992.0,Reef Manta Ray,Vulnerable,0.4575,131.1749,2019,1,null,null,null,null,Neutral
174992.0,Reef Manta Ray,Vulnerable,0.4767,131.1853,2019,1,null,null,null,null,Neutral
174992.0,Reef Manta Ray,Vulnerable,0.5342,131.1927,2019,1,null,null,null,null,Neutral
174992.0,Reef Manta Ray,Vulnerable,0.49620000000000003,131.1981,2019,1,null,null,null,null,Neutral
174992.0,Reef Manta Ray,Vulnerable,0.4873,131.189,2019,1,null,null,null,null,Neutral
174992.0,Reef Manta Ray,Vulnerable,0.4832,131.1832,2019,1,null,null,null,null,Neutral
174992.0,Reef Manta Ray,Vulnerable,0.5194,131.18120000000002,2019,1,null,null,null,null,Neutral
174992.0,Reef Manta Ray,Vulnerable,0.5346000000000001,131.13070000000002,2019,1,null,null,null,null,Neutral
174992.0,Reef Manta Ray,Vulnerable,0.492,131.1664,2019,1,null,null,null,null,Neutral
174992.0,Reef Manta Ray,Vulnerable,0.487,131.1765,2019,1,null,null,null,null,Neutral
174992.0,Reef Manta Ray,Vulnerable,0.4988,131.1459,2019,1,null,null,null,null,Neutral
174992.0,Reef Manta Ray,Vulnerable,0.5322,131.13230000000001,2019,1,null,null,null,null,Neutral
174992.0,Reef Manta Ray,Vulnerable,0.48040000000000005,131.1834,2019,1,null,null,null,null,Neutral
174992.0,Reef Manta Ray,Vulnerable,0.4698,131.18290000000002,2019,1,null,null,null,null,Neutral
174992.0,Reef Manta Ray,Vulnerable,0.46690000000000004,131.18110000000001,2019,1,null,null,null,null,Neutral
174992.0,Reef Manta Ray,Vulnerable,0.47150000000000003,131.1785,2019,1,null,null,null,null,Neutral
174992.0,Reef Manta Ray,Vulnerable,0.49,131.1955,2019,1,null,null,null,null,Neutral
174992.0,Reef Manta Ray,Vulnerable,0.514,131.19400000000002,2019,1,null,null,null,null,Neutral
174992.0,Reef Manta Ray,Vulnerable,0.5195000000000001,131.1877,2019,1,null,null,null,null,Neutral
174992.0,Reef Manta Ray,Vulnerable,0.5228,131.1369,2019,1,null,null,null,null,Neutral
174992.0,Reef Manta Ray,Vulnerable,0.4732,131.1809,2019,1,null,null,null,null,Neutral
174992.0,Reef Manta Ray,Vulnerable,0.5175000000000001,131.125,2019,1,null,null,null,null,Neutral
174992.0,Reef Manta Ray,Vulnerable,0.5194,131.1202,2019,1,null,null,null,null,Neutral
174992.0,Reef Manta Ray,Vulnerable,0.505,131.18630000000002,2019,1,null,null,null,null,Neutral
174992.0,Reef Manta Ray,Vulnerable,0.522,131.13830000000002,2019,1,null,null,null,null,Neutral
174992.0,Reef Manta Ray,Vulnerable,0.524,131.1509,2019,1,null,null,null,null,Neutral
174992.0,Reef Manta Ray,Vulnerable,0.5307000000000001,131.19310000000002,2019,1,null,null,null,null,Neutral
174992.0,Reef Manta Ray,Vulnerable,0.5206000000000001,131.1355,2019,1,null,null,null,null,Neutral
174992.0,Reef Manta Ray,Vulnerable,0.491,131.17010000000002,2019,1,null,null,null,null,Neutral
174992.0,Reef Manta Ray,Vulnerable,0.5184,131.147,2019,1,null,null,null,null,Neutral
174992.0,Reef Manta Ray,Vulnerable,0.5257000000000001,131.1515,2019,1,null,null,null,null,Neutral
174992.0,Reef Manta Ray,Vulnerable,0.5232,131.1954,2019,1,null,null,null,null,Neutral
174992.0,Reef Manta Ray,Vulnerable,0.5251,131.19490000000002,2019,1,null,null,null,null,Neutral
174992.0,Reef Manta Ray,Vulnerable,0.5274,131.1945,2019,1,null,null,null,null,Neutral
174992.0,Reef Manta Ray,Vulnerable,0.5301,131.19410000000002,2019,1,null,null,null,null,Neutral
174992.0,Reef Manta Ray,Vulnerable,0.48360000000000003,131.1808,2019,1,null,null,null,null,Neutral
174992.0,Reef Manta Ray,Vulnerable,0.4927,131.1953,2019,2,null,null,null,null,Neutral
174992.0,Reef Manta Ray,Vulnerable,0.4631,131.16490000000002,2019,2,null,null,null,null,Neutral
174992.0,Reef Manta Ray,Vulnerable,0.4882,131.1946,2019,2,null,null,null,null,Neutral
174992.0,Reef Manta Ray,Vulnerable,0.5295,131.19750000000002,2019,2,null,null,null,null,Neutral
174992.0,Reef Manta Ray,Vulnerable,0.45990000000000003,131.1619,2019,2,null,null,null,null,Neutral
174992.0,Reef Manta Ray,Vulnerable,0.48660000000000003,131.1729,2019,2,null,null,null,null,Neutral
174992.0,Reef Manta Ray,Vulnerable,0.5253,131.19230000000002,2019,2,null,null,null,null,Neutral
174992.0,Reef Manta Ray,Vulnerable,0.5229,131.1391,2019,2,null,null,null,null,Neutral
174992.0,Reef Manta Ray,Vulnerable,0.4662,131.1835,2019,2,null,null,null,null,Neutral
174992.0,Reef Manta Ray,Vulnerable,0.4657,131.18720000000002,2019,2,null,null,null,null,Neutral
174992.0,Reef Manta Ray,Vulnerable,0.4748,131.1904,2019,2,null,null,null,null,Neutral
174992.0,Reef Manta Ray,Vulnerable,0.4823,131.1721,2019,2,null,null,null,null,Neutral
174992.0,Reef Manta Ray,Vulnerable,0.5207,131.10240000000002,2019,2,null,null,null,null,Neutral
174992.0,Reef Manta Ray,Vulnerable,0.529,131.192,2019,2,null,null,null,null,Neutral
174992.0,Reef Manta Ray,Vulnerable,0.45990000000000003,131.1676,2019,2,null,null,null,null,Neutral
174992.0,Reef Manta Ray,Vulnerable,0.5191,131.1508,2019,2,null,null,null,null,Neutral
174992.0,Reef Manta Ray,Vulnerable,0.5178,131.1005,2019,2,null,null,null,null,Neutral
174992.0,Reef Manta Ray,Vulnerable,0.5188,131.1525,2019,2,null,null,null,null,Neutral
174992.0,Reef Manta Ray,Vulnerable,0.5168,131.133,2019,2,null,null,null,null,Neutral
174992.0,Reef Manta Ray,Vulnerable,0.5259,131.1944,2019,2,null,null,null,null,Neutral
174992.0,Reef Manta Ray,Vulnerable,0.5026,131.1412,2019,2,null,null,null,null,Neutral
174992.0,Reef Manta Ray,Vulnerable,0.5292,131.1518,2019,2,null,null,null,null,Neutral
174992.0,Reef Manta Ray,Vulnerable,0.4954,131.165,2019,2,null,null,null,null,Neutral
174992.0,Reef Manta Ray,Vulnerable,0.5206000000000001,131.1978,2019,2,null,null,null,null,Neutral
174992.0,Reef Manta Ray,Vulnerable,0.5285000000000001,131.1968,2019,2,null,null,null,null,Neutral
174992.0,Reef Manta Ray,Vulnerable,0.5281,131.1963,2019,2,null,null,null,null,Neutral
174992.0,Reef Manta Ray,Vulnerable,0.5175000000000001,131.1505,2019,2,null,null,null,null,Neutral
174992.0,Reef Manta Ray,Vulnerable,0.5302,131.1972,2019,2,null,null,null,null,Neutral
174992.0,Reef Manta Ray,Vulnerable,0.5214,131.1147,2019,2,null,null,null,null,Neutral
174992.0,Reef Manta Ray,Vulnerable,0.5232,131.1988,2019,2,null,null,null,null,Neutral
174992.0,Reef Manta Ray,Vulnerable,0.5241,131.1968,2019,2,null,null,null,null,Neutral
174992.0,Reef Manta Ray,Vulnerable,0.5167,131.15210000000002,2019,2,null,null,null,null,Neutral
174992.0,Reef Manta Ray,Vulnerable,0.5263,131.20010000000002,2019,2,null,null,null,null,Neutral
174992.0,Reef Manta Ray,Vulnerable,0.5094000000000001,131.1519,2019,2,null,null,null,null,Neutral
174992.0,Reef Manta Ray,Vulnerable,0.5071,131.15120000000002,2019,2,null,null,null,null,Neutral
174992.0,Reef Manta Ray,Vulnerable,0.502,131.147,2019,2,null,null,null,null,Neutral
174992.0,Reef Manta Ray,Vulnerable,0.5212,131.1939,2019,2,null,null,null,null,Neutral
174992.0,Reef Manta Ray,Vulnerable,0.5133,131.15460000000002,2019,2,null,null,null,null,Neutral
174992.0,Reef Manta Ray,Vulnerable,0.5279,131.191,2019,2,null,null,null,null,Neutral
174992.0,Reef Manta Ray,Vulnerable,0.5196000000000001,131.1525,2019,2,null,null,null,null,Neutral
174992.0,Reef Manta Ray,Vulnerable,0.5093,131.1532,2019,2,null,null,null,null,Neutral
174992.0,Reef Manta Ray,Vulnerable,0.5061,131.1517,2019,2,null,null,null,null,Neutral
174992.0,Reef Manta Ray,Vulnerable,0.5046,131.1489,2019,2,null,null,null,null,Neutral
174992.0,Reef Manta Ray,Vulnerable,0.528,131.19580000000002,2019,2,null,null,null,null,Neutral
174992.0,Reef Manta Ray,Vulnerable,0.5225000000000001,131.1969,2019,2,null,null,null,null,Neutral
174992.0,Reef Manta Ray,Vulnerable,0.5028,131.149,2019,2,null,null,null,null,Neutral
174992.0,Reef Manta Ray,Vulnerable,0.5248,131.19490000000002,2019,2,null,null,null,null,Neutral
174992.0,Reef Manta Ray,Vulnerable,0.519,131.1987,2019,2,null,null,null,null,Neutral
214961.0,Reef Manta Ray,Vulnerable,-0.7309,130.6596,2021,4,null,null,null,null,La Nina
214961.0,Reef Manta Ray,Vulnerable,-0.7944,130.5037,2021,4,null,null,null,null,La Nina
214961.0,Reef Manta Ray,Vulnerable,-0.731,130.619,2021,4,null,null,null,null,La Nina
214961.0,Reef Manta Ray,Vulnerable,-0.5743,130.52540000000002,2021,4,null,null,null,null,La Nina
214961.0,Reef Manta Ray,Vulnerable,-0.5806,130.5419,2021,4,null,null,null,null,La Nina
214961.0,Reef Manta Ray,Vulnerable,-0.5697,130.476,2021,4,null,null,null,null,La Nina
214961.0,Reef Manta Ray,Vulnerable,-0.5631,130.48930000000001,2021,4,null,null,null,null,La Nina
214961.0,Reef Manta Ray,Vulnerable,-0.5772,130.50310000000002,2021,4,null,null,null,null,La Nina
214961.0,Reef Manta Ray,Vulnerable,-0.8079000000000001,130.5769,2021,5,null,null,null,null,La Nina
214961.0,Reef Manta Ray,Vulnerable,-0.8357,130.54160000000002,2021,5,null,null,null,null,La Nina
214961.0,Reef Manta Ray,Vulnerable,-0.8067000000000001,130.5777,2021,5,null,null,null,null,La Nina
214961.0,Reef Manta Ray,Vulnerable,-0.7934,130.5945,2021,5,null,null,null,null,La Nina
214961.0,Reef Manta Ray,Vulnerable,-0.8084,130.57580000000002,2021,5,null,null,null,null,La Nina
214961.0,Reef Manta Ray,Vulnerable,-0.7962,130.525,2021,5,null,null,null,null,La Nina
214961.0,Reef Manta Ray,Vulnerable,-0.6684,130.5985,2021,5,null,null,null,null,La Nina
214961.0,Reef Manta Ray,Vulnerable,-0.808,130.577,2021,5,null,null,null,null,La Nina
214961.0,Reef Manta Ray,Vulnerable,-0.8068000000000001,130.57580000000002,2021,5,null,null,null,null,La Nina
214961.0,Reef Manta Ray,Vulnerable,-0.8329000000000001,130.5552,2021,5,null,null,null,null,La Nina
214961.0,Reef Manta Ray,Vulnerable,-0.8082,130.5754,2021,5,null,null,null,null,La Nina
214961.0,Reef Manta Ray,Vulnerable,-0.8318000000000001,130.5547,2021,5,null,null,null,null,La Nina
214961.0,Reef Manta Ray,Vulnerable,-0.8329000000000001,130.5542,2021,5,null,null,null,null,La Nina
214961.0,Reef Manta Ray,Vulnerable,-0.7798,130.51420000000002,2021,5,null,null,null,null,La Nina
214961.0,Reef Manta Ray,Vulnerable,-0.8321000000000001,130.5547,2021,5,null,null,null,null,La Nina
214961.0,Reef Manta Ray,Vulnerable,-0.8345,130.5308,2021,5,null,null,null,null,La Nina
214961.0,Reef Manta Ray,Vulnerable,-0.8314,130.5537,2021,5,null,null,null,null,La Nina
214961.0,Reef Manta Ray,Vulnerable,-0.8071,130.57750000000001,2021,5,null,null,null,null,La Nina
214961.0,Reef Manta Ray,Vulnerable,-0.7857000000000001,130.5497,2021,5,null,null,null,null,La Nina
214961.0,Reef Manta Ray,Vulnerable,-0.8083,130.577,2021,5,null,null,null,null,La Nina
214961.0,Reef Manta Ray,Vulnerable,-0.8075,130.5774,2021,5,null,null,null,null,La Nina
214961.0,Reef Manta Ray,Vulnerable,-0.7987000000000001,130.5806,2021,5,null,null,null,null,La Nina
214961.0,Reef Manta Ray,Vulnerable,-0.6754,130.487,2021,5,null,null,null,null,La Nina
214961.0,Reef Manta Ray,Vulnerable,-0.8317,130.5069,2021,5,null,null,null,null,La Nina
214961.0,Reef Manta Ray,Vulnerable,-0.8276,130.49960000000002,2021,5,null,null,null,null,La Nina
214961.0,Reef Manta Ray,Vulnerable,-0.8215,130.5628,2021,5,null,null,null,null,La Nina
214961.0,Reef Manta Ray,Vulnerable,-0.8319000000000001,130.50730000000001,2021,5,null,null,null,null,La Nina
214961.0,Reef Manta Ray,Vulnerable,-0.6712,130.51590000000002,2021,5,null,null,null,null,La Nina
214961.0,Reef Manta Ray,Vulnerable,-0.6876,130.4546,2021,5,null,null,null,null,La Nina
214961.0,Reef Manta Ray,Vulnerable,-0.6785,130.443,2021,5,null,null,null,null,La Nina
214961.0,Reef Manta Ray,Vulnerable,-0.6563,130.46280000000002,2021,5,null,null,null,null,La Nina
214961.0,Reef Manta Ray,Vulnerable,-0.806,130.582,2021,5,null,null,null,null,La Nina
214961.0,Reef Manta Ray,Vulnerable,-0.6537000000000001,130.58450000000002,2021,5,null,null,null,null,La Nina
214961.0,Reef Manta Ray,Vulnerable,-0.6556000000000001,130.4668,2021,5,null,null,null,null,La Nina
214961.0,Reef Manta Ray,Vulnerable,-0.684,130.4471,2021,5,null,null,null,null,La Nina
214961.0,Reef Manta Ray,Vulnerable,-0.8241,130.5209,2021,5,null,null,null,null,La Nina
214961.0,Reef Manta Ray,Vulnerable,-0.6857000000000001,130.5464,2021,5,null,null,null,null,La Nina
214961.0,Reef Manta Ray,Vulnerable,-0.709,130.5265,2021,5,null,null,null,null,La Nina
214961.0,Reef Manta Ray,Vulnerable,-0.7831,130.5988,2021,5,null,null,null,null,La Nina
214961.0,Reef Manta Ray,Vulnerable,-0.7544000000000001,130.544,2021,5,null,null,null,null,La Nina
214961.0,Reef Manta Ray,Vulnerable,-0.7494000000000001,130.6268,2021,5,null,null,null,null,La Nina
214961.0,Reef Manta Ray,Vulnerable,-0.7845000000000001,130.62040000000002,2021,5,null,null,null,null,La Nina
214961.0,Reef Manta Ray,Vulnerable,-0.7906000000000001,130.5991,2021,5,null,null,null,null,La Nina
214961.0,Reef Manta Ray,Vulnerable,-0.8091,130.5757,2021,5,null,null,null,null,La Nina
214961.0,Reef Manta Ray,Vulnerable,-0.6865,130.5232,2021,5,null,null,null,null,La Nina
214961.0,Reef Manta Ray,Vulnerable,-0.6728000000000001,130.4908,2021,5,null,null,null,null,La Nina
214961.0,Reef Manta Ray,Vulnerable,-0.6662,130.573,2021,5,null,null,null,null,La Nina
214961.0,Reef Manta Ray,Vulnerable,-0.651,130.4728,2021,5,null,null,null,null,La Nina
214961.0,Reef Manta Ray,Vulnerable,-0.6693,130.55010000000001,2021,5,null,null,null,null,La Nina
214961.0,Reef Manta Ray,Vulnerable,-0.6777000000000001,130.5644,2021,5,null,null,null,null,La Nina
214961.0,Reef Manta Ray,Vulnerable,-0.7088,130.4879,2021,5,null,null,null,null,La Nina
214961.0,Reef Manta Ray,Vulnerable,-0.7939,130.5249,2021,5,null,null,null,null,La Nina
214961.0,Reef Manta Ray,Vulnerable,-0.6673,130.562,2021,5,null,null,null,null,La Nina
214961.0,Reef Manta Ray,Vulnerable,-0.6591,130.5919,2021,5,null,null,null,null,La Nina
214961.0,Reef Manta Ray,Vulnerable,-0.8295,130.55530000000002,2021,5,null,null,null,null,La Nina
214961.0,Reef Manta Ray,Vulnerable,-0.7948000000000001,130.55280000000002,2021,5,null,null,null,null,La Nina
214962.0,Reef Manta Ray,Vulnerable,-0.07590000000000001,130.028,2021,5,null,null,null,null,La Nina
214962.0,Reef Manta Ray,Vulnerable,-0.3252,130.1439,2021,5,null,null,null,null,La Nina
214962.0,Reef Manta Ray,Vulnerable,-0.3079,130.1242,2021,5,null,null,null,null,La Nina
214962.0,Reef Manta Ray,Vulnerable,-0.0627,130.02020000000002,2021,5,null,null,null,null,La Nina
214962.0,Reef Manta Ray,Vulnerable,-0.0762,130.0295,2021,5,null,null,null,null,La Nina
214962.0,Reef Manta Ray,Vulnerable,-0.08850000000000001,130.1523,2021,5,null,null,null,null,La Nina
214962.0,Reef Manta Ray,Vulnerable,-0.33740000000000003,130.1531,2021,5,null,null,null,null,La Nina
214962.0,Reef Manta Ray,Vulnerable,-0.3322,130.14950000000002,2021,5,null,null,null,null,La Nina
214962.0,Reef Manta Ray,Vulnerable,-0.0746,130.04410000000001,2021,5,null,null,null,null,La Nina
214962.0,Reef Manta Ray,Vulnerable,-0.3221,130.1406,2021,5,null,null,null,null,La Nina
214962.0,Reef Manta Ray,Vulnerable,-0.18510000000000001,130.0942,2021,5,null,null,null,null,La Nina
214962.0,Reef Manta Ray,Vulnerable,-0.15480000000000002,130.0984,2021,5,null,null,null,null,La Nina
214962.0,Reef Manta Ray,Vulnerable,-0.0506,130.23940000000002,2021,5,null,null,null,null,La Nina
214962.0,Reef Manta Ray,Vulnerable,-0.11080000000000001,130.09820000000002,2021,5,null,null,null,null,La Nina
214962.0,Reef Manta Ray,Vulnerable,-0.022600000000000002,130.0961,2021,5,null,null,null,null,La Nina
214962.0,Reef Manta Ray,Vulnerable,-0.22890000000000002,130.0368,2021,5,null,null,null,null,La Nina
214962.0,Reef Manta Ray,Vulnerable,-0.1761,130.0794,2021,5,null,null,null,null,La Nina
214962.0,Reef Manta Ray,Vulnerable,-0.060500000000000005,130.0934,2021,5,null,null,null,null,La Nina
214962.0,Reef Manta Ray,Vulnerable,-0.3044,130.15980000000002,2021,5,null,null,null,null,La Nina
214962.0,Reef Manta Ray,Vulnerable,-0.19190000000000002,130.073,2021,5,null,null,null,null,La Nina
214962.0,Reef Manta Ray,Vulnerable,-0.0618,130.0104,2021,5,null,null,null,null,La Nina
214962.0,Reef Manta Ray,Vulnerable,-0.335,130.1853,2021,5,null,null,null,null,La Nina
214962.0,Reef Manta Ray,Vulnerable,-0.3279,130.1775,2021,5,null,null,null,null,La Nina
214962.0,Reef Manta Ray,Vulnerable,-0.0746,130.0234,2021,5,null,null,null,null,La Nina
214962.0,Reef Manta Ray,Vulnerable,-0.0726,130.0131,2021,5,null,null,null,null,La Nina
214962.0,Reef Manta Ray,Vulnerable,-0.06670000000000001,130.0148,2021,5,null,null,null,null,La Nina
214962.0,Reef Manta Ray,Vulnerable,-0.0901,130.1111,2021,5,null,null,null,null,La Nina
214962.0,Reef Manta Ray,Vulnerable,-0.1197,130.1985,2021,5,null,null,null,null,La Nina
214962.0,Reef Manta Ray,Vulnerable,-0.08410000000000001,130.06900000000002,2021,5,null,null,null,null,La Nina
214962.0,Reef Manta Ray,Vulnerable,-0.060200000000000004,130.03910000000002,2021,5,null,null,null,null,La Nina
214962.0,Reef Manta Ray,Vulnerable,-0.1042,130.0704,2021,5,null,null,null,null,La Nina
214962.0,Reef Manta Ray,Vulnerable,-0.08220000000000001,130.0841,2021,5,null,null,null,null,La Nina
214962.0,Reef Manta Ray,Vulnerable,-0.055400000000000005,130.0195,2021,5,null,null,null,null,La Nina
214962.0,Reef Manta Ray,Vulnerable,-0.1439,130.11350000000002,2021,5,null,null,null,null,La Nina
214962.0,Reef Manta Ray,Vulnerable,-0.1202,130.1009,2021,5,null,null,null,null,La Nina
214962.0,Reef Manta Ray,Vulnerable,-0.050300000000000004,130.0808,2021,5,null,null,null,null,La Nina
214962.0,Reef Manta Ray,Vulnerable,-0.0359,130.0945,2021,5,null,null,null,null,La Nina
214962.0,Reef Manta Ray,Vulnerable,0.037700000000000004,130.1181,2021,5,null,null,null,null,La Nina
214962.0,Reef Manta Ray,Vulnerable,-0.0762,130.04170000000002,2021,5,null,null,null,null,La Nina
214962.0,Reef Manta Ray,Vulnerable,-0.077,130.0215,2021,5,null,null,null,null,La Nina
214962.0,Reef Manta Ray,Vulnerable,-0.2164,130.1758,2021,5,null,null,null,null,La Nina
214962.0,Reef Manta Ray,Vulnerable,-0.0698,130.0112,2021,5,null,null,null,null,La Nina
214962.0,Reef Manta Ray,Vulnerable,-0.0942,130.1261,2021,5,null,null,null,null,La Nina
214962.0,Reef Manta Ray,Vulnerable,-0.0614,130.0607,2021,5,null,null,null,null,La Nina
214962.0,Reef Manta Ray,Vulnerable,-0.1447,130.1784,2021,5,null,null,null,null,La Nina
214962.0,Reef Manta Ray,Vulnerable,-0.1359,130.17170000000002,2021,5,null,null,null,null,La Nina
214962.0,Reef Manta Ray,Vulnerable,-0.155,130.13750000000002,2021,5,null,null,null,null,La Nina
214962.0,Reef Manta Ray,Vulnerable,-0.18280000000000002,130.1696,2021,5,null,null,null,null,La Nina
214962.0,Reef Manta Ray,Vulnerable,-0.09960000000000001,130.0517,2021,5,null,null,null,null,La Nina
214962.0,Reef Manta Ray,Vulnerable,-0.0719,130.0933,2021,5,null,null,null,null,La Nina
214962.0,Reef Manta Ray,Vulnerable,-0.0673,130.0945,2021,5,null,null,null,null,La Nina
214962.0,Reef Manta Ray,Vulnerable,-0.0722,130.1082,2021,5,null,null,null,null,La Nina
214962.0,Reef Manta Ray,Vulnerable,-0.0745,130.0267,2021,5,null,null,null,null,La Nina
214962.0,Reef Manta Ray,Vulnerable,-0.0704,130.0153,2021,5,null,null,null,null,La Nina
214962.0,Reef Manta Ray,Vulnerable,-0.09530000000000001,130.1013,2021,5,null,null,null,null,La Nina
214962.0,Reef Manta Ray,Vulnerable,-0.0974,130.1162,2021,5,null,null,null,null,La Nina
214962.0,Reef Manta Ray,Vulnerable,-0.053500000000000006,130.0838,2021,5,null,null,null,null,La Nina
214962.0,Reef Manta Ray,Vulnerable,-0.0742,130.0523,2021,5,null,null,null,null,La Nina
214962.0,Reef Manta Ray,Vulnerable,-0.0745,130.0198,2021,5,null,null,null,null,La Nina
214962.0,Reef Manta Ray,Vulnerable,0.0103,130.086,2021,5,null,null,null,null,La Nina
214962.0,Reef Manta Ray,Vulnerable,-0.056,130.0892,2021,5,null,null,null,null,La Nina
214962.0,Reef Manta Ray,Vulnerable,-0.0818,130.03310000000002,2021,5,null,null,null,null,La Nina
214962.0,Reef Manta Ray,Vulnerable,-0.0519,130.0914,2021,5,null,null,null,null,La Nina
214962.0,Reef Manta Ray,Vulnerable,-0.30820000000000003,130.1369,2021,5,null,null,null,null,La Nina
214962.0,Reef Manta Ray,Vulnerable,-0.10110000000000001,130.1328,2021,5,null,null,null,null,La Nina
214962.0,Reef Manta Ray,Vulnerable,-0.0067,130.095,2021,5,null,null,null,null,La Nina
214962.0,Reef Manta Ray,Vulnerable,-0.0908,130.1094,2021,5,null,null,null,null,La Nina
214962.0,Reef Manta Ray,Vulnerable,-0.0043,130.0886,2021,5,null,null,null,null,La Nina
214962.0,Reef Manta Ray,Vulnerable,-0.0476,130.09040000000002,2021,5,null,null,null,null,La Nina
214962.0,Reef Manta Ray,Vulnerable,-0.12510000000000002,130.1128,2021,5,null,null,null,null,La Nina
214962.0,Reef Manta Ray,Vulnerable,-0.167,130.08530000000002,2021,5,null,null,null,null,La Nina
214962.0,Reef Manta Ray,Vulnerable,-0.2962,130.0774,2021,5,null,null,null,null,La Nina
214962.0,Reef Manta Ray,Vulnerable,0.0322,130.12730000000002,2021,5,null,null,null,null,La Nina
214962.0,Reef Manta Ray,Vulnerable,-0.11800000000000001,130.1052,2021,5,null,null,null,null,La Nina
214962.0,Reef Manta Ray,Vulnerable,-0.1359,130.1071,2021,5,null,null,null,null,La Nina
214962.0,Reef Manta Ray,Vulnerable,-0.3623,130.1764,2021,5,null,null,null,null,La Nina
214962.0,Reef Manta Ray,Vulnerable,-0.1355,130.1086,2021,5,null,null,null,null,La Nina
214962.0,Reef Manta Ray,Vulnerable,-0.07640000000000001,130.0325,2021,5,null,null,null,null,La Nina
214962.0,Reef Manta Ray,Vulnerable,-0.3564,130.1742,2021,5,null,null,null,null,La Nina
214962.0,Reef Manta Ray,Vulnerable,-0.116,130.1655,2021,5,null,null,null,null,La Nina
214962.0,Reef Manta Ray,Vulnerable,0.0251,130.1279,2021,5,null,null,null,null,La Nina
214962.0,Reef Manta Ray,Vulnerable,-0.0801,130.1784,2021,5,null,null,null,null,La Nina
214962.0,Reef Manta Ray,Vulnerable,-0.0984,130.1389,2021,5,null,null,null,null,La Nina
214962.0,Reef Manta Ray,Vulnerable,-0.0877,130.08190000000002,2021,5,null,null,null,null,La Nina
214962.0,Reef Manta Ray,Vulnerable,-0.047400000000000005,130.03810000000001,2021,5,null,null,null,null,La Nina
214962.0,Reef Manta Ray,Vulnerable,-0.319,130.1372,2021,5,null,null,null,null,La Nina
214962.0,Reef Manta Ray,Vulnerable,-0.0692,130.0121,2021,5,null,null,null,null,La Nina
214962.0,Reef Manta Ray,Vulnerable,-0.1318,130.1474,2021,5,null,null,null,null,La Nina
214962.0,Reef Manta Ray,Vulnerable,-0.0752,130.0214,2021,5,null,null,null,null,La Nina
214962.0,Reef Manta Ray,Vulnerable,-0.3146,130.13240000000002,2021,5,null,null,null,null,La Nina
214962.0,Reef Manta Ray,Vulnerable,-0.0603,130.04170000000002,2021,5,null,null,null,null,La Nina
214962.0,Reef Manta Ray,Vulnerable,-0.3022,130.1085,2021,5,null,null,null,null,La Nina
214962.0,Reef Manta Ray,Vulnerable,-0.2066,130.0112,2021,5,null,null,null,null,La Nina
214962.0,Reef Manta Ray,Vulnerable,-0.0804,130.0309,2021,5,null,null,null,null,La Nina
214962.0,Reef Manta Ray,Vulnerable,-0.31220000000000003,130.1335,2021,5,null,null,null,null,La Nina
214962.0,Reef Manta Ray,Vulnerable,-0.21180000000000002,130.0163,2021,5,null,null,null,null,La Nina
214962.0,Reef Manta Ray,Vulnerable,-0.2235,130.02100000000002,2021,5,null,null,null,null,La Nina
214962.0,Reef Manta Ray,Vulnerable,-0.307,130.1282,2021,5,null,null,null,null,La Nina
214962.0,Reef Manta Ray,Vulnerable,-0.22710000000000002,130.0107,2021,5,null,null,null,null,La Nina
214962.0,Reef Manta Ray,Vulnerable,-0.1051,129.9615,2021,5,null,null,null,null,La Nina
214962.0,Reef Manta Ray,Vulnerable,-0.1071,129.9908,2021,5,null,null,null,null,La Nina
214962.0,Reef Manta Ray,Vulnerable,-0.1005,130.01080000000002,2021,5,null,null,null,null,La Nina
214962.0,Reef Manta Ray,Vulnerable,-0.1091,129.9598,2021,5,null,null,null,null,La Nina
214962.0,Reef Manta Ray,Vulnerable,-0.1331,130.1147,2021,5,null,null,null,null,La Nina
214962.0,Reef Manta Ray,Vulnerable,-0.09680000000000001,129.9343,2021,5,29.6218,0.0,null,null,La Nina
214962.0,Reef Manta Ray,Vulnerable,-0.0444,129.9494,2021,5,29.6218,0.0,null,null,La Nina
214962.0,Reef Manta Ray,Vulnerable,-0.0316,129.9487,2021,5,29.6218,0.0,null,null,La Nina
214962.0,Reef Manta Ray,Vulnerable,-0.027100000000000003,129.9537,2021,5,29.6218,0.0,null,null,La Nina
214962.0,Reef Manta Ray,Vulnerable,-0.0819,129.9813,2021,5,29.6218,0.0,null,null,La Nina
214962.0,Reef Manta Ray,Vulnerable,-0.023200000000000002,129.9436,2021,5,29.6218,0.0,null,null,La Nina
214962.0,Reef Manta Ray,Vulnerable,-0.0329,129.9469,2021,5,29.6218,0.0,null,null,La Nina
214962.0,Reef Manta Ray,Vulnerable,-0.07440000000000001,130.0009,2021,5,29.6218,0.0,null,null,La Nina
214962.0,Reef Manta Ray,Vulnerable,-0.0722,130.0004,2021,5,29.6218,0.0,null,null,La Nina
214962.0,Reef Manta Ray,Vulnerable,-0.099,129.96370000000002,2021,5,29.6218,0.0,null,null,La Nina
214962.0,Reef Manta Ray,Vulnerable,-0.053,129.9702,2021,5,29.6218,0.0,null,null,La Nina
214962.0,Reef Manta Ray,Vulnerable,-0.0626,129.957,2021,5,29.6218,0.0,null,null,La Nina
214962.0,Reef Manta Ray,Vulnerable,-0.053500000000000006,129.9804,2021,5,29.6218,0.0,null,null,La Nina
214962.0,Reef Manta Ray,Vulnerable,-0.0523,129.9699,2021,5,29.6218,0.0,null,null,La Nina
214962.0,Reef Manta Ray,Vulnerable,-0.048100000000000004,129.954,2021,5,29.6218,0.0,null,null,La Nina
214962.0,Reef Manta Ray,Vulnerable,-0.0536,129.9779,2021,5,29.6218,0.0,null,null,La Nina
214962.0,Reef Manta Ray,Vulnerable,-0.3992,130.2243,2021,5,null,null,null,null,La Nina
214962.0,Reef Manta Ray,Vulnerable,-0.32130000000000003,130.2269,2021,5,null,null,null,null,La Nina
214962.0,Reef Manta Ray,Vulnerable,-0.3362,130.19150000000002,2021,5,null,null,null,null,La Nina
214962.0,Reef Manta Ray,Vulnerable,-0.34700000000000003,130.2041,2021,5,null,null,null,null,La Nina
214962.0,Reef Manta Ray,Vulnerable,-0.3185,130.2058,2021,5,null,null,null,null,La Nina
214962.0,Reef Manta Ray,Vulnerable,-0.4136,130.2889,2021,5,null,null,null,null,La Nina
214962.0,Reef Manta Ray,Vulnerable,-0.3778,130.234,2021,5,null,null,null,null,La Nina
214962.0,Reef Manta Ray,Vulnerable,-0.3431,130.19920000000002,2021,5,null,null,null,null,La Nina
214962.0,Reef Manta Ray,Vulnerable,-0.3715,130.2136,2021,5,null,null,null,null,La Nina
214962.0,Reef Manta Ray,Vulnerable,-0.4021,130.2684,2021,5,null,null,null,null,La Nina
214962.0,Reef Manta Ray,Vulnerable,-0.3406,130.2567,2021,5,null,null,null,null,La Nina
214962.0,Reef Manta Ray,Vulnerable,-0.3861,130.1961,2021,5,null,null,null,null,La Nina
214962.0,Reef Manta Ray,Vulnerable,-0.41190000000000004,130.281,2021,6,null,null,null,null,La Nina
214962.0,Reef Manta Ray,Vulnerable,-0.4106,130.28220000000002,2021,6,null,null,null,null,La Nina
214962.0,Reef Manta Ray,Vulnerable,-0.4138,130.2846,2021,6,null,null,null,null,La Nina
214962.0,Reef Manta Ray,Vulnerable,-0.4123,130.27960000000002,2021,6,null,null,null,null,La Nina
214962.0,Reef Manta Ray,Vulnerable,-0.41240000000000004,130.2806,2021,6,null,null,null,null,La Nina
214962.0,Reef Manta Ray,Vulnerable,-0.4143,130.2851,2021,6,null,null,null,null,La Nina
214962.0,Reef Manta Ray,Vulnerable,-0.4072,130.2808,2021,6,null,null,null,null,La Nina
214962.0,Reef Manta Ray,Vulnerable,-0.4087,130.28900000000002,2021,6,null,null,null,null,La Nina
214962.0,Reef Manta Ray,Vulnerable,-0.4103,130.2817,2021,6,null,null,null,null,La Nina
214962.0,Reef Manta Ray,Vulnerable,-0.4096,130.28050000000002,2021,6,null,null,null,null,La Nina
214962.0,Reef Manta Ray,Vulnerable,-0.4103,130.2815,2021,6,null,null,null,null,La Nina
214962.0,Reef Manta Ray,Vulnerable,-0.41050000000000003,130.2809,2021,6,null,null,null,null,La Nina
214962.0,Reef Manta Ray,Vulnerable,-0.41300000000000003,130.28300000000002,2021,6,null,null,null,null,La Nina
214962.0,Reef Manta Ray,Vulnerable,-0.4192,130.2723,2021,6,null,null,null,null,La Nina
214962.0,Reef Manta Ray,Vulnerable,-0.41240000000000004,130.2843,2021,6,null,null,null,null,La Nina
214962.0,Reef Manta Ray,Vulnerable,-0.4146,130.2726,2021,6,null,null,null,null,La Nina
214962.0,Reef Manta Ray,Vulnerable,-0.4098,130.2821,2021,6,null,null,null,null,La Nina
214962.0,Reef Manta Ray,Vulnerable,-0.4158,130.2849,2021,6,null,null,null,null,La Nina
214962.0,Reef Manta Ray,Vulnerable,-0.401,130.286,2021,6,null,null,null,null,La Nina
214962.0,Reef Manta Ray,Vulnerable,-0.4186,130.2772,2021,6,null,null,null,null,La Nina
214962.0,Reef Manta Ray,Vulnerable,-0.419,130.2705,2021,6,null,null,null,null,La Nina
214962.0,Reef Manta Ray,Vulnerable,-0.4142,130.28480000000002,2021,6,null,null,null,null,La Nina
214962.0,Reef Manta Ray,Vulnerable,-0.41500000000000004,130.28650000000002,2021,6,null,null,null,null,La Nina
214962.0,Reef Manta Ray,Vulnerable,-0.41150000000000003,130.2901,2021,6,null,null,null,null,La Nina
214962.0,Reef Manta Ray,Vulnerable,-0.4101,130.281,2021,6,null,null,null,null,La Nina
214962.0,Reef Manta Ray,Vulnerable,-0.41100000000000003,130.2809,2021,6,null,null,null,null,La Nina
214962.0,Reef Manta Ray,Vulnerable,-0.1555,130.0824,2021,6,null,null,null,null,La Nina
214962.0,Reef Manta Ray,Vulnerable,-0.4304,130.2666,2021,6,null,null,null,null,La Nina
214962.0,Reef Manta Ray,Vulnerable,-0.1013,130.1113,2021,6,null,null,null,null,La Nina
214962.0,Reef Manta Ray,Vulnerable,-0.1534,130.11090000000002,2021,6,null,null,null,null,La Nina
214962.0,Reef Manta Ray,Vulnerable,-0.08510000000000001,130.1107,2021,6,null,null,null,null,La Nina
214962.0,Reef Manta Ray,Vulnerable,-0.1544,130.13840000000002,2021,6,null,null,null,null,La Nina
214962.0,Reef Manta Ray,Vulnerable,-0.10010000000000001,130.114,2021,6,null,null,null,null,La Nina
214962.0,Reef Manta Ray,Vulnerable,-0.1187,130.06220000000002,2021,6,null,null,null,null,La Nina
214962.0,Reef Manta Ray,Vulnerable,-0.0821,130.1138,2021,6,null,null,null,null,La Nina
214962.0,Reef Manta Ray,Vulnerable,-0.0818,130.0731,2021,6,null,null,null,null,La Nina
214962.0,Reef Manta Ray,Vulnerable,-0.10200000000000001,130.0651,2021,6,null,null,null,null,La Nina
214962.0,Reef Manta Ray,Vulnerable,-0.1165,130.0721,2021,6,null,null,null,null,La Nina
214962.0,Reef Manta Ray,Vulnerable,-0.1139,130.0709,2021,6,null,null,null,null,La Nina
214962.0,Reef Manta Ray,Vulnerable,-0.0993,130.11440000000002,2021,6,null,null,null,null,La Nina
214962.0,Reef Manta Ray,Vulnerable,-0.0742,130.01510000000002,2021,6,null,null,null,null,La Nina
214962.0,Reef Manta Ray,Vulnerable,-0.06960000000000001,130.0095,2021,6,null,null,null,null,La Nina
214962.0,Reef Manta Ray,Vulnerable,-0.10940000000000001,130.0481,2021,6,null,null,null,null,La Nina
214962.0,Reef Manta Ray,Vulnerable,-0.15460000000000002,130.0865,2021,6,null,null,null,null,La Nina
214962.0,Reef Manta Ray,Vulnerable,-0.1013,130.1071,2021,6,null,null,null,null,La Nina
214962.0,Reef Manta Ray,Vulnerable,-0.046900000000000004,130.0635,2021,6,null,null,null,null,La Nina
214962.0,Reef Manta Ray,Vulnerable,-0.0695,130.03740000000002,2021,6,null,null,null,null,La Nina
214962.0,Reef Manta Ray,Vulnerable,-0.147,130.07680000000002,2021,6,null,null,null,null,La Nina
214962.0,Reef Manta Ray,Vulnerable,-0.4136,130.2855,2021,7,null,null,null,null,La Nina
214962.0,Reef Manta Ray,Vulnerable,-0.41390000000000005,130.2825,2021,7,null,null,null,null,La Nina
214962.0,Reef Manta Ray,Vulnerable,-0.4116,130.2823,2021,7,null,null,null,null,La Nina
214962.0,Reef Manta Ray,Vulnerable,-0.4136,130.28300000000002,2021,7,null,null,null,null,La Nina
214962.0,Reef Manta Ray,Vulnerable,-0.4101,130.2842,2021,7,null,null,null,null,La Nina
214962.0,Reef Manta Ray,Vulnerable,-0.4171,130.2894,2021,7,null,null,null,null,La Nina
214962.0,Reef Manta Ray,Vulnerable,-0.41500000000000004,130.2863,2021,7,null,null,null,null,La Nina
214962.0,Reef Manta Ray,Vulnerable,-0.4128,130.28300000000002,2021,7,null,null,null,null,La Nina
214962.0,Reef Manta Ray,Vulnerable,-0.4132,130.2841,2021,7,null,null,null,null,La Nina
214962.0,Reef Manta Ray,Vulnerable,-0.4193,130.2709,2021,7,null,null,null,null,La Nina
214962.0,Reef Manta Ray,Vulnerable,-0.41440000000000005,130.2815,2021,7,null,null,null,null,La Nina
214962.0,Reef Manta Ray,Vulnerable,-0.4253,130.2647,2021,7,null,null,null,null,La Nina
214962.0,Reef Manta Ray,Vulnerable,-0.42050000000000004,130.2707,2021,7,null,null,null,null,La Nina
214962.0,Reef Manta Ray,Vulnerable,-0.4068,130.23850000000002,2021,7,null,null,null,null,La Nina
214962.0,Reef Manta Ray,Vulnerable,-0.41100000000000003,130.2821,2021,7,null,null,null,null,La Nina
214962.0,Reef Manta Ray,Vulnerable,-0.4199,130.2704,2021,7,null,null,null,null,La Nina
214962.0,Reef Manta Ray,Vulnerable,-0.41390000000000005,130.2836,2021,7,null,null,null,null,La Nina
214962.0,Reef Manta Ray,Vulnerable,-0.3592,130.2159,2021,7,null,null,null,null,La Nina
214962.0,Reef Manta Ray,Vulnerable,-0.40890000000000004,130.2815,2021,7,null,null,null,null,La Nina
214962.0,Reef Manta Ray,Vulnerable,-0.35850000000000004,130.2125,2021,7,null,null,null,null,La Nina
214962.0,Reef Manta Ray,Vulnerable,-0.40950000000000003,130.2802,2021,7,null,null,null,null,La Nina
214962.0,Reef Manta Ray,Vulnerable,-0.3551,130.2007,2021,7,null,null,null,null,La Nina
214962.0,Reef Manta Ray,Vulnerable,-0.3569,130.19310000000002,2021,7,null,null,null,null,La Nina
214962.0,Reef Manta Ray,Vulnerable,-0.4128,130.2817,2021,7,null,null,null,null,La Nina
214962.0,Reef Manta Ray,Vulnerable,-0.4198,130.2707,2021,7,null,null,null,null,La Nina
214962.0,Reef Manta Ray,Vulnerable,-0.40990000000000004,130.28220000000002,2021,7,null,null,null,null,La Nina
214962.0,Reef Manta Ray,Vulnerable,-0.40640000000000004,130.2913,2021,7,null,null,null,null,La Nina
214962.0,Reef Manta Ray,Vulnerable,-0.41100000000000003,130.2816,2021,7,null,null,null,null,La Nina
214962.0,Reef Manta Ray,Vulnerable,-0.4118,130.2808,2021,7,null,null,null,null,La Nina
214962.0,Reef Manta Ray,Vulnerable,-0.41440000000000005,130.28300000000002,2021,7,null,null,null,null,La Nina
214962.0,Reef Manta Ray,Vulnerable,-0.3377,130.1943,2021,7,null,null,null,null,La Nina
214962.0,Reef Manta Ray,Vulnerable,-0.4108,130.28300000000002,2021,7,null,null,null,null,La Nina
214962.0,Reef Manta Ray,Vulnerable,-0.4121,130.2841,2021,7,null,null,null,null,La Nina
214962.0,Reef Manta Ray,Vulnerable,-0.4057,130.2732,2021,7,null,null,null,null,La Nina
214962.0,Reef Manta Ray,Vulnerable,-0.41440000000000005,130.2832,2021,7,null,null,null,null,La Nina
214962.0,Reef Manta Ray,Vulnerable,-0.4116,130.28130000000002,2021,7,null,null,null,null,La Nina
214962.0,Reef Manta Ray,Vulnerable,-0.4147,130.2851,2021,7,null,null,null,null,La Nina
214962.0,Reef Manta Ray,Vulnerable,-0.41200000000000003,130.2915,2021,7,null,null,null,null,La Nina
214962.0,Reef Manta Ray,Vulnerable,-0.43,130.3186,2021,7,null,null,null,null,La Nina
214962.0,Reef Manta Ray,Vulnerable,-0.4218,130.3094,2021,7,null,null,null,null,La Nina
214964.0,Reef Manta Ray,Vulnerable,-0.785,130.5882,2021,4,null,null,null,null,La Nina
214964.0,Reef Manta Ray,Vulnerable,-0.8245,130.5152,2021,4,null,null,null,null,La Nina
214964.0,Reef Manta Ray,Vulnerable,-0.7939,130.5047,2021,4,null,null,null,null,La Nina
214964.0,Reef Manta Ray,Vulnerable,-0.7841,130.5503,2021,4,null,null,null,null,La Nina
214964.0,Reef Manta Ray,Vulnerable,-0.8273,130.5166,2021,4,null,null,null,null,La Nina
214964.0,Reef Manta Ray,Vulnerable,-0.6818000000000001,130.7217,2021,5,null,null,null,null,La Nina
214964.0,Reef Manta Ray,Vulnerable,-0.6934,130.734,2021,5,null,null,null,null,La Nina
214964.0,Reef Manta Ray,Vulnerable,-0.682,130.7199,2021,5,null,null,null,null,La Nina
214964.0,Reef Manta Ray,Vulnerable,-0.6836,130.7261,2021,5,null,null,null,null,La Nina
214964.0,Reef Manta Ray,Vulnerable,-0.6880000000000001,130.7281,2021,5,null,null,null,null,La Nina
214964.0,Reef Manta Ray,Vulnerable,-0.6865,130.7267,2021,5,null,null,null,null,La Nina
214964.0,Reef Manta Ray,Vulnerable,-0.6806,130.72060000000002,2021,5,null,null,null,null,La Nina
214964.0,Reef Manta Ray,Vulnerable,-0.6855,130.72560000000001,2021,5,null,null,null,null,La Nina
214964.0,Reef Manta Ray,Vulnerable,-0.6802,130.71880000000002,2021,5,null,null,null,null,La Nina
214964.0,Reef Manta Ray,Vulnerable,-0.6811,130.7187,2021,5,null,null,null,null,La Nina
214964.0,Reef Manta Ray,Vulnerable,-0.6837000000000001,130.72230000000002,2021,5,null,null,null,null,La Nina
214964.0,Reef Manta Ray,Vulnerable,-0.6898000000000001,130.72920000000002,2021,5,null,null,null,null,La Nina
214964.0,Reef Manta Ray,Vulnerable,-0.6803,130.71970000000002,2021,5,null,null,null,null,La Nina
214964.0,Reef Manta Ray,Vulnerable,-0.7757000000000001,130.5966,2021,5,null,null,null,null,La Nina
214964.0,Reef Manta Ray,Vulnerable,-0.7201000000000001,130.6852,2021,5,null,null,null,null,La Nina
214964.0,Reef Manta Ray,Vulnerable,-0.7373000000000001,130.54930000000002,2021,5,null,null,null,null,La Nina
214964.0,Reef Manta Ray,Vulnerable,-0.8099000000000001,130.51500000000001,2021,5,null,null,null,null,La Nina
214964.0,Reef Manta Ray,Vulnerable,-0.7998000000000001,130.51680000000002,2021,5,null,null,null,null,La Nina
214964.0,Reef Manta Ray,Vulnerable,-0.7702,130.6228,2021,5,null,null,null,null,La Nina
214964.0,Reef Manta Ray,Vulnerable,-0.7567,130.5667,2021,5,null,null,null,null,La Nina
214964.0,Reef Manta Ray,Vulnerable,-0.8142,130.51250000000002,2021,5,null,null,null,null,La Nina
214964.0,Reef Manta Ray,Vulnerable,-0.7968000000000001,130.5113,2021,5,null,null,null,null,La Nina
214964.0,Reef Manta Ray,Vulnerable,-0.8113,130.5152,2021,5,null,null,null,null,La Nina
214964.0,Reef Manta Ray,Vulnerable,-0.6942,130.72140000000002,2021,5,null,null,null,null,La Nina
214964.0,Reef Manta Ray,Vulnerable,-0.774,130.57930000000002,2021,5,null,null,null,null,La Nina
214964.0,Reef Manta Ray,Vulnerable,-0.7717,130.6022,2021,5,null,null,null,null,La Nina
214964.0,Reef Manta Ray,Vulnerable,-0.6912,130.7267,2021,5,null,null,null,null,La Nina
214964.0,Reef Manta Ray,Vulnerable,-0.7974,130.5153,2021,5,null,null,null,null,La Nina
214964.0,Reef Manta Ray,Vulnerable,-0.8119000000000001,130.5135,2021,5,null,null,null,null,La Nina
214964.0,Reef Manta Ray,Vulnerable,-0.7947000000000001,130.50730000000001,2021,5,null,null,null,null,La Nina
214964.0,Reef Manta Ray,Vulnerable,-0.7968000000000001,130.5157,2021,5,null,null,null,null,La Nina
214964.0,Reef Manta Ray,Vulnerable,-0.7978000000000001,130.5166,2021,5,null,null,null,null,La Nina
214964.0,Reef Manta Ray,Vulnerable,-0.8125,130.5137,2021,5,null,null,null,null,La Nina
214964.0,Reef Manta Ray,Vulnerable,-0.7933,130.5196,2021,5,null,null,null,null,La Nina
214964.0,Reef Manta Ray,Vulnerable,-0.7886000000000001,130.5055,2021,5,null,null,null,null,La Nina
214964.0,Reef Manta Ray,Vulnerable,-0.6997,130.7143,2021,5,null,null,null,null,La Nina
214964.0,Reef Manta Ray,Vulnerable,-0.6971,130.718,2021,5,null,null,null,null,La Nina
214964.0,Reef Manta Ray,Vulnerable,-0.6998000000000001,130.7175,2021,5,null,null,null,null,La Nina
214964.0,Reef Manta Ray,Vulnerable,-0.8111,130.5155,2021,5,null,null,null,null,La Nina
214964.0,Reef Manta Ray,Vulnerable,-0.8108000000000001,130.51590000000002,2021,5,null,null,null,null,La Nina
214964.0,Reef Manta Ray,Vulnerable,-0.8184,130.5169,2021,5,null,null,null,null,La Nina
214964.0,Reef Manta Ray,Vulnerable,-0.8079000000000001,130.514,2021,5,null,null,null,null,La Nina
214964.0,Reef Manta Ray,Vulnerable,-0.803,130.5075,2021,5,null,null,null,null,La Nina
214964.0,Reef Manta Ray,Vulnerable,-0.8113,130.5153,2021,5,null,null,null,null,La Nina
214964.0,Reef Manta Ray,Vulnerable,-0.6950000000000001,130.7201,2021,5,null,null,null,null,La Nina
214964.0,Reef Manta Ray,Vulnerable,-0.8112,130.5154,2021,5,null,null,null,null,La Nina
214964.0,Reef Manta Ray,Vulnerable,-0.8066,130.5152,2021,5,null,null,null,null,La Nina
214964.0,Reef Manta Ray,Vulnerable,-0.8253,130.51260000000002,2021,5,null,null,null,null,La Nina
214964.0,Reef Manta Ray,Vulnerable,-0.6994,130.7255,2021,5,null,null,null,null,La Nina
214964.0,Reef Manta Ray,Vulnerable,-0.8191,130.5169,2021,5,null,null,null,null,La Nina
214964.0,Reef Manta Ray,Vulnerable,-0.8208000000000001,130.5165,2021,5,null,null,null,null,La Nina
214964.0,Reef Manta Ray,Vulnerable,-0.6910000000000001,130.7229,2021,5,null,null,null,null,La Nina
214964.0,Reef Manta Ray,Vulnerable,-0.7013,130.7159,2021,5,null,null,null,null,La Nina
214964.0,Reef Manta Ray,Vulnerable,-0.6933,130.71970000000002,2021,5,null,null,null,null,La Nina
214964.0,Reef Manta Ray,Vulnerable,-0.7472000000000001,130.6508,2021,5,null,null,null,null,La Nina
214964.0,Reef Manta Ray,Vulnerable,-0.6976,130.71620000000001,2021,5,null,null,null,null,La Nina
214964.0,Reef Manta Ray,Vulnerable,-0.7149,130.6973,2021,5,null,null,null,null,La Nina
214964.0,Reef Manta Ray,Vulnerable,-0.8116,130.5138,2021,5,null,null,null,null,La Nina
214964.0,Reef Manta Ray,Vulnerable,-0.7955,130.51670000000001,2021,5,null,null,null,null,La Nina
214964.0,Reef Manta Ray,Vulnerable,-0.7037,130.7119,2021,5,null,null,null,null,La Nina
214964.0,Reef Manta Ray,Vulnerable,-0.6868000000000001,130.7237,2021,5,null,null,null,null,La Nina
214964.0,Reef Manta Ray,Vulnerable,-0.7033,130.711,2021,5,null,null,null,null,La Nina
214964.0,Reef Manta Ray,Vulnerable,-0.6934,130.7199,2021,5,null,null,null,null,La Nina
214964.0,Reef Manta Ray,Vulnerable,-0.7005,130.7168,2021,5,null,null,null,null,La Nina
214964.0,Reef Manta Ray,Vulnerable,-0.6874,130.7212,2021,5,null,null,null,null,La Nina
214964.0,Reef Manta Ray,Vulnerable,-0.7008,130.71540000000002,2021,5,null,null,null,null,La Nina
214964.0,Reef Manta Ray,Vulnerable,-0.6937,130.7191,2021,5,null,null,null,null,La Nina
214964.0,Reef Manta Ray,Vulnerable,-0.7003,130.7181,2021,5,null,null,null,null,La Nina
214964.0,Reef Manta Ray,Vulnerable,-0.6892,130.72150000000002,2021,5,null,null,null,null,La Nina
214964.0,Reef Manta Ray,Vulnerable,-0.6910000000000001,130.7216,2021,5,null,null,null,null,La Nina
214964.0,Reef Manta Ray,Vulnerable,-0.6889000000000001,130.7202,2021,5,null,null,null,null,La Nina
214964.0,Reef Manta Ray,Vulnerable,-0.6933,130.722,2021,5,null,null,null,null,La Nina
214964.0,Reef Manta Ray,Vulnerable,-0.6999000000000001,130.71630000000002,2021,5,null,null,null,null,La Nina
214964.0,Reef Manta Ray,Vulnerable,-0.6896,130.72310000000002,2021,5,null,null,null,null,La Nina
214964.0,Reef Manta Ray,Vulnerable,-0.6963,130.721,2021,5,null,null,null,null,La Nina
214964.0,Reef Manta Ray,Vulnerable,-0.6917,130.7218,2021,5,null,null,null,null,La Nina
214964.0,Reef Manta Ray,Vulnerable,-0.6964,130.7196,2021,5,null,null,null,null,La Nina
214964.0,Reef Manta Ray,Vulnerable,-0.6994,130.7151,2021,5,null,null,null,null,La Nina
214964.0,Reef Manta Ray,Vulnerable,-0.6918000000000001,130.7212,2021,5,null,null,null,null,La Nina
214964.0,Reef Manta Ray,Vulnerable,-0.6910000000000001,130.7177,2021,5,null,null,null,null,La Nina
214964.0,Reef Manta Ray,Vulnerable,-0.6948000000000001,130.7173,2021,5,null,null,null,null,La Nina
214964.0,Reef Manta Ray,Vulnerable,-0.7034,130.7097,2021,5,null,null,null,null,La Nina
214964.0,Reef Manta Ray,Vulnerable,-0.6933,130.7194,2021,5,null,null,null,null,La Nina
214964.0,Reef Manta Ray,Vulnerable,-0.6882,130.7212,2021,5,null,null,null,null,La Nina
214964.0,Reef Manta Ray,Vulnerable,-0.6948000000000001,130.71880000000002,2021,5,null,null,null,null,La Nina
214964.0,Reef Manta Ray,Vulnerable,-0.6966,130.717,2021,5,null,null,null,null,La Nina
214964.0,Reef Manta Ray,Vulnerable,-0.6930000000000001,130.7203,2021,5,null,null,null,null,La Nina
214964.0,Reef Manta Ray,Vulnerable,-0.6921,130.7225,2021,5,null,null,null,null,La Nina
214964.0,Reef Manta Ray,Vulnerable,-0.6987,130.7187,2021,5,null,null,null,null,La Nina
214964.0,Reef Manta Ray,Vulnerable,-0.6918000000000001,130.7227,2021,5,null,null,null,null,La Nina
214964.0,Reef Manta Ray,Vulnerable,-0.6895,130.72230000000002,2021,5,null,null,null,null,La Nina
214964.0,Reef Manta Ray,Vulnerable,-0.6897,130.7184,2021,5,null,null,null,null,La Nina
214964.0,Reef Manta Ray,Vulnerable,-0.6913,130.714,2021,5,null,null,null,null,La Nina
214964.0,Reef Manta Ray,Vulnerable,-0.6895,130.7233,2021,5,null,null,null,null,La Nina
214964.0,Reef Manta Ray,Vulnerable,-0.6890000000000001,130.72140000000002,2021,5,null,null,null,null,La Nina
214964.0,Reef Manta Ray,Vulnerable,-0.6904,130.7216,2021,5,null,null,null,null,La Nina
214964.0,Reef Manta Ray,Vulnerable,-0.6930000000000001,130.7161,2021,5,null,null,null,null,La Nina
214964.0,Reef Manta Ray,Vulnerable,-0.6855,130.7109,2021,5,null,null,null,null,La Nina
214964.0,Reef Manta Ray,Vulnerable,-0.6929000000000001,130.71720000000002,2021,5,null,null,null,null,La Nina
214964.0,Reef Manta Ray,Vulnerable,-0.6822,130.71790000000001,2021,5,null,null,null,null,La Nina
214964.0,Reef Manta Ray,Vulnerable,-0.6909000000000001,130.72150000000002,2021,5,null,null,null,null,La Nina
214964.0,Reef Manta Ray,Vulnerable,-0.6987,130.7186,2021,5,null,null,null,null,La Nina
214964.0,Reef Manta Ray,Vulnerable,-0.686,130.7173,2021,5,null,null,null,null,La Nina
214964.0,Reef Manta Ray,Vulnerable,-0.6883,130.7202,2021,5,null,null,null,null,La Nina
214964.0,Reef Manta Ray,Vulnerable,-0.6828000000000001,130.6985,2021,5,null,null,null,null,La Nina
214964.0,Reef Manta Ray,Vulnerable,-0.6846,130.7164,2021,5,null,null,null,null,La Nina
214964.0,Reef Manta Ray,Vulnerable,-0.7201000000000001,130.3904,2021,5,null,null,null,null,La Nina
214964.0,Reef Manta Ray,Vulnerable,-0.683,130.7182,2021,5,null,null,null,null,La Nina
214964.0,Reef Manta Ray,Vulnerable,-0.7056,130.746,2021,5,null,null,null,null,La Nina
214964.0,Reef Manta Ray,Vulnerable,-0.6905,130.7177,2021,5,null,null,null,null,La Nina
214964.0,Reef Manta Ray,Vulnerable,-0.6907,130.7213,2021,5,null,null,null,null,La Nina
214964.0,Reef Manta Ray,Vulnerable,-0.7011000000000001,130.41580000000002,2021,5,null,null,null,null,La Nina
214964.0,Reef Manta Ray,Vulnerable,-0.6933,130.7201,2021,5,null,null,null,null,La Nina
214964.0,Reef Manta Ray,Vulnerable,-0.6914,130.7228,2021,5,null,null,null,null,La Nina
214964.0,Reef Manta Ray,Vulnerable,-0.8107000000000001,130.5165,2021,5,null,null,null,null,La Nina
214964.0,Reef Manta Ray,Vulnerable,-0.6898000000000001,130.72390000000001,2021,5,null,null,null,null,La Nina
214964.0,Reef Manta Ray,Vulnerable,-0.6907,130.7108,2021,5,null,null,null,null,La Nina
214964.0,Reef Manta Ray,Vulnerable,-0.6894,130.72560000000001,2021,5,null,null,null,null,La Nina
214964.0,Reef Manta Ray,Vulnerable,-0.6903,130.71880000000002,2021,5,null,null,null,null,La Nina
214964.0,Reef Manta Ray,Vulnerable,-0.6920000000000001,130.7168,2021,5,null,null,null,null,La Nina
214964.0,Reef Manta Ray,Vulnerable,-0.7011000000000001,130.71550000000002,2021,5,null,null,null,null,La Nina
214964.0,Reef Manta Ray,Vulnerable,-0.6939000000000001,130.71880000000002,2021,5,null,null,null,null,La Nina
214964.0,Reef Manta Ray,Vulnerable,-0.6885,130.7204,2021,5,null,null,null,null,La Nina
214964.0,Reef Manta Ray,Vulnerable,-0.7063,130.7108,2021,5,null,null,null,null,La Nina
214964.0,Reef Manta Ray,Vulnerable,-0.6864,130.7196,2021,5,null,null,null,null,La Nina
214964.0,Reef Manta Ray,Vulnerable,-0.7251000000000001,130.3829,2021,5,null,null,null,null,La Nina
214964.0,Reef Manta Ray,Vulnerable,-0.6999000000000001,130.7204,2021,5,null,null,null,null,La Nina
214964.0,Reef Manta Ray,Vulnerable,-0.6916,130.7196,2021,5,null,null,null,null,La Nina
214964.0,Reef Manta Ray,Vulnerable,-0.6884,130.7198,2021,5,null,null,null,null,La Nina
214964.0,Reef Manta Ray,Vulnerable,-0.6881,130.7251,2021,5,null,null,null,null,La Nina
214964.0,Reef Manta Ray,Vulnerable,-0.6898000000000001,130.72060000000002,2021,5,null,null,null,null,La Nina
214964.0,Reef Manta Ray,Vulnerable,-0.6858000000000001,130.7181,2021,5,null,null,null,null,La Nina
214964.0,Reef Manta Ray,Vulnerable,-0.6897,130.72660000000002,2021,5,null,null,null,null,La Nina
214964.0,Reef Manta Ray,Vulnerable,-0.6903,130.7107,2021,5,null,null,null,null,La Nina
214964.0,Reef Manta Ray,Vulnerable,-0.6904,130.7157,2021,5,null,null,null,null,La Nina
214964.0,Reef Manta Ray,Vulnerable,-0.6835,130.70510000000002,2021,5,null,null,null,null,La Nina
214964.0,Reef Manta Ray,Vulnerable,-0.6981,130.7183,2021,5,null,null,null,null,La Nina
214964.0,Reef Manta Ray,Vulnerable,-0.6974,130.7164,2021,5,null,null,null,null,La Nina
214964.0,Reef Manta Ray,Vulnerable,-0.6944,130.7159,2021,5,null,null,null,null,La Nina
214964.0,Reef Manta Ray,Vulnerable,-0.6902,130.7191,2021,5,null,null,null,null,La Nina
214964.0,Reef Manta Ray,Vulnerable,-0.6929000000000001,130.7258,2021,5,null,null,null,null,La Nina
214964.0,Reef Manta Ray,Vulnerable,-0.6842,130.7147,2021,5,null,null,null,null,La Nina
214964.0,Reef Manta Ray,Vulnerable,-0.6894,130.7254,2021,5,null,null,null,null,La Nina
214964.0,Reef Manta Ray,Vulnerable,-0.6979000000000001,130.71460000000002,2021,5,null,null,null,null,La Nina
214964.0,Reef Manta Ray,Vulnerable,-0.6914,130.7216,2021,5,null,null,null,null,La Nina
214964.0,Reef Manta Ray,Vulnerable,-0.6882,130.72310000000002,2021,5,null,null,null,null,La Nina
214964.0,Reef Manta Ray,Vulnerable,-0.787,130.5688,2021,6,null,null,null,null,La Nina
214964.0,Reef Manta Ray,Vulnerable,-0.8048000000000001,130.5812,2021,6,null,null,null,null,La Nina
214964.0,Reef Manta Ray,Vulnerable,-0.8084,130.5756,2021,6,null,null,null,null,La Nina
214964.0,Reef Manta Ray,Vulnerable,-0.8102,130.5753,2021,6,null,null,null,null,La Nina
214964.0,Reef Manta Ray,Vulnerable,-0.7619,130.4976,2021,6,null,null,null,null,La Nina
214964.0,Reef Manta Ray,Vulnerable,-0.37320000000000003,130.21290000000002,2021,6,null,null,null,null,La Nina
214964.0,Reef Manta Ray,Vulnerable,-0.7841,130.58020000000002,2021,6,null,null,null,null,La Nina
214964.0,Reef Manta Ray,Vulnerable,-0.8007000000000001,130.5763,2021,6,null,null,null,null,La Nina
214964.0,Reef Manta Ray,Vulnerable,-0.8102,130.596,2021,6,null,null,null,null,La Nina
214964.0,Reef Manta Ray,Vulnerable,-0.35950000000000004,130.217,2021,6,null,null,null,null,La Nina
214964.0,Reef Manta Ray,Vulnerable,-0.4091,130.2841,2021,6,null,null,null,null,La Nina
214964.0,Reef Manta Ray,Vulnerable,-0.8083,130.5757,2021,6,null,null,null,null,La Nina
214964.0,Reef Manta Ray,Vulnerable,-0.3539,130.1998,2021,6,null,null,null,null,La Nina
214964.0,Reef Manta Ray,Vulnerable,-0.35750000000000004,130.2011,2021,6,null,null,null,null,La Nina
214964.0,Reef Manta Ray,Vulnerable,-0.4118,130.2778,2021,6,null,null,null,null,La Nina
214964.0,Reef Manta Ray,Vulnerable,-0.3568,130.1988,2021,6,null,null,null,null,La Nina
214964.0,Reef Manta Ray,Vulnerable,-0.6135,130.3697,2021,6,null,null,null,null,La Nina
214964.0,Reef Manta Ray,Vulnerable,-0.8121,130.59980000000002,2021,6,null,null,null,null,La Nina
214964.0,Reef Manta Ray,Vulnerable,-0.6037,130.3744,2021,6,null,null,null,null,La Nina
214964.0,Reef Manta Ray,Vulnerable,-0.4126,130.2837,2021,6,null,null,null,null,La Nina
214964.0,Reef Manta Ray,Vulnerable,-0.4217,130.3057,2021,6,null,null,null,null,La Nina
214964.0,Reef Manta Ray,Vulnerable,-0.4123,130.2803,2021,6,null,null,null,null,La Nina
214964.0,Reef Manta Ray,Vulnerable,-0.3543,130.20000000000002,2021,6,null,null,null,null,La Nina
214964.0,Reef Manta Ray,Vulnerable,-0.3557,130.1982,2021,6,null,null,null,null,La Nina
214964.0,Reef Manta Ray,Vulnerable,-0.3554,130.2013,2021,6,null,null,null,null,La Nina
214964.0,Reef Manta Ray,Vulnerable,-0.8119000000000001,130.5987,2021,6,null,null,null,null,La Nina
214964.0,Reef Manta Ray,Vulnerable,-0.355,130.2004,2021,6,null,null,null,null,La Nina
214964.0,Reef Manta Ray,Vulnerable,-0.3549,130.20090000000002,2021,6,null,null,null,null,La Nina
214964.0,Reef Manta Ray,Vulnerable,-0.3582,130.1963,2021,6,null,null,null,null,La Nina
214964.0,Reef Manta Ray,Vulnerable,-0.3578,130.1969,2021,6,null,null,null,null,La Nina
214964.0,Reef Manta Ray,Vulnerable,-0.3563,130.1997,2021,6,null,null,null,null,La Nina
214964.0,Reef Manta Ray,Vulnerable,-0.8017000000000001,130.5826,2021,6,null,null,null,null,La Nina
214964.0,Reef Manta Ray,Vulnerable,-0.8029000000000001,130.5894,2021,6,null,null,null,null,La Nina
214964.0,Reef Manta Ray,Vulnerable,-0.3582,130.1962,2021,6,null,null,null,null,La Nina
214964.0,Reef Manta Ray,Vulnerable,-0.4161,130.2844,2021,6,null,null,null,null,La Nina
214964.0,Reef Manta Ray,Vulnerable,-0.3537,130.1935,2021,6,null,null,null,null,La Nina
214964.0,Reef Manta Ray,Vulnerable,-0.7918000000000001,130.5773,2021,6,null,null,null,null,La Nina
214964.0,Reef Manta Ray,Vulnerable,-0.3553,130.1997,2021,6,null,null,null,null,La Nina
214964.0,Reef Manta Ray,Vulnerable,-0.361,130.217,2021,6,null,null,null,null,La Nina
214964.0,Reef Manta Ray,Vulnerable,-0.7993,130.5824,2021,6,null,null,null,null,La Nina
214964.0,Reef Manta Ray,Vulnerable,-0.3598,130.2165,2021,6,null,null,null,null,La Nina
214964.0,Reef Manta Ray,Vulnerable,-0.3587,130.21450000000002,2021,6,null,null,null,null,La Nina
214964.0,Reef Manta Ray,Vulnerable,-0.3629,130.2148,2021,6,null,null,null,null,La Nina
214964.0,Reef Manta Ray,Vulnerable,-0.36110000000000003,130.21550000000002,2021,6,null,null,null,null,La Nina
214964.0,Reef Manta Ray,Vulnerable,-0.3577,130.1967,2021,6,null,null,null,null,La Nina
214964.0,Reef Manta Ray,Vulnerable,-0.40940000000000004,130.2833,2021,6,null,null,null,null,La Nina
214964.0,Reef Manta Ray,Vulnerable,-0.4015,130.2827,2021,6,null,null,null,null,La Nina
214964.0,Reef Manta Ray,Vulnerable,-0.40950000000000003,130.2825,2021,6,null,null,null,null,La Nina
214964.0,Reef Manta Ray,Vulnerable,-0.40900000000000003,130.2827,2021,6,null,null,null,null,La Nina
214964.0,Reef Manta Ray,Vulnerable,-0.7979,130.5829,2021,6,null,null,null,null,La Nina
214964.0,Reef Manta Ray,Vulnerable,-0.4102,130.2825,2021,6,null,null,null,null,La Nina
214964.0,Reef Manta Ray,Vulnerable,-0.40750000000000003,130.2809,2021,6,null,null,null,null,La Nina
214964.0,Reef Manta Ray,Vulnerable,-0.8023,130.58530000000002,2021,6,null,null,null,null,La Nina
214964.0,Reef Manta Ray,Vulnerable,-0.4101,130.28140000000002,2021,6,null,null,null,null,La Nina
214964.0,Reef Manta Ray,Vulnerable,-0.6910000000000001,130.42770000000002,2021,6,null,null,null,null,La Nina
214964.0,Reef Manta Ray,Vulnerable,-0.4093,130.28470000000002,2021,6,null,null,null,null,La Nina
214964.0,Reef Manta Ray,Vulnerable,-0.4108,130.2833,2021,6,null,null,null,null,La Nina
214964.0,Reef Manta Ray,Vulnerable,-0.4128,130.3058,2021,6,null,null,null,null,La Nina
214964.0,Reef Manta Ray,Vulnerable,-0.4117,130.2846,2021,6,null,null,null,null,La Nina
214964.0,Reef Manta Ray,Vulnerable,-0.3569,130.1943,2021,6,null,null,null,null,La Nina
214964.0,Reef Manta Ray,Vulnerable,-0.4141,130.28220000000002,2021,6,null,null,null,null,La Nina
214964.0,Reef Manta Ray,Vulnerable,-0.41000000000000003,130.28040000000001,2021,6,null,null,null,null,La Nina
214964.0,Reef Manta Ray,Vulnerable,-0.4112,130.2846,2021,6,null,null,null,null,La Nina
214964.0,Reef Manta Ray,Vulnerable,-0.3608,130.2053,2021,6,null,null,null,null,La Nina
214964.0,Reef Manta Ray,Vulnerable,-0.8009000000000001,130.5804,2021,6,null,null,null,null,La Nina
214964.0,Reef Manta Ray,Vulnerable,-0.41440000000000005,130.2825,2021,6,null,null,null,null,La Nina
214964.0,Reef Manta Ray,Vulnerable,-0.41050000000000003,130.28130000000002,2021,6,null,null,null,null,La Nina
214964.0,Reef Manta Ray,Vulnerable,-0.4133,130.2845,2021,6,null,null,null,null,La Nina
214964.0,Reef Manta Ray,Vulnerable,-0.3579,130.2012,2021,6,null,null,null,null,La Nina
214964.0,Reef Manta Ray,Vulnerable,-0.3488,130.1861,2021,6,null,null,null,null,La Nina
214964.0,Reef Manta Ray,Vulnerable,-0.3488,130.1847,2021,6,null,null,null,null,La Nina
214964.0,Reef Manta Ray,Vulnerable,-0.3549,130.2022,2021,6,null,null,null,null,La Nina
214964.0,Reef Manta Ray,Vulnerable,-0.36010000000000003,130.2083,2021,6,null,null,null,null,La Nina
214964.0,Reef Manta Ray,Vulnerable,-0.4101,130.2885,2021,6,null,null,null,null,La Nina
214964.0,Reef Manta Ray,Vulnerable,-0.4102,130.28050000000002,2021,6,null,null,null,null,La Nina
214964.0,Reef Manta Ray,Vulnerable,-0.4092,130.2777,2021,6,null,null,null,null,La Nina
214964.0,Reef Manta Ray,Vulnerable,-0.4098,130.2876,2021,6,null,null,null,null,La Nina
214964.0,Reef Manta Ray,Vulnerable,-0.40800000000000003,130.2832,2021,6,null,null,null,null,La Nina
214964.0,Reef Manta Ray,Vulnerable,-0.419,130.3029,2021,6,null,null,null,null,La Nina
214964.0,Reef Manta Ray,Vulnerable,-0.8044,130.5805,2021,6,null,null,null,null,La Nina
214964.0,Reef Manta Ray,Vulnerable,-0.42010000000000003,130.3047,2021,6,null,null,null,null,La Nina
214964.0,Reef Manta Ray,Vulnerable,-0.4068,130.2675,2021,6,null,null,null,null,La Nina
214964.0,Reef Manta Ray,Vulnerable,-0.8087000000000001,130.5763,2021,6,null,null,null,null,La Nina
214964.0,Reef Manta Ray,Vulnerable,-0.7891,130.57240000000002,2021,6,null,null,null,null,La Nina
214964.0,Reef Manta Ray,Vulnerable,-0.6576000000000001,130.4341,2021,6,null,null,null,null,La Nina
214964.0,Reef Manta Ray,Vulnerable,-0.7951,130.5292,2021,6,null,null,null,null,La Nina
214964.0,Reef Manta Ray,Vulnerable,-0.8087000000000001,130.605,2021,6,null,null,null,null,La Nina
214964.0,Reef Manta Ray,Vulnerable,-0.4123,130.28480000000002,2021,6,null,null,null,null,La Nina
214964.0,Reef Manta Ray,Vulnerable,-0.4012,130.21630000000002,2021,6,null,null,null,null,La Nina
214964.0,Reef Manta Ray,Vulnerable,-0.7899,130.579,2021,6,null,null,null,null,La Nina
214964.0,Reef Manta Ray,Vulnerable,-0.786,130.58520000000001,2021,6,null,null,null,null,La Nina
214964.0,Reef Manta Ray,Vulnerable,-0.7993,130.57920000000001,2021,6,null,null,null,null,La Nina
214964.0,Reef Manta Ray,Vulnerable,-0.7928000000000001,130.5377,2021,6,null,null,null,null,La Nina
214964.0,Reef Manta Ray,Vulnerable,-0.788,130.5833,2021,6,null,null,null,null,La Nina
214964.0,Reef Manta Ray,Vulnerable,-0.7971,130.5771,2021,6,null,null,null,null,La Nina
214964.0,Reef Manta Ray,Vulnerable,-0.7853,130.56390000000002,2021,6,null,null,null,null,La Nina
214964.0,Reef Manta Ray,Vulnerable,-0.7885000000000001,130.556,2021,6,null,null,null,null,La Nina
214964.0,Reef Manta Ray,Vulnerable,-0.7969,130.5777,2021,6,null,null,null,null,La Nina
214964.0,Reef Manta Ray,Vulnerable,-0.8017000000000001,130.5833,2021,6,null,null,null,null,La Nina
214964.0,Reef Manta Ray,Vulnerable,-0.8013,130.5794,2021,6,null,null,null,null,La Nina
214964.0,Reef Manta Ray,Vulnerable,-0.7831,130.5661,2021,6,null,null,null,null,La Nina
214964.0,Reef Manta Ray,Vulnerable,-0.7914,130.58950000000002,2021,6,null,null,null,null,La Nina
214964.0,Reef Manta Ray,Vulnerable,-0.7507,130.6433,2021,6,null,null,null,null,La Nina
214964.0,Reef Manta Ray,Vulnerable,-0.40240000000000004,130.2798,2021,6,null,null,null,null,La Nina
214964.0,Reef Manta Ray,Vulnerable,-0.7923,130.5777,2021,6,null,null,null,null,La Nina
214964.0,Reef Manta Ray,Vulnerable,-0.7931,130.5363,2021,6,null,null,null,null,La Nina
214964.0,Reef Manta Ray,Vulnerable,-0.796,130.5366,2021,6,null,null,null,null,La Nina
214964.0,Reef Manta Ray,Vulnerable,-0.7875000000000001,130.5368,2021,6,null,null,null,null,La Nina
214964.0,Reef Manta Ray,Vulnerable,-0.7873,130.5755,2021,6,null,null,null,null,La Nina
214964.0,Reef Manta Ray,Vulnerable,-0.8224,130.60410000000002,2021,6,null,null,null,null,La Nina
214964.0,Reef Manta Ray,Vulnerable,-0.7852,130.555,2021,6,null,null,null,null,La Nina
214964.0,Reef Manta Ray,Vulnerable,-0.7874,130.5811,2021,6,null,null,null,null,La Nina
214964.0,Reef Manta Ray,Vulnerable,-0.7994,130.5816,2021,6,null,null,null,null,La Nina
214964.0,Reef Manta Ray,Vulnerable,-0.6796,130.4699,2021,6,null,null,null,null,La Nina
214964.0,Reef Manta Ray,Vulnerable,-0.7916000000000001,130.5214,2021,6,null,null,null,null,La Nina
214964.0,Reef Manta Ray,Vulnerable,-0.7869,130.57420000000002,2021,6,null,null,null,null,La Nina
214964.0,Reef Manta Ray,Vulnerable,-0.8138000000000001,130.5986,2021,6,null,null,null,null,La Nina
214964.0,Reef Manta Ray,Vulnerable,-0.7918000000000001,130.59130000000002,2021,6,null,null,null,null,La Nina
214964.0,Reef Manta Ray,Vulnerable,-0.7879,130.5857,2021,6,null,null,null,null,La Nina
214964.0,Reef Manta Ray,Vulnerable,-0.7954,130.582,2021,6,null,null,null,null,La Nina
214964.0,Reef Manta Ray,Vulnerable,-0.7835000000000001,130.5183,2021,6,null,null,null,null,La Nina
214964.0,Reef Manta Ray,Vulnerable,-0.7903,130.578,2021,6,null,null,null,null,La Nina
214964.0,Reef Manta Ray,Vulnerable,-0.4097,130.28570000000002,2021,6,null,null,null,null,La Nina
214964.0,Reef Manta Ray,Vulnerable,-0.796,130.5779,2021,6,null,null,null,null,La Nina
214964.0,Reef Manta Ray,Vulnerable,-0.7809,130.4958,2021,6,null,null,null,null,La Nina
214964.0,Reef Manta Ray,Vulnerable,-0.4088,130.28220000000002,2021,6,null,null,null,null,La Nina
214964.0,Reef Manta Ray,Vulnerable,-0.42,130.2903,2021,6,null,null,null,null,La Nina
214964.0,Reef Manta Ray,Vulnerable,-0.36050000000000004,130.211,2021,6,null,null,null,null,La Nina
214964.0,Reef Manta Ray,Vulnerable,-0.42160000000000003,130.3083,2021,6,null,null,null,null,La Nina
214964.0,Reef Manta Ray,Vulnerable,-0.8026000000000001,130.5774,2021,6,null,null,null,null,La Nina
214964.0,Reef Manta Ray,Vulnerable,-0.67,130.464,2021,7,null,null,null,null,La Nina
214964.0,Reef Manta Ray,Vulnerable,-0.6931,130.4478,2021,7,null,null,null,null,La Nina
214964.0,Reef Manta Ray,Vulnerable,-0.6928000000000001,130.4493,2021,7,null,null,null,null,La Nina
214964.0,Reef Manta Ray,Vulnerable,-0.6938000000000001,130.4366,2021,7,null,null,null,null,La Nina
226829.0,Reef Manta Ray,Vulnerable,-2.1349,130.81050000000002,2022,6,29.701,0.0,null,null,La Nina
226829.0,Reef Manta Ray,Vulnerable,-2.0395000000000003,130.8536,2022,6,29.701,0.0,null,null,La Nina
226829.0,Reef Manta Ray,Vulnerable,-2.144,130.8116,2022,6,29.701,0.0,null,null,La Nina
226829.0,Reef Manta Ray,Vulnerable,-2.1405000000000003,130.8513,2022,6,29.701,0.0,null,null,La Nina
226829.0,Reef Manta Ray,Vulnerable,-2.1737,130.9011,2022,6,29.701,0.0,null,null,La Nina
226829.0,Reef Manta Ray,Vulnerable,-2.1398,130.8135,2022,6,29.701,0.0,null,null,La Nina
226829.0,Reef Manta Ray,Vulnerable,-2.1538,130.8339,2022,6,29.701,0.0,null,null,La Nina
226829.0,Reef Manta Ray,Vulnerable,-2.1163000000000003,130.8551,2022,6,29.701,0.0,null,null,La Nina
226829.0,Reef Manta Ray,Vulnerable,-2.1278,130.8372,2022,6,29.701,0.0,null,null,La Nina
226829.0,Reef Manta Ray,Vulnerable,-2.1384000000000003,130.7858,2022,6,29.701,0.0,null,null,La Nina
226829.0,Reef Manta Ray,Vulnerable,-2.1504000000000003,130.83880000000002,2022,6,29.701,0.0,null,null,La Nina
226829.0,Reef Manta Ray,Vulnerable,-2.1379,130.8034,2022,6,29.701,0.0,null,null,La Nina
226829.0,Reef Manta Ray,Vulnerable,-2.1259,130.8367,2022,6,29.701,0.0,null,null,La Nina
226829.0,Reef Manta Ray,Vulnerable,-2.1322,130.8381,2022,6,29.701,0.0,null,null,La Nina
226829.0,Reef Manta Ray,Vulnerable,-2.1264000000000003,130.83440000000002,2022,6,29.701,0.0,null,null,La Nina
226829.0,Reef Manta Ray,Vulnerable,-2.1074,130.6479,2022,6,null,null,null,null,La Nina
226829.0,Reef Manta Ray,Vulnerable,-2.179,130.635,2022,6,null,null,null,null,La Nina
226829.0,Reef Manta Ray,Vulnerable,-2.1224000000000003,130.7605,2022,6,null,null,null,null,La Nina
226829.0,Reef Manta Ray,Vulnerable,-2.0745,130.78050000000002,2022,6,null,null,null,null,La Nina
226829.0,Reef Manta Ray,Vulnerable,-2.1488,130.68630000000002,2022,6,null,null,null,null,La Nina
226829.0,Reef Manta Ray,Vulnerable,-2.1798,130.6287,2022,6,null,null,null,null,La Nina
226829.0,Reef Manta Ray,Vulnerable,-2.1332,130.775,2022,6,null,null,null,null,La Nina
226829.0,Reef Manta Ray,Vulnerable,-2.0534,130.7912,2022,6,null,null,null,null,La Nina
226829.0,Reef Manta Ray,Vulnerable,-2.1463,130.6687,2022,6,null,null,null,null,La Nina
226829.0,Reef Manta Ray,Vulnerable,-2.1254,130.7019,2022,6,null,null,null,null,La Nina
226829.0,Reef Manta Ray,Vulnerable,-2.1204,130.7116,2022,6,null,null,null,null,La Nina
226829.0,Reef Manta Ray,Vulnerable,-2.1445000000000003,130.88150000000002,2022,6,29.701,0.0,null,null,La Nina
226829.0,Reef Manta Ray,Vulnerable,-2.251,130.54250000000002,2022,6,null,null,null,null,La Nina
226829.0,Reef Manta Ray,Vulnerable,-2.2674000000000003,130.622,2022,6,null,null,null,null,La Nina
226829.0,Reef Manta Ray,Vulnerable,-2.2742,130.6517,2022,6,null,null,null,null,La Nina
226829.0,Reef Manta Ray,Vulnerable,-2.3043,130.6321,2022,7,null,null,null,null,La Nina
226829.0,Reef Manta Ray,Vulnerable,-2.3018,130.6215,2022,7,null,null,null,null,La Nina
226829.0,Reef Manta Ray,Vulnerable,-2.3003,130.6214,2022,7,null,null,null,null,La Nina
226829.0,Reef Manta Ray,Vulnerable,-2.309,130.6302,2022,7,null,null,null,null,La Nina
226829.0,Reef Manta Ray,Vulnerable,-2.2983000000000002,130.61350000000002,2022,7,null,null,null,null,La Nina
226829.0,Reef Manta Ray,Vulnerable,-2.1061,130.8049,2022,7,28.715300000000003,0.0,null,null,La Nina
226829.0,Reef Manta Ray,Vulnerable,-2.3049,130.62980000000002,2022,7,null,null,null,null,La Nina
226829.0,Reef Manta Ray,Vulnerable,-2.3075,130.6329,2022,7,null,null,null,null,La Nina
226829.0,Reef Manta Ray,Vulnerable,-2.1096,130.8025,2022,7,28.715300000000003,0.0,null,null,La Nina
226829.0,Reef Manta Ray,Vulnerable,-2.1038,130.8043,2022,7,28.715300000000003,0.0,null,null,La Nina
226829.0,Reef Manta Ray,Vulnerable,-2.1758,130.62630000000001,2022,7,null,null,null,null,La Nina
226829.0,Reef Manta Ray,Vulnerable,-2.251,130.54250000000002,2022,7,null,null,null,null,La Nina
226829.0,Reef Manta Ray,Vulnerable,-2.0139,130.79,2022,7,null,null,null,null,La Nina
226829.0,Reef Manta Ray,Vulnerable,-2.1654,130.7288,2022,7,null,null,null,null,La Nina
226829.0,Reef Manta Ray,Vulnerable,-2.1045000000000003,130.805,2022,7,28.715300000000003,0.0,null,null,La Nina
226829.0,Reef Manta Ray,Vulnerable,-2.3011,130.6202,2022,7,null,null,null,null,La Nina
226829.0,Reef Manta Ray,Vulnerable,-2.0721000000000003,130.7568,2022,7,null,null,null,null,La Nina
226829.0,Reef Manta Ray,Vulnerable,-2.0716,130.7482,2022,7,null,null,null,null,La Nina
226829.0,Reef Manta Ray,Vulnerable,-2.1798,130.6309,2022,7,null,null,null,null,La Nina
226829.0,Reef Manta Ray,Vulnerable,-2.0909,130.7886,2022,7,null,null,null,null,La Nina
226829.0,Reef Manta Ray,Vulnerable,-2.1590000000000003,130.5943,2022,7,null,null,null,null,La Nina
226829.0,Reef Manta Ray,Vulnerable,-2.1746000000000003,130.6244,2022,7,null,null,null,null,La Nina
226829.0,Reef Manta Ray,Vulnerable,-2.182,130.63060000000002,2022,7,null,null,null,null,La Nina
226829.0,Reef Manta Ray,Vulnerable,-2.0426,130.7618,2022,7,null,null,null,null,La Nina
226829.0,Reef Manta Ray,Vulnerable,-2.1711,130.6275,2022,7,null,null,null,null,La Nina
226829.0,Reef Manta Ray,Vulnerable,-2.16,130.5945,2022,7,null,null,null,null,La Nina
226829.0,Reef Manta Ray,Vulnerable,-2.1583,130.5951,2022,7,null,null,null,null,La Nina
226829.0,Reef Manta Ray,Vulnerable,-2.1724,130.6274,2022,7,null,null,null,null,La Nina
226829.0,Reef Manta Ray,Vulnerable,-2.0591,130.9872,2022,7,28.715300000000003,0.0,null,null,La Nina
226829.0,Reef Manta Ray,Vulnerable,-2.3032,130.61090000000002,2022,7,null,null,null,null,La Nina
226829.0,Reef Manta Ray,Vulnerable,-2.1766,130.62560000000002,2022,7,null,null,null,null,La Nina
226829.0,Reef Manta Ray,Vulnerable,-2.1796,130.6287,2022,7,null,null,null,null,La Nina
226829.0,Reef Manta Ray,Vulnerable,-2.1816,130.62980000000002,2022,7,null,null,null,null,La Nina
226829.0,Reef Manta Ray,Vulnerable,-2.1761,130.62800000000001,2022,7,null,null,null,null,La Nina
226829.0,Reef Manta Ray,Vulnerable,-2.1729000000000003,130.6274,2022,7,null,null,null,null,La Nina
226829.0,Reef Manta Ray,Vulnerable,-2.1613,130.669,2022,7,null,null,null,null,La Nina
226830.0,Reef Manta Ray,Vulnerable,-1.2574,129.7569,2022,5,29.6495,0.0,null,null,La Nina
226830.0,Reef Manta Ray,Vulnerable,-1.217,129.6501,2022,5,null,null,null,null,La Nina
226830.0,Reef Manta Ray,Vulnerable,-1.2272,129.6519,2022,5,null,null,null,null,La Nina
226830.0,Reef Manta Ray,Vulnerable,-1.2253,129.6354,2022,5,null,null,null,null,La Nina
226830.0,Reef Manta Ray,Vulnerable,-1.2137,129.6509,2022,6,null,null,null,null,La Nina
226830.0,Reef Manta Ray,Vulnerable,-1.2702,129.6813,2022,6,null,null,null,null,La Nina
226830.0,Reef Manta Ray,Vulnerable,-1.2513,129.6729,2022,6,null,null,null,null,La Nina
226830.0,Reef Manta Ray,Vulnerable,-1.2509000000000001,129.6779,2022,6,null,null,null,null,La Nina
226830.0,Reef Manta Ray,Vulnerable,-1.2277,129.6542,2022,6,null,null,null,null,La Nina
226830.0,Reef Manta Ray,Vulnerable,-1.2265000000000001,129.6533,2022,6,null,null,null,null,La Nina
226830.0,Reef Manta Ray,Vulnerable,-1.2126000000000001,129.6544,2022,6,null,null,null,null,La Nina
226830.0,Reef Manta Ray,Vulnerable,-1.2723,129.6779,2022,6,null,null,null,null,La Nina
226830.0,Reef Manta Ray,Vulnerable,-1.2279,129.6553,2022,6,null,null,null,null,La Nina
226830.0,Reef Manta Ray,Vulnerable,-1.2131,129.6484,2022,6,null,null,null,null,La Nina
226830.0,Reef Manta Ray,Vulnerable,-1.2878,129.66660000000002,2022,6,null,null,null,null,La Nina
226830.0,Reef Manta Ray,Vulnerable,-1.228,129.6463,2022,6,null,null,null,null,La Nina
226830.0,Reef Manta Ray,Vulnerable,-1.2211,129.6474,2022,6,null,null,null,null,La Nina
226830.0,Reef Manta Ray,Vulnerable,-1.2456,129.67690000000002,2022,6,null,null,null,null,La Nina
226830.0,Reef Manta Ray,Vulnerable,-1.228,129.6676,2022,6,null,null,null,null,La Nina
226830.0,Reef Manta Ray,Vulnerable,-1.2343,129.6519,2022,6,null,null,null,null,La Nina
226830.0,Reef Manta Ray,Vulnerable,-1.2351,129.651,2022,6,null,null,null,null,La Nina
226830.0,Reef Manta Ray,Vulnerable,-1.2318,129.6562,2022,6,null,null,null,null,La Nina
226830.0,Reef Manta Ray,Vulnerable,-1.2374,129.6511,2022,6,null,null,null,null,La Nina
226830.0,Reef Manta Ray,Vulnerable,-1.2362,129.6534,2022,6,null,null,null,null,La Nina
226830.0,Reef Manta Ray,Vulnerable,-1.2766,129.6721,2022,6,null,null,null,null,La Nina
226830.0,Reef Manta Ray,Vulnerable,-1.2462,129.67430000000002,2022,6,null,null,null,null,La Nina
226830.0,Reef Manta Ray,Vulnerable,-1.2363,129.6536,2022,6,null,null,null,null,La Nina
226830.0,Reef Manta Ray,Vulnerable,-1.2750000000000001,129.6813,2022,6,null,null,null,null,La Nina
226830.0,Reef Manta Ray,Vulnerable,-1.2503,129.6757,2022,6,null,null,null,null,La Nina
226830.0,Reef Manta Ray,Vulnerable,-1.2118,129.6542,2022,6,null,null,null,null,La Nina
226830.0,Reef Manta Ray,Vulnerable,-1.2403,129.6527,2022,6,null,null,null,null,La Nina
226830.0,Reef Manta Ray,Vulnerable,-1.2267000000000001,129.6544,2022,6,null,null,null,null,La Nina
226830.0,Reef Manta Ray,Vulnerable,-1.2534,129.68120000000002,2022,6,null,null,null,null,La Nina
226830.0,Reef Manta Ray,Vulnerable,-1.2368000000000001,129.6545,2022,6,null,null,null,null,La Nina
226830.0,Reef Manta Ray,Vulnerable,-1.2324000000000002,129.6544,2022,6,null,null,null,null,La Nina
226830.0,Reef Manta Ray,Vulnerable,-1.2279,129.6534,2022,6,null,null,null,null,La Nina
226830.0,Reef Manta Ray,Vulnerable,-1.2473,129.6739,2022,6,null,null,null,null,La Nina
226830.0,Reef Manta Ray,Vulnerable,-1.2327000000000001,129.6544,2022,6,null,null,null,null,La Nina
226830.0,Reef Manta Ray,Vulnerable,-1.2374,129.6511,2022,6,null,null,null,null,La Nina
226830.0,Reef Manta Ray,Vulnerable,-1.2473,129.6731,2022,6,null,null,null,null,La Nina
226830.0,Reef Manta Ray,Vulnerable,-1.2137,129.6565,2022,6,null,null,null,null,La Nina
226830.0,Reef Manta Ray,Vulnerable,-1.1538000000000002,129.41750000000002,2022,6,null,null,null,null,La Nina
226830.0,Reef Manta Ray,Vulnerable,-1.2328000000000001,129.6556,2022,6,null,null,null,null,La Nina
226830.0,Reef Manta Ray,Vulnerable,-1.1534,129.7157,2022,6,29.4937,0.0,null,null,La Nina
226830.0,Reef Manta Ray,Vulnerable,-1.1995,129.6535,2022,6,29.4937,0.0,null,null,La Nina
226830.0,Reef Manta Ray,Vulnerable,-1.2154,129.6644,2022,6,29.4937,0.0,null,null,La Nina
226830.0,Reef Manta Ray,Vulnerable,-1.2452,129.678,2022,6,null,null,null,null,La Nina
226830.0,Reef Manta Ray,Vulnerable,-1.2322,129.65370000000001,2022,6,null,null,null,null,La Nina
226830.0,Reef Manta Ray,Vulnerable,-1.2295,129.65630000000002,2022,6,null,null,null,null,La Nina
226830.0,Reef Manta Ray,Vulnerable,-1.154,129.417,2022,6,null,null,null,null,La Nina
226830.0,Reef Manta Ray,Vulnerable,-1.1606,129.39170000000001,2022,6,null,null,null,null,La Nina
226830.0,Reef Manta Ray,Vulnerable,-1.2329,129.6569,2022,6,null,null,null,null,La Nina
226830.0,Reef Manta Ray,Vulnerable,-1.2594,129.6773,2022,6,null,null,null,null,La Nina
226830.0,Reef Manta Ray,Vulnerable,-1.2536,129.67950000000002,2022,6,null,null,null,null,La Nina
226830.0,Reef Manta Ray,Vulnerable,-1.2215,129.631,2022,6,null,null,null,null,La Nina
226830.0,Reef Manta Ray,Vulnerable,-1.199,129.43200000000002,2022,6,null,null,null,null,La Nina
226830.0,Reef Manta Ray,Vulnerable,-1.1616,129.39950000000002,2022,6,null,null,null,null,La Nina
