animal_id,species_common,iucn_status,latitude,longitude,year,month,sea_surface_temperature,habitat_stress_index,degree_heating_week,bleaching_alert_category,enso_phase
100489,Whale Shark,Endangered,28.112,-90.925,2013,6,29.2,0.0,,,La Nina
100489,Whale Shark,Endangered,28.0890007,-90.92800903,2013,6,29.2,0.0,,,La Nina
100489,Whale Shark,Endangered,28.089,-90.928,2013,6,29.2,0.0,,,La Nina
100489,Whale Shark,Endangered,28.166,-91.144,2013,6,29.13,0.0,,,La Nina
100489,Whale Shark,Endangered,28.045,-90.857,2013,6,29.2,0.0,,,La Nina
100489,Whale Shark,Endangered,28.01000023,-90.89001465,2013,6,29.2,0.0,,,La Nina
100489,Whale Shark,Endangered,28.07,-90.935,2013,6,29.2,0.0,,,La Nina
100489,Whale Shark,Endangered,28.125,-90.9289856,2013,6,29.2,0.0,,,La Nina
100489,Whale Shark,Endangered,28.125,-90.929,2013,6,29.2,0.0,,,La Nina
100489,Whale Shark,Endangered,28.01,-90.89,2013,6,29.2,0.0,,,La Nina
100489,Whale Shark,Endangered,25.916,-93.583,2013,7,28.97,0.0,,,La Nina
100489,Whale Shark,Endangered,29.479,-86.245,2013,8,29.43,0.0,,,Neutral
100489,Whale Shark,Endangered,29.271,-86.246,2013,8,29.4,0.0,,,Neutral
100489,Whale Shark,Endangered,29.431,-86.3,2013,8,29.43,0.0,,,Neutral
100489,Whale Shark,Endangered,29.201,-86.04,2013,8,29.54,0.0,,,Neutral
100489,Whale Shark,Endangered,29.294,-86.251,2013,8,29.4,0.0,,,Neutral
100489,Whale Shark,Endangered,29.288,-86.235,2013,8,29.4,0.0,,,Neutral
100489,Whale Shark,Endangered,29.361,-86.345,2013,8,29.4,0.0,,,Neutral
100489,Whale Shark,Endangered,29.197,-86.042,2013,8,29.54,0.0,,,Neutral
100489,Whale Shark,Endangered,29.218,-86.071,2013,8,29.54,0.0,,,Neutral
100489,Whale Shark,Endangered,29.436,-86.303,2013,8,29.43,0.0,,,Neutral
100489,Whale Shark,Endangered,29.283,-86.248,2013,8,29.4,0.0,,,Neutral
100489,Whale Shark,Endangered,29.362,-86.343,2013,8,29.4,0.0,,,Neutral
100489,Whale Shark,Endangered,29.441,-86.306,2013,8,29.43,0.0,,,Neutral
100489,Whale Shark,Endangered,29.174,-86.041,2013,8,29.54,0.0,,,Neutral
100489,Whale Shark,Endangered,29.481,-86.256,2013,8,29.43,0.0,,,Neutral
100489,Whale Shark,Endangered,29.357,-86.337,2013,8,29.4,0.0,,,Neutral
100489,Whale Shark,Endangered,29.283,-85.962,2013,8,29.54,0.0,,,Neutral
100489,Whale Shark,Endangered,29.359,-86.353,2013,8,29.4,0.0,,,Neutral
100489,Whale Shark,Endangered,29.194,-86.04,2013,8,29.54,0.0,,,Neutral
100489,Whale Shark,Endangered,29.467,-86.253,2013,8,29.43,0.0,,,Neutral
100489,Whale Shark,Endangered,29.209,-86.056,2013,8,29.54,0.0,,,Neutral
100489,Whale Shark,Endangered,29.20899963,-86.05599976,2013,8,29.54,0.0,,,Neutral
100489,Whale Shark,Endangered,29.105,-86.102,2013,8,29.54,0.0,,,Neutral
100489,Whale Shark,Endangered,29.27,-86.253,2013,8,29.4,0.0,,,Neutral
100489,Whale Shark,Endangered,29.281,-86.255,2013,8,29.4,0.0,,,Neutral
100489,Whale Shark,Endangered,29.424,-86.292,2013,8,29.43,0.0,,,Neutral
100489,Whale Shark,Endangered,29.432,-86.303,2013,8,29.43,0.0,,,Neutral
100489,Whale Shark,Endangered,29.48,-86.247,2013,8,29.43,0.0,,,Neutral
100489,Whale Shark,Endangered,29.481,-86.248,2013,8,29.43,0.0,,,Neutral
100489,Whale Shark,Endangered,29.361,-86.34,2013,8,29.4,0.0,,,Neutral
100490,Whale Shark,Endangered,27.9839,-88.73,2012,10,28.15,0.0,,,Neutral
100490,Whale Shark,Endangered,24.22400093,-83.76599884,2012,11,27.46,0.0,,,Neutral
100490,Whale Shark,Endangered,23.37199974,-85.74200439,2012,12,26.75,0.0,,,Neutral
100490,Whale Shark,Endangered,25.73399925,-87.13800049,2013,1,25.55,0.0,,,Neutral
100490,Whale Shark,Endangered,24.92499924,-87.30499268,2013,1,26.57,0.0,,,Neutral
100508,Whale Shark,Endangered,28.58525011,-87.58044523,2011,9,29.11,0.0,,,La Nina
100508,Whale Shark,Endangered,27.94667588,-89.58502285,2011,9,29.23,0.0,,,La Nina
100508,Whale Shark,Endangered,28.06041655,-86.70674822,2011,9,29.16,0.0,,,La Nina
100508,Whale Shark,Endangered,27.7811973,-86.30363915,2011,9,29.17,0.0,,,La Nina
100508,Whale Shark,Endangered,28.26786198,-88.79425592,2011,9,29.25,0.0,,,La Nina
100508,Whale Shark,Endangered,27.89672976,-86.46357383,2011,9,29.16,0.0,,,La Nina
100508,Whale Shark,Endangered,27.9375,-89.6875,2011,9,29.23,0.0,,,La Nina
100508,Whale Shark,Endangered,27.7707553,-86.25825211,2011,9,29.17,0.0,,,La Nina
100508,Whale Shark,Endangered,28.41078529,-88.37599531,2011,9,29.25,0.0,,,La Nina
100508,Whale Shark,Endangered,27.97117,-89.69005,2011,9,29.34,0.0,,,La Nina
100508,Whale Shark,Endangered,28.60274228,-87.95480564,2011,9,29.25,0.0,,,La Nina
100508,Whale Shark,Endangered,28.37863141,-87.15644897,2011,9,29.0,0.0,,,La Nina
100508,Whale Shark,Endangered,28.21834858,-86.93153259,2011,9,29.06,0.0,,,La Nina
100508,Whale Shark,Endangered,28.49332154,-87.3435866,2011,9,29.0,0.0,,,La Nina
100508,Whale Shark,Endangered,27.99488045,-89.41851137,2011,9,29.15,0.0,,,La Nina
100508,Whale Shark,Endangered,28.1001538,-89.15078768,2011,9,29.15,0.0,,,La Nina
100508,Whale Shark,Endangered,27.70432112,-86.17679951,2011,10,27.49,0.0,,,La Nina
100508,Whale Shark,Endangered,27.55445255,-86.08813806,2011,10,27.97,0.0,,,La Nina
100508,Whale Shark,Endangered,26.86431429,-86.24174998,2011,10,27.75,0.0,,,La Nina
100508,Whale Shark,Endangered,25.58713819,-87.37645697,2011,10,27.78,0.0,,,La Nina
100508,Whale Shark,Endangered,24.32052411,-88.53543904,2011,10,27.09,0.0,,,La Nina
100508,Whale Shark,Endangered,24.2007933,-88.49697584,2011,10,27.19,0.0,,,La Nina
100508,Whale Shark,Endangered,25.23509641,-87.74471438,2011,10,27.92,0.0,,,La Nina
100508,Whale Shark,Endangered,26.08841559,-86.93001445,2011,10,27.64,0.0,,,La Nina
100508,Whale Shark,Endangered,24.22497902,-88.5321211,2011,10,27.19,0.0,,,La Nina
100508,Whale Shark,Endangered,24.1169832,-88.55468095,2011,10,27.19,0.0,,,La Nina
100508,Whale Shark,Endangered,24.06767307,-88.67271657,2011,10,27.19,0.0,,,La Nina
100508,Whale Shark,Endangered,24.15296121,-88.4712608,2011,10,27.19,0.0,,,La Nina
100508,Whale Shark,Endangered,24.84254355,-88.15076633,2011,10,27.42,0.0,,,La Nina
100508,Whale Shark,Endangered,24.21645606,-88.51534633,2011,10,27.19,0.0,,,La Nina
100508,Whale Shark,Endangered,27.26161413,-86.01199364,2011,10,28.07,0.0,,,La Nina
100508,Whale Shark,Endangered,24.06887199,-88.66253715,2011,10,27.19,0.0,,,La Nina
100508,Whale Shark,Endangered,24.22476325,-88.51819058,2011,10,27.09,0.0,,,La Nina
100508,Whale Shark,Endangered,26.4641729,-86.56398499,2011,10,27.5,0.0,,,La Nina
100508,Whale Shark,Endangered,24.10922777,-88.59392677,2011,10,27.19,0.0,,,La Nina
100508,Whale Shark,Endangered,24.39328678,-88.42654762,2011,10,27.09,0.0,,,La Nina
100508,Whale Shark,Endangered,24.26866183,-88.5303193,2011,10,27.09,0.0,,,La Nina
100508,Whale Shark,Endangered,24.59467138,-88.20183964,2011,10,27.42,0.0,,,La Nina
100508,Whale Shark,Endangered,24.29184099,-88.50476289,2011,10,27.09,0.0,,,La Nina
100508,Whale Shark,Endangered,24.28095952,-88.52950781,2011,10,27.09,0.0,,,La Nina
100508,Whale Shark,Endangered,25.86255689,-87.16165745,2011,10,27.9,0.0,,,La Nina
100508,Whale Shark,Endangered,24.06007995,-88.65315959,2011,10,27.19,0.0,,,La Nina
100508,Whale Shark,Endangered,24.63938132,-88.30447317,2011,10,27.42,0.0,,,La Nina
100508,Whale Shark,Endangered,24.15492633,-88.64822091,2011,10,27.19,0.0,,,La Nina
100508,Whale Shark,Endangered,24.15939682,-88.47359899,2011,10,27.19,0.0,,,La Nina
100508,Whale Shark,Endangered,24.1734492,-88.49131768,2011,10,27.19,0.0,,,La Nina
100508,Whale Shark,Endangered,24.23266609,-88.50638467,2011,10,27.09,0.0,,,La Nina
100508,Whale Shark,Endangered,24.19789741,-90.41989976,2011,11,25.81,0.0,,,La Nina
100508,Whale Shark,Endangered,24.42983843,-87.88582789,2011,11,26.94,0.0,,,La Nina
100508,Whale Shark,Endangered,24.4640451,-88.07393488,2011,11,26.94,0.0,,,La Nina
100508,Whale Shark,Endangered,24.31666143,-89.06368808,2011,11,25.69,0.0,,,La Nina
100508,Whale Shark,Endangered,23.91246885,-90.77136281,2011,11,25.94,0.0,,,La Nina
100508,Whale Shark,Endangered,24.39403681,-87.82245148,2011,11,26.94,0.0,,,La Nina
100508,Whale Shark,Endangered,24.28793163,-90.0954593,2011,11,25.73,0.0,,,La Nina
100508,Whale Shark,Endangered,24.29462126,-89.78581106,2011,11,25.74,0.0,,,La Nina
100508,Whale Shark,Endangered,24.42384937,-87.96953901,2011,11,26.94,0.0,,,La Nina
100508,Whale Shark,Endangered,24.2531373,-90.35922469,2011,11,25.76,0.0,,,La Nina
100508,Whale Shark,Endangered,24.34543958,-87.79917867,2011,11,27.13,0.0,,,La Nina
100508,Whale Shark,Endangered,24.07497647,-90.68513316,2011,11,25.81,0.0,,,La Nina
100508,Whale Shark,Endangered,24.37611101,-88.75985411,2011,11,25.69,0.0,,,La Nina
100508,Whale Shark,Endangered,24.43359399,-88.1746967,2011,11,26.94,0.0,,,La Nina
100508,Whale Shark,Endangered,24.34853704,-87.777282,2011,11,27.13,0.0,,,La Nina
100508,Whale Shark,Endangered,24.31656657,-87.93789794,2011,11,26.94,0.0,,,La Nina
100508,Whale Shark,Endangered,24.17114007,-88.66848527,2011,11,25.85,0.0,,,La Nina
100508,Whale Shark,Endangered,24.40390335,-88.49593663,2011,11,26.03,0.0,,,La Nina
100508,Whale Shark,Endangered,24.00861779,-90.66951226,2011,11,25.81,0.0,,,La Nina
100508,Whale Shark,Endangered,24.26198476,-88.15634161,2011,11,26.53,0.0,,,La Nina
100508,Whale Shark,Endangered,24.28376279,-89.503269,2011,11,25.73,0.0,,,La Nina
100508,Whale Shark,Endangered,24.15719199,-88.70546248,2011,11,25.85,0.0,,,La Nina
100508,Whale Shark,Endangered,23.99533277,-88.71482154,2011,11,25.85,0.0,,,La Nina
100508,Whale Shark,Endangered,24.11097214,-88.74123309,2011,11,25.85,0.0,,,La Nina
100508,Whale Shark,Endangered,24.43340896,-87.9117263,2011,11,26.94,0.0,,,La Nina
100508,Whale Shark,Endangered,24.00480576,-88.55243711,2011,11,25.85,0.0,,,La Nina
100508,Whale Shark,Endangered,24.4162874,-88.31160359,2011,11,26.03,0.0,,,La Nina
100508,Whale Shark,Endangered,24.14730317,-90.50911528,2011,11,25.81,0.0,,,La Nina
100508,Whale Shark,Endangered,24.23476051,-89.34694615,2011,11,25.73,0.0,,,La Nina
100508,Whale Shark,Endangered,24.08967139,-90.67061117,2011,11,25.81,0.0,,,La Nina
100508,Whale Shark,Endangered,23.75226035,-93.86011371,2011,12,24.73,0.0,,,La Nina
100508,Whale Shark,Endangered,23.89107727,-91.63602389,2011,12,25.18,0.0,,,La Nina
100508,Whale Shark,Endangered,23.78413071,-93.30020506,2011,12,24.82,0.0,,,La Nina
100508,Whale Shark,Endangered,23.93168624,-91.97168043,2011,12,25.17,0.0,,,La Nina
100508,Whale Shark,Endangered,23.74818791,-93.34655424,2011,12,24.82,0.0,,,La Nina
100508,Whale Shark,Endangered,23.70918748,-93.75554955,2011,12,24.73,0.0,,,La Nina
100508,Whale Shark,Endangered,23.78593332,-93.89896079,2011,12,24.73,0.0,,,La Nina
100508,Whale Shark,Endangered,23.87255192,-92.77649369,2011,12,24.85,0.0,,,La Nina
100508,Whale Shark,Endangered,23.85,-93.9,2011,12,24.73,0.0,,,La Nina
100508,Whale Shark,Endangered,23.81058653,-91.22084252,2011,12,25.06,0.0,,,La Nina
100508,Whale Shark,Endangered,23.7063641,-91.06956429,2011,12,25.06,0.0,,,La Nina
100508,Whale Shark,Endangered,23.90754077,-92.36102692,2011,12,25.0,0.0,,,La Nina
100508,Whale Shark,Endangered,23.82514705,-93.14733147,2011,12,24.83,0.0,,,La Nina
100508,Whale Shark,Endangered,23.75857865,-93.77509165,2011,12,24.73,0.0,,,La Nina
100508,Whale Shark,Endangered,23.67816546,-93.46321466,2011,12,24.82,0.0,,,La Nina
100508,Whale Shark,Endangered,23.74039626,-91.10616093,2011,12,25.06,0.0,,,La Nina
100508,Whale Shark,Endangered,23.72057123,-93.75086157,2011,12,24.73,0.0,,,La Nina
100508,Whale Shark,Endangered,23.84627543,-91.36403017,2011,12,25.05,0.0,,,La Nina
100508,Whale Shark,Endangered,23.77498197,-91.16964579,2011,12,25.06,0.0,,,La Nina
100508,Whale Shark,Endangered,23.79218782,-90.93060718,2011,12,24.92,0.0,,,La Nina
100510,Whale Shark,Endangered,27.04071983,-92.76952484,2010,8,30.12,1.0,,,La Nina
100510,Whale Shark,Endangered,26.6628771,-91.22445753,2010,8,30.08,1.0,,,La Nina
100510,Whale Shark,Endangered,27.00702184,-92.69618235,2010,8,30.12,1.0,,,La Nina
100510,Whale Shark,Endangered,27.64083935,-90.71496925,2010,8,30.05,1.0,,,La Nina
100510,Whale Shark,Endangered,27.13984777,-90.82311094,2010,8,30.01,1.0,,,La Nina
100510,Whale Shark,Endangered,26.7932682,-92.41931266,2010,8,30.12,1.0,,,La Nina
100510,Whale Shark,Endangered,26.41233884,-92.02664621,2010,8,29.95,0.0,,,La Nina
100510,Whale Shark,Endangered,26.39842141,-91.44342136,2010,8,29.94,0.0,,,La Nina
100510,Whale Shark,Endangered,26.94064286,-92.55798901,2010,8,30.23,1.0,,,La Nina
100510,Whale Shark,Endangered,26.27490585,-91.66415111,2010,8,29.95,0.0,,,La Nina
100510,Whale Shark,Endangered,26.75324523,-92.34478785,2010,8,30.13,1.0,,,La Nina
100510,Whale Shark,Endangered,27.06018379,-92.87149955,2010,8,30.12,1.0,,,La Nina
100510,Whale Shark,Endangered,26.93647751,-91.03705577,2010,8,30.01,1.0,,,La Nina
100510,Whale Shark,Endangered,26.32556149,-91.8741782,2010,8,29.95,0.0,,,La Nina
100510,Whale Shark,Endangered,27.84923402,-90.8015672,2010,8,30.18,1.0,,,La Nina
100510,Whale Shark,Endangered,27.9344,-90.8304,2010,8,30.18,1.0,,,La Nina
100510,Whale Shark,Endangered,27.9375,-90.8125,2010,8,30.18,1.0,,,La Nina
100510,Whale Shark,Endangered,27.32372407,-90.83331693,2010,8,30.05,1.0,,,La Nina
100510,Whale Shark,Endangered,26.89027919,-92.51186753,2010,8,30.23,1.0,,,La Nina
100510,Whale Shark,Endangered,26.97099617,-92.62419401,2010,8,30.12,1.0,,,La Nina
100510,Whale Shark,Endangered,26.61752293,-92.19580665,2010,8,30.13,1.0,,,La Nina
100510,Whale Shark,Endangered,26.8377853,-92.46766678,2010,8,30.12,1.0,,,La Nina
100510,Whale Shark,Endangered,27.10613915,-95.10565567,2010,9,30.05,1.0,,,La Nina
100510,Whale Shark,Endangered,26.81900047,-93.61171967,2010,9,30.32,1.0,,,La Nina
100510,Whale Shark,Endangered,27.13241484,-95.08286989,2010,9,30.05,1.0,,,La Nina
100510,Whale Shark,Endangered,27.03599188,-94.38361934,2010,9,30.19,1.0,,,La Nina
100510,Whale Shark,Endangered,26.89283673,-95.1464907,2010,9,30.05,1.0,,,La Nina
100510,Whale Shark,Endangered,27.04324746,-95.10733738,2010,9,30.05,1.0,,,La Nina
100510,Whale Shark,Endangered,26.98468618,-93.33066995,2010,9,30.32,1.0,,,La Nina
100510,Whale Shark,Endangered,26.56861373,-94.74210357,2010,9,30.09,1.0,,,La Nina
100510,Whale Shark,Endangered,27.05418749,-93.11901416,2010,9,30.32,1.0,,,La Nina
100510,Whale Shark,Endangered,27.14272323,-94.95502987,2010,9,30.2,1.0,,,La Nina
100510,Whale Shark,Endangered,26.911018,-93.43871752,2010,9,30.32,1.0,,,La Nina
100510,Whale Shark,Endangered,27.13724172,-95.21943428,2010,9,30.05,1.0,,,La Nina
100510,Whale Shark,Endangered,26.99416692,-95.16533357,2010,9,30.05,1.0,,,La Nina
100510,Whale Shark,Endangered,27.14246494,-94.84694185,2010,9,30.2,1.0,,,La Nina
100510,Whale Shark,Endangered,26.63928885,-94.900008,2010,9,30.09,1.0,,,La Nina
100510,Whale Shark,Endangered,27.09206339,-95.0662476,2010,9,30.05,1.0,,,La Nina
100510,Whale Shark,Endangered,26.93331042,-93.79436764,2010,9,30.2,1.0,,,La Nina
100510,Whale Shark,Endangered,27.02223726,-94.19042943,2010,9,30.19,1.0,,,La Nina
100510,Whale Shark,Endangered,27.03233295,-93.24300236,2010,9,30.32,1.0,,,La Nina
100510,Whale Shark,Endangered,27.00478092,-93.97078141,2010,9,30.2,1.0,,,La Nina
100510,Whale Shark,Endangered,26.77787742,-95.04448798,2010,9,30.09,1.0,,,La Nina
100510,Whale Shark,Endangered,27.09212852,-95.07734895,2010,9,30.05,1.0,,,La Nina
100510,Whale Shark,Endangered,27.06241087,-94.53668171,2010,9,30.2,1.0,,,La Nina
100510,Whale Shark,Endangered,27.14587661,-95.14578325,2010,9,30.05,1.0,,,La Nina
100510,Whale Shark,Endangered,27.13359057,-95.17794449,2010,9,30.05,1.0,,,La Nina
100510,Whale Shark,Endangered,26.51183823,-94.79275441,2010,9,30.09,1.0,,,La Nina
100510,Whale Shark,Endangered,27.1031156,-95.15948251,2010,9,30.05,1.0,,,La Nina
100510,Whale Shark,Endangered,27.07141431,-93.01218058,2010,9,30.44,1.0,,,La Nina
100510,Whale Shark,Endangered,27.07263992,-95.07551424,2010,9,30.05,1.0,,,La Nina
100510,Whale Shark,Endangered,27.1036206,-94.70410603,2010,9,30.2,1.0,,,La Nina
100510,Whale Shark,Endangered,26.65028714,-94.66803204,2010,10,28.76,0.0,,,La Nina
100510,Whale Shark,Endangered,26.59972222,-92.67194444,2010,10,28.6,0.0,,,La Nina
100510,Whale Shark,Endangered,26.54544208,-93.31655721,2010,10,28.68,0.0,,,La Nina
100510,Whale Shark,Endangered,26.774604,-94.17456412,2010,10,28.73,0.0,,,La Nina
100510,Whale Shark,Endangered,26.40219203,-93.1010503,2010,10,28.95,0.0,,,La Nina
100510,Whale Shark,Endangered,26.29822213,-92.68987886,2010,10,28.91,0.0,,,La Nina
100510,Whale Shark,Endangered,26.70525884,-94.6122172,2010,10,28.76,0.0,,,La Nina
100510,Whale Shark,Endangered,26.1689836,-92.97438028,2010,10,28.91,0.0,,,La Nina
100510,Whale Shark,Endangered,26.61110742,-92.55093504,2010,10,28.6,0.0,,,La Nina
100510,Whale Shark,Endangered,26.65999741,-93.56305457,2010,10,28.68,0.0,,,La Nina
100510,Whale Shark,Endangered,26.70085422,-92.54547598,2010,10,28.6,0.0,,,La Nina
100510,Whale Shark,Endangered,26.67022226,-92.52854675,2010,10,28.6,0.0,,,La Nina
100510,Whale Shark,Endangered,26.5137447,-92.6088574,2010,10,28.6,0.0,,,La Nina
100510,Whale Shark,Endangered,26.72335695,-93.81954072,2010,10,28.73,0.0,,,La Nina
100510,Whale Shark,Endangered,25.90625632,-92.84640294,2010,10,29.08,0.0,,,La Nina
100510,Whale Shark,Endangered,26.74614887,-94.59590507,2010,10,28.76,0.0,,,La Nina
100510,Whale Shark,Endangered,26.69887423,-92.52500112,2010,10,28.6,0.0,,,La Nina
100510,Whale Shark,Endangered,26.65965561,-92.60131399,2010,10,28.6,0.0,,,La Nina
100510,Whale Shark,Endangered,26.77144613,-94.58324742,2010,10,28.76,0.0,,,La Nina
100512,Whale Shark,Endangered,28.24493453,-87.92023499,2011,9,29.14,0.0,,,La Nina
100512,Whale Shark,Endangered,27.20354723,-86.23556069,2011,9,29.24,0.0,,,La Nina
100512,Whale Shark,Endangered,26.71913368,-86.39693948,2011,9,29.68,0.0,,,La Nina
100512,Whale Shark,Endangered,28.21432857,-87.22003971,2011,9,29.06,0.0,,,La Nina
100512,Whale Shark,Endangered,26.67214588,-86.44682966,2011,9,29.73,0.0,,,La Nina
100512,Whale Shark,Endangered,26.52724635,-86.45596635,2011,9,29.73,0.0,,,La Nina
100512,Whale Shark,Endangered,26.86548508,-86.32165909,2011,9,29.54,0.0,,,La Nina
100512,Whale Shark,Endangered,28.04705088,-88.89647741,2011,9,29.25,0.0,,,La Nina
100512,Whale Shark,Endangered,27.6251964,-86.23120269,2011,9,29.17,0.0,,,La Nina
100512,Whale Shark,Endangered,28.01719559,-88.62163859,2011,9,29.25,0.0,,,La Nina
100512,Whale Shark,Endangered,26.97773743,-86.3201459,2011,9,29.54,0.0,,,La Nina
100512,Whale Shark,Endangered,27.98315,-89.720217,2011,9,29.34,0.0,,,La Nina
100512,Whale Shark,Endangered,27.97836335,-88.52035145,2011,9,29.25,0.0,,,La Nina
100512,Whale Shark,Endangered,27.60408936,-86.55705148,2011,9,29.17,0.0,,,La Nina
100512,Whale Shark,Endangered,28.02082123,-88.38669163,2011,9,29.25,0.0,,,La Nina
100512,Whale Shark,Endangered,27.57673331,-86.29359946,2011,9,29.17,0.0,,,La Nina
100512,Whale Shark,Endangered,24.37736115,-95.69510915,2011,10,27.53,0.0,,,La Nina
100512,Whale Shark,Endangered,24.72113288,-89.01124818,2011,10,26.54,0.0,,,La Nina
100512,Whale Shark,Endangered,24.22947462,-95.30424648,2011,10,27.63,0.0,,,La Nina
100512,Whale Shark,Endangered,24.33947812,-89.03434926,2011,10,26.69,0.0,,,La Nina
100512,Whale Shark,Endangered,23.21847463,-96.8108323,2011,10,27.53,0.0,,,La Nina
100512,Whale Shark,Endangered,25.37302143,-87.52368085,2011,10,27.92,0.0,,,La Nina
100512,Whale Shark,Endangered,24.66043852,-88.92217347,2011,10,26.69,0.0,,,La Nina
100512,Whale Shark,Endangered,25.48083534,-87.04622762,2011,10,27.76,0.0,,,La Nina
100512,Whale Shark,Endangered,24.07271567,-94.86982735,2011,10,27.62,0.0,,,La Nina
100512,Whale Shark,Endangered,24.23347567,-88.80963477,2011,10,27.19,0.0,,,La Nina
100512,Whale Shark,Endangered,24.11760273,-89.2741372,2011,10,27.38,0.0,,,La Nina
100512,Whale Shark,Endangered,24.36336735,-89.10170419,2011,10,26.69,0.0,,,La Nina
100512,Whale Shark,Endangered,24.56606891,-92.80288287,2011,10,27.36,0.0,,,La Nina
100512,Whale Shark,Endangered,26.03314549,-86.73029388,2011,10,27.71,0.0,,,La Nina
100512,Whale Shark,Endangered,24.14635943,-91.876261,2011,10,27.29,0.0,,,La Nina
100512,Whale Shark,Endangered,25.08909927,-88.28119846,2011,10,26.98,0.0,,,La Nina
100512,Whale Shark,Endangered,24.15593998,-96.05804533,2011,10,27.53,0.0,,,La Nina
100512,Whale Shark,Endangered,24.55603218,-92.61511124,2011,10,27.22,0.0,,,La Nina
100512,Whale Shark,Endangered,24.13538149,-89.04178619,2011,10,27.38,0.0,,,La Nina
100512,Whale Shark,Endangered,24.24243332,-93.1283544,2011,10,27.27,0.0,,,La Nina
100512,Whale Shark,Endangered,23.78864672,-94.39042128,2011,10,27.33,0.0,,,La Nina
100512,Whale Shark,Endangered,23.94831436,-90.05746061,2011,10,26.49,0.0,,,La Nina
100512,Whale Shark,Endangered,24.13096505,-89.45524518,2011,10,26.98,0.0,,,La Nina
100512,Whale Shark,Endangered,23.97258346,-93.71927488,2011,10,27.3,0.0,,,La Nina
100512,Whale Shark,Endangered,23.51728634,-96.71149173,2011,10,27.6,0.0,,,La Nina
100512,Whale Shark,Endangered,23.72051604,-90.51456447,2011,10,26.96,0.0,,,La Nina
100512,Whale Shark,Endangered,24.58304331,-89.05167484,2011,10,26.69,0.0,,,La Nina
100512,Whale Shark,Endangered,24.12721007,-89.14369976,2011,10,27.38,0.0,,,La Nina
100512,Whale Shark,Endangered,23.92657225,-91.24166564,2011,10,27.03,0.0,,,La Nina
100512,Whale Shark,Endangered,24.16072819,-88.94426687,2011,10,27.38,0.0,,,La Nina
100512,Whale Shark,Endangered,24.53898193,-88.81324537,2011,10,26.69,0.0,,,La Nina
100512,Whale Shark,Endangered,24.20377857,-91.6528718,2011,11,26.06,0.0,,,La Nina
100512,Whale Shark,Endangered,24.20018461,-92.11969054,2011,11,26.2,0.0,,,La Nina
100512,Whale Shark,Endangered,24.41789431,-89.24000046,2011,11,25.73,0.0,,,La Nina
100512,Whale Shark,Endangered,24.1894041,-91.63205056,2011,11,26.11,0.0,,,La Nina
100512,Whale Shark,Endangered,24.18766175,-91.55228779,2011,11,26.05,0.0,,,La Nina
100512,Whale Shark,Endangered,24.18094626,-92.55575823,2011,11,26.28,0.0,,,La Nina
100512,Whale Shark,Endangered,23.32225885,-96.39955374,2011,11,26.2,0.0,,,La Nina
100512,Whale Shark,Endangered,24.20861819,-91.81302388,2011,11,26.11,0.0,,,La Nina
100512,Whale Shark,Endangered,22.70966537,-95.18774358,2011,11,26.04,0.0,,,La Nina
100512,Whale Shark,Endangered,24.01905901,-90.4012724,2011,11,25.81,0.0,,,La Nina
100512,Whale Shark,Endangered,23.40997288,-95.98180472,2011,11,26.32,0.0,,,La Nina
100512,Whale Shark,Endangered,23.21805749,-95.54220781,2011,11,26.2,0.0,,,La Nina
100512,Whale Shark,Endangered,21.91170356,-95.63103089,2011,11,25.82,0.0,,,La Nina
100512,Whale Shark,Endangered,24.20795857,-91.6863439,2011,11,26.11,0.0,,,La Nina
100512,Whale Shark,Endangered,23.21896598,-94.91692463,2011,11,25.97,0.0,,,La Nina
100512,Whale Shark,Endangered,23.73977761,-93.82292543,2011,11,26.0,0.0,,,La Nina
100512,Whale Shark,Endangered,23.3380749,-96.70548275,2011,11,26.13,0.0,,,La Nina
100512,Whale Shark,Endangered,24.1228536,-89.90567983,2011,11,25.73,0.0,,,La Nina
100512,Whale Shark,Endangered,23.99532678,-90.19299836,2011,11,25.73,0.0,,,La Nina
100512,Whale Shark,Endangered,24.07493474,-90.85204555,2011,11,25.9,0.0,,,La Nina
100512,Whale Shark,Endangered,22.75702465,-94.83531558,2011,11,25.88,0.0,,,La Nina
100512,Whale Shark,Endangered,24.19529941,-91.65479989,2011,11,26.11,0.0,,,La Nina
100512,Whale Shark,Endangered,24.0522216,-94.53067037,2011,11,26.0,0.0,,,La Nina
100512,Whale Shark,Endangered,23.26955523,-96.86005116,2011,11,26.07,0.0,,,La Nina
100512,Whale Shark,Endangered,24.11323165,-91.12332844,2011,11,25.9,0.0,,,La Nina
100512,Whale Shark,Endangered,24.67978954,-88.49332831,2011,11,26.03,0.0,,,La Nina
100512,Whale Shark,Endangered,24.17516026,-91.44559019,2011,11,26.05,0.0,,,La Nina
100512,Whale Shark,Endangered,24.02254778,-93.16900018,2011,11,26.08,0.0,,,La Nina
100512,Whale Shark,Endangered,24.14550593,-91.30476787,2011,11,26.05,0.0,,,La Nina
100512,Whale Shark,Endangered,22.29970868,-95.16089267,2011,11,26.01,0.0,,,La Nina
100512,Whale Shark,Endangered,24.54676705,-89.25957536,2011,12,25.12,0.0,,,La Nina
100512,Whale Shark,Endangered,25.5925127,-91.72728487,2011,12,24.37,0.0,,,La Nina
100512,Whale Shark,Endangered,24.77429459,-90.20285323,2011,12,25.09,0.0,,,La Nina
100512,Whale Shark,Endangered,24.11046995,-87.48984777,2011,12,25.58,0.0,,,La Nina
100512,Whale Shark,Endangered,24.1359579,-88.84184318,2011,12,25.1,0.0,,,La Nina
100512,Whale Shark,Endangered,24.34456072,-89.55767435,2011,12,25.12,0.0,,,La Nina
100512,Whale Shark,Endangered,23.74797687,-87.10476501,2011,12,25.43,0.0,,,La Nina
100512,Whale Shark,Endangered,26.05259887,-92.70740276,2011,12,23.69,0.0,,,La Nina
100512,Whale Shark,Endangered,25.16108708,-90.83750579,2011,12,24.31,0.0,,,La Nina
100512,Whale Shark,Endangered,26.13589183,-92.65935663,2011,12,23.73,0.0,,,La Nina
100512,Whale Shark,Endangered,23.98129923,-87.17830735,2011,12,25.58,0.0,,,La Nina
100512,Whale Shark,Endangered,23.96023349,-87.21233847,2011,12,25.58,0.0,,,La Nina
100512,Whale Shark,Endangered,23.99157662,-87.28870596,2011,12,25.58,0.0,,,La Nina
100512,Whale Shark,Endangered,24.10725982,-89.98221979,2011,12,24.85,0.0,,,La Nina
100512,Whale Shark,Endangered,25.83981594,-92.46644052,2011,12,23.69,0.0,,,La Nina
100512,Whale Shark,Endangered,24.13637597,-87.54120368,2011,12,25.58,0.0,,,La Nina
100512,Whale Shark,Endangered,24.06191777,-90.02228945,2011,12,24.85,0.0,,,La Nina
100512,Whale Shark,Endangered,23.843516,-87.14075903,2011,12,25.43,0.0,,,La Nina
100512,Whale Shark,Endangered,24.47552696,-88.08789624,2011,12,25.77,0.0,,,La Nina
100512,Whale Shark,Endangered,24.07145136,-87.99473626,2011,12,25.08,0.0,,,La Nina
100512,Whale Shark,Endangered,24.22181448,-89.95019365,2011,12,24.85,0.0,,,La Nina
100512,Whale Shark,Endangered,24.15013729,-89.80078524,2011,12,25.02,0.0,,,La Nina
100512,Whale Shark,Endangered,23.87806513,-87.1629737,2011,12,25.43,0.0,,,La Nina
100512,Whale Shark,Endangered,23.68426931,-87.01464191,2011,12,25.43,0.0,,,La Nina
100512,Whale Shark,Endangered,23.57793308,-87.07120641,2011,12,25.43,0.0,,,La Nina
100512,Whale Shark,Endangered,23.79832041,-87.15525184,2011,12,25.43,0.0,,,La Nina
100512,Whale Shark,Endangered,23.67868568,-87.05560949,2011,12,25.43,0.0,,,La Nina
100512,Whale Shark,Endangered,24.41857905,-90.08142807,2011,12,24.87,0.0,,,La Nina
100512,Whale Shark,Endangered,26.15499817,-92.69083065,2011,12,23.73,0.0,,,La Nina
100512,Whale Shark,Endangered,24.11884756,-89.94913375,2011,12,24.85,0.0,,,La Nina
100512,Whale Shark,Endangered,23.65058357,-87.08667858,2011,12,25.43,0.0,,,La Nina
100512,Whale Shark,Endangered,24.59736171,-91.4228558,2012,1,24.42,0.0,,,La Nina
100512,Whale Shark,Endangered,23.46568977,-89.92323975,2012,1,24.76,0.0,,,La Nina
100512,Whale Shark,Endangered,24.21158825,-90.84343923,2012,1,24.43,0.0,,,La Nina
100512,Whale Shark,Endangered,24.87346143,-91.96758834,2012,1,24.22,0.0,,,La Nina
100512,Whale Shark,Endangered,24.5349906,-91.45619463,2012,1,24.33,0.0,,,La Nina
100512,Whale Shark,Endangered,24.76374167,-91.20678066,2012,1,24.42,0.0,,,La Nina
100512,Whale Shark,Endangered,25.33035032,-92.43435173,2012,1,24.22,0.0,,,La Nina
100512,Whale Shark,Endangered,23.42231424,-90.10395263,2012,1,24.76,0.0,,,La Nina
100512,Whale Shark,Endangered,24.51892635,-91.60698233,2012,1,24.33,0.0,,,La Nina
100512,Whale Shark,Endangered,23.60405436,-89.62512735,2012,1,25.04,0.0,,,La Nina
100512,Whale Shark,Endangered,24.68748761,-91.33914756,2012,1,24.42,0.0,,,La Nina
100512,Whale Shark,Endangered,24.95433887,-90.72781523,2012,1,24.75,0.0,,,La Nina
100512,Whale Shark,Endangered,24.98709719,-90.17370324,2012,1,25.19,0.0,,,La Nina
100512,Whale Shark,Endangered,25.275862,-92.3377163,2012,1,24.22,0.0,,,La Nina
100512,Whale Shark,Endangered,24.50170268,-91.50264568,2012,1,24.33,0.0,,,La Nina
100512,Whale Shark,Endangered,24.58244176,-91.70153256,2012,1,24.33,0.0,,,La Nina
100512,Whale Shark,Endangered,23.41442423,-90.15587266,2012,1,24.76,0.0,,,La Nina
100512,Whale Shark,Endangered,24.40526879,-91.62069401,2012,1,24.33,0.0,,,La Nina
100512,Whale Shark,Endangered,24.79393307,-90.75858083,2012,1,24.79,0.0,,,La Nina
100512,Whale Shark,Endangered,25.44309868,-92.47081964,2012,1,24.02,0.0,,,La Nina
100512,Whale Shark,Endangered,24.95053934,-90.69404802,2012,1,25.03,0.0,,,La Nina
100512,Whale Shark,Endangered,25.79422921,-92.6183387,2012,1,23.42,0.0,,,La Nina
100512,Whale Shark,Endangered,23.38480755,-89.9807066,2012,1,24.76,0.0,,,La Nina
100512,Whale Shark,Endangered,25.30861863,-92.49189368,2012,1,24.22,0.0,,,La Nina
100512,Whale Shark,Endangered,24.97271259,-89.97773304,2012,1,25.19,0.0,,,La Nina
100512,Whale Shark,Endangered,23.38568118,-90.31323416,2012,1,24.36,0.0,,,La Nina
100512,Whale Shark,Endangered,25.36381644,-92.27471336,2012,1,24.02,0.0,,,La Nina
100512,Whale Shark,Endangered,25.47276295,-92.32635824,2012,1,24.02,0.0,,,La Nina
100512,Whale Shark,Endangered,24.90150335,-90.76287946,2012,1,24.79,0.0,,,La Nina
100512,Whale Shark,Endangered,23.47188975,-90.54767546,2012,1,24.36,0.0,,,La Nina
100512,Whale Shark,Endangered,25.38504304,-92.44177327,2012,1,24.02,0.0,,,La Nina
100512,Whale Shark,Endangered,23.48935395,-89.18486726,2012,2,23.66,0.0,,,La Nina
100512,Whale Shark,Endangered,23.79679748,-87.85524618,2012,2,23.84,0.0,,,La Nina
100512,Whale Shark,Endangered,24.788,-89.015,2012,2,23.52,0.0,,,La Nina
100512,Whale Shark,Endangered,23.37087739,-89.7932433,2012,2,23.64,0.0,,,La Nina
100512,Whale Shark,Endangered,24.03794442,-87.98977665,2012,2,24.31,0.0,,,La Nina
100512,Whale Shark,Endangered,23.71496535,-88.36847267,2012,2,23.7,0.0,,,La Nina
100512,Whale Shark,Endangered,23.81154567,-87.90836223,2012,2,23.84,0.0,,,La Nina
100512,Whale Shark,Endangered,24.86995836,-88.89505083,2012,2,24.27,0.0,,,La Nina
100512,Whale Shark,Endangered,24.79383873,-88.19629944,2012,2,24.89,0.0,,,La Nina
100512,Whale Shark,Endangered,23.82056466,-87.95249479,2012,2,23.84,0.0,,,La Nina
100512,Whale Shark,Endangered,23.82611953,-87.95035667,2012,2,23.84,0.0,,,La Nina
100512,Whale Shark,Endangered,23.84695918,-87.84116279,2012,2,24.31,0.0,,,La Nina
100516,Whale Shark,Endangered,29.08907256,-86.84165402,2010,10,27.96,0.0,,,La Nina
100516,Whale Shark,Endangered,29.31894979,-86.9650577,2010,10,27.96,0.0,,,La Nina
100516,Whale Shark,Endangered,29.39899233,-87.08561922,2010,10,27.81,0.0,,,La Nina
100516,Whale Shark,Endangered,29.46095435,-87.0309078,2010,10,27.81,0.0,,,La Nina
100516,Whale Shark,Endangered,29.5625,-87.1875,2010,10,27.81,0.0,,,La Nina
100516,Whale Shark,Endangered,29.5234,-87.1316,2010,10,27.81,0.0,,,La Nina
100516,Whale Shark,Endangered,29.60017206,-87.13380119,2010,10,27.81,0.0,,,La Nina
100516,Whale Shark,Endangered,30.13726538,-86.7274145,2010,10,28.0,0.0,,,La Nina
100516,Whale Shark,Endangered,28.76193757,-86.8151832,2010,10,28.5,0.0,,,La Nina
100516,Whale Shark,Endangered,28.8311039,-86.84346456,2010,10,28.5,0.0,,,La Nina
100516,Whale Shark,Endangered,29.96736525,-87.03076691,2010,10,27.65,0.0,,,La Nina
100516,Whale Shark,Endangered,30.08940432,-86.42237075,2010,10,28.0,0.0,,,La Nina
100516,Whale Shark,Endangered,28.71759273,-86.82146873,2010,10,28.5,0.0,,,La Nina
100516,Whale Shark,Endangered,29.20987493,-86.92442664,2010,10,27.96,0.0,,,La Nina
100516,Whale Shark,Endangered,30.15496631,-86.55867123,2010,10,28.0,0.0,,,La Nina
100516,Whale Shark,Endangered,30.12727621,-86.46047057,2010,10,28.0,0.0,,,La Nina
100516,Whale Shark,Endangered,30.05510456,-86.38106746,2010,10,27.97,0.0,,,La Nina
100516,Whale Shark,Endangered,29.59843434,-86.45892207,2010,10,27.79,0.0,,,La Nina
100516,Whale Shark,Endangered,29.22100355,-86.88870634,2010,10,27.96,0.0,,,La Nina
100516,Whale Shark,Endangered,28.92144017,-86.81962304,2010,10,28.5,0.0,,,La Nina
100516,Whale Shark,Endangered,29.877145,-86.39885967,2010,10,27.97,0.0,,,La Nina
100516,Whale Shark,Endangered,28.64120258,-86.80950496,2010,11,24.03,0.0,,,La Nina
100516,Whale Shark,Endangered,27.77043881,-87.22450649,2010,11,24.43,0.0,,,La Nina
100516,Whale Shark,Endangered,27.62555741,-87.122939,2010,11,24.43,0.0,,,La Nina
100516,Whale Shark,Endangered,25.89324229,-86.2781619,2010,11,24.66,0.0,,,La Nina
100516,Whale Shark,Endangered,26.74636373,-86.89309098,2010,11,24.43,0.0,,,La Nina
100516,Whale Shark,Endangered,28.14826587,-87.01848744,2010,11,24.11,0.0,,,La Nina
100516,Whale Shark,Endangered,28.18906871,-87.03128653,2010,11,24.11,0.0,,,La Nina
100516,Whale Shark,Endangered,28.0860461,-87.02859265,2010,11,24.11,0.0,,,La Nina
100516,Whale Shark,Endangered,27.89725637,-87.12669667,2010,11,24.11,0.0,,,La Nina
100516,Whale Shark,Endangered,26.90526072,-86.92351028,2010,11,24.44,0.0,,,La Nina
100516,Whale Shark,Endangered,28.00259709,-87.06392122,2010,11,24.11,0.0,,,La Nina
100516,Whale Shark,Endangered,28.99401547,-86.62149201,2010,11,23.99,0.0,,,La Nina
100516,Whale Shark,Endangered,27.2963298,-87.11337057,2010,11,24.54,0.0,,,La Nina
100516,Whale Shark,Endangered,28.51409947,-86.87485973,2010,11,24.03,0.0,,,La Nina
100516,Whale Shark,Endangered,27.42083057,-87.0979616,2010,11,24.54,0.0,,,La Nina
100516,Whale Shark,Endangered,26.47984808,-86.81858069,2010,11,24.44,0.0,,,La Nina
100516,Whale Shark,Endangered,26.15796567,-86.51391296,2010,11,24.51,0.0,,,La Nina
100516,Whale Shark,Endangered,29.19176787,-86.51614491,2010,11,23.71,0.0,,,La Nina
100516,Whale Shark,Endangered,26.26704663,-86.64345245,2010,11,24.51,0.0,,,La Nina
100516,Whale Shark,Endangered,27.70550602,-87.16313194,2010,11,24.43,0.0,,,La Nina
100516,Whale Shark,Endangered,27.1802666,-87.03463585,2010,11,24.54,0.0,,,La Nina
100516,Whale Shark,Endangered,28.73895835,-86.77730092,2010,11,23.99,0.0,,,La Nina
100516,Whale Shark,Endangered,28.2825395,-87.00544447,2010,11,24.11,0.0,,,La Nina
100516,Whale Shark,Endangered,26.57358165,-86.88087879,2010,11,24.43,0.0,,,La Nina
100516,Whale Shark,Endangered,26.03352065,-86.3920204,2010,11,24.51,0.0,,,La Nina
100516,Whale Shark,Endangered,26.36141087,-86.78030165,2010,11,24.38,0.0,,,La Nina
100516,Whale Shark,Endangered,25.73663693,-86.17274347,2010,11,24.66,0.0,,,La Nina
100516,Whale Shark,Endangered,28.34438686,-86.989616,2010,11,24.03,0.0,,,La Nina
100516,Whale Shark,Endangered,27.0498783,-86.97124638,2010,11,24.44,0.0,,,La Nina
100516,Whale Shark,Endangered,27.53081867,-87.10124047,2010,11,24.54,0.0,,,La Nina
100516,Whale Shark,Endangered,24.48593831,-87.6147185,2010,12,24.73,0.0,,,La Nina
100516,Whale Shark,Endangered,25.22479635,-85.73816688,2010,12,24.89,0.0,,,La Nina
100516,Whale Shark,Endangered,25.56321459,-86.07622897,2010,12,24.5,0.0,,,La Nina
100516,Whale Shark,Endangered,24.28973942,-86.55153654,2010,12,25.39,0.0,,,La Nina
100516,Whale Shark,Endangered,24.44045595,-88.18733315,2010,12,23.87,0.0,,,La Nina
100516,Whale Shark,Endangered,25.07870878,-85.84048485,2010,12,24.89,0.0,,,La Nina
100516,Whale Shark,Endangered,25.37257832,-85.98916744,2010,12,24.5,0.0,,,La Nina
100516,Whale Shark,Endangered,24.48625758,-87.88027207,2010,12,23.87,0.0,,,La Nina
100516,Whale Shark,Endangered,24.93997125,-85.84631653,2010,12,24.89,0.0,,,La Nina
100516,Whale Shark,Endangered,24.62263221,-86.05783709,2010,12,25.11,0.0,,,La Nina
100516,Whale Shark,Endangered,24.36511135,-88.4062571,2010,12,23.67,0.0,,,La Nina
100516,Whale Shark,Endangered,24.41198106,-88.41382765,2010,12,23.67,0.0,,,La Nina
100516,Whale Shark,Endangered,24.21163516,-86.70781136,2010,12,25.39,0.0,,,La Nina
100516,Whale Shark,Endangered,24.29243755,-86.92114958,2010,12,25.5,0.0,,,La Nina
100516,Whale Shark,Endangered,24.7010259,-85.79269228,2010,12,25.39,0.0,,,La Nina
100516,Whale Shark,Endangered,24.31257511,-86.1581678,2010,12,25.42,0.0,,,La Nina
100516,Whale Shark,Endangered,24.45426135,-85.75316207,2010,12,25.2,0.0,,,La Nina
100516,Whale Shark,Endangered,25.12978862,-85.6847787,2010,12,24.89,0.0,,,La Nina
100516,Whale Shark,Endangered,24.28456151,-86.81356439,2010,12,25.39,0.0,,,La Nina
100516,Whale Shark,Endangered,24.98584078,-85.70610975,2010,12,24.89,0.0,,,La Nina
100516,Whale Shark,Endangered,24.54613808,-88.35802034,2010,12,23.67,0.0,,,La Nina
100516,Whale Shark,Endangered,24.27961274,-85.8090309,2010,12,25.2,0.0,,,La Nina
100516,Whale Shark,Endangered,24.33150133,-86.41080303,2010,12,25.42,0.0,,,La Nina
100516,Whale Shark,Endangered,25.16461882,-85.9122339,2010,12,24.89,0.0,,,La Nina
100516,Whale Shark,Endangered,24.57375935,-85.76465535,2010,12,25.2,0.0,,,La Nina
100516,Whale Shark,Endangered,24.47722968,-88.02000173,2010,12,23.87,0.0,,,La Nina
100516,Whale Shark,Endangered,24.88105065,-85.94807272,2010,12,25.11,0.0,,,La Nina
100516,Whale Shark,Endangered,24.34224579,-86.28178248,2010,12,25.42,0.0,,,La Nina
100516,Whale Shark,Endangered,24.7020111,-88.18845676,2010,12,23.99,0.0,,,La Nina
100516,Whale Shark,Endangered,24.8058189,-85.73018876,2010,12,25.39,0.0,,,La Nina
100516,Whale Shark,Endangered,24.35808515,-87.16330161,2010,12,25.27,0.0,,,La Nina
100516,Whale Shark,Endangered,25.65665113,-87.26310022,2011,1,25.06,0.0,,,La Nina
100516,Whale Shark,Endangered,25.72498904,-87.09649171,2011,1,24.84,0.0,,,La Nina
100516,Whale Shark,Endangered,26.35697931,-86.59137982,2011,1,24.66,0.0,,,La Nina
100516,Whale Shark,Endangered,26.15903523,-86.77462197,2011,1,24.89,0.0,,,La Nina
100516,Whale Shark,Endangered,25.72942583,-87.22262216,2011,1,24.84,0.0,,,La Nina
100516,Whale Shark,Endangered,25.35508349,-87.52392763,2011,1,25.23,0.0,,,La Nina
100516,Whale Shark,Endangered,26.39327733,-86.56182129,2011,1,24.66,0.0,,,La Nina
100516,Whale Shark,Endangered,26.51630864,-86.61627513,2011,1,24.23,0.0,,,La Nina
100516,Whale Shark,Endangered,26.41921011,-86.60085053,2011,1,24.23,0.0,,,La Nina
100516,Whale Shark,Endangered,26.59235931,-86.65969427,2011,1,24.23,0.0,,,La Nina
100516,Whale Shark,Endangered,26.06091918,-86.78519102,2011,1,24.64,0.0,,,La Nina
100516,Whale Shark,Endangered,26.24320206,-86.7152133,2011,1,24.89,0.0,,,La Nina
100516,Whale Shark,Endangered,26.42568519,-86.56551706,2011,1,24.23,0.0,,,La Nina
100516,Whale Shark,Endangered,25.53160651,-87.36319969,2011,1,25.06,0.0,,,La Nina
100516,Whale Shark,Endangered,26.10736747,-86.76127058,2011,1,24.89,0.0,,,La Nina
100516,Whale Shark,Endangered,26.41634962,-86.55309993,2011,1,24.66,0.0,,,La Nina
100516,Whale Shark,Endangered,25.74912599,-87.24088551,2011,1,24.84,0.0,,,La Nina
100516,Whale Shark,Endangered,24.85345607,-88.02772289,2011,1,24.07,0.0,,,La Nina
100516,Whale Shark,Endangered,25.44973706,-87.4359295,2011,1,25.06,0.0,,,La Nina
100516,Whale Shark,Endangered,24.99619496,-87.8796183,2011,1,24.89,0.0,,,La Nina
100516,Whale Shark,Endangered,25.92477398,-86.89603188,2011,1,24.84,0.0,,,La Nina
100516,Whale Shark,Endangered,25.24776045,-87.62725782,2011,1,25.23,0.0,,,La Nina
100516,Whale Shark,Endangered,25.12797786,-87.7458965,2011,1,25.23,0.0,,,La Nina
100516,Whale Shark,Endangered,25.83319825,-86.98448681,2011,1,24.84,0.0,,,La Nina
100516,Whale Shark,Endangered,26.14011775,-86.75766712,2011,1,24.89,0.0,,,La Nina
100516,Whale Shark,Endangered,26.30717216,-86.64210859,2011,1,24.66,0.0,,,La Nina
100516,Whale Shark,Endangered,26.00033378,-86.8298676,2011,1,24.64,0.0,,,La Nina
100516,Whale Shark,Endangered,26.16413717,-86.81474468,2011,1,24.89,0.0,,,La Nina
100516,Whale Shark,Endangered,25.69963616,-87.23546946,2011,1,25.06,0.0,,,La Nina
100516,Whale Shark,Endangered,25.74587013,-87.22449157,2011,1,24.84,0.0,,,La Nina
100516,Whale Shark,Endangered,25.60060649,-87.30563241,2011,1,25.06,0.0,,,La Nina
100516,Whale Shark,Endangered,27.81634698,-87.47855219,2011,2,23.72,0.0,,,La Nina
100516,Whale Shark,Endangered,27.68968448,-87.51531422,2011,2,22.99,0.0,,,La Nina
100516,Whale Shark,Endangered,26.66468364,-86.75258723,2011,2,25.14,0.0,,,La Nina
100516,Whale Shark,Endangered,27.432,-87.704,2011,2,24.44,0.0,,,La Nina
100516,Whale Shark,Endangered,27.09625011,-86.96460747,2011,2,25.27,0.0,,,La Nina
100516,Whale Shark,Endangered,27.49727305,-87.62535637,2011,2,24.44,0.0,,,La Nina
100516,Whale Shark,Endangered,27.58433942,-87.56782728,2011,2,22.99,0.0,,,La Nina
100516,Whale Shark,Endangered,27.50299861,-87.21646521,2011,2,25.14,0.0,,,La Nina
100517,Whale Shark,Endangered,28.25699997,-89.63500977,2011,9,29.34,0.0,,,La Nina
100517,Whale Shark,Endangered,28.25600052,-89.62799072,2011,9,29.34,0.0,,,La Nina
100517,Whale Shark,Endangered,27.87700081,-89.64199829,2011,9,29.23,0.0,,,La Nina
100518,Whale Shark,Endangered,27.35,-87.7,2011,9,29.16,0.0,,,La Nina
100518,Whale Shark,Endangered,27.983617,-89.64555,2011,9,29.23,0.0,,,La Nina
100518,Whale Shark,Endangered,27.4,-87.65,2011,10,26.89,0.0,,,La Nina
100518,Whale Shark,Endangered,27.425,-87.65,2011,10,26.89,0.0,,,La Nina
100518,Whale Shark,Endangered,27.1420002,-88.76000977,2011,10,26.95,0.0,,,La Nina
100518,Whale Shark,Endangered,22.09300041,-97.52099609,2012,5,,,,,Neutral
100519,Whale Shark,Endangered,27.9839,-88.73,2012,10,28.15,0.0,,,Neutral
100519,Whale Shark,Endangered,27.71800041,-96.08499146,2012,10,27.59,0.0,,,Neutral
100519,Whale Shark,Endangered,27.68700027,-96.52801514,2012,10,26.66,0.0,,,Neutral
100519,Whale Shark,Endangered,27.71800041,-96.08599854,2012,10,27.59,0.0,,,Neutral
100519,Whale Shark,Endangered,27.53499985,-96.65100098,2012,11,22.64,0.0,,,Neutral
100519,Whale Shark,Endangered,27.49500084,-96.69400024,2012,11,22.64,0.0,,,Neutral
100519,Whale Shark,Endangered,27.29800034,-97.0960083,2012,11,23.98,0.0,,,Neutral
100519,Whale Shark,Endangered,27.86400032,-94.90899658,2012,11,25.37,0.0,,,Neutral
100519,Whale Shark,Endangered,27.97800064,-94.95700073,2012,11,24.83,0.0,,,Neutral
100519,Whale Shark,Endangered,25.80599976,-95.76300049,2012,12,23.85,0.0,,,Neutral
100519,Whale Shark,Endangered,25.72900009,-95.76699829,2012,12,23.85,0.0,,,Neutral
100519,Whale Shark,Endangered,26.22100067,-95.26599121,2012,12,23.69,0.0,,,Neutral
100519,Whale Shark,Endangered,26.6970005,-95.41598511,2012,12,23.75,0.0,,,Neutral
100519,Whale Shark,Endangered,26.56599998,-95.48800659,2012,12,23.75,0.0,,,Neutral
100519,Whale Shark,Endangered,27.35499954,-94.68499756,2012,12,24.07,0.0,,,Neutral
100519,Whale Shark,Endangered,25.95899963,-95.73901367,2012,12,23.85,0.0,,,Neutral
100519,Whale Shark,Endangered,25.75099945,-95.86499023,2012,12,23.85,0.0,,,Neutral
100519,Whale Shark,Endangered,25.95999908,-95.73800659,2012,12,23.85,0.0,,,Neutral
100519,Whale Shark,Endangered,26.39599991,-95.45901489,2012,12,23.75,0.0,,,Neutral
100519,Whale Shark,Endangered,23.95299911,-89.63101196,2013,2,23.73,0.0,,,Neutral
100519,Whale Shark,Endangered,25.8409996,-84.6789856,2013,2,23.15,0.0,,,Neutral
100519,Whale Shark,Endangered,24.3939991,-89.73800659,2013,2,23.5,0.0,,,Neutral
100519,Whale Shark,Endangered,24.9470005,-84.42401123,2013,2,24.23,0.0,,,Neutral
100519,Whale Shark,Endangered,24.97800064,-84.43701172,2013,2,24.23,0.0,,,Neutral
100519,Whale Shark,Endangered,23.95400047,-89.69900513,2013,2,23.73,0.0,,,Neutral
100519,Whale Shark,Endangered,24.04599953,-89.69699097,2013,2,23.73,0.0,,,Neutral
100519,Whale Shark,Endangered,23.93499947,-89.64099121,2013,2,23.73,0.0,,,Neutral
100519,Whale Shark,Endangered,26.57999992,-89.41900635,2013,3,22.56,0.0,,,Neutral
100521,Whale Shark,Endangered,28.08699989,-90.97299957,2011,6,28.71,0.0,,,La Nina
100521,Whale Shark,Endangered,28.00099945,-90.98600006,2011,6,28.77,0.0,,,La Nina
100521,Whale Shark,Endangered,27.96500015,-91.09500122,2011,6,28.77,0.0,,,La Nina
100521,Whale Shark,Endangered,28.08200073,-90.91899872,2011,6,28.66,0.0,,,La Nina
100521,Whale Shark,Endangered,28.112,-90.9548,2011,6,28.66,0.0,,,La Nina
100521,Whale Shark,Endangered,27.91200066,-90.85900116,2011,6,28.77,0.0,,,La Nina
100521,Whale Shark,Endangered,27.99900055,-91.00099945,2011,6,28.77,0.0,,,La Nina
100521,Whale Shark,Endangered,28.10099983,-91.06199646,2011,6,28.71,0.0,,,La Nina
100521,Whale Shark,Endangered,28.13100052,-90.94900513,2011,6,28.66,0.0,,,La Nina
100521,Whale Shark,Endangered,27.99799919,-91.17099762,2011,7,30.15,1.0,,,La Nina
100521,Whale Shark,Endangered,27.9489994,-90.94499969,2011,7,30.7,1.0,,,La Nina
100521,Whale Shark,Endangered,27.97900009,-90.98799896,2011,7,30.7,1.0,,,La Nina
100521,Whale Shark,Endangered,28.06900024,-91.03500366,2011,7,30.15,1.0,,,La Nina
100521,Whale Shark,Endangered,28.125,-91.0490036,2011,7,30.15,1.0,,,La Nina
100521,Whale Shark,Endangered,27.85000038,-91.19599915,2011,7,30.7,1.0,,,La Nina
100521,Whale Shark,Endangered,27.92300034,-91.15599823,2011,7,30.7,1.0,,,La Nina
100521,Whale Shark,Endangered,27.95999908,-90.94999695,2011,7,30.7,1.0,,,La Nina
100521,Whale Shark,Endangered,27.98900032,-90.93599701,2011,7,30.7,1.0,,,La Nina
100521,Whale Shark,Endangered,27.95100021,-91.04699707,2011,7,30.7,1.0,,,La Nina
100521,Whale Shark,Endangered,27.97900009,-88.95999908,2011,7,30.26,1.0,,,La Nina
100521,Whale Shark,Endangered,27.95700073,-91.02999878,2011,7,30.7,1.0,,,La Nina
100522,Whale Shark,Endangered,28.04299927,-90.77200317,2013,6,29.2,0.0,,,La Nina
100522,Whale Shark,Endangered,28.06399918,-90.86499023,2013,6,29.2,0.0,,,La Nina
100522,Whale Shark,Endangered,28.02000046,-91.05300903,2013,6,29.13,0.0,,,La Nina
100522,Whale Shark,Endangered,28.07999992,-90.99899292,2013,6,29.13,0.0,,,La Nina
100522,Whale Shark,Endangered,28.05699921,-90.96499634,2013,6,29.13,0.0,,,La Nina
100522,Whale Shark,Endangered,27.80500031,-92.3210144,2013,7,28.95,0.0,,,La Nina
100522,Whale Shark,Endangered,27.72500038,-92.24899292,2013,7,28.95,0.0,,,La Nina
100522,Whale Shark,Endangered,27.88500023,-92.44100952,2013,7,28.95,0.0,,,La Nina
100522,Whale Shark,Endangered,27.7140007,-92.32998657,2013,7,28.95,0.0,,,La Nina
100522,Whale Shark,Endangered,27.88699913,-92.3789978,2013,7,28.95,0.0,,,La Nina
100522,Whale Shark,Endangered,27.87000084,-92.29501343,2013,7,28.95,0.0,,,La Nina
100522,Whale Shark,Endangered,27.85700035,-92.3710022,2013,7,28.95,0.0,,,La Nina
100522,Whale Shark,Endangered,27.6420002,-92.15899658,2013,7,28.9,0.0,,,La Nina
100522,Whale Shark,Endangered,27.9279995,-92.36499023,2013,7,28.95,0.0,,,La Nina
100522,Whale Shark,Endangered,27.80800056,-92.35299683,2013,7,28.95,0.0,,,La Nina
100522,Whale Shark,Endangered,27.83300018,-92.31799316,2013,7,28.95,0.0,,,La Nina
100522,Whale Shark,Endangered,27.81800079,-92.3460083,2013,7,28.95,0.0,,,La Nina
100522,Whale Shark,Endangered,27.85499954,-92.3710022,2013,7,28.95,0.0,,,La Nina
100522,Whale Shark,Endangered,29.24799919,-88.1539917,2013,9,29.12,0.0,,,Neutral
100523,Whale Shark,Endangered,27.90600014,-91.07199097,2010,8,30.18,1.0,,,La Nina
100523,Whale Shark,Endangered,27.4489994,-91.96499634,2010,8,30.18,1.0,,,La Nina
100523,Whale Shark,Endangered,27.25499916,-93.27999878,2010,8,30.0,0.0,,,La Nina
100523,Whale Shark,Endangered,27.09600067,-93.1289978,2010,8,30.0,0.0,,,La Nina
100523,Whale Shark,Endangered,27.63100052,-92.01199341,2010,8,30.2,1.0,,,La Nina
100523,Whale Shark,Endangered,27.9344,-90.8304,2010,8,30.18,1.0,,,La Nina
100523,Whale Shark,Endangered,27.65500069,-91.74798584,2010,8,30.2,1.0,,,La Nina
100523,Whale Shark,Endangered,27.63699913,-91.9289856,2010,8,30.2,1.0,,,La Nina
100523,Whale Shark,Endangered,27.93700027,-90.84899902,2010,8,30.18,1.0,,,La Nina
100526,Whale Shark,Endangered,29.78100014,-86.72698975,2010,9,28.54,0.0,,,La Nina
100526,Whale Shark,Endangered,29.75200081,-86.69500732,2010,9,28.54,0.0,,,La Nina
100526,Whale Shark,Endangered,29.88400078,-86.99398804,2010,9,28.54,0.0,,,La Nina
100526,Whale Shark,Endangered,29.46899986,-86.2869873,2010,9,28.95,0.0,,,La Nina
100526,Whale Shark,Endangered,29.47299957,-86.29800415,2010,9,28.95,0.0,,,La Nina
100526,Whale Shark,Endangered,29.5418,-87.358,2010,9,28.76,0.0,,,La Nina
100526,Whale Shark,Endangered,29.83300018,-87.07998657,2010,9,28.51,0.0,,,La Nina
100526,Whale Shark,Endangered,29.48699951,-86.61300659,2010,9,28.72,0.0,,,La Nina
100526,Whale Shark,Endangered,29.7159996,-88.07699585,2010,9,28.87,0.0,,,La Nina
101197,Whale Shark,Endangered,26.83231798,-90.88628201,2014,7,29.23,0.0,,,Neutral
101197,Whale Shark,Endangered,27.02166937,-91.36600233,2014,7,29.22,0.0,,,Neutral
101197,Whale Shark,Endangered,27.05904584,-91.35202166,2014,7,29.22,0.0,,,Neutral
101197,Whale Shark,Endangered,27.08019033,-91.37524854,2014,7,29.22,0.0,,,Neutral
101197,Whale Shark,Endangered,26.8743576,-91.07508402,2014,7,29.32,0.0,,,Neutral
101197,Whale Shark,Endangered,27.09499942,-91.37330384,2014,7,29.22,0.0,,,Neutral
101197,Whale Shark,Endangered,26.99859445,-91.37330921,2014,7,29.22,0.0,,,Neutral
101197,Whale Shark,Endangered,26.83554884,-91.07128765,2014,7,29.09,0.0,,,Neutral
101197,Whale Shark,Endangered,26.88455657,-90.94176281,2014,7,29.32,0.0,,,Neutral
101197,Whale Shark,Endangered,27.06337566,-91.39023284,2014,7,29.22,0.0,,,Neutral
101197,Whale Shark,Endangered,26.91584672,-91.20615437,2014,7,29.09,0.0,,,Neutral
101197,Whale Shark,Endangered,26.91328598,-91.04888747,2014,7,29.32,0.0,,,Neutral
101197,Whale Shark,Endangered,26.79974934,-91.0643451,2014,7,29.09,0.0,,,Neutral
101197,Whale Shark,Endangered,26.89930782,-90.88112498,2014,7,29.32,0.0,,,Neutral
101197,Whale Shark,Endangered,26.95028654,-91.07588863,2014,7,29.32,0.0,,,Neutral
101197,Whale Shark,Endangered,27.09892092,-91.32414686,2014,7,29.22,0.0,,,Neutral
101197,Whale Shark,Endangered,27.11216347,-91.32440741,2014,7,29.22,0.0,,,Neutral
101197,Whale Shark,Endangered,26.96068688,-91.08396846,2014,7,29.32,0.0,,,Neutral
101197,Whale Shark,Endangered,26.8528773,-90.97861577,2014,7,29.32,0.0,,,Neutral
101197,Whale Shark,Endangered,27.08486772,-91.27662796,2014,7,29.22,0.0,,,Neutral
101197,Whale Shark,Endangered,26.92776782,-91.08260718,2014,7,29.32,0.0,,,Neutral
101197,Whale Shark,Endangered,28.054,-90.905,2014,7,29.98,0.0,,,Neutral
101197,Whale Shark,Endangered,28.2040833,-88.8054294,2014,8,30.54,1.0,,,Neutral
101197,Whale Shark,Endangered,28.52932777,-88.42567501,2014,8,30.46,1.0,,,Neutral
101197,Whale Shark,Endangered,28.06295597,-89.10191209,2014,8,30.54,1.0,,,Neutral
101197,Whale Shark,Endangered,27.14629861,-86.10325035,2014,8,30.45,1.0,,,Neutral
101197,Whale Shark,Endangered,28.34184299,-87.7952883,2014,8,30.47,1.0,,,Neutral
101197,Whale Shark,Endangered,28.07659144,-87.22920394,2014,8,30.76,1.0,,,Neutral
101197,Whale Shark,Endangered,26.88498267,-85.55828242,2014,8,30.69,1.0,,,Neutral
101197,Whale Shark,Endangered,28.5397246,-88.17466234,2014,8,30.35,1.0,,,Neutral
101197,Whale Shark,Endangered,27.07810392,-91.16353238,2014,8,30.42,1.0,,,Neutral
101197,Whale Shark,Endangered,27.43198075,-86.57711658,2014,8,30.35,1.0,,,Neutral
101197,Whale Shark,Endangered,28.52331896,-88.1239981,2014,8,30.35,1.0,,,Neutral
101197,Whale Shark,Endangered,27.24108563,-90.24645611,2014,8,30.29,1.0,,,Neutral
101197,Whale Shark,Endangered,28.47267571,-88.16184165,2014,8,30.35,1.0,,,Neutral
101197,Whale Shark,Endangered,27.72985688,-87.0114038,2014,8,30.61,1.0,,,Neutral
101197,Whale Shark,Endangered,26.95908985,-91.36006505,2014,8,30.35,1.0,,,Neutral
101197,Whale Shark,Endangered,27.30330102,-89.68289606,2014,8,30.15,1.0,,,Neutral
101197,Whale Shark,Endangered,28.01716994,-89.4078891,2014,8,30.72,1.0,,,Neutral
101197,Whale Shark,Endangered,27.27603893,-89.87745359,2014,8,30.15,1.0,,,Neutral
101197,Whale Shark,Endangered,28.47583388,-88.26892707,2014,8,30.35,1.0,,,Neutral
101197,Whale Shark,Endangered,28.36265773,-88.34087768,2014,8,30.35,1.0,,,Neutral
101197,Whale Shark,Endangered,28.16188475,-88.8364213,2014,8,30.54,1.0,,,Neutral
101197,Whale Shark,Endangered,28.55975548,-88.36036958,2014,8,30.35,1.0,,,Neutral
101197,Whale Shark,Endangered,26.72919315,-85.83960107,2014,8,30.47,1.0,,,Neutral
101197,Whale Shark,Endangered,27.54954533,-89.63736488,2014,8,30.15,1.0,,,Neutral
101197,Whale Shark,Endangered,28.55975648,-88.23653314,2014,8,30.35,1.0,,,Neutral
101197,Whale Shark,Endangered,28.10580869,-88.76606504,2014,8,30.54,1.0,,,Neutral
101197,Whale Shark,Endangered,28.19585024,-88.84226524,2014,8,30.54,1.0,,,Neutral
101197,Whale Shark,Endangered,27.76734743,-89.60333253,2014,8,30.25,1.0,,,Neutral
101197,Whale Shark,Endangered,28.17853222,-88.57821228,2014,8,30.44,1.0,,,Neutral
101197,Whale Shark,Endangered,27.18429812,-90.71036855,2014,8,30.52,1.0,,,Neutral
101197,Whale Shark,Endangered,28.22285399,-88.85892025,2014,8,30.54,1.0,,,Neutral
101197,Whale Shark,Endangered,24.12711489,-91.20326658,2014,9,29.89,0.0,,,Neutral
101197,Whale Shark,Endangered,24.6307695,-88.43535986,2014,9,29.86,0.0,,,Neutral
101197,Whale Shark,Endangered,24.47492825,-91.94530999,2014,9,29.93,0.0,,,Neutral
101197,Whale Shark,Endangered,25.87328285,-86.00547938,2014,9,29.8,0.0,,,Neutral
101197,Whale Shark,Endangered,26.29878731,-86.23529451,2014,9,30.34,1.0,,,Neutral
101197,Whale Shark,Endangered,24.41461028,-89.76424417,2014,9,30.11,1.0,,,Neutral
101197,Whale Shark,Endangered,24.4904543,-89.08517301,2014,9,30.26,1.0,,,Neutral
101197,Whale Shark,Endangered,25.81622373,-86.03283632,2014,9,30.13,1.0,,,Neutral
101197,Whale Shark,Endangered,25.9742836,-85.95084769,2014,9,29.8,0.0,,,Neutral
101197,Whale Shark,Endangered,25.73504404,-86.08279117,2014,9,30.13,1.0,,,Neutral
101197,Whale Shark,Endangered,24.77433942,-87.94980094,2014,9,29.37,0.0,,,Neutral
101197,Whale Shark,Endangered,24.6057358,-87.77215878,2014,9,29.37,0.0,,,Neutral
101197,Whale Shark,Endangered,24.68224078,-88.12269467,2014,9,29.51,0.0,,,Neutral
101197,Whale Shark,Endangered,24.5391845,-87.71145583,2014,9,29.53,0.0,,,Neutral
101197,Whale Shark,Endangered,26.04837029,-86.04246114,2014,9,30.25,1.0,,,Neutral
101197,Whale Shark,Endangered,25.42283981,-86.47920111,2014,9,29.85,0.0,,,Neutral
101197,Whale Shark,Endangered,24.65035283,-87.62238668,2014,9,29.53,0.0,,,Neutral
101197,Whale Shark,Endangered,24.73836228,-87.23233708,2014,9,29.79,0.0,,,Neutral
101197,Whale Shark,Endangered,24.32309527,-90.47187048,2014,9,29.97,0.0,,,Neutral
101197,Whale Shark,Endangered,24.76632482,-87.99064436,2014,9,29.37,0.0,,,Neutral
101197,Whale Shark,Endangered,25.67473791,-86.14503332,2014,9,30.13,1.0,,,Neutral
101197,Whale Shark,Endangered,26.41362547,-86.22767503,2014,9,30.47,1.0,,,Neutral
101197,Whale Shark,Endangered,24.78615385,-88.01992795,2014,9,29.37,0.0,,,Neutral
101197,Whale Shark,Endangered,26.18261803,-86.22294026,2014,9,30.34,1.0,,,Neutral
101197,Whale Shark,Endangered,24.76727631,-87.94294471,2014,9,29.37,0.0,,,Neutral
101197,Whale Shark,Endangered,25.61244842,-86.3191673,2014,9,29.85,0.0,,,Neutral
101197,Whale Shark,Endangered,24.58790716,-87.55011418,2014,9,29.53,0.0,,,Neutral
101197,Whale Shark,Endangered,24.68181073,-87.73230766,2014,9,29.37,0.0,,,Neutral
101197,Whale Shark,Endangered,25.10477402,-86.82533045,2014,9,29.87,0.0,,,Neutral
101197,Whale Shark,Endangered,26.56017598,-86.11400702,2014,9,30.47,1.0,,,Neutral
101197,Whale Shark,Endangered,24.39071006,-92.36417245,2014,10,28.85,0.0,,,Neutral
101197,Whale Shark,Endangered,24.88157066,-93.13708521,2014,10,28.79,0.0,,,Neutral
101197,Whale Shark,Endangered,24.96352009,-93.36178853,2014,10,28.79,0.0,,,Neutral
101197,Whale Shark,Endangered,23.64398698,-95.50212756,2014,10,29.23,0.0,,,Neutral
101197,Whale Shark,Endangered,23.48750299,-96.66621728,2014,10,29.53,0.0,,,Neutral
101197,Whale Shark,Endangered,23.5846611,-96.84906518,2014,10,29.53,0.0,,,Neutral
101197,Whale Shark,Endangered,23.86563774,-94.29595462,2014,10,29.22,0.0,,,Neutral
101197,Whale Shark,Endangered,24.91172054,-94.71009008,2014,10,28.84,0.0,,,Neutral
101197,Whale Shark,Endangered,23.71367705,-95.63193419,2014,10,29.18,0.0,,,Neutral
101197,Whale Shark,Endangered,24.9750224,-93.73150447,2014,10,28.73,0.0,,,Neutral
101197,Whale Shark,Endangered,24.68826036,-92.52173805,2014,10,28.88,0.0,,,Neutral
101197,Whale Shark,Endangered,24.8855202,-94.06608095,2014,10,28.7,0.0,,,Neutral
101197,Whale Shark,Endangered,25.08613363,-93.73877163,2014,10,28.8,0.0,,,Neutral
101197,Whale Shark,Endangered,24.82900195,-92.9265241,2014,10,28.81,0.0,,,Neutral
101197,Whale Shark,Endangered,23.80751583,-96.45178441,2014,10,29.54,0.0,,,Neutral
101197,Whale Shark,Endangered,24.47571946,-92.28620654,2014,10,28.98,0.0,,,Neutral
101197,Whale Shark,Endangered,24.60742348,-92.398211,2014,10,28.88,0.0,,,Neutral
101197,Whale Shark,Endangered,24.17190559,-92.73478143,2014,10,28.87,0.0,,,Neutral
101197,Whale Shark,Endangered,24.76847257,-92.68285069,2014,10,28.81,0.0,,,Neutral
101197,Whale Shark,Endangered,23.75125835,-95.7972461,2014,10,29.18,0.0,,,Neutral
101197,Whale Shark,Endangered,23.90674326,-93.82532194,2014,10,29.0,0.0,,,Neutral
101197,Whale Shark,Endangered,23.72946937,-94.99027089,2014,10,29.21,0.0,,,Neutral
101197,Whale Shark,Endangered,24.90595236,-94.35200131,2014,10,28.7,0.0,,,Neutral
101197,Whale Shark,Endangered,24.29759476,-92.49591379,2014,10,28.85,0.0,,,Neutral
101197,Whale Shark,Endangered,24.96421843,-94.315292,2014,10,28.82,0.0,,,Neutral
101197,Whale Shark,Endangered,23.96114878,-93.21924991,2014,10,28.86,0.0,,,Neutral
101197,Whale Shark,Endangered,24.64881966,-92.57887818,2014,10,28.85,0.0,,,Neutral
101197,Whale Shark,Endangered,24.52344604,-92.30849536,2014,10,28.98,0.0,,,Neutral
101197,Whale Shark,Endangered,24.70519744,-92.59245323,2014,10,28.81,0.0,,,Neutral
101197,Whale Shark,Endangered,23.78002389,-96.11579944,2014,10,29.24,0.0,,,Neutral
101197,Whale Shark,Endangered,23.81707675,-94.41620617,2014,10,29.25,0.0,,,Neutral
101197,Whale Shark,Endangered,24.73677876,-96.30877199,2014,11,26.53,0.0,,,Neutral
101197,Whale Shark,Endangered,25.07676032,-92.85144163,2014,11,26.3,0.0,,,Neutral
101197,Whale Shark,Endangered,23.74403825,-96.77020681,2014,11,26.57,0.0,,,Neutral
101197,Whale Shark,Endangered,25.15182523,-93.21816891,2014,11,26.3,0.0,,,Neutral
101197,Whale Shark,Endangered,25.04607916,-92.81946681,2014,11,26.3,0.0,,,Neutral
101197,Whale Shark,Endangered,24.52306098,-97.02816634,2014,11,26.54,0.0,,,Neutral
101197,Whale Shark,Endangered,24.13331779,-96.83588273,2014,11,26.47,0.0,,,Neutral
101197,Whale Shark,Endangered,25.43636359,-93.68553471,2014,11,26.41,0.0,,,Neutral
101197,Whale Shark,Endangered,25.49510112,-96.23901841,2014,11,26.77,0.0,,,Neutral
101197,Whale Shark,Endangered,25.67586827,-94.77916891,2014,11,26.85,0.0,,,Neutral
101197,Whale Shark,Endangered,23.89196556,-96.47610595,2014,11,26.46,0.0,,,Neutral
101197,Whale Shark,Endangered,25.6892073,-95.34644831,2014,11,26.77,0.0,,,Neutral
101197,Whale Shark,Endangered,25.57572256,-96.00290963,2014,11,26.77,0.0,,,Neutral
101197,Whale Shark,Endangered,23.95921191,-96.53178169,2014,11,26.46,0.0,,,Neutral
101197,Whale Shark,Endangered,25.27589534,-96.11923164,2014,11,26.77,0.0,,,Neutral
101197,Whale Shark,Endangered,25.64687421,-95.88357682,2014,11,26.8,0.0,,,Neutral
101197,Whale Shark,Endangered,23.67789283,-96.89680215,2014,11,26.57,0.0,,,Neutral
101197,Whale Shark,Endangered,24.83598963,-96.11228378,2014,11,26.51,0.0,,,Neutral
101197,Whale Shark,Endangered,23.8065553,-96.66935591,2014,11,26.46,0.0,,,Neutral
101197,Whale Shark,Endangered,24.01771902,-96.489402,2014,11,26.46,0.0,,,Neutral
101197,Whale Shark,Endangered,24.05089007,-96.60882887,2014,11,26.46,0.0,,,Neutral
101197,Whale Shark,Endangered,25.61291778,-94.19365981,2014,11,26.61,0.0,,,Neutral
101197,Whale Shark,Endangered,24.96172422,-95.8658833,2014,11,26.5,0.0,,,Neutral
101197,Whale Shark,Endangered,24.96369731,-92.92661632,2014,11,26.28,0.0,,,Neutral
101197,Whale Shark,Endangered,23.99489534,-96.60575737,2014,11,26.46,0.0,,,Neutral
101197,Whale Shark,Endangered,25.09326582,-92.74661007,2014,11,26.18,0.0,,,Neutral
101197,Whale Shark,Endangered,25.10589796,-92.56754624,2014,11,26.18,0.0,,,Neutral
101197,Whale Shark,Endangered,24.61716597,-96.50218647,2014,11,26.53,0.0,,,Neutral
101197,Whale Shark,Endangered,24.37339692,-97.38567485,2014,11,,,,,Neutral
101197,Whale Shark,Endangered,23.58864302,-96.69602255,2014,11,26.57,0.0,,,Neutral
101197,Whale Shark,Endangered,25.56862321,-93.81379434,2014,12,24.96,0.0,,,Neutral
101197,Whale Shark,Endangered,25.91475716,-93.44697142,2014,12,24.16,0.0,,,Neutral
101197,Whale Shark,Endangered,25.58428442,-94.09633689,2014,12,24.73,0.0,,,Neutral
101197,Whale Shark,Endangered,27.10527018,-89.59207456,2014,12,25.08,0.0,,,Neutral
101197,Whale Shark,Endangered,27.08408431,-89.44690379,2014,12,25.08,0.0,,,Neutral
101197,Whale Shark,Endangered,24.95488587,-92.82194212,2014,12,25.01,0.0,,,Neutral
101197,Whale Shark,Endangered,26.13774981,-93.25746314,2014,12,23.85,0.0,,,Neutral
101197,Whale Shark,Endangered,26.96132536,-89.4591631,2014,12,25.08,0.0,,,Neutral
101197,Whale Shark,Endangered,27.07954784,-89.78533724,2014,12,25.08,0.0,,,Neutral
101197,Whale Shark,Endangered,26.76084692,-90.7186878,2014,12,24.33,0.0,,,Neutral
101197,Whale Shark,Endangered,25.02523996,-92.81743531,2014,12,25.01,0.0,,,Neutral
101197,Whale Shark,Endangered,26.80580265,-90.26435587,2014,12,24.34,0.0,,,Neutral
101197,Whale Shark,Endangered,25.16456896,-93.46480968,2014,12,25.19,0.0,,,Neutral
101197,Whale Shark,Endangered,25.52180211,-94.03059751,2014,12,24.73,0.0,,,Neutral
101197,Whale Shark,Endangered,27.1529024,-89.43742512,2014,12,25.08,0.0,,,Neutral
101197,Whale Shark,Endangered,25.81326692,-94.09802952,2014,12,23.98,0.0,,,Neutral
101197,Whale Shark,Endangered,25.35699418,-93.63928326,2014,12,24.96,0.0,,,Neutral
101197,Whale Shark,Endangered,27.12614406,-89.40871236,2014,12,25.08,0.0,,,Neutral
101197,Whale Shark,Endangered,24.99932268,-93.04042684,2014,12,25.21,0.0,,,Neutral
101197,Whale Shark,Endangered,26.66843227,-91.18155416,2014,12,24.69,0.0,,,Neutral
101197,Whale Shark,Endangered,26.41093327,-92.77464125,2014,12,23.91,0.0,,,Neutral
101197,Whale Shark,Endangered,25.51592467,-93.88962944,2014,12,24.96,0.0,,,Neutral
101197,Whale Shark,Endangered,25.0135403,-93.16261128,2014,12,25.21,0.0,,,Neutral
101197,Whale Shark,Endangered,25.00967297,-92.62184312,2014,12,25.12,0.0,,,Neutral
101197,Whale Shark,Endangered,25.80927776,-94.15427989,2014,12,23.98,0.0,,,Neutral
101197,Whale Shark,Endangered,27.17058655,-89.51979834,2014,12,25.08,0.0,,,Neutral
101197,Whale Shark,Endangered,26.81729066,-89.76734366,2014,12,24.58,0.0,,,Neutral
101197,Whale Shark,Endangered,26.64594428,-91.76047816,2014,12,25.05,0.0,,,Neutral
101197,Whale Shark,Endangered,25.78037608,-93.77187,2014,12,23.98,0.0,,,Neutral
101197,Whale Shark,Endangered,25.74299837,-94.3571246,2014,12,23.8,0.0,,,Neutral
101197,Whale Shark,Endangered,26.631384,-92.25374721,2014,12,25.08,0.0,,,Neutral
101197,Whale Shark,Endangered,27.46186354,-88.2358176,2015,1,26.71,0.0,,,Neutral
101197,Whale Shark,Endangered,26.55425329,-90.12612977,2015,1,24.51,0.0,,,Neutral
101197,Whale Shark,Endangered,26.78987682,-89.62556016,2015,1,24.52,0.0,,,Neutral
101197,Whale Shark,Endangered,26.40706824,-90.69155313,2015,1,24.29,0.0,,,Neutral
101197,Whale Shark,Endangered,27.33440902,-88.57054049,2015,1,26.71,0.0,,,Neutral
101197,Whale Shark,Endangered,27.61760307,-87.99617396,2015,1,26.42,0.0,,,Neutral
101197,Whale Shark,Endangered,26.4802121,-91.34291512,2015,1,22.97,0.0,,,Neutral
101197,Whale Shark,Endangered,26.54338551,-92.66336036,2015,1,23.59,0.0,,,Neutral
101197,Whale Shark,Endangered,27.02679717,-91.86421919,2015,1,23.44,0.0,,,Neutral
101197,Whale Shark,Endangered,26.926035,-92.27341054,2015,1,23.32,0.0,,,Neutral
101197,Whale Shark,Endangered,27.12067651,-89.96569115,2015,1,24.77,0.0,,,Neutral
101197,Whale Shark,Endangered,27.15766823,-90.10663518,2015,1,24.77,0.0,,,Neutral
101197,Whale Shark,Endangered,26.94303872,-91.65035185,2015,1,23.87,0.0,,,Neutral
101197,Whale Shark,Endangered,27.04551329,-91.55291626,2015,1,23.87,0.0,,,Neutral
101197,Whale Shark,Endangered,27.13599804,-89.95165725,2015,1,24.77,0.0,,,Neutral
101197,Whale Shark,Endangered,27.19051481,-88.91861221,2015,1,27.02,0.0,,,Neutral
101197,Whale Shark,Endangered,26.81604969,-92.7938281,2015,1,23.52,0.0,,,Neutral
101197,Whale Shark,Endangered,27.16016289,-91.67008208,2015,1,23.44,0.0,,,Neutral
101197,Whale Shark,Endangered,26.81532666,-93.0577554,2015,1,23.45,0.0,,,Neutral
101197,Whale Shark,Endangered,27.06233676,-89.9053876,2015,1,24.77,0.0,,,Neutral
101197,Whale Shark,Endangered,26.53370389,-91.97940294,2015,1,23.43,0.0,,,Neutral
101197,Whale Shark,Endangered,27.01952263,-91.42406486,2015,1,23.87,0.0,,,Neutral
101197,Whale Shark,Endangered,27.16627859,-89.98057964,2015,1,24.77,0.0,,,Neutral
101197,Whale Shark,Endangered,27.00901998,-89.29624778,2015,1,27.48,0.0,,,Neutral
101197,Whale Shark,Endangered,26.77871546,-93.07655873,2015,1,23.45,0.0,,,Neutral
101197,Whale Shark,Endangered,26.85896685,-93.15721013,2015,1,23.45,0.0,,,Neutral
101197,Whale Shark,Endangered,26.79179203,-92.52662066,2015,1,23.59,0.0,,,Neutral
101197,Whale Shark,Endangered,27.60752947,-87.87076765,2015,1,25.42,0.0,,,Neutral
101197,Whale Shark,Endangered,27.23728362,-90.5016129,2015,1,24.6,0.0,,,Neutral
101197,Whale Shark,Endangered,27.28699652,-91.10052728,2015,1,23.42,0.0,,,Neutral
101197,Whale Shark,Endangered,27.15746602,-90.0515485,2015,1,24.77,0.0,,,Neutral
101197,Whale Shark,Endangered,27.32748116,-89.13249403,2015,2,25.58,0.0,,,Neutral
101197,Whale Shark,Endangered,27.48866483,-87.9266787,2015,2,24.43,0.0,,,Neutral
101197,Whale Shark,Endangered,27.4310447,-89.25731705,2015,2,25.58,0.0,,,Neutral
101197,Whale Shark,Endangered,27.47695306,-88.13785568,2015,2,24.43,0.0,,,Neutral
101197,Whale Shark,Endangered,27.19544727,-89.27919061,2015,2,25.58,0.0,,,Neutral
101197,Whale Shark,Endangered,27.50747123,-87.80039446,2015,2,24.43,0.0,,,Neutral
101197,Whale Shark,Endangered,27.12719719,-88.57994431,2015,2,25.52,0.0,,,Neutral
101197,Whale Shark,Endangered,27.08338159,-88.67383494,2015,2,25.52,0.0,,,Neutral
101197,Whale Shark,Endangered,26.94425062,-89.6294286,2015,2,25.48,0.0,,,Neutral
101197,Whale Shark,Endangered,27.40861113,-88.50189477,2015,2,25.6,0.0,,,Neutral
101197,Whale Shark,Endangered,27.57368737,-87.82421343,2015,2,22.58,0.0,,,Neutral
101197,Whale Shark,Endangered,27.44740395,-87.84120752,2015,2,24.43,0.0,,,Neutral
101197,Whale Shark,Endangered,27.13876408,-89.02047363,2015,2,25.57,0.0,,,Neutral
101197,Whale Shark,Endangered,27.07052395,-89.16356704,2015,2,25.57,0.0,,,Neutral
101197,Whale Shark,Endangered,27.09875309,-89.04299727,2015,2,25.57,0.0,,,Neutral
101197,Whale Shark,Endangered,27.11097666,-88.82990598,2015,2,25.52,0.0,,,Neutral
101197,Whale Shark,Endangered,27.12718896,-89.10337796,2015,2,25.57,0.0,,,Neutral
101197,Whale Shark,Endangered,27.11062355,-88.74865034,2015,2,25.52,0.0,,,Neutral
101197,Whale Shark,Endangered,26.97623369,-89.24191063,2015,2,25.57,0.0,,,Neutral
101197,Whale Shark,Endangered,27.16970349,-89.12147554,2015,2,25.57,0.0,,,Neutral
101197,Whale Shark,Endangered,26.92843012,-89.53583929,2015,2,25.48,0.0,,,Neutral
101197,Whale Shark,Endangered,27.32034297,-88.89154576,2015,2,25.73,0.0,,,Neutral
101197,Whale Shark,Endangered,27.17771521,-88.64793619,2015,2,25.52,0.0,,,Neutral
101197,Whale Shark,Endangered,26.93099355,-89.41198854,2015,2,25.48,0.0,,,Neutral
101197,Whale Shark,Endangered,27.02301702,-89.3264915,2015,2,25.57,0.0,,,Neutral
101197,Whale Shark,Endangered,27.10661687,-88.96046503,2015,2,25.57,0.0,,,Neutral
101197,Whale Shark,Endangered,27.20361172,-88.80157659,2015,2,25.73,0.0,,,Neutral
101197,Whale Shark,Endangered,26.927111,-89.66685924,2015,2,25.48,0.0,,,Neutral
101197,Whale Shark,Endangered,27.04173642,-90.95886205,2015,3,25.46,0.0,,,Neutral
101197,Whale Shark,Endangered,27.08869611,-90.53684505,2015,3,25.76,0.0,,,Neutral
101197,Whale Shark,Endangered,27.08757897,-90.71557132,2015,3,25.76,0.0,,,Neutral
101197,Whale Shark,Endangered,27.29860278,-91.00547727,2015,3,24.48,0.0,,,Neutral
101197,Whale Shark,Endangered,27.285,-91.026,2015,3,24.48,0.0,,,Neutral
101197,Whale Shark,Endangered,27.07808167,-90.43742327,2015,3,25.76,0.0,,,Neutral
101197,Whale Shark,Endangered,26.91845207,-89.84937737,2015,3,26.58,0.0,,,Neutral
101197,Whale Shark,Endangered,26.89919867,-90.09764801,2015,3,26.58,0.0,,,Neutral
101197,Whale Shark,Endangered,27.03147797,-90.35467374,2015,3,25.76,0.0,,,Neutral
101198,Whale Shark,Endangered,27.89628151,-90.80252159,2014,7,29.63,0.0,,,Neutral
101198,Whale Shark,Endangered,27.56282493,-91.05163861,2014,7,29.6,0.0,,,Neutral
101198,Whale Shark,Endangered,27.56544852,-91.17488884,2014,7,29.6,0.0,,,Neutral
101198,Whale Shark,Endangered,27.55487685,-91.12250021,2014,7,29.6,0.0,,,Neutral
101198,Whale Shark,Endangered,27.34313412,-92.09662368,2014,7,29.37,0.0,,,Neutral
101198,Whale Shark,Endangered,27.46840485,-91.65170157,2014,7,29.47,0.0,,,Neutral
101198,Whale Shark,Endangered,28.054,-90.905,2014,7,29.98,0.0,,,Neutral
101198,Whale Shark,Endangered,26.75256184,-91.43852655,2014,7,29.16,0.0,,,Neutral
101198,Whale Shark,Endangered,27.52555269,-91.468143,2014,7,29.47,0.0,,,Neutral
101198,Whale Shark,Endangered,27.01546612,-93.22136732,2014,7,28.93,0.0,,,Neutral
101198,Whale Shark,Endangered,27.54702959,-91.29232994,2014,7,29.6,0.0,,,Neutral
101198,Whale Shark,Endangered,27.24545818,-92.92937669,2014,7,29.05,0.0,,,Neutral
101198,Whale Shark,Endangered,26.85803712,-92.64652295,2014,7,29.05,0.0,,,Neutral
101198,Whale Shark,Endangered,27.09190759,-93.46044044,2014,7,28.93,0.0,,,Neutral
101198,Whale Shark,Endangered,27.05429117,-91.77812037,2014,7,29.21,0.0,,,Neutral
101198,Whale Shark,Endangered,26.91227873,-91.58785713,2014,7,29.22,0.0,,,Neutral
101198,Whale Shark,Endangered,26.89953673,-92.23487802,2014,7,29.18,0.0,,,Neutral
101198,Whale Shark,Endangered,27.29174076,-92.43642889,2014,7,29.27,0.0,,,Neutral
101198,Whale Shark,Endangered,27.75850074,-90.89881235,2014,7,29.63,0.0,,,Neutral
101198,Whale Shark,Endangered,26.99648842,-92.01928455,2014,7,29.21,0.0,,,Neutral
101198,Whale Shark,Endangered,27.02517258,-91.67633523,2014,7,29.21,0.0,,,Neutral
101198,Whale Shark,Endangered,27.32696333,-91.86447998,2014,7,29.47,0.0,,,Neutral
101198,Whale Shark,Endangered,24.69197677,-94.38173215,2014,8,30.42,1.0,,,Neutral
101198,Whale Shark,Endangered,24.54095393,-95.37874037,2014,8,30.22,1.0,,,Neutral
101198,Whale Shark,Endangered,24.66643689,-93.95974616,2014,8,30.42,1.0,,,Neutral
101198,Whale Shark,Endangered,24.68868709,-96.42290731,2014,8,30.3,1.0,,,Neutral
101198,Whale Shark,Endangered,24.58445884,-96.35111754,2014,8,30.3,1.0,,,Neutral
101198,Whale Shark,Endangered,24.65206086,-96.32029416,2014,8,30.3,1.0,,,Neutral
101198,Whale Shark,Endangered,25.75292339,-92.82326746,2014,8,30.53,1.0,,,Neutral
101198,Whale Shark,Endangered,24.57169819,-96.32355643,2014,8,30.3,1.0,,,Neutral
101198,Whale Shark,Endangered,25.98785941,-92.9065999,2014,8,30.57,1.0,,,Neutral
101198,Whale Shark,Endangered,24.73746108,-96.38404673,2014,8,30.3,1.0,,,Neutral
101198,Whale Shark,Endangered,24.76913946,-96.41552539,2014,8,30.3,1.0,,,Neutral
101198,Whale Shark,Endangered,26.48246567,-91.98027399,2014,8,30.33,1.0,,,Neutral
101198,Whale Shark,Endangered,24.74911039,-96.18546118,2014,8,30.22,1.0,,,Neutral
101198,Whale Shark,Endangered,25.06389719,-93.35667165,2014,8,30.36,1.0,,,Neutral
101198,Whale Shark,Endangered,26.14783481,-92.49411707,2014,8,30.41,1.0,,,Neutral
101198,Whale Shark,Endangered,24.74411689,-96.51807126,2014,8,30.3,1.0,,,Neutral
101198,Whale Shark,Endangered,25.57426864,-93.06547024,2014,8,30.44,1.0,,,Neutral
101198,Whale Shark,Endangered,24.9095712,-96.21555571,2014,8,30.26,1.0,,,Neutral
101198,Whale Shark,Endangered,24.51619428,-96.30060241,2014,8,30.2,1.0,,,Neutral
101198,Whale Shark,Endangered,24.59040771,-96.36634123,2014,8,30.3,1.0,,,Neutral
101198,Whale Shark,Endangered,26.53448183,-91.43353096,2014,8,30.29,1.0,,,Neutral
101198,Whale Shark,Endangered,24.64288662,-95.91347911,2014,8,30.22,1.0,,,Neutral
101198,Whale Shark,Endangered,24.45119688,-94.87859963,2014,8,30.36,1.0,,,Neutral
101198,Whale Shark,Endangered,24.81722409,-95.97082183,2014,8,30.22,1.0,,,Neutral
101199,Whale Shark,Endangered,25.60583237,-92.19282248,2014,7,28.97,0.0,,,Neutral
101199,Whale Shark,Endangered,25.5739633,-93.63496998,2014,7,28.72,0.0,,,Neutral
101199,Whale Shark,Endangered,25.23232065,-94.76646701,2014,7,28.79,0.0,,,Neutral
101199,Whale Shark,Endangered,28.054,-90.905,2014,7,29.98,0.0,,,Neutral
101199,Whale Shark,Endangered,25.70496039,-91.54731108,2014,7,29.0,0.0,,,Neutral
101199,Whale Shark,Endangered,25.68097821,-91.54959363,2014,7,29.0,0.0,,,Neutral
101199,Whale Shark,Endangered,25.70363649,-91.36726478,2014,7,29.0,0.0,,,Neutral
101199,Whale Shark,Endangered,25.64116705,-91.38279316,2014,7,29.0,0.0,,,Neutral
101199,Whale Shark,Endangered,25.66750793,-91.26682699,2014,7,29.0,0.0,,,Neutral
101199,Whale Shark,Endangered,25.60549121,-91.36081429,2014,7,29.0,0.0,,,Neutral
101199,Whale Shark,Endangered,25.48764008,-91.26612955,2014,7,29.0,0.0,,,Neutral
101199,Whale Shark,Endangered,25.28862878,-91.51857095,2014,7,29.02,0.0,,,Neutral
101199,Whale Shark,Endangered,25.297379,-91.24848468,2014,7,29.0,0.0,,,Neutral
101199,Whale Shark,Endangered,25.3843837,-91.21007397,2014,7,29.0,0.0,,,Neutral
101199,Whale Shark,Endangered,25.64443284,-91.54379997,2014,7,29.0,0.0,,,Neutral
101199,Whale Shark,Endangered,25.46445918,-91.08496602,2014,7,28.95,0.0,,,Neutral
101199,Whale Shark,Endangered,25.57024188,-92.95895348,2014,7,28.85,0.0,,,Neutral
101199,Whale Shark,Endangered,25.62263955,-91.0900506,2014,7,28.95,0.0,,,Neutral
101199,Whale Shark,Endangered,25.55580109,-91.11797524,2014,7,28.95,0.0,,,Neutral
101199,Whale Shark,Endangered,25.60312306,-91.12863511,2014,7,28.95,0.0,,,Neutral
101199,Whale Shark,Endangered,25.58366333,-91.10065693,2014,7,28.95,0.0,,,Neutral
101199,Whale Shark,Endangered,25.36535451,-91.18542831,2014,7,29.0,0.0,,,Neutral
101199,Whale Shark,Endangered,24.44784493,-95.33539823,2014,8,30.22,1.0,,,Neutral
101199,Whale Shark,Endangered,24.14409427,-95.02158331,2014,8,30.36,1.0,,,Neutral
101199,Whale Shark,Endangered,21.52233774,-94.78073646,2014,8,30.17,1.0,,,Neutral
101199,Whale Shark,Endangered,23.4086263,-95.51666029,2014,8,30.12,1.0,,,Neutral
101199,Whale Shark,Endangered,20.85464899,-93.43762157,2014,8,30.29,1.0,,,Neutral
101199,Whale Shark,Endangered,21.69486133,-95.68159657,2014,8,30.24,1.0,,,Neutral
101199,Whale Shark,Endangered,21.0886935,-93.80656825,2014,8,30.39,1.0,,,Neutral
101199,Whale Shark,Endangered,21.88337274,-96.11425187,2014,8,29.93,0.0,,,Neutral
101199,Whale Shark,Endangered,24.90352459,-95.57976025,2014,8,30.08,1.0,,,Neutral
101199,Whale Shark,Endangered,21.71131402,-95.22369419,2014,8,30.19,1.0,,,Neutral
101199,Whale Shark,Endangered,21.68498457,-95.10342952,2014,8,30.19,1.0,,,Neutral
101199,Whale Shark,Endangered,22.26528075,-96.51923835,2014,8,29.86,0.0,,,Neutral
101199,Whale Shark,Endangered,24.66481424,-95.98150301,2014,8,30.22,1.0,,,Neutral
101199,Whale Shark,Endangered,21.62627182,-94.93564442,2014,8,30.19,1.0,,,Neutral
101199,Whale Shark,Endangered,22.81743033,-96.09487285,2014,8,30.12,1.0,,,Neutral
101199,Whale Shark,Endangered,21.70115959,-95.53582158,2014,8,30.24,1.0,,,Neutral
101199,Whale Shark,Endangered,21.70376621,-95.73890811,2014,8,29.97,0.0,,,Neutral
101199,Whale Shark,Endangered,20.79306047,-93.65176326,2014,8,30.39,1.0,,,Neutral
101199,Whale Shark,Endangered,21.71242476,-95.46534204,2014,8,30.24,1.0,,,Neutral
101199,Whale Shark,Endangered,21.21725464,-93.87315164,2014,8,30.49,1.0,,,Neutral
101199,Whale Shark,Endangered,21.71039492,-95.40966833,2014,8,30.24,1.0,,,Neutral
101199,Whale Shark,Endangered,21.37339694,-94.27728997,2014,8,30.28,1.0,,,Neutral
102303,Whale Shark,Endangered,28.09855968,-88.95699326,2011,9,29.25,0.0,,,La Nina
102303,Whale Shark,Endangered,28.28414514,-86.61335848,2011,9,29.16,0.0,,,La Nina
102303,Whale Shark,Endangered,28.28102694,-88.68609779,2011,9,29.27,0.0,,,La Nina
102303,Whale Shark,Endangered,27.94359078,-89.20852157,2011,9,29.09,0.0,,,La Nina
102303,Whale Shark,Endangered,28.32888018,-86.6584533,2011,9,28.85,0.0,,,La Nina
102303,Whale Shark,Endangered,28.30499275,-86.5952113,2011,9,29.16,0.0,,,La Nina
102303,Whale Shark,Endangered,28.27328509,-86.59439354,2011,9,29.16,0.0,,,La Nina
102303,Whale Shark,Endangered,28.42229756,-86.85019422,2011,9,28.85,0.0,,,La Nina
102303,Whale Shark,Endangered,28.4666593,-86.95223111,2011,9,28.85,0.0,,,La Nina
102303,Whale Shark,Endangered,28.31656186,-86.70509541,2011,9,28.85,0.0,,,La Nina
102303,Whale Shark,Endangered,28.30063615,-88.36561792,2011,9,29.25,0.0,,,La Nina
102303,Whale Shark,Endangered,28.44122262,-87.76231853,2011,9,29.11,0.0,,,La Nina
102303,Whale Shark,Endangered,28.50602397,-87.24511071,2011,9,29.0,0.0,,,La Nina
102303,Whale Shark,Endangered,28.0625,-89.6875,2011,9,29.34,0.0,,,La Nina
102303,Whale Shark,Endangered,28.05115,-89.68755,2011,9,29.34,0.0,,,La Nina
102303,Whale Shark,Endangered,28.40248502,-86.79231097,2011,9,28.85,0.0,,,La Nina
102303,Whale Shark,Endangered,28.60918877,-87.38846207,2011,10,26.68,0.0,,,La Nina
102303,Whale Shark,Endangered,28.52364566,-87.24254658,2011,10,26.68,0.0,,,La Nina
102303,Whale Shark,Endangered,28.53557571,-87.34581383,2011,10,26.68,0.0,,,La Nina
102303,Whale Shark,Endangered,28.50208368,-87.08366734,2011,10,26.68,0.0,,,La Nina
102303,Whale Shark,Endangered,26.69336514,-88.60360316,2011,10,27.55,0.0,,,La Nina
102303,Whale Shark,Endangered,28.53938096,-87.6725234,2011,10,26.83,0.0,,,La Nina
102303,Whale Shark,Endangered,28.49073569,-87.51202724,2011,10,26.83,0.0,,,La Nina
102303,Whale Shark,Endangered,28.43059544,-86.75071889,2011,10,27.09,0.0,,,La Nina
102303,Whale Shark,Endangered,28.33357728,-86.70655189,2011,10,27.09,0.0,,,La Nina
102303,Whale Shark,Endangered,28.4350559,-86.71722127,2011,10,27.09,0.0,,,La Nina
102303,Whale Shark,Endangered,28.40808432,-86.68815212,2011,10,27.09,0.0,,,La Nina
102303,Whale Shark,Endangered,28.44774014,-86.94261477,2011,10,27.09,0.0,,,La Nina
102303,Whale Shark,Endangered,25.13390126,-90.30659294,2011,10,27.44,0.0,,,La Nina
102303,Whale Shark,Endangered,28.76081323,-87.54762682,2011,10,26.06,0.0,,,La Nina
102303,Whale Shark,Endangered,28.11667542,-88.00381978,2011,10,26.98,0.0,,,La Nina
102303,Whale Shark,Endangered,25.83883696,-89.30901798,2011,10,26.85,0.0,,,La Nina
102303,Whale Shark,Endangered,26.02167443,-89.08897812,2011,10,26.96,0.0,,,La Nina
102303,Whale Shark,Endangered,28.74049613,-87.53287192,2011,10,26.06,0.0,,,La Nina
102303,Whale Shark,Endangered,27.2461612,-88.56032621,2011,10,26.31,0.0,,,La Nina
102303,Whale Shark,Endangered,24.74156238,-90.11017775,2011,10,26.74,0.0,,,La Nina
102303,Whale Shark,Endangered,24.92292521,-90.20272135,2011,10,26.74,0.0,,,La Nina
102303,Whale Shark,Endangered,28.65603207,-87.46216095,2011,10,26.06,0.0,,,La Nina
102303,Whale Shark,Endangered,28.62094681,-87.49130838,2011,10,26.06,0.0,,,La Nina
102303,Whale Shark,Endangered,28.66206737,-87.39720321,2011,10,26.06,0.0,,,La Nina
102303,Whale Shark,Endangered,25.4744456,-89.82054593,2011,10,27.36,0.0,,,La Nina
102303,Whale Shark,Endangered,28.65217225,-87.50154599,2011,10,26.06,0.0,,,La Nina
102303,Whale Shark,Endangered,28.66331174,-87.52991059,2011,10,26.06,0.0,,,La Nina
102303,Whale Shark,Endangered,26.37307356,-88.81711364,2011,10,27.85,0.0,,,La Nina
102303,Whale Shark,Endangered,28.69214824,-87.58052258,2011,10,26.06,0.0,,,La Nina
102303,Whale Shark,Endangered,27.58207429,-88.44327867,2011,10,26.31,0.0,,,La Nina
102303,Whale Shark,Endangered,27.36471174,-88.53548303,2011,10,26.31,0.0,,,La Nina
102303,Whale Shark,Endangered,22.67878781,-92.59858673,2011,11,26.13,0.0,,,La Nina
102303,Whale Shark,Endangered,22.63760329,-92.96479263,2011,11,26.13,0.0,,,La Nina
102303,Whale Shark,Endangered,22.58279049,-93.14477175,2011,11,26.28,0.0,,,La Nina
102303,Whale Shark,Endangered,22.6279203,-92.79236244,2011,11,26.13,0.0,,,La Nina
102303,Whale Shark,Endangered,22.63900474,-93.26753177,2011,11,26.28,0.0,,,La Nina
102303,Whale Shark,Endangered,22.76400106,-92.36330917,2011,11,26.13,0.0,,,La Nina
102303,Whale Shark,Endangered,22.6416704,-93.40882677,2011,11,26.28,0.0,,,La Nina
102303,Whale Shark,Endangered,22.94288711,-91.63863959,2011,11,26.05,0.0,,,La Nina
102303,Whale Shark,Endangered,22.65515266,-93.32495869,2011,11,26.28,0.0,,,La Nina
102303,Whale Shark,Endangered,22.90309316,-91.63803345,2011,11,26.05,0.0,,,La Nina
102303,Whale Shark,Endangered,22.92437337,-91.62041472,2011,11,26.05,0.0,,,La Nina
102303,Whale Shark,Endangered,22.95449495,-91.48993793,2011,11,26.05,0.0,,,La Nina
102303,Whale Shark,Endangered,22.99532532,-91.4634097,2011,11,26.05,0.0,,,La Nina
102303,Whale Shark,Endangered,22.91271234,-91.65674184,2011,11,26.05,0.0,,,La Nina
102303,Whale Shark,Endangered,22.88228436,-91.81999538,2011,11,26.05,0.0,,,La Nina
102303,Whale Shark,Endangered,22.94344662,-91.41107202,2011,11,26.05,0.0,,,La Nina
102303,Whale Shark,Endangered,22.31407834,-93.80898069,2011,11,26.13,0.0,,,La Nina
102303,Whale Shark,Endangered,23.46985716,-90.69700791,2011,11,25.94,0.0,,,La Nina
102303,Whale Shark,Endangered,22.54157724,-93.65161553,2011,11,26.36,0.0,,,La Nina
102303,Whale Shark,Endangered,23.12656178,-91.02548899,2011,11,25.98,0.0,,,La Nina
102303,Whale Shark,Endangered,22.78873982,-92.13680775,2011,11,25.95,0.0,,,La Nina
102303,Whale Shark,Endangered,22.72114003,-93.07938658,2011,11,26.11,0.0,,,La Nina
102303,Whale Shark,Endangered,22.40869886,-93.7294963,2011,11,26.36,0.0,,,La Nina
102303,Whale Shark,Endangered,22.46650842,-93.68645699,2011,11,26.36,0.0,,,La Nina
102303,Whale Shark,Endangered,22.60294724,-93.51740355,2011,11,26.36,0.0,,,La Nina
102303,Whale Shark,Endangered,24.6414923,-90.05940119,2011,11,25.73,0.0,,,La Nina
102303,Whale Shark,Endangered,24.50318007,-90.18118534,2011,11,25.76,0.0,,,La Nina
102303,Whale Shark,Endangered,24.09088049,-90.74036105,2011,11,25.9,0.0,,,La Nina
102303,Whale Shark,Endangered,22.94239514,-91.60485838,2011,11,26.05,0.0,,,La Nina
102303,Whale Shark,Endangered,23.01210919,-91.45301167,2011,11,26.05,0.0,,,La Nina
102303,Whale Shark,Endangered,22.33659704,-93.84226482,2011,12,24.779,0.0,,,La Nina
102303,Whale Shark,Endangered,22.78328471,-93.95521535,2011,12,24.77,0.0,,,La Nina
102303,Whale Shark,Endangered,23.38529969,-94.31004234,2011,12,24.79,0.0,,,La Nina
102303,Whale Shark,Endangered,23.16969561,-94.12554476,2011,12,24.79,0.0,,,La Nina
102303,Whale Shark,Endangered,23.491,-94.442,2011,12,24.7,0.0,,,La Nina
102308,Whale Shark,Endangered,29.18000031,-87.60699463,2011,9,28.9,0.0,,,La Nina
102308,Whale Shark,Endangered,29.16900063,-87.58999634,2011,10,26.1,0.0,,,La Nina
102308,Whale Shark,Endangered,29.14500046,-88.76998901,2011,10,26.05,0.0,,,La Nina
102308,Whale Shark,Endangered,29.23699951,-87.3999939,2011,10,26.13,0.0,,,La Nina
102308,Whale Shark,Endangered,22.29999924,-86.44000244,2011,11,27.19,0.0,,,La Nina
102308,Whale Shark,Endangered,22.59399986,-95.59999847,2012,1,24.42,0.0,,,La Nina
128382,Whale Shark,Endangered,27.976,-91.069,2013,6,28.89,0.0,,,La Nina
128382,Whale Shark,Endangered,28.05,-90.967,2013,6,29.13,0.0,,,La Nina
128382,Whale Shark,Endangered,28.107,-91.009,2013,6,29.13,0.0,,,La Nina
128382,Whale Shark,Endangered,28.114,-90.939,2013,6,29.2,0.0,,,La Nina
128382,Whale Shark,Endangered,27.871,-90.569,2013,6,28.83,0.0,,,La Nina
128382,Whale Shark,Endangered,28.065,-90.865,2013,6,29.2,0.0,,,La Nina
128382,Whale Shark,Endangered,28.06,-90.927,2013,6,29.2,0.0,,,La Nina
128382,Whale Shark,Endangered,27.905,-92.285,2013,7,28.95,0.0,,,La Nina
128382,Whale Shark,Endangered,27.881,-92.591,2013,7,28.95,0.0,,,La Nina
128382,Whale Shark,Endangered,27.907,-92.247,2013,7,28.95,0.0,,,La Nina
128382,Whale Shark,Endangered,27.851,-92.551,2013,7,28.95,0.0,,,La Nina
128382,Whale Shark,Endangered,27.905,-92.337,2013,7,28.95,0.0,,,La Nina
128382,Whale Shark,Endangered,27.806,-92.521,2013,7,28.95,0.0,,,La Nina
128382,Whale Shark,Endangered,27.891,-92.318,2013,7,28.95,0.0,,,La Nina
128382,Whale Shark,Endangered,27.858,-92.348,2013,7,28.95,0.0,,,La Nina
128382,Whale Shark,Endangered,27.951,-89.328,2013,7,28.19,0.0,,,La Nina
128382,Whale Shark,Endangered,27.772,-92.665,2013,7,29.18,0.0,,,La Nina
128382,Whale Shark,Endangered,27.913,-92.214,2013,7,28.95,0.0,,,La Nina
128382,Whale Shark,Endangered,28.062,-92.533,2013,7,29.0,0.0,,,La Nina
128382,Whale Shark,Endangered,27.76,-92.377,2013,7,28.95,0.0,,,La Nina
128382,Whale Shark,Endangered,27.861,-92.186,2013,7,28.95,0.0,,,La Nina
128383,Whale Shark,Endangered,28.092,-91.019,2013,6,29.13,0.0,,,La Nina
128383,Whale Shark,Endangered,28.096,-90.955,2013,6,29.2,0.0,,,La Nina
128383,Whale Shark,Endangered,28.069,-90.983,2013,6,29.13,0.0,,,La Nina
128383,Whale Shark,Endangered,28.075,-90.997,2013,6,29.13,0.0,,,La Nina
128383,Whale Shark,Endangered,28.05,-90.967,2013,6,29.13,0.0,,,La Nina
128383,Whale Shark,Endangered,28.086,-90.994,2013,6,29.13,0.0,,,La Nina
128383,Whale Shark,Endangered,28.069,-90.978,2013,6,29.13,0.0,,,La Nina
128383,Whale Shark,Endangered,28.07,-90.977,2013,6,29.13,0.0,,,La Nina
128383,Whale Shark,Endangered,27.959,-90.3,2013,7,28.5,0.0,,,La Nina
128385,Whale Shark,Endangered,28.06900024,-90.95800781,2014,7,29.98,0.0,,,Neutral
128385,Whale Shark,Endangered,28.03499985,-90.87298584,2014,7,29.98,0.0,,,Neutral
128385,Whale Shark,Endangered,28.16699982,-90.88598633,2014,7,29.98,0.0,,,Neutral
128385,Whale Shark,Endangered,28.04700089,-90.98300171,2014,7,30.1,1.0,,,Neutral
128385,Whale Shark,Endangered,28.38199997,-91.20901489,2014,7,30.1,1.0,,,Neutral
128385,Whale Shark,Endangered,28.10099983,-90.98498535,2014,7,30.1,1.0,,,Neutral
128385,Whale Shark,Endangered,28.05999947,-91.01501465,2014,7,30.1,1.0,,,Neutral
128385,Whale Shark,Endangered,28.06599998,-91.0249939,2014,7,30.1,1.0,,,Neutral
128386,Whale Shark,Endangered,28.05200005,-90.98599243,2013,6,29.13,0.0,,,La Nina
128386,Whale Shark,Endangered,28.13500023,-90.94400024,2013,6,29.2,0.0,,,La Nina
128386,Whale Shark,Endangered,28.08200073,-90.97000122,2013,6,29.13,0.0,,,La Nina
128386,Whale Shark,Endangered,28.06900024,-90.8789978,2013,6,29.2,0.0,,,La Nina
128386,Whale Shark,Endangered,28.0909996,-90.92001343,2013,6,29.2,0.0,,,La Nina
128386,Whale Shark,Endangered,28.04199982,-90.99200439,2013,6,29.13,0.0,,,La Nina
128386,Whale Shark,Endangered,28.08499908,-90.99798584,2013,7,28.87,0.0,,,La Nina
128386,Whale Shark,Endangered,27.95800018,-92.30499268,2013,7,28.95,0.0,,,La Nina
128386,Whale Shark,Endangered,27.90699959,-92.28799438,2013,7,28.95,0.0,,,La Nina
128386,Whale Shark,Endangered,27.9260006,-92.43701172,2013,7,28.95,0.0,,,La Nina
128386,Whale Shark,Endangered,27.93799973,-92.43899536,2013,7,28.95,0.0,,,La Nina
128386,Whale Shark,Endangered,27.93799973,-92.40100098,2013,7,28.95,0.0,,,La Nina
128386,Whale Shark,Endangered,27.77799988,-92.35900879,2013,7,28.95,0.0,,,La Nina
128386,Whale Shark,Endangered,27.88400078,-92.3710022,2013,7,28.95,0.0,,,La Nina
128386,Whale Shark,Endangered,27.78499985,-92.34698486,2013,7,28.95,0.0,,,La Nina
128386,Whale Shark,Endangered,27.87199974,-92.33599854,2013,7,28.95,0.0,,,La Nina
128386,Whale Shark,Endangered,27.90200043,-92.3380127,2013,7,28.95,0.0,,,La Nina
128386,Whale Shark,Endangered,28.0189991,-92.22000122,2013,7,28.95,0.0,,,La Nina
128386,Whale Shark,Endangered,27.85400009,-92.39099121,2013,7,28.95,0.0,,,La Nina
128386,Whale Shark,Endangered,28.06800079,-90.45098877,2013,7,28.5,0.0,,,La Nina
128386,Whale Shark,Endangered,27.9659996,-92.05700684,2013,7,28.95,0.0,,,La Nina
128386,Whale Shark,Endangered,28.36400032,-89.9750061,2013,7,28.35,0.0,,,La Nina
128386,Whale Shark,Endangered,28.06999969,-90.95800781,2013,7,28.89,0.0,,,La Nina
128386,Whale Shark,Endangered,28.03700066,-90.7210083,2013,7,28.89,0.0,,,La Nina
128386,Whale Shark,Endangered,27.875,-92.39498901,2013,7,28.95,0.0,,,La Nina
128386,Whale Shark,Endangered,27.89500046,-92.36199951,2013,7,28.95,0.0,,,La Nina
128386,Whale Shark,Endangered,27.86100006,-88.20999146,2013,8,30.03,1.0,,,Neutral
128778,Whale Shark,Endangered,27.14399824,-92.64949754,2014,7,29.05,0.0,,,Neutral
128778,Whale Shark,Endangered,27.20884204,-92.17181529,2014,7,29.37,0.0,,,Neutral
128778,Whale Shark,Endangered,27.33574933,-91.94563224,2014,7,29.37,0.0,,,Neutral
128778,Whale Shark,Endangered,27.20665245,-93.14930465,2014,7,29.26,0.0,,,Neutral
128778,Whale Shark,Endangered,27.27917865,-92.30858723,2014,7,29.37,0.0,,,Neutral
128778,Whale Shark,Endangered,27.19011476,-92.96273672,2014,7,29.05,0.0,,,Neutral
128778,Whale Shark,Endangered,27.19853351,-92.88518611,2014,7,29.05,0.0,,,Neutral
128778,Whale Shark,Endangered,27.36515839,-91.35484053,2014,7,29.6,0.0,,,Neutral
128778,Whale Shark,Endangered,27.19338321,-92.71238545,2014,7,29.05,0.0,,,Neutral
128778,Whale Shark,Endangered,27.18663507,-92.7755678,2014,7,29.05,0.0,,,Neutral
128778,Whale Shark,Endangered,27.40706444,-91.78655149,2014,7,29.47,0.0,,,Neutral
128778,Whale Shark,Endangered,27.58272271,-91.60454376,2014,7,29.47,0.0,,,Neutral
128778,Whale Shark,Endangered,28.054,-90.905,2014,7,29.98,0.0,,,Neutral
128778,Whale Shark,Endangered,27.53110359,-90.93759082,2014,7,29.65,0.0,,,Neutral
128778,Whale Shark,Endangered,27.37501608,-90.8179461,2014,7,29.65,0.0,,,Neutral
128778,Whale Shark,Endangered,27.18257351,-92.48973475,2014,7,29.18,0.0,,,Neutral
128778,Whale Shark,Endangered,27.08410821,-92.35872025,2014,7,29.18,0.0,,,Neutral
128778,Whale Shark,Endangered,27.37834731,-90.93694005,2014,7,29.65,0.0,,,Neutral
128778,Whale Shark,Endangered,27.37548026,-90.85568139,2014,7,29.65,0.0,,,Neutral
128778,Whale Shark,Endangered,27.4040434,-90.85257259,2014,7,29.65,0.0,,,Neutral
128778,Whale Shark,Endangered,27.3782348,-90.83439362,2014,7,29.65,0.0,,,Neutral
128778,Whale Shark,Endangered,27.43337337,-90.91488295,2014,7,29.65,0.0,,,Neutral
128778,Whale Shark,Endangered,27.6083851,-91.26857513,2014,8,30.49,1.0,,,Neutral
128778,Whale Shark,Endangered,28.32431001,-88.62632298,2014,8,30.46,1.0,,,Neutral
128778,Whale Shark,Endangered,27.9073042,-89.81121859,2014,8,30.37,1.0,,,Neutral
128778,Whale Shark,Endangered,28.58660691,-88.02532645,2014,8,30.35,1.0,,,Neutral
128778,Whale Shark,Endangered,27.65429208,-90.36416496,2014,8,30.51,1.0,,,Neutral
128778,Whale Shark,Endangered,27.79884221,-90.81892118,2014,8,30.49,1.0,,,Neutral
128778,Whale Shark,Endangered,28.21139613,-89.24298375,2014,8,30.72,1.0,,,Neutral
128779,Whale Shark,Endangered,26.42644822,-90.66694849,2013,6,28.85,0.0,,,La Nina
128779,Whale Shark,Endangered,26.75217042,-90.32831488,2013,6,28.95,0.0,,,La Nina
128779,Whale Shark,Endangered,26.45921478,-90.75264401,2013,6,28.86,0.0,,,La Nina
128779,Whale Shark,Endangered,26.90773912,-90.21501954,2013,6,29.01,0.0,,,La Nina
128779,Whale Shark,Endangered,26.48134654,-90.78829013,2013,6,28.86,0.0,,,La Nina
128779,Whale Shark,Endangered,28.05,-90.967,2013,6,29.13,0.0,,,La Nina
128779,Whale Shark,Endangered,26.27976652,-90.62706051,2013,6,28.85,0.0,,,La Nina
128779,Whale Shark,Endangered,26.37334967,-90.70371297,2013,6,28.85,0.0,,,La Nina
128779,Whale Shark,Endangered,26.32316231,-90.66728722,2013,6,28.85,0.0,,,La Nina
128779,Whale Shark,Endangered,26.31056738,-90.70240251,2013,6,28.85,0.0,,,La Nina
128779,Whale Shark,Endangered,26.55539089,-90.44111297,2013,6,28.95,0.0,,,La Nina
128779,Whale Shark,Endangered,28.02224939,-86.7477826,2013,7,28.27,0.0,,,La Nina
128779,Whale Shark,Endangered,28.01745611,-88.32068931,2013,7,28.31,0.0,,,La Nina
128779,Whale Shark,Endangered,27.87412268,-88.92575827,2013,7,28.24,0.0,,,La Nina
128779,Whale Shark,Endangered,27.95429982,-88.04339216,2013,7,28.18,0.0,,,La Nina
128779,Whale Shark,Endangered,28.09183852,-87.9673182,2013,7,28.18,0.0,,,La Nina
128779,Whale Shark,Endangered,27.88176956,-87.83034068,2013,7,28.41,0.0,,,La Nina
128779,Whale Shark,Endangered,28.04871255,-86.89182376,2013,7,28.46,0.0,,,La Nina
128779,Whale Shark,Endangered,28.00763905,-86.84208461,2013,7,28.46,0.0,,,La Nina
128779,Whale Shark,Endangered,27.97362709,-87.48910244,2013,7,28.3,0.0,,,La Nina
128779,Whale Shark,Endangered,28.07842745,-87.09344824,2013,7,28.46,0.0,,,La Nina
128779,Whale Shark,Endangered,27.29151978,-89.383864,2013,7,28.4,0.0,,,La Nina
128779,Whale Shark,Endangered,27.79136857,-87.88190671,2013,7,28.41,0.0,,,La Nina
128779,Whale Shark,Endangered,28.08004177,-87.46852492,2013,7,28.3,0.0,,,La Nina
128779,Whale Shark,Endangered,27.52557255,-88.65619501,2013,7,28.19,0.0,,,La Nina
128779,Whale Shark,Endangered,27.98711149,-87.3761322,2013,7,28.3,0.0,,,La Nina
128779,Whale Shark,Endangered,27.96694937,-87.68065869,2013,7,28.3,0.0,,,La Nina
128779,Whale Shark,Endangered,28.03390796,-86.78624281,2013,7,28.27,0.0,,,La Nina
128779,Whale Shark,Endangered,27.95191807,-88.64441945,2013,7,28.19,0.0,,,La Nina
128779,Whale Shark,Endangered,28.06729026,-86.74776008,2013,7,28.27,0.0,,,La Nina
128779,Whale Shark,Endangered,27.62721934,-88.13877129,2013,7,28.21,0.0,,,La Nina
128779,Whale Shark,Endangered,27.73893215,-88.02393308,2013,7,28.21,0.0,,,La Nina
128779,Whale Shark,Endangered,27.92050548,-88.21054555,2013,7,28.21,0.0,,,La Nina
128779,Whale Shark,Endangered,27.68508564,-88.19879559,2013,7,28.21,0.0,,,La Nina
128779,Whale Shark,Endangered,27.10679057,-89.84053356,2013,7,28.98,0.0,,,La Nina
128779,Whale Shark,Endangered,28.01062096,-87.14147385,2013,7,28.46,0.0,,,La Nina
128779,Whale Shark,Endangered,27.88890126,-87.99676392,2013,7,28.18,0.0,,,La Nina
128779,Whale Shark,Endangered,28.0085276,-86.99613746,2013,7,28.46,0.0,,,La Nina
128779,Whale Shark,Endangered,27.41935548,-89.08286693,2013,7,28.28,0.0,,,La Nina
128779,Whale Shark,Endangered,27.86826912,-87.7360036,2013,7,28.41,0.0,,,La Nina
128779,Whale Shark,Endangered,28.08044325,-87.82773227,2013,7,28.18,0.0,,,La Nina
128779,Whale Shark,Endangered,28.00298813,-87.24228638,2013,7,28.46,0.0,,,La Nina
128779,Whale Shark,Endangered,27.97372759,-89.22914362,2013,8,29.64,0.0,,,Neutral
128779,Whale Shark,Endangered,27.93383463,-89.31718426,2013,8,29.64,0.0,,,Neutral
128779,Whale Shark,Endangered,27.94846166,-89.3076971,2013,8,29.64,0.0,,,Neutral
128779,Whale Shark,Endangered,27.86852999,-89.06237703,2013,8,30.0,0.0,,,Neutral
128779,Whale Shark,Endangered,28.03308767,-88.67698191,2013,8,29.56,0.0,,,Neutral
128779,Whale Shark,Endangered,27.97580824,-88.97500345,2013,8,29.56,0.0,,,Neutral
128779,Whale Shark,Endangered,28.55002793,-88.65763564,2013,8,29.44,0.0,,,Neutral
128779,Whale Shark,Endangered,27.94298402,-88.95005597,2013,8,29.56,0.0,,,Neutral
128779,Whale Shark,Endangered,28.29632756,-88.42443957,2013,8,29.58,0.0,,,Neutral
128779,Whale Shark,Endangered,28.42442665,-88.94708261,2013,8,29.52,0.0,,,Neutral
128779,Whale Shark,Endangered,28.15092904,-88.98847774,2013,8,29.56,0.0,,,Neutral
128779,Whale Shark,Endangered,28.01924396,-89.02430675,2013,8,29.56,0.0,,,Neutral
128779,Whale Shark,Endangered,27.79042981,-89.047469,2013,8,30.0,0.0,,,Neutral
128779,Whale Shark,Endangered,28.2753539,-88.91497395,2013,8,29.56,0.0,,,Neutral
128779,Whale Shark,Endangered,28.23840572,-88.46820362,2013,8,29.58,0.0,,,Neutral
128779,Whale Shark,Endangered,28.48953194,-88.37144961,2013,8,29.46,0.0,,,Neutral
128779,Whale Shark,Endangered,27.97437472,-88.80685863,2013,8,29.56,0.0,,,Neutral
128779,Whale Shark,Endangered,27.87354552,-89.1171844,2013,8,30.0,0.0,,,Neutral
128779,Whale Shark,Endangered,27.79871268,-89.15173521,2013,8,30.0,0.0,,,Neutral
128779,Whale Shark,Endangered,27.70623379,-89.04299696,2013,8,30.0,0.0,,,Neutral
128779,Whale Shark,Endangered,27.94093391,-89.02886741,2013,8,30.0,0.0,,,Neutral
128779,Whale Shark,Endangered,28.59275582,-88.80493331,2013,8,29.44,0.0,,,Neutral
128779,Whale Shark,Endangered,28.44237381,-88.13004752,2013,8,29.46,0.0,,,Neutral
128779,Whale Shark,Endangered,28.51081735,-88.53501317,2013,8,29.44,0.0,,,Neutral
128779,Whale Shark,Endangered,27.7181645,-89.36468204,2013,8,29.61,0.0,,,Neutral
128779,Whale Shark,Endangered,28.46312298,-88.2137847,2013,8,29.46,0.0,,,Neutral
128779,Whale Shark,Endangered,28.35785868,-88.41797449,2013,8,29.58,0.0,,,Neutral
128779,Whale Shark,Endangered,28.4038356,-88.23948505,2013,8,29.46,0.0,,,Neutral
128779,Whale Shark,Endangered,28.09014812,-88.52281932,2013,8,29.58,0.0,,,Neutral
128779,Whale Shark,Endangered,27.99575131,-88.64066247,2013,8,30.05,1.0,,,Neutral
128779,Whale Shark,Endangered,28.16500373,-88.47658112,2013,8,29.58,0.0,,,Neutral
128779,Whale Shark,Endangered,27.65476858,-89.32382045,2013,9,29.39,0.0,,,Neutral
128779,Whale Shark,Endangered,27.34078663,-89.13459301,2013,9,29.32,0.0,,,Neutral
128779,Whale Shark,Endangered,27.46247552,-89.33709183,2013,9,29.32,0.0,,,Neutral
128779,Whale Shark,Endangered,27.37825077,-89.16959326,2013,9,29.32,0.0,,,Neutral
128779,Whale Shark,Endangered,27.62010323,-88.95678321,2013,9,29.39,0.0,,,Neutral
128779,Whale Shark,Endangered,27.34252851,-89.1462551,2013,9,29.32,0.0,,,Neutral
128779,Whale Shark,Endangered,27.69595702,-89.21615671,2013,9,29.39,0.0,,,Neutral
128779,Whale Shark,Endangered,27.49692038,-89.5669076,2013,9,29.32,0.0,,,Neutral
128779,Whale Shark,Endangered,27.41605316,-89.23582497,2013,9,29.32,0.0,,,Neutral
128779,Whale Shark,Endangered,27.42966089,-90.10493923,2013,9,28.98,0.0,,,Neutral
128779,Whale Shark,Endangered,27.53381855,-90.15523852,2013,9,28.98,0.0,,,Neutral
128779,Whale Shark,Endangered,27.33508282,-89.05199499,2013,9,29.3,0.0,,,Neutral
128779,Whale Shark,Endangered,27.52424387,-88.83889534,2013,9,29.3,0.0,,,Neutral
128779,Whale Shark,Endangered,27.33045458,-89.03884487,2013,9,29.3,0.0,,,Neutral
128779,Whale Shark,Endangered,27.48842999,-89.78245223,2013,9,29.21,0.0,,,Neutral
128779,Whale Shark,Endangered,27.36789761,-88.98993038,2013,9,29.3,0.0,,,Neutral
128779,Whale Shark,Endangered,27.55545671,-89.57549407,2013,9,29.41,0.0,,,Neutral
128779,Whale Shark,Endangered,27.37078435,-88.90737458,2013,9,29.3,0.0,,,Neutral
128779,Whale Shark,Endangered,27.51388078,-89.99118153,2013,9,29.21,0.0,,,Neutral
128779,Whale Shark,Endangered,27.35537112,-89.05661614,2013,9,29.3,0.0,,,Neutral
128779,Whale Shark,Endangered,27.38213226,-88.56243824,2013,9,29.21,0.0,,,Neutral
128779,Whale Shark,Endangered,27.39746371,-88.56622944,2013,9,29.21,0.0,,,Neutral
128779,Whale Shark,Endangered,27.3911413,-88.64749714,2013,9,29.21,0.0,,,Neutral
128779,Whale Shark,Endangered,27.45360737,-89.80551711,2013,9,29.21,0.0,,,Neutral
128779,Whale Shark,Endangered,27.42496712,-88.715605,2013,9,29.3,0.0,,,Neutral
128779,Whale Shark,Endangered,27.61071771,-89.45687843,2013,9,29.41,0.0,,,Neutral
128779,Whale Shark,Endangered,27.50621258,-89.71852493,2013,9,29.21,0.0,,,Neutral
128779,Whale Shark,Endangered,27.3726494,-88.74560587,2013,9,29.3,0.0,,,Neutral
128779,Whale Shark,Endangered,27.44553723,-89.94485598,2013,9,29.21,0.0,,,Neutral
128779,Whale Shark,Endangered,27.34575694,-89.04902089,2013,9,29.3,0.0,,,Neutral
128779,Whale Shark,Endangered,27.19311506,-91.84131316,2013,10,28.71,0.0,,,Neutral
128779,Whale Shark,Endangered,25.42361104,-95.27578919,2013,10,28.23,0.0,,,Neutral
128779,Whale Shark,Endangered,28.17632031,-88.78583159,2013,10,27.85,0.0,,,Neutral
128779,Whale Shark,Endangered,27.96421612,-88.51906008,2013,10,27.98,0.0,,,Neutral
128779,Whale Shark,Endangered,27.8510025,-88.87023974,2013,10,27.86,0.0,,,Neutral
128779,Whale Shark,Endangered,27.50734217,-89.8488913,2013,10,27.81,0.0,,,Neutral
128779,Whale Shark,Endangered,27.62714895,-89.58604365,2013,10,27.85,0.0,,,Neutral
128779,Whale Shark,Endangered,28.09241491,-88.86142026,2013,10,27.85,0.0,,,Neutral
128779,Whale Shark,Endangered,27.90698494,-88.89854907,2013,10,27.85,0.0,,,Neutral
128779,Whale Shark,Endangered,27.40234976,-90.4817066,2013,10,27.87,0.0,,,Neutral
128779,Whale Shark,Endangered,25.65705278,-95.04486779,2013,10,28.23,0.0,,,Neutral
128779,Whale Shark,Endangered,27.80649378,-89.2276392,2013,10,27.85,0.0,,,Neutral
128779,Whale Shark,Endangered,27.55319183,-89.6993152,2013,10,27.81,0.0,,,Neutral
128779,Whale Shark,Endangered,27.79410127,-89.22252853,2013,10,27.85,0.0,,,Neutral
128779,Whale Shark,Endangered,26.76620597,-93.25018313,2013,10,28.45,0.0,,,Neutral
128779,Whale Shark,Endangered,27.81081896,-89.06759599,2013,10,27.85,0.0,,,Neutral
128779,Whale Shark,Endangered,27.99629543,-88.94827946,2013,10,27.85,0.0,,,Neutral
128779,Whale Shark,Endangered,28.22386597,-88.48959354,2013,10,27.98,0.0,,,Neutral
128779,Whale Shark,Endangered,28.03596958,-88.36581277,2013,10,27.98,0.0,,,Neutral
128779,Whale Shark,Endangered,28.1636522,-88.51223274,2013,10,27.98,0.0,,,Neutral
128779,Whale Shark,Endangered,27.47354082,-90.04432052,2013,10,27.87,0.0,,,Neutral
128779,Whale Shark,Endangered,27.81325756,-88.9488766,2013,10,27.85,0.0,,,Neutral
128779,Whale Shark,Endangered,28.11165531,-88.54003663,2013,10,27.98,0.0,,,Neutral
128779,Whale Shark,Endangered,27.81522391,-89.11487237,2013,10,27.85,0.0,,,Neutral
128779,Whale Shark,Endangered,26.21980382,-94.23268186,2013,10,28.41,0.0,,,Neutral
128779,Whale Shark,Endangered,27.79952919,-89.04147831,2013,10,27.85,0.0,,,Neutral
128779,Whale Shark,Endangered,27.30652091,-91.15707218,2013,10,28.27,0.0,,,Neutral
128779,Whale Shark,Endangered,27.72523065,-89.25676956,2013,10,27.85,0.0,,,Neutral
128779,Whale Shark,Endangered,27.72196353,-89.12928377,2013,10,27.85,0.0,,,Neutral
128779,Whale Shark,Endangered,27.81902428,-89.05389938,2013,10,27.85,0.0,,,Neutral
128779,Whale Shark,Endangered,27.04833661,-92.52330425,2013,10,28.49,0.0,,,Neutral
128779,Whale Shark,Endangered,23.80454302,-96.86945952,2013,11,25.43,0.0,,,Neutral
128779,Whale Shark,Endangered,23.74704923,-96.88133265,2013,11,25.43,0.0,,,Neutral
128779,Whale Shark,Endangered,23.73035416,-96.89874968,2013,11,25.43,0.0,,,Neutral
128779,Whale Shark,Endangered,23.2800457,-97.21355848,2013,11,,,,,Neutral
128779,Whale Shark,Endangered,24.35650608,-96.36349557,2013,11,25.8,0.0,,,Neutral
128779,Whale Shark,Endangered,24.04720671,-96.63993407,2013,11,25.55,0.0,,,Neutral
128779,Whale Shark,Endangered,23.57117752,-97.12994302,2013,11,,,,,Neutral
128779,Whale Shark,Endangered,23.39861887,-97.01801331,2013,11,,,,,Neutral
128779,Whale Shark,Endangered,24.34036189,-96.33955468,2013,11,25.8,0.0,,,Neutral
128779,Whale Shark,Endangered,24.36167086,-96.332697,2013,11,25.8,0.0,,,Neutral
128779,Whale Shark,Endangered,23.69576671,-96.52061453,2013,11,25.55,0.0,,,Neutral
128779,Whale Shark,Endangered,24.64428387,-95.73695453,2013,11,26.49,0.0,,,Neutral
128779,Whale Shark,Endangered,23.70756494,-96.61331179,2013,11,25.04,0.0,,,Neutral
128779,Whale Shark,Endangered,24.23187227,-96.43391447,2013,11,25.8,0.0,,,Neutral
128779,Whale Shark,Endangered,24.38037532,-96.17672728,2013,11,25.8,0.0,,,Neutral
128779,Whale Shark,Endangered,23.45878973,-96.83051974,2013,11,25.04,0.0,,,Neutral
128779,Whale Shark,Endangered,23.70152718,-96.61161449,2013,11,25.04,0.0,,,Neutral
128779,Whale Shark,Endangered,25.0859247,-95.62147096,2013,11,26.33,0.0,,,Neutral
128779,Whale Shark,Endangered,23.51747103,-97.18567903,2013,11,,,,,Neutral
128779,Whale Shark,Endangered,23.57614141,-97.05238925,2013,11,,,,,Neutral
128779,Whale Shark,Endangered,23.38752191,-96.98317135,2013,11,,,,,Neutral
128779,Whale Shark,Endangered,23.55116777,-96.68343138,2013,11,25.04,0.0,,,Neutral
128779,Whale Shark,Endangered,23.33617655,-97.12100555,2013,11,,,,,Neutral
128779,Whale Shark,Endangered,24.77829699,-95.95725271,2013,11,26.07,0.0,,,Neutral
128779,Whale Shark,Endangered,23.31544717,-97.16989024,2013,11,,,,,Neutral
128779,Whale Shark,Endangered,23.52029941,-96.54669288,2013,11,25.04,0.0,,,Neutral
128779,Whale Shark,Endangered,23.72813649,-96.78744647,2013,11,25.04,0.0,,,Neutral
128779,Whale Shark,Endangered,23.61447341,-96.75005313,2013,11,25.04,0.0,,,Neutral
128779,Whale Shark,Endangered,23.29188265,-97.20739595,2013,11,,,,,Neutral
128779,Whale Shark,Endangered,23.46381443,-96.84553044,2013,11,25.04,0.0,,,Neutral
128779,Whale Shark,Endangered,27.46052509,-94.00847724,2013,12,23.55,0.0,,,Neutral
128779,Whale Shark,Endangered,26.32662275,-94.98848403,2013,12,23.61,0.0,,,Neutral
128779,Whale Shark,Endangered,27.599,-93.976,2013,12,23.55,0.0,,,Neutral
128779,Whale Shark,Endangered,23.63341324,-96.3598747,2013,12,24.65,0.0,,,Neutral
128779,Whale Shark,Endangered,24.73570511,-96.08209206,2013,12,25.13,0.0,,,Neutral
128779,Whale Shark,Endangered,23.55974424,-96.48533296,2013,12,23.6,0.0,,,Neutral
128779,Whale Shark,Endangered,24.22178378,-95.96304372,2013,12,25.04,0.0,,,Neutral
128779,Whale Shark,Endangered,23.56410108,-96.77766383,2013,12,23.6,0.0,,,Neutral
128779,Whale Shark,Endangered,25.17574266,-96.10779871,2013,12,24.72,0.0,,,Neutral
128779,Whale Shark,Endangered,23.54356822,-96.93827801,2013,12,23.6,0.0,,,Neutral
128779,Whale Shark,Endangered,23.5288604,-96.81608275,2013,12,23.6,0.0,,,Neutral
128779,Whale Shark,Endangered,24.44774448,-96.0272397,2013,12,25.04,0.0,,,Neutral
128779,Whale Shark,Endangered,23.9854307,-96.24460607,2013,12,24.86,0.0,,,Neutral
128779,Whale Shark,Endangered,23.54151961,-96.74889587,2013,12,23.6,0.0,,,Neutral
128779,Whale Shark,Endangered,26.87475613,-94.51073442,2013,12,24.09,0.0,,,Neutral
128779,Whale Shark,Endangered,23.6860971,-96.31789751,2013,12,24.65,0.0,,,Neutral
128779,Whale Shark,Endangered,23.75835083,-96.27934125,2013,12,24.65,0.0,,,Neutral
128779,Whale Shark,Endangered,23.59732824,-96.55066322,2013,12,23.6,0.0,,,Neutral
128779,Whale Shark,Endangered,25.82468188,-95.49926344,2013,12,23.74,0.0,,,Neutral
128779,Whale Shark,Endangered,23.56290466,-96.53676115,2013,12,23.6,0.0,,,Neutral
128780,Whale Shark,Endangered,28.25077842,-92.03634804,2013,6,28.73,0.0,,,La Nina
128780,Whale Shark,Endangered,28.3762183,-92.77885994,2013,6,29.08,0.0,,,La Nina
128780,Whale Shark,Endangered,27.99843363,-92.56391695,2013,6,28.83,0.0,,,La Nina
128780,Whale Shark,Endangered,28.3109904,-92.13941296,2013,6,28.73,0.0,,,La Nina
128780,Whale Shark,Endangered,27.12821689,-92.95180195,2013,6,28.79,0.0,,,La Nina
128780,Whale Shark,Endangered,28.89021435,-92.98693571,2013,6,29.37,0.0,,,La Nina
128780,Whale Shark,Endangered,28.05,-90.967,2013,6,29.13,0.0,,,La Nina
128780,Whale Shark,Endangered,26.95863746,-93.8862067,2013,6,28.76,0.0,,,La Nina
128780,Whale Shark,Endangered,28.29606762,-91.84279233,2013,6,28.79,0.0,,,La Nina
128780,Whale Shark,Endangered,29.12360219,-92.17761745,2013,6,29.88,0.0,,,La Nina
128780,Whale Shark,Endangered,28.4181845,-93.27060244,2013,6,28.81,0.0,,,La Nina
128780,Whale Shark,Endangered,26.45574368,-94.80445612,2013,7,28.59,0.0,,,La Nina
128780,Whale Shark,Endangered,27.92279994,-93.30026224,2013,7,28.86,0.0,,,La Nina
128780,Whale Shark,Endangered,26.81028762,-94.9375,2013,7,28.74,0.0,,,La Nina
128780,Whale Shark,Endangered,25.4748934,-95.82511921,2013,7,28.79,0.0,,,La Nina
128780,Whale Shark,Endangered,26.73119909,-94.30949763,2013,7,28.83,0.0,,,La Nina
128780,Whale Shark,Endangered,25.5625,-94.58039264,2013,7,28.94,0.0,,,La Nina
128780,Whale Shark,Endangered,27.05313645,-96.4264121,2013,7,27.43,0.0,,,La Nina
128780,Whale Shark,Endangered,26.59910238,-96.98774766,2013,7,27.3,0.0,,,La Nina
128780,Whale Shark,Endangered,26.92050747,-94.23205573,2013,7,28.9,0.0,,,La Nina
128780,Whale Shark,Endangered,27.27607569,-94.24834969,2013,7,28.65,0.0,,,La Nina
128780,Whale Shark,Endangered,28.14287554,-93.10935316,2013,7,29.17,0.0,,,La Nina
128780,Whale Shark,Endangered,26.94747051,-95.54859153,2013,7,28.7,0.0,,,La Nina
128780,Whale Shark,Endangered,26.0917532,-96.03051635,2013,7,28.14,0.0,,,La Nina
128780,Whale Shark,Endangered,26.03774199,-94.79524187,2013,7,28.61,0.0,,,La Nina
128780,Whale Shark,Endangered,25.21378335,-95.12939572,2013,7,28.97,0.0,,,La Nina
128780,Whale Shark,Endangered,26.35913774,-96.46052074,2013,7,27.48,0.0,,,La Nina
128781,Whale Shark,Endangered,27.98507357,-89.69275259,2014,7,29.64,0.0,,,Neutral
128781,Whale Shark,Endangered,28.25250436,-89.25700615,2014,7,29.74,0.0,,,Neutral
128781,Whale Shark,Endangered,28.15932971,-87.294573,2014,7,29.83,0.0,,,Neutral
128781,Whale Shark,Endangered,27.72041031,-90.16623821,2014,7,29.63,0.0,,,Neutral
128781,Whale Shark,Endangered,27.65100898,-88.33015346,2014,7,29.46,0.0,,,Neutral
128781,Whale Shark,Endangered,27.84202912,-87.98186878,2014,7,29.46,0.0,,,Neutral
128781,Whale Shark,Endangered,27.69421083,-90.45897184,2014,7,29.62,0.0,,,Neutral
128781,Whale Shark,Endangered,28.02083351,-87.76081871,2014,7,29.63,0.0,,,Neutral
128781,Whale Shark,Endangered,27.62986389,-90.57634829,2014,7,29.62,0.0,,,Neutral
128781,Whale Shark,Endangered,27.73001607,-90.40169049,2014,7,29.62,0.0,,,Neutral
128781,Whale Shark,Endangered,28.054,-90.905,2014,7,29.98,0.0,,,Neutral
128781,Whale Shark,Endangered,27.73358873,-90.37884758,2014,7,29.62,0.0,,,Neutral
128781,Whale Shark,Endangered,27.72637794,-88.42792641,2014,7,29.47,0.0,,,Neutral
128781,Whale Shark,Endangered,27.72511651,-88.39359534,2014,7,29.46,0.0,,,Neutral
128781,Whale Shark,Endangered,27.81349134,-88.10090672,2014,7,29.46,0.0,,,Neutral
128781,Whale Shark,Endangered,28.13866264,-89.38258062,2014,7,29.74,0.0,,,Neutral
128781,Whale Shark,Endangered,27.68411556,-88.7989051,2014,7,29.47,0.0,,,Neutral
128781,Whale Shark,Endangered,27.56287696,-90.58976161,2014,7,29.65,0.0,,,Neutral
128781,Whale Shark,Endangered,27.48458194,-88.67063616,2014,7,29.52,0.0,,,Neutral
128781,Whale Shark,Endangered,27.87363173,-88.12011641,2014,7,29.46,0.0,,,Neutral
128781,Whale Shark,Endangered,27.57580202,-88.65715023,2014,7,29.47,0.0,,,Neutral
128781,Whale Shark,Endangered,27.80468272,-89.96963149,2014,7,29.63,0.0,,,Neutral
128781,Whale Shark,Endangered,28.0799208,-86.90820189,2014,8,30.76,1.0,,,Neutral
128781,Whale Shark,Endangered,28.00620469,-86.91093948,2014,8,30.76,1.0,,,Neutral
128781,Whale Shark,Endangered,28.06174057,-87.1751218,2014,8,30.76,1.0,,,Neutral
128781,Whale Shark,Endangered,27.89397025,-87.02529152,2014,8,30.76,1.0,,,Neutral
128781,Whale Shark,Endangered,28.07653786,-86.96546945,2014,8,30.76,1.0,,,Neutral
128781,Whale Shark,Endangered,28.45389795,-87.01412069,2014,8,30.56,1.0,,,Neutral
128781,Whale Shark,Endangered,28.06672155,-86.82210688,2014,8,30.6,1.0,,,Neutral
128781,Whale Shark,Endangered,28.24555435,-86.81690371,2014,8,30.56,1.0,,,Neutral
128781,Whale Shark,Endangered,28.02671741,-86.96285687,2014,8,30.76,1.0,,,Neutral
128781,Whale Shark,Endangered,28.38644117,-86.84490414,2014,8,30.56,1.0,,,Neutral
128781,Whale Shark,Endangered,27.67186372,-87.33107136,2014,8,30.37,1.0,,,Neutral
128781,Whale Shark,Endangered,27.68090542,-88.17499675,2014,8,30.43,1.0,,,Neutral
128781,Whale Shark,Endangered,27.59093654,-88.07171825,2014,8,30.43,1.0,,,Neutral
128781,Whale Shark,Endangered,27.40275632,-87.87699291,2014,8,30.48,1.0,,,Neutral
128781,Whale Shark,Endangered,27.43606519,-88.07088433,2014,8,30.48,1.0,,,Neutral
128781,Whale Shark,Endangered,28.15804602,-87.08043435,2014,8,30.76,1.0,,,Neutral
128781,Whale Shark,Endangered,27.7921141,-87.5925674,2014,8,30.35,1.0,,,Neutral
128781,Whale Shark,Endangered,27.76161885,-87.56726302,2014,8,30.35,1.0,,,Neutral
128781,Whale Shark,Endangered,28.11470321,-87.06940166,2014,8,30.76,1.0,,,Neutral
128781,Whale Shark,Endangered,27.69860616,-87.7488771,2014,8,30.35,1.0,,,Neutral
128781,Whale Shark,Endangered,28.45046281,-86.87641321,2014,8,30.56,1.0,,,Neutral
128781,Whale Shark,Endangered,28.7423472,-87.24560654,2014,8,30.52,1.0,,,Neutral
128781,Whale Shark,Endangered,28.60999797,-87.07032174,2014,8,30.52,1.0,,,Neutral
128781,Whale Shark,Endangered,28.71615778,-87.16066507,2014,8,30.52,1.0,,,Neutral
128781,Whale Shark,Endangered,27.55821969,-87.7256151,2014,8,30.35,1.0,,,Neutral
128781,Whale Shark,Endangered,28.72099187,-87.40632022,2014,8,30.46,1.0,,,Neutral
128781,Whale Shark,Endangered,27.78662164,-87.42030632,2014,8,30.37,1.0,,,Neutral
128781,Whale Shark,Endangered,27.93313178,-87.23150577,2014,8,30.37,1.0,,,Neutral
128781,Whale Shark,Endangered,28.16551757,-87.78371198,2014,8,30.46,1.0,,,Neutral
128781,Whale Shark,Endangered,28.13106863,-87.4909483,2014,8,30.6,1.0,,,Neutral
128781,Whale Shark,Endangered,28.20635625,-87.16057916,2014,8,30.76,1.0,,,Neutral
128781,Whale Shark,Endangered,28.28176617,-87.09028597,2014,9,29.95,0.0,,,Neutral
128781,Whale Shark,Endangered,27.54294886,-85.79445672,2014,9,30.13,1.0,,,Neutral
128781,Whale Shark,Endangered,27.54497339,-85.82207633,2014,9,30.13,1.0,,,Neutral
128781,Whale Shark,Endangered,27.5145264,-85.82663532,2014,9,30.13,1.0,,,Neutral
128781,Whale Shark,Endangered,27.51179749,-85.87065487,2014,9,30.13,1.0,,,Neutral
128781,Whale Shark,Endangered,27.52670142,-85.88415399,2014,9,30.13,1.0,,,Neutral
128781,Whale Shark,Endangered,27.33173286,-85.72888284,2014,9,29.99,0.0,,,Neutral
128781,Whale Shark,Endangered,27.43997057,-85.94978304,2014,9,30.13,1.0,,,Neutral
128781,Whale Shark,Endangered,27.65672523,-85.91452408,2014,9,30.13,1.0,,,Neutral
128781,Whale Shark,Endangered,28.1717328,-86.36385369,2014,9,30.1,1.0,,,Neutral
128781,Whale Shark,Endangered,27.59120852,-85.34368017,2014,9,30.03,1.0,,,Neutral
128781,Whale Shark,Endangered,27.95687915,-86.1227731,2014,9,30.1,1.0,,,Neutral
128781,Whale Shark,Endangered,27.56514762,-85.49222017,2014,9,30.03,1.0,,,Neutral
128781,Whale Shark,Endangered,27.67375492,-85.65672804,2014,9,30.03,1.0,,,Neutral
128781,Whale Shark,Endangered,27.64462287,-85.51566462,2014,9,30.03,1.0,,,Neutral
128781,Whale Shark,Endangered,27.58252897,-85.56095074,2014,9,30.03,1.0,,,Neutral
128781,Whale Shark,Endangered,27.58614225,-85.53472807,2014,9,30.03,1.0,,,Neutral
128781,Whale Shark,Endangered,27.55413083,-85.57626239,2014,9,30.03,1.0,,,Neutral
128781,Whale Shark,Endangered,28.44487252,-86.74566378,2014,9,29.84,0.0,,,Neutral
128781,Whale Shark,Endangered,27.35560989,-85.81684781,2014,9,29.99,0.0,,,Neutral
128781,Whale Shark,Endangered,27.33083947,-85.93679224,2014,9,29.99,0.0,,,Neutral
128781,Whale Shark,Endangered,27.37394366,-85.8335279,2014,9,29.99,0.0,,,Neutral
128781,Whale Shark,Endangered,27.3670248,-85.87421413,2014,9,29.99,0.0,,,Neutral
128781,Whale Shark,Endangered,27.25250061,-85.90021742,2014,9,29.99,0.0,,,Neutral
128781,Whale Shark,Endangered,28.30211396,-86.39790444,2014,9,29.81,0.0,,,Neutral
128781,Whale Shark,Endangered,28.65803376,-87.49612467,2014,9,29.54,0.0,,,Neutral
128781,Whale Shark,Endangered,27.55456771,-85.77087184,2014,9,30.13,1.0,,,Neutral
128781,Whale Shark,Endangered,27.40051742,-85.7856031,2014,9,29.99,0.0,,,Neutral
128781,Whale Shark,Endangered,27.44344668,-85.98793913,2014,9,30.15,1.0,,,Neutral
128781,Whale Shark,Endangered,27.20742553,-86.29676993,2014,9,30.15,1.0,,,Neutral
128781,Whale Shark,Endangered,27.07484283,-85.48063097,2014,10,28.42,0.0,,,Neutral
128781,Whale Shark,Endangered,27.46586463,-85.7895142,2014,10,28.08,0.0,,,Neutral
128781,Whale Shark,Endangered,27.2689117,-85.60801287,2014,10,28.08,0.0,,,Neutral
128781,Whale Shark,Endangered,27.08449629,-88.27884699,2014,10,28.91,0.0,,,Neutral
128781,Whale Shark,Endangered,27.53669151,-85.81560135,2014,10,27.66,0.0,,,Neutral
128781,Whale Shark,Endangered,27.1779906,-85.48557272,2014,10,28.03,0.0,,,Neutral
128781,Whale Shark,Endangered,27.3259107,-85.9890566,2014,10,28.08,0.0,,,Neutral
128781,Whale Shark,Endangered,27.49002066,-85.90493245,2014,10,27.66,0.0,,,Neutral
128781,Whale Shark,Endangered,26.36156798,-86.21751186,2014,10,28.79,0.0,,,Neutral
128781,Whale Shark,Endangered,26.68054845,-85.65516895,2014,10,28.66,0.0,,,Neutral
128781,Whale Shark,Endangered,26.7085663,-86.56042797,2014,10,28.83,0.0,,,Neutral
128781,Whale Shark,Endangered,26.13163865,-86.51700229,2014,10,29.16,0.0,,,Neutral
128781,Whale Shark,Endangered,27.26360553,-86.00531893,2014,10,28.08,0.0,,,Neutral
128781,Whale Shark,Endangered,26.6453546,-85.68119732,2014,10,28.66,0.0,,,Neutral
128781,Whale Shark,Endangered,27.42512867,-85.7009015,2014,10,28.08,0.0,,,Neutral
128781,Whale Shark,Endangered,27.419594,-85.68228935,2014,10,28.08,0.0,,,Neutral
128781,Whale Shark,Endangered,26.72059242,-85.69840812,2014,10,28.66,0.0,,,Neutral
128781,Whale Shark,Endangered,27.14078375,-87.9651616,2014,10,28.78,0.0,,,Neutral
128781,Whale Shark,Endangered,26.98044395,-87.59828789,2014,10,28.78,0.0,,,Neutral
128781,Whale Shark,Endangered,27.24833359,-87.98914472,2014,10,28.79,0.0,,,Neutral
128781,Whale Shark,Endangered,27.22859853,-88.07762075,2014,10,28.79,0.0,,,Neutral
128781,Whale Shark,Endangered,27.20509963,-87.95853118,2014,10,28.79,0.0,,,Neutral
128781,Whale Shark,Endangered,26.82365942,-86.52625044,2014,10,28.58,0.0,,,Neutral
128781,Whale Shark,Endangered,26.55490326,-86.60259719,2014,10,28.83,0.0,,,Neutral
128781,Whale Shark,Endangered,26.94597469,-87.0488064,2014,10,28.64,0.0,,,Neutral
128781,Whale Shark,Endangered,26.33103424,-86.70671784,2014,10,29.17,0.0,,,Neutral
128781,Whale Shark,Endangered,27.23866447,-87.97585005,2014,10,28.79,0.0,,,Neutral
128781,Whale Shark,Endangered,26.55009061,-85.89302038,2014,10,28.66,0.0,,,Neutral
128781,Whale Shark,Endangered,26.93690913,-85.53602959,2014,10,28.42,0.0,,,Neutral
128781,Whale Shark,Endangered,27.51955448,-85.66477292,2014,10,27.63,0.0,,,Neutral
128781,Whale Shark,Endangered,27.21324628,-85.92880225,2014,10,28.08,0.0,,,Neutral
128781,Whale Shark,Endangered,27.02301109,-88.79320666,2014,11,28.42,0.0,,,Neutral
128781,Whale Shark,Endangered,28.03093822,-87.42576672,2014,11,26.27,0.0,,,Neutral
128781,Whale Shark,Endangered,28.30983284,-87.46791027,2014,11,26.27,0.0,,,Neutral
128781,Whale Shark,Endangered,26.92580204,-89.19378117,2014,11,27.76,0.0,,,Neutral
128781,Whale Shark,Endangered,28.12613518,-87.19993982,2014,11,25.94,0.0,,,Neutral
128781,Whale Shark,Endangered,28.00615473,-87.31020513,2014,11,26.27,0.0,,,Neutral
128781,Whale Shark,Endangered,28.22789776,-87.54709327,2014,11,26.27,0.0,,,Neutral
128781,Whale Shark,Endangered,27.66982792,-89.29531618,2014,11,27.08,0.0,,,Neutral
128781,Whale Shark,Endangered,28.49995213,-87.84652709,2014,11,25.79,0.0,,,Neutral
128781,Whale Shark,Endangered,27.62480604,-88.00354405,2014,11,28.3,0.0,,,Neutral
128781,Whale Shark,Endangered,28.54683354,-88.20205234,2014,11,26.24,0.0,,,Neutral
128781,Whale Shark,Endangered,28.21087687,-88.88788615,2014,11,26.67,0.0,,,Neutral
128781,Whale Shark,Endangered,28.08666358,-88.27324131,2014,11,27.03,0.0,,,Neutral
128781,Whale Shark,Endangered,27.38804721,-89.6801665,2014,11,27.71,0.0,,,Neutral
128781,Whale Shark,Endangered,28.49400595,-87.80540311,2014,11,25.79,0.0,,,Neutral
128781,Whale Shark,Endangered,28.42198662,-87.5874721,2014,11,25.79,0.0,,,Neutral
128781,Whale Shark,Endangered,26.93449163,-89.29094359,2014,11,27.76,0.0,,,Neutral
128781,Whale Shark,Endangered,28.02909844,-87.36385403,2014,11,26.27,0.0,,,Neutral
128781,Whale Shark,Endangered,28.64062563,-88.06050952,2014,11,26.24,0.0,,,Neutral
128781,Whale Shark,Endangered,28.36403986,-88.59514738,2014,11,26.29,0.0,,,Neutral
128781,Whale Shark,Endangered,27.91831165,-88.82862471,2014,11,26.67,0.0,,,Neutral
128781,Whale Shark,Endangered,28.50933866,-87.85113419,2014,11,25.79,0.0,,,Neutral
128781,Whale Shark,Endangered,27.94755592,-87.26649321,2014,11,27.94,0.0,,,Neutral
128781,Whale Shark,Endangered,28.00609273,-88.75794393,2014,11,26.67,0.0,,,Neutral
128781,Whale Shark,Endangered,27.10680566,-89.40389619,2014,11,27.45,0.0,,,Neutral
128781,Whale Shark,Endangered,28.55088296,-88.30746831,2014,11,26.24,0.0,,,Neutral
128781,Whale Shark,Endangered,28.35100851,-87.43798563,2014,11,25.62,0.0,,,Neutral
128781,Whale Shark,Endangered,27.83714617,-88.36161759,2014,11,28.3,0.0,,,Neutral
128781,Whale Shark,Endangered,28.01055879,-87.05276029,2014,11,25.94,0.0,,,Neutral
128781,Whale Shark,Endangered,27.91995555,-87.15823404,2014,11,25.94,0.0,,,Neutral
128781,Whale Shark,Endangered,26.26883457,-84.77021723,2014,12,25.23,0.0,,,Neutral
128781,Whale Shark,Endangered,28.47512387,-86.0558708,2014,12,25.69,0.0,,,Neutral
128781,Whale Shark,Endangered,28.28968663,-85.68979457,2014,12,24.41,0.0,,,Neutral
128781,Whale Shark,Endangered,28.59465425,-86.46412544,2014,12,25.94,0.0,,,Neutral
128781,Whale Shark,Endangered,28.379093,-85.73103693,2014,12,25.69,0.0,,,Neutral
128781,Whale Shark,Endangered,25.98071654,-84.87757838,2014,12,26.25,0.0,,,Neutral
128781,Whale Shark,Endangered,26.70934369,-84.87595491,2014,12,24.8,0.0,,,Neutral
128781,Whale Shark,Endangered,28.57697575,-87.09432771,2014,12,24.01,0.0,,,Neutral
128781,Whale Shark,Endangered,27.91956586,-86.00817663,2014,12,26.38,0.0,,,Neutral
128781,Whale Shark,Endangered,26.43449631,-84.94811202,2014,12,24.8,0.0,,,Neutral
128781,Whale Shark,Endangered,28.06789577,-86.02297072,2014,12,26.38,0.0,,,Neutral
128781,Whale Shark,Endangered,26.28707213,-85.37205795,2014,12,25.69,0.0,,,Neutral
128781,Whale Shark,Endangered,26.88080509,-86.25382455,2014,12,27.51,0.0,,,Neutral
128781,Whale Shark,Endangered,28.14906325,-85.75586599,2014,12,25.04,0.0,,,Neutral
128781,Whale Shark,Endangered,27.79837296,-85.72401857,2014,12,25.04,0.0,,,Neutral
128781,Whale Shark,Endangered,27.55288735,-85.93591262,2014,12,26.13,0.0,,,Neutral
128781,Whale Shark,Endangered,27.41256215,-85.94276672,2014,12,24.86,0.0,,,Neutral
128781,Whale Shark,Endangered,26.6184859,-84.61768366,2014,12,25.59,0.0,,,Neutral
128781,Whale Shark,Endangered,26.2032072,-84.83762154,2014,12,25.23,0.0,,,Neutral
128781,Whale Shark,Endangered,27.99222502,-87.43037869,2014,12,24.91,0.0,,,Neutral
128781,Whale Shark,Endangered,26.6072722,-85.8764071,2014,12,25.39,0.0,,,Neutral
128781,Whale Shark,Endangered,27.69168683,-85.81331776,2014,12,26.13,0.0,,,Neutral
128781,Whale Shark,Endangered,27.13421899,-86.2993213,2014,12,27.51,0.0,,,Neutral
128781,Whale Shark,Endangered,28.40012265,-87.63854117,2014,12,24.05,0.0,,,Neutral
128781,Whale Shark,Endangered,26.07809617,-84.7961588,2014,12,25.23,0.0,,,Neutral
128781,Whale Shark,Endangered,28.08043675,-87.77730168,2014,12,24.27,0.0,,,Neutral
128781,Whale Shark,Endangered,26.29099466,-84.59047928,2014,12,25.23,0.0,,,Neutral
128781,Whale Shark,Endangered,28.18943391,-88.10556909,2014,12,24.27,0.0,,,Neutral
128781,Whale Shark,Endangered,26.27425987,-84.52019405,2014,12,25.23,0.0,,,Neutral
128781,Whale Shark,Endangered,26.16674632,-84.51609955,2014,12,25.23,0.0,,,Neutral
128781,Whale Shark,Endangered,26.6672458,-84.61599264,2014,12,25.59,0.0,,,Neutral
128781,Whale Shark,Endangered,27.68248123,-88.06252483,2015,1,26.42,0.0,,,Neutral
128781,Whale Shark,Endangered,27.05853342,-84.90238138,2015,1,23.93,0.0,,,Neutral
128781,Whale Shark,Endangered,26.79775348,-84.81344829,2015,1,24.22,0.0,,,Neutral
128781,Whale Shark,Endangered,27.48566284,-89.00776994,2015,1,27.02,0.0,,,Neutral
128781,Whale Shark,Endangered,26.60188064,-84.96158331,2015,1,24.77,0.0,,,Neutral
128781,Whale Shark,Endangered,27.39349619,-87.33902662,2015,1,25.55,0.0,,,Neutral
128781,Whale Shark,Endangered,27.36797051,-87.60445013,2015,1,25.55,0.0,,,Neutral
128781,Whale Shark,Endangered,27.29525851,-90.20339583,2015,1,24.81,0.0,,,Neutral
128781,Whale Shark,Endangered,27.59258479,-87.15854894,2015,1,23.8,0.0,,,Neutral
128781,Whale Shark,Endangered,27.30639096,-89.49057223,2015,1,27.14,0.0,,,Neutral
128781,Whale Shark,Endangered,27.35320881,-89.89926566,2015,1,26.2,0.0,,,Neutral
128781,Whale Shark,Endangered,27.17566107,-85.29284057,2015,1,23.98,0.0,,,Neutral
128781,Whale Shark,Endangered,27.48788605,-86.49436946,2015,1,23.68,0.0,,,Neutral
128781,Whale Shark,Endangered,27.64160632,-88.67309859,2015,1,26.53,0.0,,,Neutral
128781,Whale Shark,Endangered,27.3832196,-90.43016401,2015,1,24.81,0.0,,,Neutral
128781,Whale Shark,Endangered,27.54268076,-87.78801814,2015,1,25.42,0.0,,,Neutral
128781,Whale Shark,Endangered,27.20496027,-90.26264224,2015,1,24.81,0.0,,,Neutral
128781,Whale Shark,Endangered,26.68413499,-85.18132866,2015,1,24.47,0.0,,,Neutral
128781,Whale Shark,Endangered,27.3483367,-90.17835048,2015,1,24.81,0.0,,,Neutral
128781,Whale Shark,Endangered,27.57873297,-86.32162828,2015,1,24.05,0.0,,,Neutral
128781,Whale Shark,Endangered,27.35592084,-90.19334857,2015,1,24.81,0.0,,,Neutral
128781,Whale Shark,Endangered,26.93881863,-84.73249196,2015,1,24.22,0.0,,,Neutral
128781,Whale Shark,Endangered,27.24999717,-89.33432137,2015,1,27.14,0.0,,,Neutral
128781,Whale Shark,Endangered,27.56225647,-86.83998769,2015,1,23.52,0.0,,,Neutral
128781,Whale Shark,Endangered,27.76162405,-88.40472103,2015,1,26.42,0.0,,,Neutral
128781,Whale Shark,Endangered,27.58667217,-86.6758282,2015,1,23.52,0.0,,,Neutral
128781,Whale Shark,Endangered,27.59596873,-87.06497161,2015,1,23.52,0.0,,,Neutral
128781,Whale Shark,Endangered,27.4519572,-86.04731162,2015,1,24.21,0.0,,,Neutral
128781,Whale Shark,Endangered,27.28355988,-85.72333937,2015,1,24.01,0.0,,,Neutral
128781,Whale Shark,Endangered,27.65990947,-86.66893865,2015,1,23.52,0.0,,,Neutral
128781,Whale Shark,Endangered,27.29060374,-85.83340777,2015,1,24.01,0.0,,,Neutral
128781,Whale Shark,Endangered,26.5436345,-89.47700145,2015,2,25.71,0.0,,,Neutral
128781,Whale Shark,Endangered,27.22161899,-89.62135097,2015,2,25.48,0.0,,,Neutral
128781,Whale Shark,Endangered,27.54671987,-89.71097502,2015,2,25.39,0.0,,,Neutral
128781,Whale Shark,Endangered,27.63764246,-89.78618139,2015,2,25.39,0.0,,,Neutral
128781,Whale Shark,Endangered,27.13289619,-89.50585157,2015,2,25.48,0.0,,,Neutral
128781,Whale Shark,Endangered,27.48710583,-89.68719506,2015,2,25.39,0.0,,,Neutral
128781,Whale Shark,Endangered,27.59130644,-89.75466366,2015,2,25.39,0.0,,,Neutral
128781,Whale Shark,Endangered,27.59986769,-89.10494687,2015,2,25.61,0.0,,,Neutral
128781,Whale Shark,Endangered,27.94046064,-89.15152859,2015,2,25.61,0.0,,,Neutral
128781,Whale Shark,Endangered,27.67624544,-89.23837799,2015,2,25.61,0.0,,,Neutral
128781,Whale Shark,Endangered,27.74125669,-89.15182814,2015,2,25.61,0.0,,,Neutral
128781,Whale Shark,Endangered,27.59573014,-89.09533603,2015,2,25.61,0.0,,,Neutral
128781,Whale Shark,Endangered,27.82792453,-89.25325729,2015,2,25.61,0.0,,,Neutral
128781,Whale Shark,Endangered,27.63720065,-89.19184212,2015,2,25.61,0.0,,,Neutral
128781,Whale Shark,Endangered,26.7760338,-89.5137923,2015,2,25.71,0.0,,,Neutral
128781,Whale Shark,Endangered,27.18541634,-89.96041639,2015,2,24.44,0.0,,,Neutral
128781,Whale Shark,Endangered,27.16675091,-89.4764396,2015,2,25.48,0.0,,,Neutral
128781,Whale Shark,Endangered,27.35296865,-89.67485626,2015,2,25.39,0.0,,,Neutral
128781,Whale Shark,Endangered,27.77527528,-88.87887709,2015,2,25.4,0.0,,,Neutral
128781,Whale Shark,Endangered,26.16017245,-89.08051799,2015,2,25.47,0.0,,,Neutral
128781,Whale Shark,Endangered,27.37769437,-89.34848488,2015,2,25.58,0.0,,,Neutral
128781,Whale Shark,Endangered,25.99876418,-88.77292272,2015,2,25.39,0.0,,,Neutral
128781,Whale Shark,Endangered,27.52345989,-89.41293411,2015,2,25.58,0.0,,,Neutral
128781,Whale Shark,Endangered,27.62300924,-89.36072494,2015,2,25.58,0.0,,,Neutral
128781,Whale Shark,Endangered,27.55344726,-88.87600346,2015,2,25.73,0.0,,,Neutral
128781,Whale Shark,Endangered,27.39739789,-90.38331317,2015,2,24.41,0.0,,,Neutral
128781,Whale Shark,Endangered,26.34261936,-89.30471683,2015,2,25.47,0.0,,,Neutral
128781,Whale Shark,Endangered,27.64685817,-88.68790341,2015,2,25.4,0.0,,,Neutral
128781,Whale Shark,Endangered,24.1671714,-87.52313465,2015,3,26.01,0.0,,,Neutral
128781,Whale Shark,Endangered,23.81397274,-86.35053406,2015,3,26.27,0.0,,,Neutral
128781,Whale Shark,Endangered,24.44167762,-87.88234271,2015,3,25.22,0.0,,,Neutral
128781,Whale Shark,Endangered,23.88504776,-86.54800664,2015,3,26.26,0.0,,,Neutral
128781,Whale Shark,Endangered,25.33692849,-89.01457683,2015,3,25.75,0.0,,,Neutral
128781,Whale Shark,Endangered,23.90368284,-86.6385297,2015,3,26.26,0.0,,,Neutral
128781,Whale Shark,Endangered,25.46355021,-88.96776444,2015,3,26.42,0.0,,,Neutral
128781,Whale Shark,Endangered,23.98678637,-86.84136056,2015,3,26.39,0.0,,,Neutral
128781,Whale Shark,Endangered,24.74897793,-88.37480402,2015,3,25.88,0.0,,,Neutral
128781,Whale Shark,Endangered,23.88354315,-87.37438375,2015,3,26.01,0.0,,,Neutral
128781,Whale Shark,Endangered,25.79602793,-88.62926878,2015,3,26.04,0.0,,,Neutral
128781,Whale Shark,Endangered,23.89190087,-86.54155246,2015,3,26.26,0.0,,,Neutral
128781,Whale Shark,Endangered,25.14574276,-88.90575407,2015,3,25.75,0.0,,,Neutral
128781,Whale Shark,Endangered,25.16598433,-89.09570587,2015,3,25.75,0.0,,,Neutral
128781,Whale Shark,Endangered,25.5671638,-88.75985382,2015,3,26.77,0.0,,,Neutral
128782,Whale Shark,Endangered,28.06851329,-91.62443197,2013,6,28.79,0.0,,,La Nina
128782,Whale Shark,Endangered,27.93429977,-91.88104171,2013,6,28.75,0.0,,,La Nina
128782,Whale Shark,Endangered,28.12297438,-91.11914962,2013,6,29.13,0.0,,,La Nina
128782,Whale Shark,Endangered,28.05,-90.967,2013,6,29.13,0.0,,,La Nina
128782,Whale Shark,Endangered,28.0625,-90.9375,2013,6,29.2,0.0,,,La Nina
128782,Whale Shark,Endangered,28.0688009,-91.62554516,2013,6,28.79,0.0,,,La Nina
128782,Whale Shark,Endangered,28.07185964,-91.59784603,2013,6,28.79,0.0,,,La Nina
128782,Whale Shark,Endangered,28.11837444,-91.40744538,2013,6,29.13,0.0,,,La Nina
128782,Whale Shark,Endangered,28.08624503,-91.1586106,2013,6,29.13,0.0,,,La Nina
128782,Whale Shark,Endangered,28.09515955,-91.21840297,2013,6,29.13,0.0,,,La Nina
128782,Whale Shark,Endangered,28.15467285,-92.16867414,2013,6,28.73,0.0,,,La Nina
128782,Whale Shark,Endangered,27.22987178,-92.04006433,2013,7,28.9,0.0,,,La Nina
128782,Whale Shark,Endangered,24.7694524,-95.82244637,2013,7,28.89,0.0,,,La Nina
128782,Whale Shark,Endangered,25.27961966,-96.42657755,2013,7,28.23,0.0,,,La Nina
128782,Whale Shark,Endangered,26.9901855,-96.16534815,2013,7,27.98,0.0,,,La Nina
128782,Whale Shark,Endangered,26.75440333,-96.03099721,2013,7,28.37,0.0,,,La Nina
128782,Whale Shark,Endangered,26.56991787,-95.76993885,2013,7,28.37,0.0,,,La Nina
128782,Whale Shark,Endangered,26.79879129,-95.3792699,2013,7,28.73,0.0,,,La Nina
128782,Whale Shark,Endangered,26.96328711,-96.68137558,2013,7,27.43,0.0,,,La Nina
128782,Whale Shark,Endangered,23.93640732,-95.94585375,2013,7,28.71,0.0,,,La Nina
128782,Whale Shark,Endangered,26.92827524,-92.2647708,2013,7,28.99,0.0,,,La Nina
128782,Whale Shark,Endangered,27.16758594,-95.04341959,2013,7,29.06,0.0,,,La Nina
128782,Whale Shark,Endangered,25.84516696,-96.10054379,2013,7,28.51,0.0,,,La Nina
128782,Whale Shark,Endangered,28.02167171,-91.59034107,2013,7,28.89,0.0,,,La Nina
128782,Whale Shark,Endangered,26.31117295,-96.21629937,2013,7,28.14,0.0,,,La Nina
128782,Whale Shark,Endangered,26.07433505,-96.20735894,2013,7,28.14,0.0,,,La Nina
128782,Whale Shark,Endangered,26.01740554,-96.07057651,2013,7,28.14,0.0,,,La Nina
128782,Whale Shark,Endangered,26.15494649,-96.26021079,2013,7,28.14,0.0,,,La Nina
128782,Whale Shark,Endangered,28.03114076,-93.97603669,2013,7,28.62,0.0,,,La Nina
128782,Whale Shark,Endangered,25.9873461,-96.09472765,2013,7,28.14,0.0,,,La Nina
128782,Whale Shark,Endangered,25.12720304,-96.70976812,2013,7,28.48,0.0,,,La Nina
128782,Whale Shark,Endangered,24.83234756,-96.03022191,2013,7,28.82,0.0,,,La Nina
128782,Whale Shark,Endangered,26.93971941,-95.73970685,2013,7,28.7,0.0,,,La Nina
128782,Whale Shark,Endangered,25.79242175,-96.44397107,2013,7,28.08,0.0,,,La Nina
128782,Whale Shark,Endangered,27.33794314,-93.2369132,2013,7,29.06,0.0,,,La Nina
128782,Whale Shark,Endangered,27.88186131,-94.77349542,2013,7,28.87,0.0,,,La Nina
128782,Whale Shark,Endangered,27.54846459,-94.81743843,2013,7,28.87,0.0,,,La Nina
128782,Whale Shark,Endangered,26.81124114,-95.52723738,2013,7,28.73,0.0,,,La Nina
128783,Whale Shark,Endangered,28.054,-90.905,2014,7,29.98,0.0,,,Neutral
128783,Whale Shark,Endangered,28.18260579,-91.61160537,2014,7,30.23,1.0,,,Neutral
128783,Whale Shark,Endangered,28.09811321,-91.625,2014,7,30.23,1.0,,,Neutral
128783,Whale Shark,Endangered,28.03062367,-91.74377582,2014,7,30.23,1.0,,,Neutral
128783,Whale Shark,Endangered,27.44311545,-92.46496352,2014,7,29.27,0.0,,,Neutral
128783,Whale Shark,Endangered,27.38920172,-92.77161098,2014,7,29.27,0.0,,,Neutral
128783,Whale Shark,Endangered,27.53326705,-92.49078227,2014,7,29.27,0.0,,,Neutral
128783,Whale Shark,Endangered,27.5235835,-92.54684954,2014,7,29.27,0.0,,,Neutral
128783,Whale Shark,Endangered,27.55954758,-92.48304318,2014,7,29.27,0.0,,,Neutral
128783,Whale Shark,Endangered,27.44616729,-92.61119304,2014,7,29.27,0.0,,,Neutral
128783,Whale Shark,Endangered,27.69456416,-91.99964802,2014,7,29.71,0.0,,,Neutral
128783,Whale Shark,Endangered,27.75603628,-91.74147099,2014,7,29.71,0.0,,,Neutral
128783,Whale Shark,Endangered,28.14323685,-91.64821972,2014,7,30.23,1.0,,,Neutral
128783,Whale Shark,Endangered,27.38171797,-93.23770904,2014,7,29.26,0.0,,,Neutral
128783,Whale Shark,Endangered,27.27266154,-93.2852084,2014,7,28.93,0.0,,,Neutral
128783,Whale Shark,Endangered,27.07142762,-93.35318424,2014,7,28.93,0.0,,,Neutral
128783,Whale Shark,Endangered,27.16301178,-93.27906575,2014,7,28.93,0.0,,,Neutral
128783,Whale Shark,Endangered,26.92153101,-93.48747572,2014,7,28.93,0.0,,,Neutral
128783,Whale Shark,Endangered,27.47301604,-92.88467398,2014,7,29.26,0.0,,,Neutral
128783,Whale Shark,Endangered,27.45212473,-93.16822183,2014,7,29.26,0.0,,,Neutral
128783,Whale Shark,Endangered,27.5342629,-92.32238585,2014,7,29.37,0.0,,,Neutral
128783,Whale Shark,Endangered,27.14458853,-93.17119002,2014,7,28.93,0.0,,,Neutral
128783,Whale Shark,Endangered,28.04284518,-90.69075523,2014,8,30.51,1.0,,,Neutral
128783,Whale Shark,Endangered,27.40654738,-91.87472979,2014,8,30.63,1.0,,,Neutral
128783,Whale Shark,Endangered,28.23445661,-90.88736596,2014,8,30.51,1.0,,,Neutral
128783,Whale Shark,Endangered,28.3077551,-90.58716543,2014,8,30.51,1.0,,,Neutral
128783,Whale Shark,Endangered,28.20787215,-90.61146437,2014,8,30.51,1.0,,,Neutral
128783,Whale Shark,Endangered,28.30772393,-91.34785263,2014,8,30.38,1.0,,,Neutral
128783,Whale Shark,Endangered,28.26663877,-90.02299664,2014,8,30.66,1.0,,,Neutral
128783,Whale Shark,Endangered,28.31631782,-91.11443123,2014,8,30.38,1.0,,,Neutral
128783,Whale Shark,Endangered,28.09048383,-89.93005071,2014,8,30.66,1.0,,,Neutral
128783,Whale Shark,Endangered,27.58850554,-91.93681891,2014,8,30.63,1.0,,,Neutral
128783,Whale Shark,Endangered,28.09661298,-91.7683223,2014,8,30.53,1.0,,,Neutral
128783,Whale Shark,Endangered,28.22849903,-91.51945415,2014,8,30.53,1.0,,,Neutral
128783,Whale Shark,Endangered,27.58750446,-91.99919808,2014,8,30.73,1.0,,,Neutral
128783,Whale Shark,Endangered,28.08920978,-91.79432038,2014,8,30.53,1.0,,,Neutral
128783,Whale Shark,Endangered,27.53608358,-91.92706454,2014,8,30.73,1.0,,,Neutral
128783,Whale Shark,Endangered,27.9475415,-91.67633385,2014,8,30.53,1.0,,,Neutral
128783,Whale Shark,Endangered,28.44419738,-90.2874416,2014,8,30.63,1.0,,,Neutral
128783,Whale Shark,Endangered,27.16892054,-91.5672507,2014,8,30.35,1.0,,,Neutral
128783,Whale Shark,Endangered,28.31293763,-90.16263619,2014,8,30.69,1.0,,,Neutral
128783,Whale Shark,Endangered,28.29202367,-90.3514096,2014,8,30.69,1.0,,,Neutral
128783,Whale Shark,Endangered,28.0834474,-90.47316396,2014,8,30.69,1.0,,,Neutral
128783,Whale Shark,Endangered,27.91082981,-91.21723406,2014,8,30.5,1.0,,,Neutral
128783,Whale Shark,Endangered,27.53482823,-92.16218522,2014,8,30.73,1.0,,,Neutral
128783,Whale Shark,Endangered,27.67437497,-91.33485142,2014,8,30.5,1.0,,,Neutral
128783,Whale Shark,Endangered,28.09100092,-90.42047581,2014,8,30.69,1.0,,,Neutral
128783,Whale Shark,Endangered,28.14148543,-90.87341516,2014,8,30.51,1.0,,,Neutral
128783,Whale Shark,Endangered,27.95777399,-90.55741273,2014,8,30.51,1.0,,,Neutral
128783,Whale Shark,Endangered,28.52026318,-89.9539873,2014,8,30.68,1.0,,,Neutral
128783,Whale Shark,Endangered,27.48535024,-91.39284798,2014,8,30.49,1.0,,,Neutral
128783,Whale Shark,Endangered,28.56080014,-89.8480892,2014,8,30.68,1.0,,,Neutral
128783,Whale Shark,Endangered,27.50991486,-91.41608522,2014,8,30.49,1.0,,,Neutral
128783,Whale Shark,Endangered,27.34184532,-91.67725608,2014,9,30.09,1.0,,,Neutral
128783,Whale Shark,Endangered,27.13622196,-91.40811647,2014,9,30.2,1.0,,,Neutral
128783,Whale Shark,Endangered,27.09279916,-91.3051015,2014,9,30.2,1.0,,,Neutral
128783,Whale Shark,Endangered,27.21415944,-91.3929128,2014,9,30.2,1.0,,,Neutral
128783,Whale Shark,Endangered,27.3443385,-91.73203897,2014,9,30.09,1.0,,,Neutral
128783,Whale Shark,Endangered,26.99958978,-93.22622055,2014,9,29.97,0.0,,,Neutral
128783,Whale Shark,Endangered,27.44948709,-91.88605772,2014,9,30.09,1.0,,,Neutral
128783,Whale Shark,Endangered,27.35396633,-91.52196721,2014,9,30.09,1.0,,,Neutral
128783,Whale Shark,Endangered,27.56467182,-91.67204643,2014,9,30.09,1.0,,,Neutral
128783,Whale Shark,Endangered,27.30642603,-91.49427908,2014,9,30.09,1.0,,,Neutral
128783,Whale Shark,Endangered,27.86227014,-91.78051654,2014,9,30.03,1.0,,,Neutral
128783,Whale Shark,Endangered,27.82688138,-91.81724809,2014,9,30.03,1.0,,,Neutral
128783,Whale Shark,Endangered,26.78667863,-92.48571416,2014,9,30.25,1.0,,,Neutral
128783,Whale Shark,Endangered,27.32184866,-92.64910933,2014,9,29.93,0.0,,,Neutral
128783,Whale Shark,Endangered,26.73892681,-92.70502354,2014,9,30.25,1.0,,,Neutral
128783,Whale Shark,Endangered,26.75987812,-92.81090637,2014,9,30.25,1.0,,,Neutral
128783,Whale Shark,Endangered,26.87571503,-92.57131344,2014,9,30.25,1.0,,,Neutral
128783,Whale Shark,Endangered,27.44644375,-92.4269797,2014,9,29.93,0.0,,,Neutral
128783,Whale Shark,Endangered,27.22155186,-91.16936968,2014,9,30.15,1.0,,,Neutral
128783,Whale Shark,Endangered,27.83565045,-91.71795411,2014,9,30.03,1.0,,,Neutral
128783,Whale Shark,Endangered,27.73147054,-91.76730455,2014,9,30.03,1.0,,,Neutral
128783,Whale Shark,Endangered,27.41784601,-91.55711273,2014,9,30.09,1.0,,,Neutral
128783,Whale Shark,Endangered,27.52172791,-92.19582235,2014,9,30.02,1.0,,,Neutral
128783,Whale Shark,Endangered,26.94527957,-93.34108039,2014,9,29.97,0.0,,,Neutral
128783,Whale Shark,Endangered,27.16622789,-93.05969819,2014,9,30.04,1.0,,,Neutral
128783,Whale Shark,Endangered,26.98794072,-93.04616314,2014,9,30.04,1.0,,,Neutral
128783,Whale Shark,Endangered,27.50624512,-92.09224818,2014,9,30.02,1.0,,,Neutral
128783,Whale Shark,Endangered,26.90646698,-92.88395137,2014,9,30.04,1.0,,,Neutral
128783,Whale Shark,Endangered,27.25508874,-91.94674875,2014,9,30.22,1.0,,,Neutral
128783,Whale Shark,Endangered,27.50508903,-92.27402192,2014,9,30.02,1.0,,,Neutral
128783,Whale Shark,Endangered,27.98062556,-87.35540589,2014,10,28.48,0.0,,,Neutral
128783,Whale Shark,Endangered,27.86681268,-89.71853919,2014,10,28.71,0.0,,,Neutral
128783,Whale Shark,Endangered,27.62247533,-89.94685231,2014,10,28.73,0.0,,,Neutral
128783,Whale Shark,Endangered,28.18618301,-87.68451951,2014,10,28.48,0.0,,,Neutral
128783,Whale Shark,Endangered,27.54699019,-90.71560136,2014,10,28.86,0.0,,,Neutral
128783,Whale Shark,Endangered,27.95896939,-86.32626764,2014,10,27.71,0.0,,,Neutral
128783,Whale Shark,Endangered,28.2818127,-87.9070112,2014,10,28.61,0.0,,,Neutral
128783,Whale Shark,Endangered,28.10249878,-88.84411571,2014,10,28.4,0.0,,,Neutral
128783,Whale Shark,Endangered,28.2839725,-85.62737615,2014,10,27.88,0.0,,,Neutral
128783,Whale Shark,Endangered,27.43437662,-90.9840675,2014,10,28.85,0.0,,,Neutral
128783,Whale Shark,Endangered,27.2896315,-91.15747917,2014,10,28.85,0.0,,,Neutral
128783,Whale Shark,Endangered,27.60043498,-90.29234035,2014,10,28.86,0.0,,,Neutral
128783,Whale Shark,Endangered,28.43162283,-89.05851297,2014,10,28.15,0.0,,,Neutral
128783,Whale Shark,Endangered,28.66471195,-87.16468849,2014,10,27.59,0.0,,,Neutral
128783,Whale Shark,Endangered,27.61109349,-90.16931932,2014,10,28.86,0.0,,,Neutral
128783,Whale Shark,Endangered,28.28070867,-88.34412904,2014,10,28.46,0.0,,,Neutral
128783,Whale Shark,Endangered,28.26685706,-88.32386562,2014,10,28.46,0.0,,,Neutral
128783,Whale Shark,Endangered,28.36847005,-88.56635674,2014,10,28.29,0.0,,,Neutral
128783,Whale Shark,Endangered,28.26294881,-88.33663865,2014,10,28.46,0.0,,,Neutral
128783,Whale Shark,Endangered,28.34412003,-89.30571397,2014,10,28.26,0.0,,,Neutral
128783,Whale Shark,Endangered,28.3031096,-88.12089376,2014,10,28.27,0.0,,,Neutral
128783,Whale Shark,Endangered,28.62975872,-86.44557891,2014,10,27.61,0.0,,,Neutral
128783,Whale Shark,Endangered,28.46758483,-88.38275288,2014,10,28.27,0.0,,,Neutral
128783,Whale Shark,Endangered,28.63522412,-87.8964044,2014,10,27.67,0.0,,,Neutral
128783,Whale Shark,Endangered,28.45521625,-88.93087569,2014,10,28.15,0.0,,,Neutral
128783,Whale Shark,Endangered,27.60958907,-90.41583784,2014,10,28.83,0.0,,,Neutral
128783,Whale Shark,Endangered,28.43643487,-88.77855064,2014,10,28.29,0.0,,,Neutral
128783,Whale Shark,Endangered,27.75580483,-86.85702804,2014,10,27.98,0.0,,,Neutral
128783,Whale Shark,Endangered,28.21165971,-85.68520314,2014,10,27.74,0.0,,,Neutral
128783,Whale Shark,Endangered,28.42764644,-85.54309478,2014,10,27.88,0.0,,,Neutral
128783,Whale Shark,Endangered,28.51768896,-85.7389515,2014,10,27.76,0.0,,,Neutral
128783,Whale Shark,Endangered,25.75320986,-90.95679861,2014,11,25.82,0.0,,,Neutral
128783,Whale Shark,Endangered,25.99002623,-91.0750393,2014,11,25.81,0.0,,,Neutral
128783,Whale Shark,Endangered,27.06194178,-92.2559113,2014,11,26.34,0.0,,,Neutral
128783,Whale Shark,Endangered,27.92559233,-89.6684352,2014,11,26.95,0.0,,,Neutral
128783,Whale Shark,Endangered,27.18352661,-92.26397886,2014,11,26.34,0.0,,,Neutral
128783,Whale Shark,Endangered,27.19140366,-92.16566582,2014,11,26.34,0.0,,,Neutral
128783,Whale Shark,Endangered,25.93716163,-90.84313658,2014,11,25.87,0.0,,,Neutral
128783,Whale Shark,Endangered,27.25618499,-91.02720944,2014,11,27.34,0.0,,,Neutral
128783,Whale Shark,Endangered,24.80386076,-92.14082011,2014,11,26.38,0.0,,,Neutral
128783,Whale Shark,Endangered,26.41291007,-91.59220864,2014,11,26.02,0.0,,,Neutral
128783,Whale Shark,Endangered,26.15815165,-91.28874224,2014,11,26.02,0.0,,,Neutral
128783,Whale Shark,Endangered,27.54664974,-90.31509384,2014,11,27.52,0.0,,,Neutral
128783,Whale Shark,Endangered,28.01709297,-89.27629888,2014,11,25.64,0.0,,,Neutral
128783,Whale Shark,Endangered,27.0560234,-92.12380843,2014,11,26.79,0.0,,,Neutral
128783,Whale Shark,Endangered,24.70866405,-92.45601811,2014,11,26.38,0.0,,,Neutral
128783,Whale Shark,Endangered,27.1555308,-91.85565239,2014,11,26.79,0.0,,,Neutral
128783,Whale Shark,Endangered,27.18802096,-91.99980783,2014,11,26.79,0.0,,,Neutral
128783,Whale Shark,Endangered,27.16676351,-92.02203704,2014,11,26.79,0.0,,,Neutral
128783,Whale Shark,Endangered,27.12384263,-92.07922291,2014,11,26.79,0.0,,,Neutral
128783,Whale Shark,Endangered,26.69524657,-91.88893038,2014,11,26.68,0.0,,,Neutral
128783,Whale Shark,Endangered,26.96802807,-92.12099636,2014,11,26.79,0.0,,,Neutral
128783,Whale Shark,Endangered,24.94967519,-92.00470805,2014,11,26.52,0.0,,,Neutral
128783,Whale Shark,Endangered,26.95384076,-92.24175385,2014,11,26.34,0.0,,,Neutral
128783,Whale Shark,Endangered,25.52146607,-91.24996617,2014,11,25.73,0.0,,,Neutral
128783,Whale Shark,Endangered,27.77050611,-89.98188425,2014,11,27.3,0.0,,,Neutral
128783,Whale Shark,Endangered,26.02411243,-90.87950518,2014,11,25.87,0.0,,,Neutral
128783,Whale Shark,Endangered,25.23205935,-91.63440708,2014,11,25.87,0.0,,,Neutral
128783,Whale Shark,Endangered,25.96742448,-90.94649233,2014,11,25.87,0.0,,,Neutral
128783,Whale Shark,Endangered,27.27388598,-90.6013703,2014,11,27.42,0.0,,,Neutral
128783,Whale Shark,Endangered,27.09060519,-91.46677915,2014,11,27.05,0.0,,,Neutral
128783,Whale Shark,Endangered,25.21461417,-95.94582463,2014,12,24.57,0.0,,,Neutral
128783,Whale Shark,Endangered,25.11885868,-96.08438587,2014,12,24.57,0.0,,,Neutral
128783,Whale Shark,Endangered,24.86731096,-94.11136193,2014,12,24.43,0.0,,,Neutral
128783,Whale Shark,Endangered,25.45648118,-94.73546227,2014,12,24.49,0.0,,,Neutral
128783,Whale Shark,Endangered,25.2103448,-96.21628858,2014,12,24.31,0.0,,,Neutral
128783,Whale Shark,Endangered,24.90850542,-96.2287668,2014,12,24.31,0.0,,,Neutral
128783,Whale Shark,Endangered,25.11459626,-96.36129584,2014,12,24.31,0.0,,,Neutral
128783,Whale Shark,Endangered,24.98882299,-94.39692542,2014,12,24.75,0.0,,,Neutral
128783,Whale Shark,Endangered,24.82476871,-96.32504194,2014,12,24.31,0.0,,,Neutral
128783,Whale Shark,Endangered,25.05073709,-96.38201513,2014,12,24.31,0.0,,,Neutral
128783,Whale Shark,Endangered,25.16372477,-96.29288744,2014,12,24.31,0.0,,,Neutral
128783,Whale Shark,Endangered,25.47462416,-94.88094685,2014,12,24.49,0.0,,,Neutral
128783,Whale Shark,Endangered,25.02030985,-96.17682083,2014,12,24.31,0.0,,,Neutral
128783,Whale Shark,Endangered,25.1144353,-96.16548114,2014,12,24.31,0.0,,,Neutral
128783,Whale Shark,Endangered,25.37394643,-94.70859436,2014,12,24.49,0.0,,,Neutral
128783,Whale Shark,Endangered,24.75119646,-93.73100381,2014,12,24.9,0.0,,,Neutral
128783,Whale Shark,Endangered,25.40748035,-95.61467159,2014,12,24.05,0.0,,,Neutral
128783,Whale Shark,Endangered,25.31550816,-95.81203071,2014,12,24.05,0.0,,,Neutral
128783,Whale Shark,Endangered,24.77340828,-96.26380326,2014,12,24.5,0.0,,,Neutral
128783,Whale Shark,Endangered,24.66744455,-93.26772849,2014,12,25.13,0.0,,,Neutral
128783,Whale Shark,Endangered,24.7715909,-96.35332718,2014,12,24.33,0.0,,,Neutral
128783,Whale Shark,Endangered,24.71522041,-96.4378879,2014,12,24.33,0.0,,,Neutral
128783,Whale Shark,Endangered,25.43590938,-94.9436204,2014,12,24.13,0.0,,,Neutral
128783,Whale Shark,Endangered,25.50490992,-95.2019329,2014,12,24.13,0.0,,,Neutral
128783,Whale Shark,Endangered,25.45888897,-95.08773231,2014,12,24.13,0.0,,,Neutral
128783,Whale Shark,Endangered,25.23144009,-96.21963042,2014,12,24.31,0.0,,,Neutral
128783,Whale Shark,Endangered,25.07283188,-94.63805348,2014,12,24.75,0.0,,,Neutral
128783,Whale Shark,Endangered,24.95747571,-96.36793404,2014,12,24.31,0.0,,,Neutral
128783,Whale Shark,Endangered,25.46092216,-95.10237963,2014,12,24.13,0.0,,,Neutral
128783,Whale Shark,Endangered,25.45943622,-94.90033038,2014,12,24.49,0.0,,,Neutral
128783,Whale Shark,Endangered,24.76917133,-92.68176684,2014,12,25.01,0.0,,,Neutral
128783,Whale Shark,Endangered,26.85825966,-94.13151202,2015,1,21.63,0.0,,,Neutral
128783,Whale Shark,Endangered,27.05693413,-94.20835605,2015,1,21.63,0.0,,,Neutral
128783,Whale Shark,Endangered,27.10419946,-94.0307527,2015,1,21.63,0.0,,,Neutral
128783,Whale Shark,Endangered,26.95652045,-94.04000525,2015,1,21.63,0.0,,,Neutral
128783,Whale Shark,Endangered,27.19264269,-94.38429842,2015,1,21.63,0.0,,,Neutral
128783,Whale Shark,Endangered,27.05210866,-94.06409621,2015,1,21.63,0.0,,,Neutral
128783,Whale Shark,Endangered,27.12309082,-94.03756275,2015,1,21.63,0.0,,,Neutral
128783,Whale Shark,Endangered,26.83438259,-95.70207188,2015,1,22.32,0.0,,,Neutral
128783,Whale Shark,Endangered,26.80375875,-95.72052559,2015,1,22.32,0.0,,,Neutral
128783,Whale Shark,Endangered,26.93001304,-95.26724273,2015,1,21.71,0.0,,,Neutral
128783,Whale Shark,Endangered,26.96936865,-95.4178276,2015,1,21.71,0.0,,,Neutral
128783,Whale Shark,Endangered,26.87939228,-95.4068095,2015,1,21.71,0.0,,,Neutral
128783,Whale Shark,Endangered,26.92247144,-95.20538037,2015,1,21.71,0.0,,,Neutral
128783,Whale Shark,Endangered,26.96545504,-95.33785088,2015,1,21.71,0.0,,,Neutral
128783,Whale Shark,Endangered,25.82747105,-95.70102332,2015,1,21.68,0.0,,,Neutral
128783,Whale Shark,Endangered,27.54843257,-95.00309766,2015,1,21.31,0.0,,,Neutral
128783,Whale Shark,Endangered,27.64265675,-94.89962636,2015,1,21.15,0.0,,,Neutral
128783,Whale Shark,Endangered,27.42799653,-94.78511429,2015,1,21.31,0.0,,,Neutral
128783,Whale Shark,Endangered,27.68979548,-94.7943788,2015,1,21.15,0.0,,,Neutral
128783,Whale Shark,Endangered,27.51030769,-94.89742985,2015,1,21.31,0.0,,,Neutral
128783,Whale Shark,Endangered,26.99580867,-93.98403188,2015,1,22.51,0.0,,,Neutral
128783,Whale Shark,Endangered,27.58928097,-95.02299403,2015,1,21.31,0.0,,,Neutral
128783,Whale Shark,Endangered,27.0745228,-93.98367917,2015,1,22.51,0.0,,,Neutral
128783,Whale Shark,Endangered,27.57698292,-94.87964269,2015,1,21.31,0.0,,,Neutral
128783,Whale Shark,Endangered,27.00694935,-94.93756768,2015,1,21.35,0.0,,,Neutral
128783,Whale Shark,Endangered,27.06547045,-94.51046994,2015,1,21.35,0.0,,,Neutral
128783,Whale Shark,Endangered,25.26188205,-96.15992372,2015,1,21.59,0.0,,,Neutral
128783,Whale Shark,Endangered,25.46177106,-96.29882604,2015,1,21.59,0.0,,,Neutral
128783,Whale Shark,Endangered,25.97548445,-95.37122947,2015,1,22.08,0.0,,,Neutral
128783,Whale Shark,Endangered,26.66766435,-95.48914336,2015,1,22.15,0.0,,,Neutral
128783,Whale Shark,Endangered,25.64194051,-96.0748426,2015,1,21.59,0.0,,,Neutral
128783,Whale Shark,Endangered,28.21673505,-90.33966596,2015,2,23.18,0.0,,,Neutral
128783,Whale Shark,Endangered,27.97557887,-90.31888632,2015,2,23.18,0.0,,,Neutral
128783,Whale Shark,Endangered,28.11173322,-90.42802971,2015,2,23.18,0.0,,,Neutral
128783,Whale Shark,Endangered,27.63684961,-91.55622845,2015,2,23.56,0.0,,,Neutral
128783,Whale Shark,Endangered,27.37863268,-93.05816752,2015,2,21.24,0.0,,,Neutral
128783,Whale Shark,Endangered,27.65085344,-93.15942214,2015,2,21.12,0.0,,,Neutral
128783,Whale Shark,Endangered,27.14771734,-93.16932896,2015,2,21.53,0.0,,,Neutral
128783,Whale Shark,Endangered,28.05487472,-94.42519057,2015,2,19.92,0.0,,,Neutral
128783,Whale Shark,Endangered,28.08279761,-94.38795616,2015,2,19.92,0.0,,,Neutral
128783,Whale Shark,Endangered,27.65578657,-93.6800629,2015,2,21.21,0.0,,,Neutral
128783,Whale Shark,Endangered,27.77158215,-90.56924681,2015,2,23.99,0.0,,,Neutral
128783,Whale Shark,Endangered,27.54347025,-93.39362153,2015,2,21.44,0.0,,,Neutral
128783,Whale Shark,Endangered,27.55560647,-93.47166442,2015,2,21.44,0.0,,,Neutral
128783,Whale Shark,Endangered,27.77945749,-92.7749685,2015,2,21.24,0.0,,,Neutral
128783,Whale Shark,Endangered,27.64755771,-90.93740583,2015,2,23.74,0.0,,,Neutral
128783,Whale Shark,Endangered,27.68477236,-91.09624562,2015,2,23.74,0.0,,,Neutral
128783,Whale Shark,Endangered,28.09792995,-94.41920636,2015,2,19.92,0.0,,,Neutral
128783,Whale Shark,Endangered,27.68292134,-93.71919145,2015,2,21.21,0.0,,,Neutral
128783,Whale Shark,Endangered,27.90892295,-94.62707725,2015,2,20.47,0.0,,,Neutral
128783,Whale Shark,Endangered,27.8045622,-91.85342958,2015,2,23.14,0.0,,,Neutral
128783,Whale Shark,Endangered,27.64490653,-93.37547499,2015,2,21.12,0.0,,,Neutral
128783,Whale Shark,Endangered,27.68385531,-93.48501786,2015,2,21.12,0.0,,,Neutral
128783,Whale Shark,Endangered,27.64692491,-93.38421672,2015,2,21.12,0.0,,,Neutral
128783,Whale Shark,Endangered,27.38320724,-93.25992566,2015,2,21.24,0.0,,,Neutral
128783,Whale Shark,Endangered,28.330612,-89.76963747,2015,2,23.9,0.0,,,Neutral
128783,Whale Shark,Endangered,27.85172106,-92.52717327,2015,2,22.08,0.0,,,Neutral
128783,Whale Shark,Endangered,28.3069917,-89.9950328,2015,2,22.43,0.0,,,Neutral
128783,Whale Shark,Endangered,27.86490692,-92.19355336,2015,2,22.08,0.0,,,Neutral
128783,Whale Shark,Endangered,28.45868022,-89.68705328,2015,3,22.88,0.0,,,Neutral
128783,Whale Shark,Endangered,28.36013753,-89.72223355,2015,3,22.88,0.0,,,Neutral
128783,Whale Shark,Endangered,28.42241252,-89.49197946,2015,3,22.88,0.0,,,Neutral
128783,Whale Shark,Endangered,28.30429327,-89.28645925,2015,3,23.15,0.0,,,Neutral
128783,Whale Shark,Endangered,28.39609364,-89.5023416,2015,3,22.88,0.0,,,Neutral
128783,Whale Shark,Endangered,28.32881381,-89.58129006,2015,3,22.88,0.0,,,Neutral
128783,Whale Shark,Endangered,28.57524644,-89.64338384,2015,3,22.88,0.0,,,Neutral
128783,Whale Shark,Endangered,28.39550204,-89.6647896,2015,3,22.88,0.0,,,Neutral
128783,Whale Shark,Endangered,28.38836018,-89.6322016,2015,3,22.88,0.0,,,Neutral
128783,Whale Shark,Endangered,28.42329617,-89.54160266,2015,3,22.88,0.0,,,Neutral
128783,Whale Shark,Endangered,27.87485468,-89.60835694,2015,3,25.78,0.0,,,Neutral
128783,Whale Shark,Endangered,28.66757392,-89.55582147,2015,3,22.88,0.0,,,Neutral
128783,Whale Shark,Endangered,28.87287923,-88.56219401,2015,3,22.14,0.0,,,Neutral
128783,Whale Shark,Endangered,28.74493066,-89.33280136,2015,3,19.57,0.0,,,Neutral
128783,Whale Shark,Endangered,28.70265711,-89.40525041,2015,3,19.57,0.0,,,Neutral
128783,Whale Shark,Endangered,28.99768128,-88.47785533,2015,3,22.14,0.0,,,Neutral
128783,Whale Shark,Endangered,27.75797079,-90.27064327,2015,3,24.26,0.0,,,Neutral
128783,Whale Shark,Endangered,28.7572127,-89.28083247,2015,3,19.57,0.0,,,Neutral
128783,Whale Shark,Endangered,28.77131185,-88.82056057,2015,3,21.64,0.0,,,Neutral
128783,Whale Shark,Endangered,28.71540881,-89.06389435,2015,3,22.29,0.0,,,Neutral
128783,Whale Shark,Endangered,29.07296755,-88.11657589,2015,3,21.49,0.0,,,Neutral
128783,Whale Shark,Endangered,29.07791212,-88.2417674,2015,3,21.49,0.0,,,Neutral
128783,Whale Shark,Endangered,28.36579819,-89.16716428,2015,3,22.29,0.0,,,Neutral
128783,Whale Shark,Endangered,28.24264273,-89.78902875,2015,3,23.68,0.0,,,Neutral
128783,Whale Shark,Endangered,28.45233592,-89.31790728,2015,3,22.29,0.0,,,Neutral
128783,Whale Shark,Endangered,28.63585695,-88.99629681,2015,3,22.29,0.0,,,Neutral
128783,Whale Shark,Endangered,28.19398432,-89.97240639,2015,3,23.68,0.0,,,Neutral
128783,Whale Shark,Endangered,28.06770656,-89.97517279,2015,3,23.68,0.0,,,Neutral
128783,Whale Shark,Endangered,28.75036143,-89.42881996,2015,3,19.57,0.0,,,Neutral
128783,Whale Shark,Endangered,28.63793805,-88.85286636,2015,3,21.64,0.0,,,Neutral
128783,Whale Shark,Endangered,28.76337077,-88.45794071,2015,3,22.14,0.0,,,Neutral
128783,Whale Shark,Endangered,28.41419595,-89.14626777,2015,4,25.0,0.0,,,Neutral
128783,Whale Shark,Endangered,28.88334637,-87.34991714,2015,4,24.37,0.0,,,Neutral
128783,Whale Shark,Endangered,28.11737445,-89.17272781,2015,4,26.22,0.0,,,Neutral
128783,Whale Shark,Endangered,28.83891668,-87.29926917,2015,4,24.37,0.0,,,Neutral
128783,Whale Shark,Endangered,27.92536849,-89.50524236,2015,4,26.64,0.0,,,Neutral
128783,Whale Shark,Endangered,29.43836787,-87.18597766,2015,4,23.99,0.0,,,Neutral
128783,Whale Shark,Endangered,29.57347905,-86.87583597,2015,4,23.99,0.0,,,Neutral
128783,Whale Shark,Endangered,29.66095742,-87.01078852,2015,4,23.99,0.0,,,Neutral
128783,Whale Shark,Endangered,29.58908701,-86.95369782,2015,4,23.99,0.0,,,Neutral
128783,Whale Shark,Endangered,29.57887136,-86.84638396,2015,4,23.99,0.0,,,Neutral
128783,Whale Shark,Endangered,29.47508806,-86.95964298,2015,4,23.99,0.0,,,Neutral
128783,Whale Shark,Endangered,28.25747809,-89.9881905,2015,4,26.55,0.0,,,Neutral
128783,Whale Shark,Endangered,28.20016166,-89.77446963,2015,4,26.55,0.0,,,Neutral
128783,Whale Shark,Endangered,29.6673784,-86.94502061,2015,4,23.99,0.0,,,Neutral
128783,Whale Shark,Endangered,29.10345789,-87.44672336,2015,4,24.19,0.0,,,Neutral
128783,Whale Shark,Endangered,29.20392673,-87.53539412,2015,4,24.17,0.0,,,Neutral
128783,Whale Shark,Endangered,28.88959011,-88.21448242,2015,4,24.15,0.0,,,Neutral
128783,Whale Shark,Endangered,28.54210612,-89.85255283,2015,4,25.57,0.0,,,Neutral
128783,Whale Shark,Endangered,29.02643584,-87.91737017,2015,4,24.36,0.0,,,Neutral
128783,Whale Shark,Endangered,28.64358709,-89.33745491,2015,4,23.34,0.0,,,Neutral
128783,Whale Shark,Endangered,28.42385475,-90.21518738,2015,4,25.57,0.0,,,Neutral
128783,Whale Shark,Endangered,28.33633002,-90.27956805,2015,4,26.43,0.0,,,Neutral
128783,Whale Shark,Endangered,29.1376637,-87.12700722,2015,4,24.19,0.0,,,Neutral
128783,Whale Shark,Endangered,29.16570937,-87.9112283,2015,4,24.17,0.0,,,Neutral
128783,Whale Shark,Endangered,29.14699014,-87.73723629,2015,4,24.17,0.0,,,Neutral
128783,Whale Shark,Endangered,29.15026986,-87.53827373,2015,4,24.17,0.0,,,Neutral
128783,Whale Shark,Endangered,29.2134088,-87.69671436,2015,4,24.17,0.0,,,Neutral
128783,Whale Shark,Endangered,28.65824361,-88.77578507,2015,4,24.84,0.0,,,Neutral
128783,Whale Shark,Endangered,28.99555381,-87.20371053,2015,4,24.19,0.0,,,Neutral
128783,Whale Shark,Endangered,29.28822559,-87.13549057,2015,4,24.19,0.0,,,Neutral
128783,Whale Shark,Endangered,28.78853047,-88.10571495,2015,5,24.98,0.0,,,El Nino
128783,Whale Shark,Endangered,29.21608269,-88.20051616,2015,5,24.76,0.0,,,El Nino
128783,Whale Shark,Endangered,28.98885964,-87.15223504,2015,5,25.27,0.0,,,El Nino
128783,Whale Shark,Endangered,28.87281056,-87.24910205,2015,5,25.27,0.0,,,El Nino
128783,Whale Shark,Endangered,29.12397558,-88.71812302,2015,5,24.85,0.0,,,El Nino
128783,Whale Shark,Endangered,29.20122112,-88.50305137,2015,5,24.85,0.0,,,El Nino
128783,Whale Shark,Endangered,29.14546704,-87.49005781,2015,5,25.03,0.0,,,El Nino
128783,Whale Shark,Endangered,29.06222474,-88.14979316,2015,5,24.76,0.0,,,El Nino
128783,Whale Shark,Endangered,29.33337196,-87.58167225,2015,5,25.03,0.0,,,El Nino
128783,Whale Shark,Endangered,29.10637614,-87.8466647,2015,5,25.03,0.0,,,El Nino
128783,Whale Shark,Endangered,29.14227004,-88.00126023,2015,5,24.76,0.0,,,El Nino
128783,Whale Shark,Endangered,29.57860912,-87.15968636,2015,5,25.04,0.0,,,El Nino
128783,Whale Shark,Endangered,29.43696012,-87.48157807,2015,5,25.17,0.0,,,El Nino
128783,Whale Shark,Endangered,29.5065999,-87.50653071,2015,5,25.17,0.0,,,El Nino
128783,Whale Shark,Endangered,29.55612227,-87.10574483,2015,5,25.04,0.0,,,El Nino
128783,Whale Shark,Endangered,28.80304232,-89.03681083,2015,5,25.18,0.0,,,El Nino
128783,Whale Shark,Endangered,28.98995616,-89.01922844,2015,5,25.18,0.0,,,El Nino
128783,Whale Shark,Endangered,28.99331461,-88.5504616,2015,5,25.11,0.0,,,El Nino
128783,Whale Shark,Endangered,29.31368403,-87.42778656,2015,5,25.34,0.0,,,El Nino
128783,Whale Shark,Endangered,28.96528234,-87.45725181,2015,5,25.27,0.0,,,El Nino
128783,Whale Shark,Endangered,29.06420351,-87.34173376,2015,5,25.34,0.0,,,El Nino
128783,Whale Shark,Endangered,29.25436252,-87.44191403,2015,5,25.34,0.0,,,El Nino
128783,Whale Shark,Endangered,29.44817135,-87.26283008,2015,5,25.17,0.0,,,El Nino
128783,Whale Shark,Endangered,29.5514641,-87.25944245,2015,5,25.17,0.0,,,El Nino
128783,Whale Shark,Endangered,29.53725411,-87.04430809,2015,5,25.04,0.0,,,El Nino
128783,Whale Shark,Endangered,29.64221331,-87.14912064,2015,5,25.04,0.0,,,El Nino
128783,Whale Shark,Endangered,29.63498868,-87.22325509,2015,5,25.04,0.0,,,El Nino
128783,Whale Shark,Endangered,29.48182305,-87.51681468,2015,5,25.17,0.0,,,El Nino
128783,Whale Shark,Endangered,29.36386635,-87.44643583,2015,5,25.17,0.0,,,El Nino
128783,Whale Shark,Endangered,29.53118996,-87.25938367,2015,5,25.17,0.0,,,El Nino
128783,Whale Shark,Endangered,28.8206313,-89.24478084,2015,5,25.11,0.0,,,El Nino
128783,Whale Shark,Endangered,28.59148416,-89.48650373,2015,6,28.98,0.0,,,El Nino
128783,Whale Shark,Endangered,28.49671464,-89.47798149,2015,6,28.98,0.0,,,El Nino
128783,Whale Shark,Endangered,28.65136431,-89.49233466,2015,6,28.98,0.0,,,El Nino
128783,Whale Shark,Endangered,28.71394468,-89.51120113,2015,6,28.98,0.0,,,El Nino
128783,Whale Shark,Endangered,28.56102342,-89.79539777,2015,6,28.98,0.0,,,El Nino
128783,Whale Shark,Endangered,28.34641208,-90.08180745,2015,6,28.62,0.0,,,El Nino
128783,Whale Shark,Endangered,28.6866774,-89.52151957,2015,6,28.98,0.0,,,El Nino
128783,Whale Shark,Endangered,27.58818359,-89.92760114,2015,6,28.4,0.0,,,El Nino
128783,Whale Shark,Endangered,28.52108777,-90.16116635,2015,6,28.62,0.0,,,El Nino
128783,Whale Shark,Endangered,28.41643862,-89.97431036,2015,6,28.62,0.0,,,El Nino
128783,Whale Shark,Endangered,28.46157811,-89.93987164,2015,6,28.62,0.0,,,El Nino
128783,Whale Shark,Endangered,28.33793328,-89.92855983,2015,6,28.62,0.0,,,El Nino
128783,Whale Shark,Endangered,28.51649719,-89.88889823,2015,6,28.62,0.0,,,El Nino
128783,Whale Shark,Endangered,27.94115304,-90.3214737,2015,6,28.58,0.0,,,El Nino
128783,Whale Shark,Endangered,28.1872779,-90.21573018,2015,6,28.39,0.0,,,El Nino
128783,Whale Shark,Endangered,28.15398415,-90.10261445,2015,6,28.39,0.0,,,El Nino
128783,Whale Shark,Endangered,28.08772551,-90.17377379,2015,6,28.39,0.0,,,El Nino
128783,Whale Shark,Endangered,28.29639453,-89.73604466,2015,6,28.45,0.0,,,El Nino
128783,Whale Shark,Endangered,28.25886957,-90.15762682,2015,6,28.39,0.0,,,El Nino
128783,Whale Shark,Endangered,28.18478976,-90.0444402,2015,6,28.39,0.0,,,El Nino
128783,Whale Shark,Endangered,28.92200832,-89.0561756,2015,6,29.35,0.0,,,El Nino
128783,Whale Shark,Endangered,27.87779683,-90.22419344,2015,6,28.46,0.0,,,El Nino
128783,Whale Shark,Endangered,28.6751052,-89.30494766,2015,6,29.87,0.0,,,El Nino
128783,Whale Shark,Endangered,28.33476961,-90.4554199,2015,6,28.71,0.0,,,El Nino
128783,Whale Shark,Endangered,28.42176355,-90.68237616,2015,6,28.71,0.0,,,El Nino
128783,Whale Shark,Endangered,28.00213591,-90.06883481,2015,6,28.46,0.0,,,El Nino
128783,Whale Shark,Endangered,28.49202668,-90.42698213,2015,6,28.71,0.0,,,El Nino
128783,Whale Shark,Endangered,27.97100629,-90.0793053,2015,6,28.46,0.0,,,El Nino
128783,Whale Shark,Endangered,28.94049493,-89.05812738,2015,6,29.35,0.0,,,El Nino
128783,Whale Shark,Endangered,28.74343129,-89.46816548,2015,6,29.87,0.0,,,El Nino
128783,Whale Shark,Endangered,27.25626297,-91.14952893,2015,7,29.19,0.0,,,El Nino
128783,Whale Shark,Endangered,27.40272669,-91.05820149,2015,7,29.19,0.0,,,El Nino
128783,Whale Shark,Endangered,27.975,-91.618,2015,7,29.44,0.0,,,El Nino
128783,Whale Shark,Endangered,27.94668893,-90.32232896,2015,7,28.98,0.0,,,El Nino
128783,Whale Shark,Endangered,27.1015172,-91.33491827,2015,7,29.19,0.0,,,El Nino
128783,Whale Shark,Endangered,27.15959954,-91.28081597,2015,7,29.19,0.0,,,El Nino
128783,Whale Shark,Endangered,27.71931808,-90.6900894,2015,7,28.94,0.0,,,El Nino
128783,Whale Shark,Endangered,27.51916178,-90.92963948,2015,7,29.09,0.0,,,El Nino
128783,Whale Shark,Endangered,28.34715014,-89.87412656,2015,7,29.2,0.0,,,El Nino
128783,Whale Shark,Endangered,28.32190986,-89.89746223,2015,7,29.2,0.0,,,El Nino
128784,Whale Shark,Endangered,27.99809213,-87.91063591,2014,7,29.63,0.0,,,Neutral
128784,Whale Shark,Endangered,27.66382961,-90.28233624,2014,7,29.62,0.0,,,Neutral
128784,Whale Shark,Endangered,28.18200008,-88.80744983,2014,7,29.66,0.0,,,Neutral
128784,Whale Shark,Endangered,28.18022692,-89.04334204,2014,7,29.66,0.0,,,Neutral
128784,Whale Shark,Endangered,28.054,-90.905,2014,7,29.98,0.0,,,Neutral
128784,Whale Shark,Endangered,28.27703479,-89.00014254,2014,7,29.66,0.0,,,Neutral
128784,Whale Shark,Endangered,28.07759385,-87.55093709,2014,7,29.83,0.0,,,Neutral
128784,Whale Shark,Endangered,28.26717765,-89.10397896,2014,7,30.2,1.0,,,Neutral
128784,Whale Shark,Endangered,27.76745314,-90.22515939,2014,7,29.63,0.0,,,Neutral
128784,Whale Shark,Endangered,27.99384275,-88.63211845,2014,7,29.47,0.0,,,Neutral
128784,Whale Shark,Endangered,27.86461917,-89.87297917,2014,7,29.63,0.0,,,Neutral
128784,Whale Shark,Endangered,27.81721782,-88.51314446,2014,7,29.47,0.0,,,Neutral
128784,Whale Shark,Endangered,27.7024655,-89.9360876,2014,7,29.63,0.0,,,Neutral
128784,Whale Shark,Endangered,28.18320979,-89.10541951,2014,7,29.74,0.0,,,Neutral
128784,Whale Shark,Endangered,28.12223411,-89.21400001,2014,7,29.74,0.0,,,Neutral
128784,Whale Shark,Endangered,27.59844785,-87.86027433,2014,7,29.72,0.0,,,Neutral
128784,Whale Shark,Endangered,28.02228915,-87.27666276,2014,7,29.81,0.0,,,Neutral
128784,Whale Shark,Endangered,28.00256432,-89.70482291,2014,7,29.64,0.0,,,Neutral
128784,Whale Shark,Endangered,27.9060951,-87.15101235,2014,7,29.81,0.0,,,Neutral
128784,Whale Shark,Endangered,27.96328359,-89.0864499,2014,7,29.62,0.0,,,Neutral
128784,Whale Shark,Endangered,28.06742779,-87.64433938,2014,7,29.83,0.0,,,Neutral
128784,Whale Shark,Endangered,27.49466694,-90.11207399,2014,7,29.59,0.0,,,Neutral
128784,Whale Shark,Endangered,28.37105508,-85.93087183,2014,8,30.7,1.0,,,Neutral
128784,Whale Shark,Endangered,28.3755144,-85.739032,2014,8,30.7,1.0,,,Neutral
128784,Whale Shark,Endangered,28.28441366,-85.54152138,2014,8,30.54,1.0,,,Neutral
128784,Whale Shark,Endangered,28.29677277,-86.03299798,2014,8,30.7,1.0,,,Neutral
128784,Whale Shark,Endangered,28.33007437,-86.54294317,2014,8,30.61,1.0,,,Neutral
128784,Whale Shark,Endangered,28.26408715,-85.26987894,2014,8,30.54,1.0,,,Neutral
128784,Whale Shark,Endangered,28.38818135,-85.53437716,2014,8,30.54,1.0,,,Neutral
128784,Whale Shark,Endangered,28.3659991,-85.3508674,2014,8,30.54,1.0,,,Neutral
128784,Whale Shark,Endangered,28.97124265,-88.37903048,2014,8,30.78,1.0,,,Neutral
128784,Whale Shark,Endangered,27.19425143,-84.55973594,2014,8,30.56,1.0,,,Neutral
128784,Whale Shark,Endangered,27.53920185,-85.3685028,2014,8,30.55,1.0,,,Neutral
128784,Whale Shark,Endangered,27.84563719,-85.44264448,2014,8,30.55,1.0,,,Neutral
128784,Whale Shark,Endangered,28.78942383,-87.72291772,2014,8,30.46,1.0,,,Neutral
128784,Whale Shark,Endangered,28.11006034,-86.53678211,2014,8,30.6,1.0,,,Neutral
128784,Whale Shark,Endangered,28.35821183,-85.18664058,2014,8,30.21,1.0,,,Neutral
128784,Whale Shark,Endangered,28.39051273,-85.21878865,2014,8,30.21,1.0,,,Neutral
128784,Whale Shark,Endangered,27.00062256,-85.12751657,2014,8,30.91,1.0,,,Neutral
128784,Whale Shark,Endangered,27.06574173,-85.13863821,2014,8,30.91,1.0,,,Neutral
128784,Whale Shark,Endangered,26.98995666,-84.97438051,2014,8,30.91,1.0,,,Neutral
128784,Whale Shark,Endangered,27.0470741,-85.05143509,2014,8,30.91,1.0,,,Neutral
128784,Whale Shark,Endangered,27.12187373,-84.88182237,2014,8,30.7,1.0,,,Neutral
128784,Whale Shark,Endangered,27.15104546,-85.23961906,2014,8,30.72,1.0,,,Neutral
128784,Whale Shark,Endangered,27.17825607,-85.11132717,2014,8,30.72,1.0,,,Neutral
128784,Whale Shark,Endangered,28.13618579,-86.36576905,2014,8,30.56,1.0,,,Neutral
128784,Whale Shark,Endangered,28.94076656,-88.84913264,2014,8,30.87,1.0,,,Neutral
128784,Whale Shark,Endangered,28.97377716,-88.82276263,2014,8,30.87,1.0,,,Neutral
128784,Whale Shark,Endangered,28.51072762,-89.04799718,2014,8,30.79,1.0,,,Neutral
128784,Whale Shark,Endangered,28.52782696,-87.00783422,2014,8,30.56,1.0,,,Neutral
128784,Whale Shark,Endangered,28.98005765,-88.86582998,2014,8,30.87,1.0,,,Neutral
128784,Whale Shark,Endangered,28.10074715,-85.35749305,2014,8,30.41,1.0,,,Neutral
128784,Whale Shark,Endangered,29.00067734,-88.7579873,2014,8,30.87,1.0,,,Neutral
128784,Whale Shark,Endangered,27.86258665,-84.59017451,2014,9,29.21,0.0,,,Neutral
128784,Whale Shark,Endangered,28.25782481,-86.16176768,2014,9,30.1,1.0,,,Neutral
128784,Whale Shark,Endangered,28.5825204,-85.93181073,2014,9,29.91,0.0,,,Neutral
128784,Whale Shark,Endangered,28.81443724,-86.47243417,2014,9,29.78,0.0,,,Neutral
128784,Whale Shark,Endangered,28.38985487,-86.01793299,2014,9,29.91,0.0,,,Neutral
128784,Whale Shark,Endangered,28.91763546,-88.82896761,2014,9,29.93,0.0,,,Neutral
128784,Whale Shark,Endangered,28.80171004,-86.19665094,2014,9,29.89,0.0,,,Neutral
128784,Whale Shark,Endangered,28.77466488,-88.13992977,2014,9,29.66,0.0,,,Neutral
128784,Whale Shark,Endangered,28.63600809,-85.99312992,2014,9,29.89,0.0,,,Neutral
128784,Whale Shark,Endangered,28.87943958,-86.06491074,2014,9,29.89,0.0,,,Neutral
128784,Whale Shark,Endangered,28.75193399,-86.29389153,2014,9,29.89,0.0,,,Neutral
128784,Whale Shark,Endangered,28.96222157,-86.22867049,2014,9,29.72,0.0,,,Neutral
128784,Whale Shark,Endangered,29.00637785,-86.50816239,2014,9,29.72,0.0,,,Neutral
128784,Whale Shark,Endangered,28.90222784,-87.32035101,2014,9,29.54,0.0,,,Neutral
128784,Whale Shark,Endangered,28.56264168,-86.26367951,2014,9,29.81,0.0,,,Neutral
128784,Whale Shark,Endangered,28.2783633,-85.83708341,2014,9,29.91,0.0,,,Neutral
128784,Whale Shark,Endangered,28.37326371,-85.73314609,2014,9,29.91,0.0,,,Neutral
128784,Whale Shark,Endangered,28.92749834,-88.79660421,2014,9,29.93,0.0,,,Neutral
128784,Whale Shark,Endangered,28.36753053,-85.70877041,2014,9,29.91,0.0,,,Neutral
128784,Whale Shark,Endangered,28.42174124,-85.91579041,2014,9,29.91,0.0,,,Neutral
128784,Whale Shark,Endangered,28.03602645,-85.15913061,2014,9,29.75,0.0,,,Neutral
128784,Whale Shark,Endangered,28.37918531,-85.66252918,2014,9,29.79,0.0,,,Neutral
128784,Whale Shark,Endangered,28.06902287,-85.46411311,2014,9,29.75,0.0,,,Neutral
128784,Whale Shark,Endangered,27.99289622,-86.49727425,2014,9,29.75,0.0,,,Neutral
128784,Whale Shark,Endangered,27.67455343,-84.29223815,2014,9,29.42,0.0,,,Neutral
128784,Whale Shark,Endangered,27.23284064,-84.54287712,2014,9,29.76,0.0,,,Neutral
128784,Whale Shark,Endangered,27.494243,-84.27448028,2014,9,29.42,0.0,,,Neutral
128784,Whale Shark,Endangered,28.89675692,-86.36752777,2014,9,29.78,0.0,,,Neutral
128784,Whale Shark,Endangered,28.93591541,-86.44312198,2014,9,29.78,0.0,,,Neutral
128784,Whale Shark,Endangered,28.91486351,-86.40632668,2014,9,29.78,0.0,,,Neutral
128784,Whale Shark,Endangered,28.35051274,-90.11813051,2014,10,28.09,0.0,,,Neutral
128784,Whale Shark,Endangered,28.82731649,-88.47509698,2014,10,27.92,0.0,,,Neutral
128784,Whale Shark,Endangered,27.83048383,-92.02618541,2014,10,28.69,0.0,,,Neutral
128784,Whale Shark,Endangered,28.52976841,-89.12373465,2014,10,28.15,0.0,,,Neutral
128784,Whale Shark,Endangered,27.54451197,-95.93252762,2014,10,28.63,0.0,,,Neutral
128784,Whale Shark,Endangered,27.53099589,-95.65789157,2014,10,28.61,0.0,,,Neutral
128784,Whale Shark,Endangered,27.49286112,-96.0903,2014,10,28.63,0.0,,,Neutral
128784,Whale Shark,Endangered,27.2451963,-93.31856816,2014,10,28.85,0.0,,,Neutral
128784,Whale Shark,Endangered,27.43653064,-93.44312208,2014,10,28.79,0.0,,,Neutral
128784,Whale Shark,Endangered,27.34650825,-93.47324166,2014,10,28.79,0.0,,,Neutral
128784,Whale Shark,Endangered,28.21519001,-90.82982413,2014,10,28.43,0.0,,,Neutral
128784,Whale Shark,Endangered,27.50720679,-93.66984597,2014,10,28.79,0.0,,,Neutral
128784,Whale Shark,Endangered,27.56886343,-94.29605129,2014,10,28.71,0.0,,,Neutral
128784,Whale Shark,Endangered,28.39752136,-89.43537219,2014,10,28.04,0.0,,,Neutral
128784,Whale Shark,Endangered,28.38187748,-89.72222576,2014,10,28.04,0.0,,,Neutral
128784,Whale Shark,Endangered,27.34659585,-93.41981965,2014,10,28.79,0.0,,,Neutral
128784,Whale Shark,Endangered,28.77820436,-88.3490923,2014,10,27.92,0.0,,,Neutral
128784,Whale Shark,Endangered,28.75642339,-88.3349745,2014,10,27.92,0.0,,,Neutral
128784,Whale Shark,Endangered,28.76712621,-88.45445266,2014,10,27.92,0.0,,,Neutral
128784,Whale Shark,Endangered,27.44397796,-92.98385939,2014,10,28.49,0.0,,,Neutral
128784,Whale Shark,Endangered,28.05299609,-91.46682101,2014,10,28.4,0.0,,,Neutral
128784,Whale Shark,Endangered,28.61811909,-88.67318102,2014,10,28.29,0.0,,,Neutral
128784,Whale Shark,Endangered,27.59610985,-95.2187042,2014,10,28.83,0.0,,,Neutral
128784,Whale Shark,Endangered,28.80345057,-88.74436517,2014,10,27.95,0.0,,,Neutral
128784,Whale Shark,Endangered,28.95536002,-88.99406792,2014,10,27.95,0.0,,,Neutral
128784,Whale Shark,Endangered,28.91641044,-88.86885062,2014,10,27.95,0.0,,,Neutral
128784,Whale Shark,Endangered,27.54277838,-92.47925404,2014,10,28.13,0.0,,,Neutral
128784,Whale Shark,Endangered,27.5107056,-94.87825849,2014,10,29.04,0.0,,,Neutral
128784,Whale Shark,Endangered,28.71078267,-88.89237055,2014,10,27.95,0.0,,,Neutral
128784,Whale Shark,Endangered,28.81409508,-88.80599588,2014,10,27.95,0.0,,,Neutral
128784,Whale Shark,Endangered,28.95378176,-88.98950595,2014,10,27.95,0.0,,,Neutral
128784,Whale Shark,Endangered,27.74623962,-92.16978702,2014,11,26.43,0.0,,,Neutral
128784,Whale Shark,Endangered,27.38701688,-96.18118385,2014,11,26.36,0.0,,,Neutral
128784,Whale Shark,Endangered,27.75713518,-92.5141202,2014,11,26.43,0.0,,,Neutral
128784,Whale Shark,Endangered,27.12944248,-96.28902308,2014,11,26.41,0.0,,,Neutral
128784,Whale Shark,Endangered,27.52700025,-92.6951061,2014,11,26.21,0.0,,,Neutral
128784,Whale Shark,Endangered,27.09317091,-96.21373967,2014,11,26.41,0.0,,,Neutral
128784,Whale Shark,Endangered,27.59910389,-95.37178987,2014,11,26.42,0.0,,,Neutral
128784,Whale Shark,Endangered,27.13933427,-96.26694023,2014,11,26.41,0.0,,,Neutral
128784,Whale Shark,Endangered,27.12785425,-96.29799894,2014,11,26.41,0.0,,,Neutral
128784,Whale Shark,Endangered,27.60477486,-95.40507339,2014,11,26.42,0.0,,,Neutral
128784,Whale Shark,Endangered,27.41622788,-95.97603267,2014,11,26.36,0.0,,,Neutral
128784,Whale Shark,Endangered,27.44045067,-96.00018,2014,11,26.36,0.0,,,Neutral
128784,Whale Shark,Endangered,27.43666641,-95.85499865,2014,11,26.36,0.0,,,Neutral
128784,Whale Shark,Endangered,27.59702341,-95.5782559,2014,11,26.26,0.0,,,Neutral
128784,Whale Shark,Endangered,27.68305611,-93.01194061,2014,11,26.15,0.0,,,Neutral
128784,Whale Shark,Endangered,27.56757067,-95.66088833,2014,11,26.26,0.0,,,Neutral
128784,Whale Shark,Endangered,27.55768926,-95.09317565,2014,11,26.61,0.0,,,Neutral
128784,Whale Shark,Endangered,27.53900177,-94.96957572,2014,11,26.61,0.0,,,Neutral
128784,Whale Shark,Endangered,27.42754514,-94.83096707,2014,11,26.61,0.0,,,Neutral
128784,Whale Shark,Endangered,27.28430857,-96.21562448,2014,11,26.36,0.0,,,Neutral
128784,Whale Shark,Endangered,27.38630563,-94.04588284,2014,11,25.75,0.0,,,Neutral
128784,Whale Shark,Endangered,27.38090588,-96.40449436,2014,11,26.36,0.0,,,Neutral
128784,Whale Shark,Endangered,27.48503528,-95.65351276,2014,11,26.52,0.0,,,Neutral
128784,Whale Shark,Endangered,27.51154792,-95.55391759,2014,11,26.52,0.0,,,Neutral
128784,Whale Shark,Endangered,27.47998835,-94.41081819,2014,11,26.19,0.0,,,Neutral
128784,Whale Shark,Endangered,27.26022721,-96.38835795,2014,11,26.36,0.0,,,Neutral
128784,Whale Shark,Endangered,27.50466145,-94.54641177,2014,11,26.19,0.0,,,Neutral
128784,Whale Shark,Endangered,27.55852084,-94.52244791,2014,11,26.19,0.0,,,Neutral
128784,Whale Shark,Endangered,27.54697765,-93.40440321,2014,11,25.79,0.0,,,Neutral
128784,Whale Shark,Endangered,27.54931501,-94.50762751,2014,11,26.19,0.0,,,Neutral
128784,Whale Shark,Endangered,27.33326811,-89.76679018,2014,12,24.94,0.0,,,Neutral
128784,Whale Shark,Endangered,27.47885223,-90.38952675,2014,12,24.66,0.0,,,Neutral
128784,Whale Shark,Endangered,27.53751509,-89.8816781,2014,12,24.94,0.0,,,Neutral
128784,Whale Shark,Endangered,27.59429527,-90.97329138,2014,12,24.22,0.0,,,Neutral
128784,Whale Shark,Endangered,27.67196529,-91.94602835,2014,12,25.03,0.0,,,Neutral
128784,Whale Shark,Endangered,26.976219,-89.34412656,2014,12,25.37,0.0,,,Neutral
128784,Whale Shark,Endangered,26.8008766,-89.20772777,2014,12,24.75,0.0,,,Neutral
128784,Whale Shark,Endangered,27.06136625,-89.04873607,2014,12,25.37,0.0,,,Neutral
128784,Whale Shark,Endangered,27.17742648,-89.061581,2014,12,25.37,0.0,,,Neutral
128784,Whale Shark,Endangered,27.23355656,-89.05949162,2014,12,25.37,0.0,,,Neutral
128784,Whale Shark,Endangered,27.65579888,-89.05340811,2014,12,25.44,0.0,,,Neutral
128784,Whale Shark,Endangered,27.63289689,-90.42115487,2014,12,24.35,0.0,,,Neutral
128784,Whale Shark,Endangered,27.53704248,-91.87258306,2014,12,25.42,0.0,,,Neutral
128784,Whale Shark,Endangered,27.34350372,-91.5097348,2014,12,25.42,0.0,,,Neutral
128784,Whale Shark,Endangered,27.47895177,-91.54416609,2014,12,25.42,0.0,,,Neutral
128784,Whale Shark,Endangered,27.48954808,-91.52922609,2014,12,25.42,0.0,,,Neutral
128784,Whale Shark,Endangered,27.49816013,-91.70059956,2014,12,25.42,0.0,,,Neutral
128784,Whale Shark,Endangered,27.28080454,-89.20085308,2014,12,25.46,0.0,,,Neutral
128784,Whale Shark,Endangered,27.40989505,-89.4225848,2014,12,25.46,0.0,,,Neutral
128784,Whale Shark,Endangered,27.20576715,-89.31453807,2014,12,25.46,0.0,,,Neutral
128784,Whale Shark,Endangered,27.32205444,-89.38190346,2014,12,25.46,0.0,,,Neutral
128784,Whale Shark,Endangered,27.55737293,-89.25712484,2014,12,25.46,0.0,,,Neutral
128784,Whale Shark,Endangered,27.51537535,-89.35382905,2014,12,25.46,0.0,,,Neutral
128784,Whale Shark,Endangered,27.04386226,-89.36953813,2014,12,25.08,0.0,,,Neutral
128784,Whale Shark,Endangered,26.53505176,-89.11948222,2014,12,25.33,0.0,,,Neutral
128784,Whale Shark,Endangered,27.29090918,-89.03767221,2014,12,25.69,0.0,,,Neutral
128784,Whale Shark,Endangered,27.73547889,-89.12811481,2014,12,25.44,0.0,,,Neutral
128784,Whale Shark,Endangered,27.70292447,-88.93279143,2014,12,25.44,0.0,,,Neutral
128784,Whale Shark,Endangered,27.56967728,-90.02576779,2014,12,24.79,0.0,,,Neutral
128784,Whale Shark,Endangered,27.82860895,-88.55561632,2014,12,25.39,0.0,,,Neutral
128784,Whale Shark,Endangered,27.67106384,-89.11400342,2014,12,25.44,0.0,,,Neutral
128784,Whale Shark,Endangered,26.70490383,-93.0280439,2015,1,23.45,0.0,,,Neutral
128784,Whale Shark,Endangered,27.02278073,-93.02953065,2015,1,23.52,0.0,,,Neutral
128784,Whale Shark,Endangered,27.01625725,-93.0031447,2015,1,23.52,0.0,,,Neutral
128784,Whale Shark,Endangered,26.92717331,-92.73197339,2015,1,23.52,0.0,,,Neutral
128784,Whale Shark,Endangered,26.94959819,-90.87174405,2015,1,24.45,0.0,,,Neutral
128784,Whale Shark,Endangered,27.2187426,-90.16913783,2015,1,24.77,0.0,,,Neutral
128784,Whale Shark,Endangered,26.97128951,-92.85474404,2015,1,23.52,0.0,,,Neutral
128784,Whale Shark,Endangered,26.76886247,-92.98280487,2015,1,23.45,0.0,,,Neutral
128784,Whale Shark,Endangered,26.60357121,-91.60141031,2015,1,23.38,0.0,,,Neutral
128784,Whale Shark,Endangered,27.31220348,-90.1691634,2015,1,24.81,0.0,,,Neutral
128784,Whale Shark,Endangered,26.60206561,-91.60053782,2015,1,23.38,0.0,,,Neutral
128784,Whale Shark,Endangered,26.6949393,-92.71603301,2015,1,23.59,0.0,,,Neutral
128784,Whale Shark,Endangered,26.2393551,-92.36761691,2015,1,23.45,0.0,,,Neutral
128784,Whale Shark,Endangered,26.74482754,-92.58795826,2015,1,23.59,0.0,,,Neutral
128784,Whale Shark,Endangered,26.6245223,-92.42229745,2015,1,23.59,0.0,,,Neutral
128784,Whale Shark,Endangered,26.70463687,-92.47419688,2015,1,23.59,0.0,,,Neutral
128784,Whale Shark,Endangered,26.56196908,-92.56990907,2015,1,23.59,0.0,,,Neutral
128784,Whale Shark,Endangered,26.67636159,-92.40978483,2015,1,23.59,0.0,,,Neutral
128784,Whale Shark,Endangered,26.61780137,-92.5147488,2015,1,23.59,0.0,,,Neutral
128784,Whale Shark,Endangered,27.35329266,-89.68014025,2015,1,26.2,0.0,,,Neutral
128784,Whale Shark,Endangered,27.57925747,-89.36954935,2015,1,27.14,0.0,,,Neutral
128784,Whale Shark,Endangered,26.71237631,-92.21417372,2015,1,23.43,0.0,,,Neutral
128784,Whale Shark,Endangered,26.44218083,-92.11161494,2015,1,23.43,0.0,,,Neutral
128784,Whale Shark,Endangered,26.61319545,-92.11113477,2015,1,23.43,0.0,,,Neutral
128784,Whale Shark,Endangered,26.73535401,-92.28964971,2015,1,23.43,0.0,,,Neutral
128784,Whale Shark,Endangered,26.62611863,-93.33273305,2015,1,22.91,0.0,,,Neutral
128784,Whale Shark,Endangered,26.69802376,-93.57914231,2015,1,22.91,0.0,,,Neutral
128784,Whale Shark,Endangered,26.86238559,-93.2695464,2015,1,23.42,0.0,,,Neutral
128784,Whale Shark,Endangered,26.48831638,-91.94758841,2015,1,23.0,0.0,,,Neutral
128784,Whale Shark,Endangered,27.65533773,-89.39703415,2015,1,26.57,0.0,,,Neutral
128784,Whale Shark,Endangered,26.62415326,-93.63530128,2015,1,22.91,0.0,,,Neutral
128784,Whale Shark,Endangered,27.13023666,-91.20044677,2015,2,23.79,0.0,,,Neutral
128784,Whale Shark,Endangered,26.8117713,-91.40382783,2015,2,23.49,0.0,,,Neutral
128784,Whale Shark,Endangered,26.86532512,-91.48434413,2015,2,23.79,0.0,,,Neutral
128784,Whale Shark,Endangered,26.83776815,-91.1049334,2015,2,23.49,0.0,,,Neutral
128784,Whale Shark,Endangered,28.20657785,-88.48218921,2015,2,23.99,0.0,,,Neutral
128784,Whale Shark,Endangered,26.76178894,-91.41414534,2015,2,23.49,0.0,,,Neutral
128784,Whale Shark,Endangered,26.99168801,-91.75721584,2015,2,23.37,0.0,,,Neutral
128784,Whale Shark,Endangered,26.60088868,-91.77691765,2015,2,22.8,0.0,,,Neutral
128784,Whale Shark,Endangered,28.27844406,-88.60494609,2015,2,22.77,0.0,,,Neutral
128784,Whale Shark,Endangered,27.12593469,-91.0112519,2015,2,23.76,0.0,,,Neutral
128784,Whale Shark,Endangered,28.31416822,-88.55065338,2015,2,22.77,0.0,,,Neutral
128784,Whale Shark,Endangered,26.92612269,-91.09163992,2015,2,23.76,0.0,,,Neutral
128784,Whale Shark,Endangered,26.98165028,-91.17872701,2015,2,23.76,0.0,,,Neutral
128784,Whale Shark,Endangered,27.91094572,-89.20363967,2015,2,25.61,0.0,,,Neutral
128784,Whale Shark,Endangered,27.07731969,-91.16145557,2015,2,23.76,0.0,,,Neutral
128784,Whale Shark,Endangered,27.594304,-89.0863772,2015,2,25.61,0.0,,,Neutral
128784,Whale Shark,Endangered,26.62678286,-91.23834742,2015,2,23.49,0.0,,,Neutral
128784,Whale Shark,Endangered,26.90335153,-91.60710156,2015,2,23.79,0.0,,,Neutral
128784,Whale Shark,Endangered,27.22859921,-90.200704,2015,2,24.41,0.0,,,Neutral
128784,Whale Shark,Endangered,28.29104529,-88.43392966,2015,2,23.99,0.0,,,Neutral
128784,Whale Shark,Endangered,27.74789049,-89.4621635,2015,2,25.47,0.0,,,Neutral
128784,Whale Shark,Endangered,27.50230802,-88.85302899,2015,2,25.73,0.0,,,Neutral
128784,Whale Shark,Endangered,28.00751196,-88.88239707,2015,2,24.24,0.0,,,Neutral
128784,Whale Shark,Endangered,28.1546481,-88.69059988,2015,2,24.24,0.0,,,Neutral
128784,Whale Shark,Endangered,27.97736132,-88.74459422,2015,2,24.24,0.0,,,Neutral
128784,Whale Shark,Endangered,27.50847611,-89.79657183,2015,2,25.39,0.0,,,Neutral
128784,Whale Shark,Endangered,27.25537948,-89.95812005,2015,2,25.39,0.0,,,Neutral
128784,Whale Shark,Endangered,27.27970543,-90.64297379,2015,2,23.89,0.0,,,Neutral
128784,Whale Shark,Endangered,27.64360113,-89.60374058,2015,3,25.78,0.0,,,Neutral
128784,Whale Shark,Endangered,27.647805,-88.29648156,2015,3,25.93,0.0,,,Neutral
128784,Whale Shark,Endangered,27.65611391,-87.99538264,2015,3,25.93,0.0,,,Neutral
128784,Whale Shark,Endangered,27.70280904,-90.29112135,2015,3,24.26,0.0,,,Neutral
128784,Whale Shark,Endangered,28.2638831,-88.22953769,2015,3,23.39,0.0,,,Neutral
128784,Whale Shark,Endangered,27.83229521,-88.23775364,2015,3,25.93,0.0,,,Neutral
128784,Whale Shark,Endangered,27.40463565,-87.82378739,2015,3,25.84,0.0,,,Neutral
128784,Whale Shark,Endangered,27.80797893,-91.56068418,2015,3,23.39,0.0,,,Neutral
128784,Whale Shark,Endangered,27.80007802,-90.95684213,2015,3,23.94,0.0,,,Neutral
128784,Whale Shark,Endangered,28.3710478,-89.29380041,2015,3,22.29,0.0,,,Neutral
128784,Whale Shark,Endangered,27.75224037,-87.22796038,2015,3,24.39,0.0,,,Neutral
128784,Whale Shark,Endangered,27.66946479,-87.11481584,2015,3,24.39,0.0,,,Neutral
128784,Whale Shark,Endangered,27.71378362,-87.38663053,2015,3,24.39,0.0,,,Neutral
128784,Whale Shark,Endangered,27.23034497,-87.77402864,2015,3,25.91,0.0,,,Neutral
128784,Whale Shark,Endangered,27.76608032,-87.29047905,2015,3,24.39,0.0,,,Neutral
128784,Whale Shark,Endangered,28.39535332,-88.8161377,2015,3,22.79,0.0,,,Neutral
128784,Whale Shark,Endangered,27.46689962,-90.92351378,2015,3,24.64,0.0,,,Neutral
128784,Whale Shark,Endangered,27.55641357,-87.72293387,2015,3,25.82,0.0,,,Neutral
128784,Whale Shark,Endangered,27.39893062,-90.63917262,2015,3,24.64,0.0,,,Neutral
128784,Whale Shark,Endangered,27.62698207,-91.76217748,2015,3,23.31,0.0,,,Neutral
128784,Whale Shark,Endangered,28.24149886,-89.25881204,2015,3,23.15,0.0,,,Neutral
128784,Whale Shark,Endangered,27.74805106,-91.95771577,2015,3,23.31,0.0,,,Neutral
128784,Whale Shark,Endangered,28.32125924,-89.34999797,2015,3,23.15,0.0,,,Neutral
128784,Whale Shark,Endangered,28.31274245,-88.53756012,2015,3,22.79,0.0,,,Neutral
128784,Whale Shark,Endangered,27.50258636,-91.23556895,2015,3,24.48,0.0,,,Neutral
128784,Whale Shark,Endangered,28.04652061,-88.99689211,2015,3,22.89,0.0,,,Neutral
128784,Whale Shark,Endangered,27.44188271,-91.35465748,2015,3,24.48,0.0,,,Neutral
128784,Whale Shark,Endangered,27.57488263,-87.7783995,2015,3,25.82,0.0,,,Neutral
128784,Whale Shark,Endangered,27.99294292,-88.83611698,2015,3,22.89,0.0,,,Neutral
128784,Whale Shark,Endangered,27.81155796,-87.66854066,2015,3,25.82,0.0,,,Neutral
128784,Whale Shark,Endangered,28.02576561,-89.18629292,2015,3,23.15,0.0,,,Neutral
128784,Whale Shark,Endangered,27.00515292,-90.21994228,2015,4,26.85,0.0,,,Neutral
128784,Whale Shark,Endangered,27.81862567,-90.30691184,2015,4,26.19,0.0,,,Neutral
128784,Whale Shark,Endangered,27.92455262,-89.79040625,2015,4,26.55,0.0,,,Neutral
128784,Whale Shark,Endangered,27.35277062,-89.44655464,2015,4,26.43,0.0,,,Neutral
128784,Whale Shark,Endangered,27.60020401,-90.19008226,2015,4,26.51,0.0,,,Neutral
128784,Whale Shark,Endangered,27.50919753,-90.32292043,2015,4,26.51,0.0,,,Neutral
128784,Whale Shark,Endangered,27.28774841,-90.39621896,2015,4,26.51,0.0,,,Neutral
128784,Whale Shark,Endangered,27.4313697,-90.44146714,2015,4,26.51,0.0,,,Neutral
128784,Whale Shark,Endangered,27.39081024,-90.47267677,2015,4,26.51,0.0,,,Neutral
128784,Whale Shark,Endangered,27.27357481,-90.27352001,2015,4,26.51,0.0,,,Neutral
128784,Whale Shark,Endangered,27.63588705,-89.76277602,2015,4,26.58,0.0,,,Neutral
128784,Whale Shark,Endangered,27.21721194,-90.25292778,2015,4,26.51,0.0,,,Neutral
128784,Whale Shark,Endangered,27.04824706,-90.24667617,2015,4,26.85,0.0,,,Neutral
128784,Whale Shark,Endangered,28.04807203,-89.45392481,2015,4,26.22,0.0,,,Neutral
128784,Whale Shark,Endangered,27.9587253,-89.54040156,2015,4,26.64,0.0,,,Neutral
128784,Whale Shark,Endangered,27.91768099,-89.75192854,2015,4,26.64,0.0,,,Neutral
128784,Whale Shark,Endangered,28.05353648,-89.43949533,2015,4,26.22,0.0,,,Neutral
128784,Whale Shark,Endangered,27.35479675,-90.52099844,2015,4,25.69,0.0,,,Neutral
128784,Whale Shark,Endangered,27.22076962,-90.43127621,2015,4,26.28,0.0,,,Neutral
128784,Whale Shark,Endangered,27.0682061,-90.31354626,2015,4,26.28,0.0,,,Neutral
128784,Whale Shark,Endangered,27.13467444,-90.57820913,2015,4,26.28,0.0,,,Neutral
128784,Whale Shark,Endangered,27.31807323,-90.6214542,2015,4,25.69,0.0,,,Neutral
128784,Whale Shark,Endangered,27.04912351,-90.44401812,2015,4,26.28,0.0,,,Neutral
128784,Whale Shark,Endangered,27.01628683,-90.38164251,2015,4,26.28,0.0,,,Neutral
128784,Whale Shark,Endangered,27.76718757,-90.02083701,2015,4,26.61,0.0,,,Neutral
128784,Whale Shark,Endangered,27.75663672,-90.16214476,2015,4,26.61,0.0,,,Neutral
128784,Whale Shark,Endangered,27.8704722,-89.84606583,2015,4,26.61,0.0,,,Neutral
128784,Whale Shark,Endangered,27.90210848,-90.0161371,2015,4,26.61,0.0,,,Neutral
128784,Whale Shark,Endangered,27.75882613,-89.99508889,2015,4,26.61,0.0,,,Neutral
128784,Whale Shark,Endangered,27.14269459,-90.32436704,2015,4,26.28,0.0,,,Neutral
128784,Whale Shark,Endangered,27.75503827,-88.62712849,2015,5,26.46,0.0,,,El Nino
128784,Whale Shark,Endangered,28.52738929,-88.54223697,2015,5,25.58,0.0,,,El Nino
128784,Whale Shark,Endangered,26.16619894,-92.51630656,2015,5,26.45,0.0,,,El Nino
128784,Whale Shark,Endangered,25.87209766,-91.77211759,2015,5,26.7,0.0,,,El Nino
128784,Whale Shark,Endangered,28.60925482,-87.49002171,2015,5,25.27,0.0,,,El Nino
128784,Whale Shark,Endangered,26.55718787,-92.7324359,2015,5,25.96,0.0,,,El Nino
128784,Whale Shark,Endangered,28.6371753,-87.78276789,2015,5,25.36,0.0,,,El Nino
128784,Whale Shark,Endangered,28.39594277,-88.88671597,2015,5,25.64,0.0,,,El Nino
128784,Whale Shark,Endangered,28.05629866,-87.89954354,2015,5,25.9,0.0,,,El Nino
128784,Whale Shark,Endangered,26.68383009,-93.00203142,2015,5,25.79,0.0,,,El Nino
128784,Whale Shark,Endangered,28.35252008,-89.11858818,2015,5,25.64,0.0,,,El Nino
128784,Whale Shark,Endangered,26.77590282,-93.19830906,2015,5,25.79,0.0,,,El Nino
128784,Whale Shark,Endangered,28.53310315,-87.28487562,2015,5,25.45,0.0,,,El Nino
128784,Whale Shark,Endangered,28.61195764,-88.12671022,2015,5,25.5,0.0,,,El Nino
128784,Whale Shark,Endangered,27.62297742,-90.55078875,2015,5,26.05,0.0,,,El Nino
128784,Whale Shark,Endangered,26.96458906,-91.99695867,2015,5,26.17,0.0,,,El Nino
128784,Whale Shark,Endangered,28.22718763,-87.14380534,2015,5,26.01,0.0,,,El Nino
128784,Whale Shark,Endangered,27.08515904,-91.26283495,2015,5,26.69,0.0,,,El Nino
128784,Whale Shark,Endangered,26.41072117,-92.52912554,2015,5,26.45,0.0,,,El Nino
128784,Whale Shark,Endangered,28.40942046,-87.1390729,2015,5,25.45,0.0,,,El Nino
128784,Whale Shark,Endangered,27.79976805,-90.28069469,2015,5,26.05,0.0,,,El Nino
128784,Whale Shark,Endangered,25.82821372,-91.90852642,2015,5,26.61,0.0,,,El Nino
128784,Whale Shark,Endangered,26.99188879,-92.26765667,2015,5,25.84,0.0,,,El Nino
128784,Whale Shark,Endangered,26.95437787,-92.56968287,2015,5,25.84,0.0,,,El Nino
128784,Whale Shark,Endangered,25.73080081,-92.02431058,2015,5,26.61,0.0,,,El Nino
128784,Whale Shark,Endangered,28.24419384,-89.33820586,2015,5,25.59,0.0,,,El Nino
128784,Whale Shark,Endangered,27.8544415,-89.67988506,2015,5,25.7,0.0,,,El Nino
128784,Whale Shark,Endangered,27.86023636,-89.94697072,2015,5,25.95,0.0,,,El Nino
128784,Whale Shark,Endangered,27.75373827,-89.66305326,2015,5,25.7,0.0,,,El Nino
128784,Whale Shark,Endangered,26.87860191,-92.86694181,2015,5,25.83,0.0,,,El Nino
128784,Whale Shark,Endangered,28.21100043,-87.43629054,2015,5,25.88,0.0,,,El Nino
128784,Whale Shark,Endangered,24.424,-94.532,2015,6,28.57,0.0,,,El Nino
128784,Whale Shark,Endangered,24.58136396,-94.43410958,2015,6,28.57,0.0,,,El Nino
128784,Whale Shark,Endangered,25.53630297,-91.60865303,2015,6,28.46,0.0,,,El Nino
128784,Whale Shark,Endangered,25.75580443,-94.56837658,2015,6,28.84,0.0,,,El Nino
128784,Whale Shark,Endangered,25.83135779,-91.16139302,2015,6,28.35,0.0,,,El Nino
128784,Whale Shark,Endangered,25.84695392,-92.89011054,2015,6,28.68,0.0,,,El Nino
128784,Whale Shark,Endangered,25.86359096,-91.1348062,2015,6,28.35,0.0,,,El Nino
128784,Whale Shark,Endangered,26.30256522,-94.70567078,2015,6,28.86,0.0,,,El Nino
128784,Whale Shark,Endangered,25.7837209,-91.26422115,2015,6,28.35,0.0,,,El Nino
128784,Whale Shark,Endangered,26.12177341,-93.69367382,2015,6,28.74,0.0,,,El Nino
128784,Whale Shark,Endangered,26.28284069,-94.7362518,2015,6,28.86,0.0,,,El Nino
128784,Whale Shark,Endangered,25.37154443,-94.30131652,2015,6,28.71,0.0,,,El Nino
128784,Whale Shark,Endangered,25.88725129,-90.6768062,2015,6,28.32,0.0,,,El Nino
128784,Whale Shark,Endangered,26.27752224,-94.3907569,2015,6,28.8,0.0,,,El Nino
128784,Whale Shark,Endangered,25.87720701,-91.6408517,2015,6,28.56,0.0,,,El Nino
128784,Whale Shark,Endangered,25.85276443,-91.53417019,2015,6,28.56,0.0,,,El Nino
128784,Whale Shark,Endangered,25.81726689,-91.42097975,2015,6,28.56,0.0,,,El Nino
128784,Whale Shark,Endangered,24.9545378,-94.2533866,2015,6,28.53,0.0,,,El Nino
128784,Whale Shark,Endangered,26.23241842,-95.15565097,2015,6,28.73,0.0,,,El Nino
128784,Whale Shark,Endangered,25.86563047,-90.6950785,2015,6,28.32,0.0,,,El Nino
128784,Whale Shark,Endangered,25.88562225,-90.84677468,2015,6,28.32,0.0,,,El Nino
128784,Whale Shark,Endangered,25.6099376,-92.31470531,2015,6,28.69,0.0,,,El Nino
128784,Whale Shark,Endangered,25.52223506,-92.32987952,2015,6,28.69,0.0,,,El Nino
128786,Whale Shark,Endangered,27.20021929,-88.64615275,2014,7,29.36,0.0,,,Neutral
128786,Whale Shark,Endangered,27.93892128,-89.60252176,2014,7,29.62,0.0,,,Neutral
128786,Whale Shark,Endangered,27.67214264,-89.70323653,2014,7,29.62,0.0,,,Neutral
128786,Whale Shark,Endangered,27.66758883,-89.48069647,2014,7,29.62,0.0,,,Neutral
128786,Whale Shark,Endangered,27.74630525,-89.56454192,2014,7,29.62,0.0,,,Neutral
128786,Whale Shark,Endangered,27.48077046,-89.09483287,2014,7,29.52,0.0,,,Neutral
128786,Whale Shark,Endangered,28.0460892,-90.36003684,2014,7,29.69,0.0,,,Neutral
128786,Whale Shark,Endangered,28.11907727,-90.21205311,2014,7,29.69,0.0,,,Neutral
128786,Whale Shark,Endangered,28.02286697,-90.17522542,2014,7,29.69,0.0,,,Neutral
128786,Whale Shark,Endangered,27.6423254,-90.0004402,2014,7,29.63,0.0,,,Neutral
128786,Whale Shark,Endangered,27.78691618,-90.02354328,2014,7,29.63,0.0,,,Neutral
128786,Whale Shark,Endangered,27.88549926,-90.11836466,2014,7,29.63,0.0,,,Neutral
128786,Whale Shark,Endangered,27.70816021,-89.94538873,2014,7,29.63,0.0,,,Neutral
128786,Whale Shark,Endangered,27.92236511,-90.17302203,2014,7,29.63,0.0,,,Neutral
128786,Whale Shark,Endangered,27.89296556,-90.15752704,2014,7,29.63,0.0,,,Neutral
128786,Whale Shark,Endangered,27.4436491,-89.94050321,2014,7,29.55,0.0,,,Neutral
128786,Whale Shark,Endangered,27.9356107,-90.42760143,2014,7,29.62,0.0,,,Neutral
128786,Whale Shark,Endangered,27.7797645,-90.42043586,2014,7,29.62,0.0,,,Neutral
128786,Whale Shark,Endangered,28.054,-90.905,2014,7,29.98,0.0,,,Neutral
128786,Whale Shark,Endangered,27.54646472,-89.99295534,2014,7,29.55,0.0,,,Neutral
128786,Whale Shark,Endangered,27.30608133,-89.72327875,2014,7,29.55,0.0,,,Neutral
128786,Whale Shark,Endangered,27.54466048,-90.0775014,2014,7,29.59,0.0,,,Neutral
128786,Whale Shark,Endangered,25.63066166,-86.41709622,2014,8,30.25,1.0,,,Neutral
128786,Whale Shark,Endangered,26.5385072,-85.9152365,2014,8,30.47,1.0,,,Neutral
128786,Whale Shark,Endangered,26.42074055,-88.0523118,2014,8,29.96,0.0,,,Neutral
128786,Whale Shark,Endangered,26.84415458,-88.18178394,2014,8,30.42,1.0,,,Neutral
128786,Whale Shark,Endangered,25.93812853,-86.25167656,2014,8,30.16,1.0,,,Neutral
128786,Whale Shark,Endangered,25.89524077,-86.36446212,2014,8,30.16,1.0,,,Neutral
128786,Whale Shark,Endangered,25.87520239,-87.54120307,2014,8,29.95,0.0,,,Neutral
128786,Whale Shark,Endangered,26.5318794,-86.16612628,2014,8,30.02,1.0,,,Neutral
128786,Whale Shark,Endangered,26.85267946,-87.58468841,2014,8,30.58,1.0,,,Neutral
128786,Whale Shark,Endangered,26.10304354,-86.86309803,2014,8,29.93,0.0,,,Neutral
128786,Whale Shark,Endangered,25.98331215,-89.0901921,2014,8,30.38,1.0,,,Neutral
128786,Whale Shark,Endangered,26.61142134,-86.17637437,2014,8,30.02,1.0,,,Neutral
128786,Whale Shark,Endangered,26.53538069,-86.21687277,2014,8,30.02,1.0,,,Neutral
128786,Whale Shark,Endangered,25.9017525,-88.9987331,2014,8,30.38,1.0,,,Neutral
128786,Whale Shark,Endangered,25.84157734,-89.26117955,2014,8,30.31,1.0,,,Neutral
128786,Whale Shark,Endangered,25.80704291,-87.96907845,2014,8,29.81,0.0,,,Neutral
128786,Whale Shark,Endangered,26.4392009,-86.22520154,2014,8,30.02,1.0,,,Neutral
128786,Whale Shark,Endangered,26.25576949,-86.23576001,2014,8,29.98,0.0,,,Neutral
128786,Whale Shark,Endangered,26.37800765,-86.49324694,2014,8,29.98,0.0,,,Neutral
128786,Whale Shark,Endangered,25.72483989,-88.74156099,2014,8,29.91,0.0,,,Neutral
128786,Whale Shark,Endangered,26.55452712,-86.12784309,2014,8,30.02,1.0,,,Neutral
128786,Whale Shark,Endangered,25.80470021,-87.37775118,2014,8,29.95,0.0,,,Neutral
128786,Whale Shark,Endangered,26.10058216,-87.54566632,2014,8,29.95,0.0,,,Neutral
128786,Whale Shark,Endangered,26.44833643,-87.83944963,2014,8,29.94,0.0,,,Neutral
128786,Whale Shark,Endangered,27.51733404,-87.11253274,2014,8,30.39,1.0,,,Neutral
128786,Whale Shark,Endangered,27.24426128,-87.25943518,2014,8,30.39,1.0,,,Neutral
128786,Whale Shark,Endangered,27.11722416,-88.72097258,2014,8,30.36,1.0,,,Neutral
128786,Whale Shark,Endangered,25.75327429,-86.57998271,2014,8,30.01,1.0,,,Neutral
128786,Whale Shark,Endangered,25.89104609,-87.20338514,2014,8,29.95,0.0,,,Neutral
128786,Whale Shark,Endangered,25.88083858,-86.97143518,2014,8,29.95,0.0,,,Neutral
128786,Whale Shark,Endangered,25.86199507,-88.54060041,2014,8,30.03,1.0,,,Neutral
128786,Whale Shark,Endangered,26.8216803,-85.6825481,2014,9,30.01,1.0,,,Neutral
128786,Whale Shark,Endangered,27.64017332,-87.12818733,2014,9,30.02,1.0,,,Neutral
128786,Whale Shark,Endangered,27.05099825,-87.0551551,2014,9,30.22,1.0,,,Neutral
128786,Whale Shark,Endangered,27.83442881,-85.98523043,2014,9,30.13,1.0,,,Neutral
128786,Whale Shark,Endangered,25.50788221,-88.17749805,2014,9,29.71,0.0,,,Neutral
128786,Whale Shark,Endangered,27.07644469,-85.63890088,2014,9,30.01,1.0,,,Neutral
128786,Whale Shark,Endangered,25.63967439,-87.76563597,2014,9,29.77,0.0,,,Neutral
128786,Whale Shark,Endangered,27.38467425,-85.85799852,2014,9,29.99,0.0,,,Neutral
128786,Whale Shark,Endangered,27.25334592,-85.76890892,2014,9,29.99,0.0,,,Neutral
128786,Whale Shark,Endangered,25.85236855,-88.06834448,2014,9,30.23,1.0,,,Neutral
128786,Whale Shark,Endangered,26.3088196,-87.98146013,2014,9,30.11,1.0,,,Neutral
128786,Whale Shark,Endangered,25.8001007,-87.83954942,2014,9,30.23,1.0,,,Neutral
128786,Whale Shark,Endangered,25.96273463,-86.78805083,2014,9,30.07,1.0,,,Neutral
128786,Whale Shark,Endangered,26.07983834,-87.98519276,2014,9,30.23,1.0,,,Neutral
128786,Whale Shark,Endangered,27.72229473,-86.76430052,2014,9,29.88,0.0,,,Neutral
128786,Whale Shark,Endangered,28.40327111,-86.51791437,2014,9,29.81,0.0,,,Neutral
128786,Whale Shark,Endangered,28.58207462,-86.40435145,2014,9,29.81,0.0,,,Neutral
128786,Whale Shark,Endangered,25.82824545,-88.39611116,2014,9,30.32,1.0,,,Neutral
128786,Whale Shark,Endangered,27.2240492,-86.77641551,2014,9,30.14,1.0,,,Neutral
128786,Whale Shark,Endangered,25.82979271,-87.41678015,2014,9,30.04,1.0,,,Neutral
128786,Whale Shark,Endangered,27.4701404,-86.1890188,2014,9,30.15,1.0,,,Neutral
128786,Whale Shark,Endangered,26.39237687,-85.96884093,2014,9,30.25,1.0,,,Neutral
128786,Whale Shark,Endangered,26.20347221,-86.10059124,2014,9,30.25,1.0,,,Neutral
128786,Whale Shark,Endangered,27.94408814,-86.33385465,2014,9,30.1,1.0,,,Neutral
128786,Whale Shark,Endangered,27.98180828,-85.96952628,2014,9,30.1,1.0,,,Neutral
128786,Whale Shark,Endangered,26.07780495,-86.52271566,2014,9,30.34,1.0,,,Neutral
128786,Whale Shark,Endangered,28.48544598,-86.63927832,2014,9,29.84,0.0,,,Neutral
128786,Whale Shark,Endangered,28.63485175,-86.56881016,2014,9,29.78,0.0,,,Neutral
128786,Whale Shark,Endangered,28.00190164,-86.64055969,2014,9,29.75,0.0,,,Neutral
128786,Whale Shark,Endangered,28.16580817,-86.77724434,2014,9,29.75,0.0,,,Neutral
128786,Whale Shark,Endangered,27.28204958,-86.56856645,2014,10,28.18,0.0,,,Neutral
128786,Whale Shark,Endangered,26.56515179,-87.52009999,2014,10,28.79,0.0,,,Neutral
128786,Whale Shark,Endangered,27.22604573,-86.41999553,2014,10,28.18,0.0,,,Neutral
128786,Whale Shark,Endangered,27.29940387,-86.43555291,2014,10,28.18,0.0,,,Neutral
128786,Whale Shark,Endangered,26.77060863,-87.01460933,2014,10,28.8,0.0,,,Neutral
128786,Whale Shark,Endangered,26.56836111,-86.23704788,2014,10,28.79,0.0,,,Neutral
128786,Whale Shark,Endangered,26.65742228,-86.40372823,2014,10,28.79,0.0,,,Neutral
128786,Whale Shark,Endangered,27.05209741,-86.6360741,2014,10,28.64,0.0,,,Neutral
128786,Whale Shark,Endangered,26.85238851,-86.20336748,2014,10,28.58,0.0,,,Neutral
128786,Whale Shark,Endangered,26.89727004,-86.39466192,2014,10,28.58,0.0,,,Neutral
128786,Whale Shark,Endangered,27.03077021,-86.67049182,2014,10,28.64,0.0,,,Neutral
128786,Whale Shark,Endangered,26.97793377,-86.53547874,2014,10,28.58,0.0,,,Neutral
128786,Whale Shark,Endangered,27.164209,-86.13810694,2014,10,28.08,0.0,,,Neutral
128786,Whale Shark,Endangered,27.17485069,-85.84932061,2014,10,28.08,0.0,,,Neutral
128786,Whale Shark,Endangered,27.31639756,-86.37414263,2014,10,28.08,0.0,,,Neutral
128786,Whale Shark,Endangered,27.29050422,-86.36718286,2014,10,28.08,0.0,,,Neutral
128786,Whale Shark,Endangered,27.23088397,-85.65428421,2014,10,28.08,0.0,,,Neutral
128786,Whale Shark,Endangered,26.71008343,-85.84548862,2014,10,28.66,0.0,,,Neutral
128786,Whale Shark,Endangered,27.2353666,-86.24805738,2014,10,28.08,0.0,,,Neutral
128786,Whale Shark,Endangered,27.50380353,-86.99537009,2014,10,28.37,0.0,,,Neutral
128786,Whale Shark,Endangered,27.07380024,-86.03141098,2014,10,28.49,0.0,,,Neutral
128786,Whale Shark,Endangered,27.53338263,-86.93300762,2014,10,27.98,0.0,,,Neutral
128786,Whale Shark,Endangered,27.03884589,-85.99785219,2014,10,28.49,0.0,,,Neutral
128786,Whale Shark,Endangered,26.95175992,-85.72935517,2014,10,28.42,0.0,,,Neutral
128786,Whale Shark,Endangered,27.09717119,-85.91678827,2014,10,28.49,0.0,,,Neutral
128786,Whale Shark,Endangered,26.83685491,-85.66965041,2014,10,28.42,0.0,,,Neutral
128786,Whale Shark,Endangered,26.65720945,-85.53946312,2014,10,28.6,0.0,,,Neutral
128786,Whale Shark,Endangered,27.01749609,-85.86376959,2014,10,28.49,0.0,,,Neutral
128786,Whale Shark,Endangered,27.01029892,-85.93135033,2014,10,28.49,0.0,,,Neutral
128786,Whale Shark,Endangered,27.01150911,-86.14839116,2014,10,28.49,0.0,,,Neutral
128786,Whale Shark,Endangered,26.91100277,-85.92642433,2014,10,28.49,0.0,,,Neutral
128786,Whale Shark,Endangered,27.06857218,-87.81243191,2014,11,28.64,0.0,,,Neutral
128786,Whale Shark,Endangered,26.95370265,-87.66754783,2014,11,28.64,0.0,,,Neutral
128786,Whale Shark,Endangered,26.88603413,-86.00685597,2014,11,27.88,0.0,,,Neutral
128786,Whale Shark,Endangered,27.12410005,-86.7964542,2014,11,28.73,0.0,,,Neutral
128786,Whale Shark,Endangered,27.34656758,-86.83517906,2014,11,28.47,0.0,,,Neutral
128786,Whale Shark,Endangered,27.47491574,-87.82042339,2014,11,28.66,0.0,,,Neutral
128786,Whale Shark,Endangered,26.8026404,-87.884322,2014,11,28.65,0.0,,,Neutral
128786,Whale Shark,Endangered,26.80835663,-88.01424692,2014,11,28.65,0.0,,,Neutral
128786,Whale Shark,Endangered,27.11837769,-86.80226818,2014,11,28.73,0.0,,,Neutral
128786,Whale Shark,Endangered,26.88262902,-88.21686835,2014,11,28.62,0.0,,,Neutral
128786,Whale Shark,Endangered,26.91444907,-88.05133983,2014,11,28.62,0.0,,,Neutral
128786,Whale Shark,Endangered,26.75821798,-86.93711831,2014,11,28.77,0.0,,,Neutral
128786,Whale Shark,Endangered,26.7221035,-86.11239803,2014,11,28.16,0.0,,,Neutral
128786,Whale Shark,Endangered,26.68657764,-87.20101088,2014,11,28.77,0.0,,,Neutral
128786,Whale Shark,Endangered,27.27066242,-86.79011921,2014,11,28.47,0.0,,,Neutral
128786,Whale Shark,Endangered,27.47109911,-86.77990919,2014,11,28.47,0.0,,,Neutral
128786,Whale Shark,Endangered,27.32592729,-86.81023668,2014,11,28.47,0.0,,,Neutral
128786,Whale Shark,Endangered,27.17543883,-87.50872734,2014,11,28.67,0.0,,,Neutral
128786,Whale Shark,Endangered,27.43769409,-87.71680971,2014,11,28.67,0.0,,,Neutral
128786,Whale Shark,Endangered,27.45016281,-87.38408832,2014,11,28.67,0.0,,,Neutral
128786,Whale Shark,Endangered,27.3326993,-87.62896398,2014,11,28.67,0.0,,,Neutral
128786,Whale Shark,Endangered,26.9945989,-86.28331129,2014,11,28.52,0.0,,,Neutral
128786,Whale Shark,Endangered,26.81120812,-86.46912269,2014,11,28.52,0.0,,,Neutral
128786,Whale Shark,Endangered,27.09543531,-86.38953003,2014,11,28.52,0.0,,,Neutral
128786,Whale Shark,Endangered,27.33389637,-86.91212816,2014,11,28.44,0.0,,,Neutral
128786,Whale Shark,Endangered,27.06348206,-87.3022775,2014,11,28.73,0.0,,,Neutral
128786,Whale Shark,Endangered,26.96961784,-87.42377877,2014,11,28.73,0.0,,,Neutral
128786,Whale Shark,Endangered,26.84672171,-87.42187082,2014,11,28.73,0.0,,,Neutral
128786,Whale Shark,Endangered,27.29541844,-86.90453279,2014,11,28.44,0.0,,,Neutral
128786,Whale Shark,Endangered,27.29806325,-87.16281821,2014,11,28.44,0.0,,,Neutral
128786,Whale Shark,Endangered,26.62250538,-87.64771883,2014,12,25.86,0.0,,,Neutral
128786,Whale Shark,Endangered,26.53874758,-88.04867219,2014,12,25.3,0.0,,,Neutral
128786,Whale Shark,Endangered,26.42837195,-87.95024451,2014,12,25.3,0.0,,,Neutral
128786,Whale Shark,Endangered,26.60940659,-87.32974347,2014,12,25.86,0.0,,,Neutral
128786,Whale Shark,Endangered,26.5748021,-87.55326158,2014,12,25.86,0.0,,,Neutral
128786,Whale Shark,Endangered,26.1419331,-87.99543681,2014,12,27.67,0.0,,,Neutral
128786,Whale Shark,Endangered,25.8669216,-88.15464456,2014,12,27.67,0.0,,,Neutral
128786,Whale Shark,Endangered,25.96326235,-88.2121566,2014,12,27.67,0.0,,,Neutral
128786,Whale Shark,Endangered,25.79295851,-88.16632892,2014,12,27.67,0.0,,,Neutral
128786,Whale Shark,Endangered,25.94605431,-88.22702831,2014,12,27.67,0.0,,,Neutral
128786,Whale Shark,Endangered,25.78484189,-88.18119125,2014,12,27.67,0.0,,,Neutral
128786,Whale Shark,Endangered,26.7146973,-87.00105209,2014,12,26.77,0.0,,,Neutral
128786,Whale Shark,Endangered,26.49544329,-86.97864719,2014,12,26.77,0.0,,,Neutral
128786,Whale Shark,Endangered,26.39585781,-87.09543256,2014,12,26.77,0.0,,,Neutral
128786,Whale Shark,Endangered,26.65625589,-87.12853566,2014,12,26.77,0.0,,,Neutral
128786,Whale Shark,Endangered,26.48393703,-87.09352585,2014,12,26.77,0.0,,,Neutral
128786,Whale Shark,Endangered,26.72397027,-87.05487184,2014,12,26.77,0.0,,,Neutral
128786,Whale Shark,Endangered,25.61997366,-88.49468262,2014,12,28.04,0.0,,,Neutral
128786,Whale Shark,Endangered,26.41230393,-88.10113042,2014,12,26.72,0.0,,,Neutral
128786,Whale Shark,Endangered,25.6672345,-88.46344273,2014,12,28.04,0.0,,,Neutral
128786,Whale Shark,Endangered,26.17298537,-87.7836626,2014,12,27.03,0.0,,,Neutral
128786,Whale Shark,Endangered,26.14235035,-88.26618403,2014,12,26.72,0.0,,,Neutral
128786,Whale Shark,Endangered,26.40136557,-88.21895264,2014,12,26.72,0.0,,,Neutral
128786,Whale Shark,Endangered,26.34131004,-87.04051167,2014,12,27.27,0.0,,,Neutral
128786,Whale Shark,Endangered,26.06422078,-88.27439574,2014,12,27.52,0.0,,,Neutral
128786,Whale Shark,Endangered,25.58326196,-88.33445185,2014,12,27.56,0.0,,,Neutral
128786,Whale Shark,Endangered,26.63648301,-86.84779131,2014,12,27.7,0.0,,,Neutral
128786,Whale Shark,Endangered,26.48296795,-86.77000128,2014,12,27.7,0.0,,,Neutral
128786,Whale Shark,Endangered,26.18918297,-87.14495697,2014,12,27.19,0.0,,,Neutral
128786,Whale Shark,Endangered,26.19779794,-87.4583275,2014,12,27.19,0.0,,,Neutral
128786,Whale Shark,Endangered,25.70792191,-88.20592698,2014,12,27.56,0.0,,,Neutral
128786,Whale Shark,Endangered,26.0421021,-88.54776249,2015,1,27.22,0.0,,,Neutral
128786,Whale Shark,Endangered,26.09308521,-89.55252633,2015,1,24.79,0.0,,,Neutral
128786,Whale Shark,Endangered,26.14444467,-89.61657367,2015,1,24.79,0.0,,,Neutral
128786,Whale Shark,Endangered,26.18248992,-89.37380575,2015,1,24.79,0.0,,,Neutral
128786,Whale Shark,Endangered,26.43257762,-89.63456849,2015,1,24.79,0.0,,,Neutral
128786,Whale Shark,Endangered,26.43573523,-89.38078759,2015,1,24.79,0.0,,,Neutral
128786,Whale Shark,Endangered,26.18756325,-89.50793899,2015,1,24.79,0.0,,,Neutral
128786,Whale Shark,Endangered,26.1374657,-89.44991263,2015,1,24.79,0.0,,,Neutral
128786,Whale Shark,Endangered,26.20284589,-89.39159591,2015,1,24.79,0.0,,,Neutral
128786,Whale Shark,Endangered,25.99530697,-89.13754979,2015,1,26.17,0.0,,,Neutral
128786,Whale Shark,Endangered,26.13073233,-89.28404167,2015,1,26.17,0.0,,,Neutral
128786,Whale Shark,Endangered,26.7440039,-89.50544879,2015,1,26.35,0.0,,,Neutral
128786,Whale Shark,Endangered,26.30019525,-89.4158653,2015,1,24.79,0.0,,,Neutral
128786,Whale Shark,Endangered,26.06901056,-89.41199001,2015,1,26.17,0.0,,,Neutral
128786,Whale Shark,Endangered,26.51312844,-89.20701296,2015,1,26.35,0.0,,,Neutral
128786,Whale Shark,Endangered,26.46895895,-89.38181044,2015,1,26.35,0.0,,,Neutral
128786,Whale Shark,Endangered,26.33071146,-89.40062294,2015,1,24.79,0.0,,,Neutral
128786,Whale Shark,Endangered,25.97571437,-89.27654532,2015,1,26.17,0.0,,,Neutral
128786,Whale Shark,Endangered,25.89460554,-89.38032103,2015,1,26.17,0.0,,,Neutral
128786,Whale Shark,Endangered,26.07261686,-89.39193895,2015,1,26.17,0.0,,,Neutral
128786,Whale Shark,Endangered,26.17677197,-88.3400653,2015,1,26.89,0.0,,,Neutral
128786,Whale Shark,Endangered,26.29841147,-90.00702567,2015,1,24.12,0.0,,,Neutral
128786,Whale Shark,Endangered,26.1344421,-88.50649881,2015,1,27.17,0.0,,,Neutral
128786,Whale Shark,Endangered,25.96650807,-88.71799446,2015,1,27.14,0.0,,,Neutral
128786,Whale Shark,Endangered,25.9365507,-88.95989324,2015,1,27.14,0.0,,,Neutral
128786,Whale Shark,Endangered,26.07664429,-88.26476176,2015,1,26.89,0.0,,,Neutral
128786,Whale Shark,Endangered,26.38531205,-88.39344323,2015,1,26.89,0.0,,,Neutral
128786,Whale Shark,Endangered,26.5490561,-89.11222733,2015,1,27.54,0.0,,,Neutral
128786,Whale Shark,Endangered,25.78107844,-89.95529431,2015,1,24.33,0.0,,,Neutral
128786,Whale Shark,Endangered,25.77804341,-89.76117238,2015,1,24.33,0.0,,,Neutral
128786,Whale Shark,Endangered,25.95264546,-89.81038838,2015,1,24.33,0.0,,,Neutral
128786,Whale Shark,Endangered,27.3786654,-88.61491216,2015,2,25.6,0.0,,,Neutral
128786,Whale Shark,Endangered,27.4661213,-88.55165955,2015,2,25.6,0.0,,,Neutral
128786,Whale Shark,Endangered,26.91278149,-88.46162952,2015,2,25.52,0.0,,,Neutral
128786,Whale Shark,Endangered,26.94771128,-88.54389445,2015,2,25.52,0.0,,,Neutral
128786,Whale Shark,Endangered,27.00049196,-88.44210499,2015,2,25.52,0.0,,,Neutral
128786,Whale Shark,Endangered,27.07155166,-88.51465142,2015,2,25.52,0.0,,,Neutral
128786,Whale Shark,Endangered,27.03756653,-88.50336612,2015,2,25.52,0.0,,,Neutral
128786,Whale Shark,Endangered,27.7533866,-88.96237134,2015,2,25.61,0.0,,,Neutral
128786,Whale Shark,Endangered,27.08024496,-88.49832316,2015,2,25.52,0.0,,,Neutral
128786,Whale Shark,Endangered,27.05081505,-88.48042278,2015,2,25.52,0.0,,,Neutral
128786,Whale Shark,Endangered,27.46970914,-89.64663737,2015,2,25.39,0.0,,,Neutral
128786,Whale Shark,Endangered,26.81165801,-88.54809367,2015,2,25.47,0.0,,,Neutral
128786,Whale Shark,Endangered,27.28671596,-89.76384904,2015,2,25.39,0.0,,,Neutral
128786,Whale Shark,Endangered,26.88968175,-88.44094653,2015,2,25.47,0.0,,,Neutral
128786,Whale Shark,Endangered,26.96861177,-89.94630993,2015,2,24.44,0.0,,,Neutral
128786,Whale Shark,Endangered,27.24210248,-88.46621539,2015,2,25.6,0.0,,,Neutral
128786,Whale Shark,Endangered,27.17611955,-89.50954407,2015,2,25.48,0.0,,,Neutral
128786,Whale Shark,Endangered,27.35615743,-88.53496849,2015,2,25.6,0.0,,,Neutral
128786,Whale Shark,Endangered,27.06618268,-89.85227848,2015,2,24.44,0.0,,,Neutral
128786,Whale Shark,Endangered,27.60671117,-89.61791749,2015,2,25.47,0.0,,,Neutral
128786,Whale Shark,Endangered,26.53260572,-88.89985433,2015,2,25.57,0.0,,,Neutral
128786,Whale Shark,Endangered,26.63597728,-88.78186191,2015,2,25.57,0.0,,,Neutral
128786,Whale Shark,Endangered,26.55619024,-88.8851417,2015,2,25.57,0.0,,,Neutral
128786,Whale Shark,Endangered,27.71342515,-89.40395681,2015,2,25.47,0.0,,,Neutral
128786,Whale Shark,Endangered,27.315209,-88.95504366,2015,2,25.73,0.0,,,Neutral
128786,Whale Shark,Endangered,27.49738174,-88.97304103,2015,2,25.73,0.0,,,Neutral
128786,Whale Shark,Endangered,27.34590867,-88.92758408,2015,2,25.73,0.0,,,Neutral
128786,Whale Shark,Endangered,27.30372673,-88.70694332,2015,2,25.73,0.0,,,Neutral
128786,Whale Shark,Endangered,27.42961049,-89.2391114,2015,3,26.68,0.0,,,Neutral
128786,Whale Shark,Endangered,27.4716165,-89.41912938,2015,3,26.68,0.0,,,Neutral
128786,Whale Shark,Endangered,26.02538612,-93.13934234,2015,3,21.61,0.0,,,Neutral
128786,Whale Shark,Endangered,27.02556765,-89.9634981,2015,3,26.58,0.0,,,Neutral
128786,Whale Shark,Endangered,27.29032854,-89.47795398,2015,3,26.68,0.0,,,Neutral
128786,Whale Shark,Endangered,26.8226402,-91.44685736,2015,3,25.16,0.0,,,Neutral
128786,Whale Shark,Endangered,27.38270088,-88.92309735,2015,3,26.46,0.0,,,Neutral
128786,Whale Shark,Endangered,25.17129166,-94.14931596,2015,3,21.49,0.0,,,Neutral
128786,Whale Shark,Endangered,24.42901066,-95.52318672,2015,3,22.11,0.0,,,Neutral
128786,Whale Shark,Endangered,24.18618797,-95.48924614,2015,3,22.11,0.0,,,Neutral
128786,Whale Shark,Endangered,24.47685879,-95.45061474,2015,3,22.11,0.0,,,Neutral
128786,Whale Shark,Endangered,27.03106162,-89.12052384,2015,3,26.06,0.0,,,Neutral
128786,Whale Shark,Endangered,27.52022574,-88.36011115,2015,3,26.21,0.0,,,Neutral
128786,Whale Shark,Endangered,27.50164614,-88.51604055,2015,3,26.21,0.0,,,Neutral
128786,Whale Shark,Endangered,27.40370544,-89.42075088,2015,3,26.68,0.0,,,Neutral
128786,Whale Shark,Endangered,27.48663374,-89.35337228,2015,3,26.68,0.0,,,Neutral
128786,Whale Shark,Endangered,24.21943959,-95.08649064,2015,3,22.62,0.0,,,Neutral
128786,Whale Shark,Endangered,27.2217053,-89.6906576,2015,3,26.57,0.0,,,Neutral
128786,Whale Shark,Endangered,27.18043092,-89.48736696,2015,3,26.57,0.0,,,Neutral
128786,Whale Shark,Endangered,27.04444589,-89.73857547,2015,3,26.57,0.0,,,Neutral
128786,Whale Shark,Endangered,24.70709851,-94.59113724,2015,3,22.47,0.0,,,Neutral
128786,Whale Shark,Endangered,27.13728426,-89.50816421,2015,3,26.57,0.0,,,Neutral
128786,Whale Shark,Endangered,27.03868381,-89.57630316,2015,3,26.57,0.0,,,Neutral
128786,Whale Shark,Endangered,26.9410948,-90.3536525,2015,3,25.76,0.0,,,Neutral
128786,Whale Shark,Endangered,26.77087355,-92.05647077,2015,3,24.89,0.0,,,Neutral
128786,Whale Shark,Endangered,26.41051972,-92.63958118,2015,3,21.97,0.0,,,Neutral
128786,Whale Shark,Endangered,26.77583999,-90.85208637,2015,3,25.13,0.0,,,Neutral
128786,Whale Shark,Endangered,25.60461972,-93.68633938,2015,3,21.53,0.0,,,Neutral
128786,Whale Shark,Endangered,26.88651153,-89.24909196,2015,3,26.06,0.0,,,Neutral
128786,Whale Shark,Endangered,26.82273012,-89.34363748,2015,3,26.14,0.0,,,Neutral
128786,Whale Shark,Endangered,24.02291912,-95.45425268,2015,3,22.38,0.0,,,Neutral
128786,Whale Shark,Endangered,22.76155967,-96.27919135,2015,4,24.92,0.0,,,Neutral
128786,Whale Shark,Endangered,22.8168968,-96.0444638,2015,4,24.92,0.0,,,Neutral
128786,Whale Shark,Endangered,22.71508663,-96.3478587,2015,4,24.92,0.0,,,Neutral
128786,Whale Shark,Endangered,22.84410226,-96.87407376,2015,4,24.91,0.0,,,Neutral
128786,Whale Shark,Endangered,24.29983701,-95.59834189,2015,4,24.89,0.0,,,Neutral
128786,Whale Shark,Endangered,22.93316191,-95.95841257,2015,4,25.1,0.0,,,Neutral
128786,Whale Shark,Endangered,23.05790444,-95.75634629,2015,4,25.1,0.0,,,Neutral
128786,Whale Shark,Endangered,22.91749039,-95.76951219,2015,4,25.1,0.0,,,Neutral
128786,Whale Shark,Endangered,22.97333456,-95.69701807,2015,4,25.1,0.0,,,Neutral
128786,Whale Shark,Endangered,24.09284096,-95.6360863,2015,4,24.81,0.0,,,Neutral
128786,Whale Shark,Endangered,22.90786467,-95.86248309,2015,4,25.1,0.0,,,Neutral
128786,Whale Shark,Endangered,22.90826357,-95.89915073,2015,4,25.1,0.0,,,Neutral
128786,Whale Shark,Endangered,22.93469751,-95.69803715,2015,4,25.1,0.0,,,Neutral
128786,Whale Shark,Endangered,23.48370027,-95.61853665,2015,4,25.16,0.0,,,Neutral
128786,Whale Shark,Endangered,23.64461466,-95.85675071,2015,4,25.16,0.0,,,Neutral
128786,Whale Shark,Endangered,23.49699489,-95.59102501,2015,4,25.16,0.0,,,Neutral
128786,Whale Shark,Endangered,23.51219204,-95.76430626,2015,4,25.16,0.0,,,Neutral
128786,Whale Shark,Endangered,23.54238348,-95.54710363,2015,4,25.16,0.0,,,Neutral
128786,Whale Shark,Endangered,23.37297385,-95.69473168,2015,4,25.16,0.0,,,Neutral
128786,Whale Shark,Endangered,23.836321,-95.67647742,2015,4,24.81,0.0,,,Neutral
128786,Whale Shark,Endangered,23.10683056,-95.82655156,2015,4,24.99,0.0,,,Neutral
128786,Whale Shark,Endangered,23.17879197,-95.92165691,2015,4,24.99,0.0,,,Neutral
128786,Whale Shark,Endangered,22.96342217,-95.99076506,2015,4,24.99,0.0,,,Neutral
128786,Whale Shark,Endangered,23.14646801,-95.91690043,2015,4,24.99,0.0,,,Neutral
128786,Whale Shark,Endangered,23.022833,-95.86836274,2015,4,24.99,0.0,,,Neutral
128786,Whale Shark,Endangered,23.07683833,-95.82994485,2015,4,24.99,0.0,,,Neutral
128786,Whale Shark,Endangered,23.07736731,-95.89911968,2015,4,24.99,0.0,,,Neutral
128786,Whale Shark,Endangered,23.21396475,-95.79709611,2015,4,24.99,0.0,,,Neutral
128786,Whale Shark,Endangered,22.98067089,-95.89851879,2015,4,24.99,0.0,,,Neutral
128786,Whale Shark,Endangered,23.54766489,-95.55284874,2015,4,25.16,0.0,,,Neutral
128786,Whale Shark,Endangered,24.31946666,-95.06602098,2015,5,26.13,0.0,,,El Nino
128786,Whale Shark,Endangered,23.43407512,-95.60925873,2015,5,26.46,0.0,,,El Nino
128786,Whale Shark,Endangered,23.39913122,-95.68161701,2015,5,26.46,0.0,,,El Nino
128786,Whale Shark,Endangered,24.9082159,-94.84482457,2015,5,25.52,0.0,,,El Nino
128786,Whale Shark,Endangered,26.92396124,-89.68855371,2015,5,26.65,0.0,,,El Nino
128786,Whale Shark,Endangered,26.89522028,-89.50892673,2015,5,26.65,0.0,,,El Nino
128786,Whale Shark,Endangered,27.84914882,-90.48344508,2015,5,26.05,0.0,,,El Nino
128786,Whale Shark,Endangered,25.92149799,-94.37583393,2015,5,25.46,0.0,,,El Nino
128786,Whale Shark,Endangered,27.41705384,-92.4597333,2015,5,25.62,0.0,,,El Nino
128786,Whale Shark,Endangered,27.92571084,-90.69047558,2015,5,26.05,0.0,,,El Nino
128786,Whale Shark,Endangered,26.91138204,-93.45911118,2015,5,25.71,0.0,,,El Nino
128786,Whale Shark,Endangered,27.12253159,-89.25310331,2015,5,26.68,0.0,,,El Nino
128786,Whale Shark,Endangered,27.70415222,-91.35543767,2015,5,25.83,0.0,,,El Nino
128786,Whale Shark,Endangered,27.79097883,-91.05973649,2015,5,26.02,0.0,,,El Nino
128786,Whale Shark,Endangered,27.52197619,-90.06900007,2015,5,26.61,0.0,,,El Nino
128786,Whale Shark,Endangered,23.71519686,-95.35163529,2015,5,26.27,0.0,,,El Nino
128786,Whale Shark,Endangered,27.54909115,-92.03981944,2015,5,25.63,0.0,,,El Nino
128786,Whale Shark,Endangered,23.61010348,-95.4598347,2015,5,26.27,0.0,,,El Nino
128786,Whale Shark,Endangered,25.43551388,-94.7237331,2015,5,25.62,0.0,,,El Nino
128786,Whale Shark,Endangered,27.19948211,-92.91669281,2015,5,25.83,0.0,,,El Nino
128786,Whale Shark,Endangered,26.35329199,-94.10936694,2015,5,25.48,0.0,,,El Nino
128786,Whale Shark,Endangered,27.58429127,-91.65251563,2015,5,25.82,0.0,,,El Nino
128786,Whale Shark,Endangered,27.22979489,-89.8362841,2015,5,26.37,0.0,,,El Nino
128786,Whale Shark,Endangered,26.63385627,-93.97738781,2015,5,25.64,0.0,,,El Nino
128786,Whale Shark,Endangered,26.62401332,-93.94638475,2015,5,25.64,0.0,,,El Nino
128786,Whale Shark,Endangered,26.83380669,-93.74228621,2015,5,25.7,0.0,,,El Nino
128786,Whale Shark,Endangered,26.86947256,-89.61673992,2015,5,26.65,0.0,,,El Nino
128786,Whale Shark,Endangered,23.16888251,-95.85531511,2015,5,26.89,0.0,,,El Nino
128786,Whale Shark,Endangered,23.30883015,-95.77732051,2015,5,26.89,0.0,,,El Nino
128786,Whale Shark,Endangered,27.28614604,-89.12643502,2015,5,26.35,0.0,,,El Nino
128786,Whale Shark,Endangered,27.72003139,-90.25572573,2015,5,25.95,0.0,,,El Nino
128786,Whale Shark,Endangered,27.52352237,-86.7849292,2015,6,28.72,0.0,,,El Nino
128786,Whale Shark,Endangered,28.00806575,-86.50993337,2015,6,28.8,0.0,,,El Nino
128786,Whale Shark,Endangered,27.73610742,-86.60267607,2015,6,28.91,0.0,,,El Nino
128786,Whale Shark,Endangered,28.07237832,-86.44226933,2015,6,28.8,0.0,,,El Nino
128786,Whale Shark,Endangered,27.80434894,-86.94389998,2015,6,28.72,0.0,,,El Nino
128786,Whale Shark,Endangered,27.89652233,-86.80285228,2015,6,28.72,0.0,,,El Nino
128786,Whale Shark,Endangered,27.98516658,-86.41008186,2015,6,28.8,0.0,,,El Nino
128786,Whale Shark,Endangered,28.12378016,-86.4070517,2015,6,28.8,0.0,,,El Nino
128786,Whale Shark,Endangered,27.63615194,-86.71881887,2015,6,28.72,0.0,,,El Nino
128786,Whale Shark,Endangered,28.03157028,-86.27540908,2015,6,29.0,0.0,,,El Nino
128786,Whale Shark,Endangered,27.91037735,-86.28494594,2015,6,29.0,0.0,,,El Nino
128786,Whale Shark,Endangered,28.14978563,-86.29002373,2015,6,29.0,0.0,,,El Nino
128786,Whale Shark,Endangered,27.97687164,-86.36793585,2015,6,29.0,0.0,,,El Nino
128786,Whale Shark,Endangered,28.09798205,-86.17414588,2015,6,29.0,0.0,,,El Nino
128786,Whale Shark,Endangered,27.9497961,-86.08166682,2015,6,29.0,0.0,,,El Nino
128786,Whale Shark,Endangered,27.79443959,-86.0523269,2015,6,29.07,0.0,,,El Nino
128786,Whale Shark,Endangered,27.64728714,-85.91256722,2015,6,29.07,0.0,,,El Nino
128786,Whale Shark,Endangered,27.43818284,-88.81422812,2015,6,28.36,0.0,,,El Nino
128786,Whale Shark,Endangered,27.36702261,-88.66062387,2015,6,28.36,0.0,,,El Nino
128786,Whale Shark,Endangered,27.39786758,-88.93583282,2015,6,28.36,0.0,,,El Nino
128786,Whale Shark,Endangered,27.44496984,-88.82951342,2015,6,28.36,0.0,,,El Nino
128786,Whale Shark,Endangered,27.38061611,-88.83600117,2015,6,28.36,0.0,,,El Nino
128786,Whale Shark,Endangered,27.95681021,-86.99543308,2015,6,28.64,0.0,,,El Nino
128786,Whale Shark,Endangered,27.50810518,-87.97974981,2015,6,28.38,0.0,,,El Nino
128786,Whale Shark,Endangered,27.96911069,-86.87025872,2015,6,28.64,0.0,,,El Nino
128786,Whale Shark,Endangered,27.47384588,-87.27264427,2015,6,28.75,0.0,,,El Nino
128786,Whale Shark,Endangered,27.34416483,-87.0811669,2015,6,28.75,0.0,,,El Nino
128786,Whale Shark,Endangered,27.54769435,-87.67153077,2015,6,28.48,0.0,,,El Nino
128786,Whale Shark,Endangered,27.53758434,-87.45793981,2015,6,28.79,0.0,,,El Nino
128786,Whale Shark,Endangered,27.4333539,-88.28321763,2015,6,28.35,0.0,,,El Nino
128786,Whale Shark,Endangered,27.8209744,-86.95920282,2015,7,29.42,0.0,,,El Nino
128786,Whale Shark,Endangered,27.71692815,-86.98968609,2015,7,29.42,0.0,,,El Nino
128786,Whale Shark,Endangered,27.84216852,-87.00645319,2015,7,29.42,0.0,,,El Nino
128786,Whale Shark,Endangered,27.95887369,-86.94495486,2015,7,29.53,0.0,,,El Nino
128786,Whale Shark,Endangered,28.327226,-86.92080637,2015,7,29.54,0.0,,,El Nino
128786,Whale Shark,Endangered,28.7388665,-87.42610923,2015,7,29.73,0.0,,,El Nino
128786,Whale Shark,Endangered,28.75508706,-87.29186284,2015,7,29.73,0.0,,,El Nino
128786,Whale Shark,Endangered,27.4806333,-86.88925549,2015,7,29.44,0.0,,,El Nino
128786,Whale Shark,Endangered,28.68822777,-87.68943173,2015,7,29.68,0.0,,,El Nino
128786,Whale Shark,Endangered,28.698,-87.808,2015,7,29.85,0.0,,,El Nino
128786,Whale Shark,Endangered,28.65257485,-87.09579047,2015,7,29.64,0.0,,,El Nino
128787,Whale Shark,Endangered,28.067,-90.917,2013,6,29.2,0.0,,,La Nina
128787,Whale Shark,Endangered,27.95627369,-90.87531369,2013,6,28.89,0.0,,,La Nina
128787,Whale Shark,Endangered,27.97456053,-90.8512569,2013,6,28.89,0.0,,,La Nina
128787,Whale Shark,Endangered,27.80590696,-90.96260257,2013,6,28.89,0.0,,,La Nina
128787,Whale Shark,Endangered,27.36673452,-91.11370851,2013,6,28.93,0.0,,,La Nina
128787,Whale Shark,Endangered,27.90950591,-90.78492011,2013,6,28.89,0.0,,,La Nina
128787,Whale Shark,Endangered,27.54386847,-91.19817959,2013,6,28.93,0.0,,,La Nina
128787,Whale Shark,Endangered,26.32606875,-91.575585,2013,6,28.6,0.0,,,La Nina
128787,Whale Shark,Endangered,26.39506005,-91.43107483,2013,6,28.6,0.0,,,La Nina
128787,Whale Shark,Endangered,27.28307284,-90.94887495,2013,6,28.88,0.0,,,La Nina
128787,Whale Shark,Endangered,27.11196949,-91.06377853,2013,6,28.88,0.0,,,La Nina
128787,Whale Shark,Endangered,27.96776505,-91.61600987,2013,7,28.89,0.0,,,La Nina
128787,Whale Shark,Endangered,27.52568371,-91.55916374,2013,7,28.96,0.0,,,La Nina
128787,Whale Shark,Endangered,27.95211631,-91.67428259,2013,7,28.89,0.0,,,La Nina
128787,Whale Shark,Endangered,27.54331665,-91.59701295,2013,7,28.96,0.0,,,La Nina
128787,Whale Shark,Endangered,27.39499464,-92.14209101,2013,7,28.9,0.0,,,La Nina
128787,Whale Shark,Endangered,27.67655666,-91.65746612,2013,7,29.0,0.0,,,La Nina
128787,Whale Shark,Endangered,27.79579189,-91.68241149,2013,7,28.95,0.0,,,La Nina
128787,Whale Shark,Endangered,27.79876608,-91.70780607,2013,7,28.95,0.0,,,La Nina
128787,Whale Shark,Endangered,27.85336044,-92.0896719,2013,7,28.95,0.0,,,La Nina
128787,Whale Shark,Endangered,27.90099551,-91.72599261,2013,7,28.95,0.0,,,La Nina
128787,Whale Shark,Endangered,27.78114492,-91.78320378,2013,7,28.95,0.0,,,La Nina
128787,Whale Shark,Endangered,27.89055333,-91.52478567,2013,7,29.0,0.0,,,La Nina
128787,Whale Shark,Endangered,27.85423748,-91.60799309,2013,7,29.0,0.0,,,La Nina
128787,Whale Shark,Endangered,27.87250461,-91.61920867,2013,7,29.0,0.0,,,La Nina
128787,Whale Shark,Endangered,26.59944469,-92.66221272,2013,7,28.92,0.0,,,La Nina
128787,Whale Shark,Endangered,27.72233512,-91.48044429,2013,7,29.0,0.0,,,La Nina
128787,Whale Shark,Endangered,27.84495702,-91.53202987,2013,7,29.0,0.0,,,La Nina
128787,Whale Shark,Endangered,27.78502442,-91.62663762,2013,7,29.0,0.0,,,La Nina
128787,Whale Shark,Endangered,26.60741589,-92.73217849,2013,7,28.92,0.0,,,La Nina
128787,Whale Shark,Endangered,27.77023343,-91.52887,2013,7,29.0,0.0,,,La Nina
128787,Whale Shark,Endangered,27.66472332,-91.5449745,2013,7,29.0,0.0,,,La Nina
128787,Whale Shark,Endangered,27.96687805,-91.57708272,2013,7,29.0,0.0,,,La Nina
128787,Whale Shark,Endangered,27.77829959,-91.82477213,2013,7,28.95,0.0,,,La Nina
128787,Whale Shark,Endangered,27.7036443,-92.09009262,2013,7,28.95,0.0,,,La Nina
128787,Whale Shark,Endangered,27.31840552,-91.34866222,2013,7,29.08,0.0,,,La Nina
128787,Whale Shark,Endangered,27.77534875,-92.32553385,2013,7,28.95,0.0,,,La Nina
128787,Whale Shark,Endangered,27.82986105,-92.29316675,2013,7,28.95,0.0,,,La Nina
128787,Whale Shark,Endangered,27.83758219,-92.31937281,2013,7,28.95,0.0,,,La Nina
128787,Whale Shark,Endangered,27.92568914,-92.19255095,2013,7,28.95,0.0,,,La Nina
128787,Whale Shark,Endangered,27.71714157,-92.395988,2013,7,28.95,0.0,,,La Nina
128787,Whale Shark,Endangered,27.85261418,-92.15823338,2013,7,28.95,0.0,,,La Nina
128787,Whale Shark,Endangered,27.11420919,-93.89886418,2013,8,29.67,0.0,,,Neutral
128787,Whale Shark,Endangered,26.89967477,-93.99170942,2013,8,29.67,0.0,,,Neutral
128787,Whale Shark,Endangered,25.11900887,-92.56203785,2013,8,29.84,0.0,,,Neutral
128787,Whale Shark,Endangered,26.29593859,-94.09696232,2013,8,29.77,0.0,,,Neutral
128787,Whale Shark,Endangered,26.34716406,-92.34951717,2013,8,29.91,0.0,,,Neutral
128787,Whale Shark,Endangered,25.72166076,-95.20341808,2013,8,29.78,0.0,,,Neutral
128787,Whale Shark,Endangered,27.15696354,-93.91157693,2013,8,29.67,0.0,,,Neutral
128787,Whale Shark,Endangered,25.66018479,-95.1847169,2013,8,29.73,0.0,,,Neutral
128787,Whale Shark,Endangered,26.80146516,-95.12300397,2013,8,29.63,0.0,,,Neutral
128787,Whale Shark,Endangered,26.88676646,-94.99609809,2013,8,29.63,0.0,,,Neutral
128787,Whale Shark,Endangered,27.05922251,-94.99453966,2013,8,29.63,0.0,,,Neutral
128787,Whale Shark,Endangered,26.83081484,-94.7706036,2013,8,29.61,0.0,,,Neutral
128787,Whale Shark,Endangered,27.08941209,-94.88680159,2013,8,29.61,0.0,,,Neutral
128787,Whale Shark,Endangered,26.87206423,-94.84424705,2013,8,29.61,0.0,,,Neutral
128787,Whale Shark,Endangered,26.06937719,-94.43533211,2013,8,29.71,0.0,,,Neutral
128787,Whale Shark,Endangered,26.73547584,-94.91899748,2013,8,29.62,0.0,,,Neutral
128787,Whale Shark,Endangered,26.74757253,-94.74898125,2013,8,29.62,0.0,,,Neutral
128787,Whale Shark,Endangered,26.8622716,-95.21833944,2013,8,29.63,0.0,,,Neutral
128787,Whale Shark,Endangered,25.65268049,-91.96670128,2013,8,29.92,0.0,,,Neutral
128787,Whale Shark,Endangered,25.85800852,-93.23676512,2013,8,29.89,0.0,,,Neutral
128787,Whale Shark,Endangered,26.70071961,-94.68191741,2013,8,29.71,0.0,,,Neutral
128787,Whale Shark,Endangered,27.06297245,-94.73962745,2013,8,29.61,0.0,,,Neutral
128787,Whale Shark,Endangered,26.74829371,-94.28621641,2013,8,29.71,0.0,,,Neutral
128787,Whale Shark,Endangered,26.78472119,-94.74849618,2013,8,29.61,0.0,,,Neutral
128787,Whale Shark,Endangered,26.69684536,-94.79128632,2013,8,29.62,0.0,,,Neutral
128787,Whale Shark,Endangered,25.7985508,-94.81721908,2013,8,29.86,0.0,,,Neutral
128787,Whale Shark,Endangered,26.58053362,-94.08461502,2013,8,29.72,0.0,,,Neutral
128787,Whale Shark,Endangered,26.55728865,-93.83597932,2013,8,29.72,0.0,,,Neutral
128787,Whale Shark,Endangered,27.04518287,-94.41127848,2013,8,29.71,0.0,,,Neutral
128787,Whale Shark,Endangered,26.18069986,-92.71401829,2013,8,29.74,0.0,,,Neutral
128787,Whale Shark,Endangered,27.00050256,-94.09549194,2013,8,29.71,0.0,,,Neutral
128787,Whale Shark,Endangered,22.32035026,-92.43452515,2013,9,27.48,0.0,,,Neutral
128787,Whale Shark,Endangered,23.22237878,-91.63078521,2013,9,28.18,0.0,,,Neutral
128787,Whale Shark,Endangered,24.68307967,-92.76801728,2013,9,29.02,0.0,,,Neutral
128787,Whale Shark,Endangered,25.18332384,-93.7588165,2013,9,28.77,0.0,,,Neutral
128787,Whale Shark,Endangered,24.01859525,-91.96643841,2013,9,28.32,0.0,,,Neutral
128787,Whale Shark,Endangered,25.78409874,-95.35150428,2013,9,29.02,0.0,,,Neutral
128787,Whale Shark,Endangered,25.7768429,-95.29603983,2013,9,29.02,0.0,,,Neutral
128787,Whale Shark,Endangered,25.77466597,-95.36277547,2013,9,29.02,0.0,,,Neutral
128787,Whale Shark,Endangered,25.90993329,-95.36940629,2013,9,29.02,0.0,,,Neutral
128787,Whale Shark,Endangered,25.42291099,-94.35410757,2013,9,28.79,0.0,,,Neutral
128787,Whale Shark,Endangered,20.31095254,-92.79141892,2013,9,27.72,0.0,,,Neutral
128787,Whale Shark,Endangered,19.4551362,-91.95943178,2013,9,29.06,0.0,,,Neutral
128787,Whale Shark,Endangered,26.19438865,-95.08137382,2013,9,29.07,0.0,,,Neutral
128787,Whale Shark,Endangered,25.68775658,-95.01137673,2013,9,28.92,0.0,,,Neutral
128787,Whale Shark,Endangered,25.50840388,-94.92636575,2013,9,29.02,0.0,,,Neutral
128787,Whale Shark,Endangered,26.35380162,-95.28956121,2013,9,29.07,0.0,,,Neutral
128787,Whale Shark,Endangered,25.46747138,-94.53419713,2013,9,28.89,0.0,,,Neutral
128787,Whale Shark,Endangered,25.86678374,-94.90880934,2013,9,28.92,0.0,,,Neutral
128787,Whale Shark,Endangered,25.46597922,-94.70828533,2013,9,28.89,0.0,,,Neutral
128787,Whale Shark,Endangered,25.90227748,-94.82451991,2013,9,28.92,0.0,,,Neutral
128787,Whale Shark,Endangered,26.32339672,-95.32221952,2013,9,29.07,0.0,,,Neutral
128787,Whale Shark,Endangered,21.20455907,-93.33687586,2013,9,27.84,0.0,,,Neutral
128787,Whale Shark,Endangered,25.96320461,-94.790273,2013,9,28.92,0.0,,,Neutral
128787,Whale Shark,Endangered,26.16232928,-95.38895054,2013,9,29.07,0.0,,,Neutral
128787,Whale Shark,Endangered,26.26027892,-95.39478491,2013,9,29.07,0.0,,,Neutral
128787,Whale Shark,Endangered,26.28652493,-95.39813971,2013,9,29.07,0.0,,,Neutral
132393,Whale Shark,Endangered,28.233,-88.513,2014,7,29.58,0.0,,,Neutral
132393,Whale Shark,Endangered,28.456,-86.308,2014,7,29.78,0.0,,,Neutral
132393,Whale Shark,Endangered,28.05417,-90.90489,2014,7,29.98,0.0,,,Neutral
132393,Whale Shark,Endangered,28.11,-90.926,2014,7,29.98,0.0,,,Neutral
132393,Whale Shark,Endangered,28.053,-90.825,2014,7,29.98,0.0,,,Neutral
132396,Whale Shark,Endangered,28.097,-90.977,2014,7,30.1,1.0,,,Neutral
132396,Whale Shark,Endangered,28.177,-90.763,2014,7,29.98,0.0,,,Neutral
132396,Whale Shark,Endangered,27.947,-90.669,2014,7,29.62,0.0,,,Neutral
132396,Whale Shark,Endangered,28.075,-90.918,2014,7,29.98,0.0,,,Neutral
132396,Whale Shark,Endangered,28.214,-90.827,2014,7,29.98,0.0,,,Neutral
132396,Whale Shark,Endangered,28.05417,-90.90489,2014,7,29.98,0.0,,,Neutral
132396,Whale Shark,Endangered,28.083,-91.014,2014,7,30.1,1.0,,,Neutral
45101,Whale Shark,Endangered,26.70778019,-91.15092187,2014,7,29.09,0.0,,,Neutral
45101,Whale Shark,Endangered,27.78551247,-88.02510471,2014,7,29.46,0.0,,,Neutral
45101,Whale Shark,Endangered,26.97703761,-91.78230749,2014,7,29.21,0.0,,,Neutral
45101,Whale Shark,Endangered,26.9982775,-91.77600123,2014,7,29.21,0.0,,,Neutral
45101,Whale Shark,Endangered,27.6354549,-88.70203633,2014,7,29.47,0.0,,,Neutral
45101,Whale Shark,Endangered,26.91863085,-91.98808318,2014,7,29.21,0.0,,,Neutral
45101,Whale Shark,Endangered,27.1560278,-91.4822468,2014,7,29.22,0.0,,,Neutral
45101,Whale Shark,Endangered,28.054,-90.905,2014,7,29.98,0.0,,,Neutral
45101,Whale Shark,Endangered,27.34955055,-89.65288769,2014,7,29.55,0.0,,,Neutral
45101,Whale Shark,Endangered,27.52115176,-89.25734269,2014,7,29.6,0.0,,,Neutral
45101,Whale Shark,Endangered,27.67963752,-88.17547349,2014,7,29.46,0.0,,,Neutral
45101,Whale Shark,Endangered,27.6939221,-88.22888106,2014,7,29.46,0.0,,,Neutral
45101,Whale Shark,Endangered,27.65816549,-88.24401494,2014,7,29.46,0.0,,,Neutral
45101,Whale Shark,Endangered,26.69305808,-91.19431405,2014,7,29.09,0.0,,,Neutral
45101,Whale Shark,Endangered,27.65720727,-88.37979903,2014,7,29.46,0.0,,,Neutral
45101,Whale Shark,Endangered,27.69861157,-88.12336008,2014,7,29.46,0.0,,,Neutral
45101,Whale Shark,Endangered,27.68889683,-88.14502162,2014,7,29.46,0.0,,,Neutral
45101,Whale Shark,Endangered,27.58108209,-88.459974,2014,7,29.42,0.0,,,Neutral
45101,Whale Shark,Endangered,27.21801619,-91.12396945,2014,7,29.6,0.0,,,Neutral
45101,Whale Shark,Endangered,27.26480553,-90.36064517,2014,7,29.59,0.0,,,Neutral
45101,Whale Shark,Endangered,26.71866168,-91.43455141,2014,7,29.16,0.0,,,Neutral
45101,Whale Shark,Endangered,26.87850168,-91.66721037,2014,7,29.16,0.0,,,Neutral
45101,Whale Shark,Endangered,28.61194993,-86.57741022,2014,8,30.47,1.0,,,Neutral
45101,Whale Shark,Endangered,29.31193503,-87.27553644,2014,8,30.38,1.0,,,Neutral
45101,Whale Shark,Endangered,28.83762154,-86.59985494,2014,8,30.47,1.0,,,Neutral
45101,Whale Shark,Endangered,29.04284932,-87.83049638,2014,8,30.55,1.0,,,Neutral
45101,Whale Shark,Endangered,28.52509337,-87.71788554,2014,8,30.47,1.0,,,Neutral
45101,Whale Shark,Endangered,28.76775632,-86.77151006,2014,8,30.47,1.0,,,Neutral
45101,Whale Shark,Endangered,28.94161771,-86.69186252,2014,8,30.47,1.0,,,Neutral
45101,Whale Shark,Endangered,28.83161297,-87.7461459,2014,8,30.46,1.0,,,Neutral
45101,Whale Shark,Endangered,29.21371598,-87.89917865,2014,8,30.55,1.0,,,Neutral
45101,Whale Shark,Endangered,27.69172715,-88.0321817,2014,8,30.43,1.0,,,Neutral
45101,Whale Shark,Endangered,29.21886693,-87.20010068,2014,8,30.38,1.0,,,Neutral
45101,Whale Shark,Endangered,28.81839383,-87.53032632,2014,8,30.46,1.0,,,Neutral
45101,Whale Shark,Endangered,29.78177559,-86.60598556,2014,8,29.44,0.0,,,Neutral
45101,Whale Shark,Endangered,28.30788126,-87.4456835,2014,8,30.6,1.0,,,Neutral
45101,Whale Shark,Endangered,28.27833741,-86.51935507,2014,8,30.61,1.0,,,Neutral
45101,Whale Shark,Endangered,28.43268695,-87.07081157,2014,8,30.65,1.0,,,Neutral
45101,Whale Shark,Endangered,28.79521494,-86.98206824,2014,8,30.52,1.0,,,Neutral
45101,Whale Shark,Endangered,29.09988536,-88.25276251,2014,8,30.6,1.0,,,Neutral
45101,Whale Shark,Endangered,28.07964989,-86.89155182,2014,8,30.76,1.0,,,Neutral
45101,Whale Shark,Endangered,29.26967399,-86.86324266,2014,8,30.28,1.0,,,Neutral
45101,Whale Shark,Endangered,29.31235575,-86.95816138,2014,8,30.28,1.0,,,Neutral
45101,Whale Shark,Endangered,29.09501428,-86.94442197,2014,8,30.28,1.0,,,Neutral
45101,Whale Shark,Endangered,29.08578622,-86.6453797,2014,8,30.28,1.0,,,Neutral
45101,Whale Shark,Endangered,28.33088712,-86.66617161,2014,8,30.56,1.0,,,Neutral
45101,Whale Shark,Endangered,28.26381606,-86.66471034,2014,8,30.6,1.0,,,Neutral
45101,Whale Shark,Endangered,28.22055149,-86.59863526,2014,8,30.6,1.0,,,Neutral
45101,Whale Shark,Endangered,29.37526598,-87.52693964,2014,8,30.18,1.0,,,Neutral
45101,Whale Shark,Endangered,28.25320244,-86.69973472,2014,8,30.6,1.0,,,Neutral
45101,Whale Shark,Endangered,28.21592523,-86.64109324,2014,8,30.6,1.0,,,Neutral
45101,Whale Shark,Endangered,29.53128072,-87.40687222,2014,8,30.18,1.0,,,Neutral
45101,Whale Shark,Endangered,29.49443452,-87.33079853,2014,8,30.18,1.0,,,Neutral
45101,Whale Shark,Endangered,26.14810167,-85.31959705,2014,9,29.82,0.0,,,Neutral
45101,Whale Shark,Endangered,28.43877531,-86.09359762,2014,9,29.91,0.0,,,Neutral
45101,Whale Shark,Endangered,28.30913686,-86.0671881,2014,9,29.91,0.0,,,Neutral
45101,Whale Shark,Endangered,25.31280195,-85.76151224,2014,9,29.62,0.0,,,Neutral
45101,Whale Shark,Endangered,27.64806271,-85.90338949,2014,9,30.13,1.0,,,Neutral
45101,Whale Shark,Endangered,28.3029358,-86.32085947,2014,9,29.81,0.0,,,Neutral
45101,Whale Shark,Endangered,28.35871613,-86.46325249,2014,9,29.81,0.0,,,Neutral
45101,Whale Shark,Endangered,28.24392411,-86.3960633,2014,9,29.81,0.0,,,Neutral
45101,Whale Shark,Endangered,27.14519097,-86.21843021,2014,9,30.15,1.0,,,Neutral
45101,Whale Shark,Endangered,28.25053585,-86.27489403,2014,9,29.81,0.0,,,Neutral
45101,Whale Shark,Endangered,28.24308348,-86.45215379,2014,9,29.81,0.0,,,Neutral
45101,Whale Shark,Endangered,28.30944638,-86.36251169,2014,9,29.81,0.0,,,Neutral
45101,Whale Shark,Endangered,28.17833577,-86.24791905,2014,9,30.1,1.0,,,Neutral
45101,Whale Shark,Endangered,28.17111297,-86.36298964,2014,9,30.1,1.0,,,Neutral
45101,Whale Shark,Endangered,26.10187572,-85.56024258,2014,9,29.87,0.0,,,Neutral
45101,Whale Shark,Endangered,28.2069826,-86.23102252,2014,9,30.1,1.0,,,Neutral
45101,Whale Shark,Endangered,26.2461572,-85.52374441,2014,9,29.87,0.0,,,Neutral
45101,Whale Shark,Endangered,26.15164101,-85.40274888,2014,9,29.87,0.0,,,Neutral
45101,Whale Shark,Endangered,28.0946486,-86.11794089,2014,9,30.1,1.0,,,Neutral
45101,Whale Shark,Endangered,28.24686799,-86.21827274,2014,9,30.1,1.0,,,Neutral
45101,Whale Shark,Endangered,28.05961936,-86.09780637,2014,9,30.1,1.0,,,Neutral
45101,Whale Shark,Endangered,28.15637118,-86.20788109,2014,9,30.1,1.0,,,Neutral
45101,Whale Shark,Endangered,28.47375765,-86.0510521,2014,9,29.91,0.0,,,Neutral
45101,Whale Shark,Endangered,28.45212468,-86.11451708,2014,9,29.91,0.0,,,Neutral
45101,Whale Shark,Endangered,26.52977787,-85.74053683,2014,9,30.23,1.0,,,Neutral
45101,Whale Shark,Endangered,26.36788401,-85.77738464,2014,9,30.23,1.0,,,Neutral
45101,Whale Shark,Endangered,26.72176727,-85.77213915,2014,9,30.23,1.0,,,Neutral
45101,Whale Shark,Endangered,28.21214795,-86.44545436,2014,9,29.75,0.0,,,Neutral
45101,Whale Shark,Endangered,27.99806794,-85.93056035,2014,9,29.98,0.0,,,Neutral
45101,Whale Shark,Endangered,25.86894499,-85.46933751,2014,9,29.61,0.0,,,Neutral
45101,Whale Shark,Endangered,25.4183119,-86.27087045,2014,10,29.18,0.0,,,Neutral
45101,Whale Shark,Endangered,22.095,-84.822,2014,10,29.11,0.0,,,Neutral
45101,Whale Shark,Endangered,25.7006025,-86.1877839,2014,10,29.11,0.0,,,Neutral
45101,Whale Shark,Endangered,25.68908758,-86.25063803,2014,10,29.11,0.0,,,Neutral
45101,Whale Shark,Endangered,22.61659131,-86.94971355,2014,10,28.36,0.0,,,Neutral
45101,Whale Shark,Endangered,21.71675902,-86.22943963,2014,10,29.08,0.0,,,Neutral
45101,Whale Shark,Endangered,22.18764338,-86.62025582,2014,10,28.44,0.0,,,Neutral
45101,Whale Shark,Endangered,22.09990357,-85.26788194,2014,10,29.12,0.0,,,Neutral
45101,Whale Shark,Endangered,25.63570962,-85.97737096,2014,10,28.88,0.0,,,Neutral
45101,Whale Shark,Endangered,25.62013761,-86.15356781,2014,10,28.88,0.0,,,Neutral
45101,Whale Shark,Endangered,25.66030226,-86.14400541,2014,10,28.88,0.0,,,Neutral
45101,Whale Shark,Endangered,23.17138436,-86.69306702,2014,10,28.61,0.0,,,Neutral
45101,Whale Shark,Endangered,23.5608632,-86.781308,2014,10,28.81,0.0,,,Neutral
45101,Whale Shark,Endangered,24.78360314,-86.65892788,2014,10,29.07,0.0,,,Neutral
45101,Whale Shark,Endangered,22.92638937,-86.78222654,2014,10,28.61,0.0,,,Neutral
45101,Whale Shark,Endangered,22.4860231,-86.62182839,2014,10,28.83,0.0,,,Neutral
45101,Whale Shark,Endangered,24.06236738,-87.09921926,2014,10,28.88,0.0,,,Neutral
77007,Whale Shark,Endangered,27.96539514,-90.8928279,2009,6,26.42,0.0,,,Neutral
77007,Whale Shark,Endangered,25.62392122,-90.09768798,2009,6,27.12,0.0,,,Neutral
77007,Whale Shark,Endangered,25.77878435,-90.04106321,2009,6,27.12,0.0,,,Neutral
77007,Whale Shark,Endangered,27.42771147,-90.73005311,2009,6,26.51,0.0,,,Neutral
77007,Whale Shark,Endangered,27.75188103,-90.80904313,2009,6,26.42,0.0,,,Neutral
77007,Whale Shark,Endangered,25.41677463,-90.03169248,2009,6,27.12,0.0,,,Neutral
77007,Whale Shark,Endangered,28.0625,-90.9375,2009,6,26.19,0.0,,,Neutral
77007,Whale Shark,Endangered,24.94011408,-90.15019741,2009,6,27.26,0.0,,,Neutral
77007,Whale Shark,Endangered,26.05521427,-90.11656696,2009,6,26.88,0.0,,,Neutral
77007,Whale Shark,Endangered,25.96852289,-90.12489394,2009,6,26.88,0.0,,,Neutral
77007,Whale Shark,Endangered,26.17535983,-90.15764613,2009,6,27.01,0.0,,,Neutral
77007,Whale Shark,Endangered,25.12695291,-90.10137953,2009,6,27.16,0.0,,,Neutral
77007,Whale Shark,Endangered,24.7571588,-90.4001279,2009,6,27.17,0.0,,,Neutral
77007,Whale Shark,Endangered,28.09305,-90.91475,2009,6,26.19,0.0,,,Neutral
77007,Whale Shark,Endangered,27.21207211,-90.71813572,2009,6,26.51,0.0,,,Neutral
77007,Whale Shark,Endangered,25.22878106,-90.03231729,2009,6,27.22,0.0,,,Neutral
77007,Whale Shark,Endangered,26.77953544,-90.59771399,2009,6,26.64,0.0,,,Neutral
77007,Whale Shark,Endangered,26.41023535,-90.32494641,2009,6,26.91,0.0,,,Neutral
77007,Whale Shark,Endangered,24.49745615,-90.5325133,2009,6,27.12,0.0,,,Neutral
77007,Whale Shark,Endangered,25.86885128,-90.11614542,2009,6,26.88,0.0,,,Neutral
77007,Whale Shark,Endangered,27.90934606,-89.41577529,2009,7,29.96,0.0,,,El Nino
77007,Whale Shark,Endangered,26.19595198,-89.94983555,2009,7,30.63,1.0,,,El Nino
77007,Whale Shark,Endangered,25.85029743,-89.89692395,2009,7,30.55,1.0,,,El Nino
77007,Whale Shark,Endangered,28.37926968,-88.81248815,2009,7,29.81,0.0,,,El Nino
77007,Whale Shark,Endangered,27.65179425,-89.67750679,2009,7,29.96,0.0,,,El Nino
77007,Whale Shark,Endangered,26.49222357,-90.03168833,2009,7,30.63,1.0,,,El Nino
77007,Whale Shark,Endangered,26.54325944,-90.02658186,2009,7,30.63,1.0,,,El Nino
77007,Whale Shark,Endangered,26.03442832,-89.93969283,2009,7,30.55,1.0,,,El Nino
77007,Whale Shark,Endangered,28.70908096,-88.23660356,2009,7,29.09,0.0,,,El Nino
77007,Whale Shark,Endangered,26.38785834,-90.00242757,2009,7,30.63,1.0,,,El Nino
77007,Whale Shark,Endangered,28.63450292,-87.74298172,2009,7,29.51,0.0,,,El Nino
77007,Whale Shark,Endangered,28.70600471,-87.94951984,2009,7,29.08,0.0,,,El Nino
77007,Whale Shark,Endangered,25.52021071,-90.18933588,2009,7,30.37,1.0,,,El Nino
77007,Whale Shark,Endangered,25.76852727,-90.03265608,2009,7,30.37,1.0,,,El Nino
77007,Whale Shark,Endangered,28.7548992,-87.27916821,2009,7,28.68,0.0,,,El Nino
77007,Whale Shark,Endangered,25.67964507,-90.05516117,2009,7,30.37,1.0,,,El Nino
77007,Whale Shark,Endangered,24.75340727,-90.50880439,2009,7,30.14,1.0,,,El Nino
77007,Whale Shark,Endangered,28.53586395,-88.19599866,2009,7,29.87,0.0,,,El Nino
77007,Whale Shark,Endangered,25.17485145,-90.36820311,2009,7,30.23,1.0,,,El Nino
77007,Whale Shark,Endangered,28.60883757,-88.04821723,2009,7,29.87,0.0,,,El Nino
77007,Whale Shark,Endangered,26.56951653,-89.93200216,2009,7,30.33,1.0,,,El Nino
77007,Whale Shark,Endangered,26.58498121,-89.89920637,2009,7,30.33,1.0,,,El Nino
77007,Whale Shark,Endangered,26.67143624,-89.85407229,2009,7,30.33,1.0,,,El Nino
77007,Whale Shark,Endangered,26.79427389,-89.81848835,2009,7,30.33,1.0,,,El Nino
77007,Whale Shark,Endangered,26.55949265,-90.00184041,2009,7,30.33,1.0,,,El Nino
77007,Whale Shark,Endangered,24.33383091,-90.60848676,2009,7,29.94,0.0,,,El Nino
77007,Whale Shark,Endangered,24.38996075,-90.54115205,2009,7,29.94,0.0,,,El Nino
77007,Whale Shark,Endangered,24.25511555,-90.59250952,2009,7,29.83,0.0,,,El Nino
77007,Whale Shark,Endangered,24.26163703,-90.53586592,2009,7,29.83,0.0,,,El Nino
77007,Whale Shark,Endangered,27.34484231,-89.75778677,2009,7,30.03,1.0,,,El Nino
77007,Whale Shark,Endangered,29.42623026,-86.3897144,2009,7,28.78,0.0,,,El Nino
77007,Whale Shark,Endangered,29.45,-86.24,2009,8,29.81,0.0,,,El Nino
85224,Whale Shark,Endangered,28.01550059,-90.98780002,2009,6,26.42,0.0,,,Neutral
85224,Whale Shark,Endangered,28.09305,-90.91475,2009,6,26.19,0.0,,,Neutral
85224,Whale Shark,Endangered,26.68362602,-91.8862699,2009,6,26.77,0.0,,,Neutral
85224,Whale Shark,Endangered,27.65901422,-91.35813862,2009,6,26.54,0.0,,,Neutral
85224,Whale Shark,Endangered,27.74480799,-91.44377315,2009,6,26.54,0.0,,,Neutral
85224,Whale Shark,Endangered,27.55671107,-91.02854283,2009,6,26.63,0.0,,,Neutral
85224,Whale Shark,Endangered,27.00729629,-91.87046444,2009,6,26.76,0.0,,,Neutral
85224,Whale Shark,Endangered,27.18439059,-91.86026472,2009,6,26.76,0.0,,,Neutral
85224,Whale Shark,Endangered,27.1542669,-91.90900177,2009,6,26.76,0.0,,,Neutral
85224,Whale Shark,Endangered,27.21087519,-91.84968404,2009,6,26.76,0.0,,,Neutral
85224,Whale Shark,Endangered,27.31554496,-91.66373827,2009,6,26.69,0.0,,,Neutral
85224,Whale Shark,Endangered,27.1065248,-91.89849425,2009,6,26.76,0.0,,,Neutral
85224,Whale Shark,Endangered,27.15408395,-91.92815681,2009,6,26.76,0.0,,,Neutral
85224,Whale Shark,Endangered,27.29529462,-90.99907126,2009,6,26.63,0.0,,,Neutral
85224,Whale Shark,Endangered,26.61489677,-92.09207261,2009,6,26.77,0.0,,,Neutral
85224,Whale Shark,Endangered,26.55718136,-92.00170694,2009,6,26.77,0.0,,,Neutral
85224,Whale Shark,Endangered,26.79278366,-91.97926483,2009,6,26.77,0.0,,,Neutral
85224,Whale Shark,Endangered,27.73766438,-91.7997991,2009,6,26.57,0.0,,,Neutral
85224,Whale Shark,Endangered,26.94258057,-91.45556504,2009,6,26.57,0.0,,,Neutral
85224,Whale Shark,Endangered,27.6557039,-92.14409506,2009,6,26.7,0.0,,,Neutral
85224,Whale Shark,Endangered,27.645513,-92.72674193,2009,7,29.97,0.0,,,El Nino
85224,Whale Shark,Endangered,27.68764704,-92.77900583,2009,7,29.97,0.0,,,El Nino
85224,Whale Shark,Endangered,27.55926042,-93.3675532,2009,7,29.54,0.0,,,El Nino
85224,Whale Shark,Endangered,27.79925487,-92.91150214,2009,7,29.97,0.0,,,El Nino
85224,Whale Shark,Endangered,24.4383046,-97.28222065,2009,7,,,,,El Nino
85224,Whale Shark,Endangered,25.75063878,-96.6885595,2009,7,27.71,0.0,,,El Nino
85224,Whale Shark,Endangered,24.45993272,-97.23921017,2009,7,,,,,El Nino
85224,Whale Shark,Endangered,24.36986289,-97.25779187,2009,7,,,,,El Nino
85224,Whale Shark,Endangered,24.29376251,-97.36727279,2009,7,,,,,El Nino
85224,Whale Shark,Endangered,24.75171583,-97.18126984,2009,7,29.32,0.0,,,El Nino
85224,Whale Shark,Endangered,24.52154019,-97.26175317,2009,7,,,,,El Nino
85224,Whale Shark,Endangered,24.56321734,-97.25735927,2009,7,,,,,El Nino
85224,Whale Shark,Endangered,25.36715628,-96.87236667,2009,7,27.92,0.0,,,El Nino
85224,Whale Shark,Endangered,24.59840217,-97.25087255,2009,7,,,,,El Nino
85224,Whale Shark,Endangered,26.37989536,-96.30335684,2009,7,28.91,0.0,,,El Nino
85224,Whale Shark,Endangered,26.8966063,-95.22409907,2009,7,29.33,0.0,,,El Nino
85224,Whale Shark,Endangered,24.40385374,-97.26599893,2009,7,,,,,El Nino
85224,Whale Shark,Endangered,24.32562169,-97.36364592,2009,7,,,,,El Nino
85224,Whale Shark,Endangered,24.3348337,-97.34256086,2009,7,,,,,El Nino
85224,Whale Shark,Endangered,24.49435184,-97.23951063,2009,7,,,,,El Nino
85224,Whale Shark,Endangered,24.30430326,-97.37112136,2009,7,,,,,El Nino
85224,Whale Shark,Endangered,24.32586675,-97.3268842,2009,7,,,,,El Nino
85224,Whale Shark,Endangered,27.46357495,-93.92141322,2009,7,29.48,0.0,,,El Nino
85224,Whale Shark,Endangered,24.59423564,-97.21390118,2009,7,29.32,0.0,,,El Nino
85224,Whale Shark,Endangered,27.31571508,-94.25089283,2009,7,29.48,0.0,,,El Nino
85224,Whale Shark,Endangered,26.66190208,-95.7379763,2009,7,29.57,0.0,,,El Nino
85224,Whale Shark,Endangered,24.9862529,-97.10452804,2009,7,,,,,El Nino
85224,Whale Shark,Endangered,27.70225362,-92.38600848,2009,7,30.04,1.0,,,El Nino
85224,Whale Shark,Endangered,24.85617084,-97.12057623,2009,7,,,,,El Nino
85224,Whale Shark,Endangered,27.12390358,-94.72334547,2009,7,29.31,0.0,,,El Nino
85224,Whale Shark,Endangered,27.68080802,-92.52790773,2009,7,30.04,1.0,,,El Nino
85224,Whale Shark,Endangered,23.26400378,-97.4441013,2009,8,,,,,El Nino
85224,Whale Shark,Endangered,23.32539176,-97.44677975,2009,8,,,,,El Nino
85224,Whale Shark,Endangered,23.18176446,-97.46409493,2009,8,,,,,El Nino
85224,Whale Shark,Endangered,24.08770489,-96.44072465,2009,8,30.23,1.0,,,El Nino
85224,Whale Shark,Endangered,23.33253207,-97.47856087,2009,8,,,,,El Nino
85224,Whale Shark,Endangered,23.3221238,-97.4404147,2009,8,,,,,El Nino
85224,Whale Shark,Endangered,23.07625652,-97.48626367,2009,8,,,,,El Nino
85224,Whale Shark,Endangered,23.44242142,-96.74860605,2009,8,30.38,1.0,,,El Nino
85224,Whale Shark,Endangered,23.44564915,-97.41471445,2009,8,,,,,El Nino
85224,Whale Shark,Endangered,23.64545935,-96.66867731,2009,8,30.38,1.0,,,El Nino
85224,Whale Shark,Endangered,22.98840288,-97.07149036,2009,8,30.39,1.0,,,El Nino
85224,Whale Shark,Endangered,23.58093778,-97.41104349,2009,8,,,,,El Nino
85224,Whale Shark,Endangered,23.16861973,-96.86143626,2009,8,30.39,1.0,,,El Nino
85224,Whale Shark,Endangered,23.27867968,-96.84693777,2009,8,30.39,1.0,,,El Nino
85224,Whale Shark,Endangered,24.39782113,-97.32471485,2009,8,,,,,El Nino
85224,Whale Shark,Endangered,24.15724946,-97.36674,2009,8,,,,,El Nino
85224,Whale Shark,Endangered,23.85246014,-97.3845955,2009,8,,,,,El Nino
85224,Whale Shark,Endangered,24.01151504,-97.38525645,2009,8,,,,,El Nino
85224,Whale Shark,Endangered,23.90983517,-97.3955692,2009,8,,,,,El Nino
85224,Whale Shark,Endangered,23.75957951,-97.38381199,2009,8,,,,,El Nino
85224,Whale Shark,Endangered,24.58739215,-97.25694196,2009,8,,,,,El Nino
85224,Whale Shark,Endangered,22.82554829,-97.4561618,2009,8,,,,,El Nino
85224,Whale Shark,Endangered,22.67148032,-97.47060047,2009,8,,,,,El Nino
85224,Whale Shark,Endangered,22.70635363,-97.46768279,2009,8,,,,,El Nino
85224,Whale Shark,Endangered,23.89999033,-96.49215798,2009,8,30.23,1.0,,,El Nino
85224,Whale Shark,Endangered,22.76362096,-97.46769459,2009,8,,,,,El Nino
85224,Whale Shark,Endangered,22.96124398,-97.44736955,2009,8,,,,,El Nino
85224,Whale Shark,Endangered,24.67551532,-97.18407899,2009,8,29.61,0.0,,,El Nino
85224,Whale Shark,Endangered,24.65334809,-97.2129919,2009,8,29.61,0.0,,,El Nino
85224,Whale Shark,Endangered,24.66206288,-97.19978799,2009,8,29.61,0.0,,,El Nino
85224,Whale Shark,Endangered,24.70389381,-97.20394389,2009,8,29.61,0.0,,,El Nino
85224,Whale Shark,Endangered,26.97460284,-95.17759923,2009,9,30.68,1.0,,,Neutral
85224,Whale Shark,Endangered,26.89684837,-95.245035,2009,9,30.68,1.0,,,Neutral
85224,Whale Shark,Endangered,26.87949453,-95.17958865,2009,9,30.68,1.0,,,Neutral
85224,Whale Shark,Endangered,26.97202514,-95.23284454,2009,9,30.68,1.0,,,Neutral
85224,Whale Shark,Endangered,26.9233063,-95.13821136,2009,9,30.68,1.0,,,Neutral
85224,Whale Shark,Endangered,27.00520667,-95.17230694,2009,9,30.68,1.0,,,Neutral
85224,Whale Shark,Endangered,26.90225081,-95.16164816,2009,9,30.68,1.0,,,Neutral
85224,Whale Shark,Endangered,24.36115418,-95.9753317,2009,9,30.68,1.0,,,Neutral
85224,Whale Shark,Endangered,24.35295998,-96.02833773,2009,9,30.68,1.0,,,Neutral
85224,Whale Shark,Endangered,26.78584362,-95.59247295,2009,9,30.38,1.0,,,Neutral
85224,Whale Shark,Endangered,24.72530126,-95.60762563,2009,9,30.88,1.0,,,Neutral
85224,Whale Shark,Endangered,24.76488774,-95.50127818,2009,9,30.88,1.0,,,Neutral
85224,Whale Shark,Endangered,24.87552418,-95.46452171,2009,9,30.88,1.0,,,Neutral
85224,Whale Shark,Endangered,24.79306885,-95.73021093,2009,9,30.88,1.0,,,Neutral
85224,Whale Shark,Endangered,24.58110903,-95.85070438,2009,9,30.73,1.0,,,Neutral
85224,Whale Shark,Endangered,24.76891345,-95.72021452,2009,9,30.88,1.0,,,Neutral
85224,Whale Shark,Endangered,24.72543998,-95.65645245,2009,9,30.88,1.0,,,Neutral
85224,Whale Shark,Endangered,24.79200582,-95.70022773,2009,9,30.88,1.0,,,Neutral
85224,Whale Shark,Endangered,26.96569525,-95.27285876,2009,9,30.68,1.0,,,Neutral
85224,Whale Shark,Endangered,25.44816553,-95.77936047,2009,9,30.92,1.0,,,Neutral
85224,Whale Shark,Endangered,25.8259675,-95.68132318,2009,9,30.6,1.0,,,Neutral
85224,Whale Shark,Endangered,26.91947552,-95.39350026,2009,9,30.68,1.0,,,Neutral
85224,Whale Shark,Endangered,26.65814909,-95.52755919,2009,9,30.66,1.0,,,Neutral
85224,Whale Shark,Endangered,27.25996579,-95.427471,2009,9,30.0,0.0,,,Neutral
85224,Whale Shark,Endangered,27.17909988,-95.42270957,2009,9,30.0,0.0,,,Neutral
85224,Whale Shark,Endangered,25.03730705,-95.56124159,2009,9,31.03,1.0,,,Neutral
85224,Whale Shark,Endangered,25.16379532,-95.67089664,2009,9,30.87,1.0,,,Neutral
85224,Whale Shark,Endangered,24.96168301,-95.48784762,2009,9,31.03,1.0,,,Neutral
85224,Whale Shark,Endangered,26.24418507,-95.49560292,2009,9,30.5,1.0,,,Neutral
85224,Whale Shark,Endangered,26.45100198,-95.52848601,2009,9,30.66,1.0,,,Neutral
85224,Whale Shark,Endangered,27.01960126,-93.87481512,2009,10,28.96,0.0,,,El Nino
85224,Whale Shark,Endangered,27.18724895,-93.62615907,2009,10,28.96,0.0,,,El Nino
85224,Whale Shark,Endangered,27.38923589,-93.3022213,2009,10,29.3,0.0,,,El Nino
85224,Whale Shark,Endangered,26.9415476,-93.93050225,2009,10,28.96,0.0,,,El Nino
85224,Whale Shark,Endangered,27.06010567,-92.76217509,2009,10,29.28,0.0,,,El Nino
85224,Whale Shark,Endangered,27.20166277,-94.47544226,2009,10,28.87,0.0,,,El Nino
85224,Whale Shark,Endangered,26.06250014,-91.81250021,2009,10,29.35,0.0,,,El Nino
85224,Whale Shark,Endangered,26.05,-91.7575,2009,10,29.35,0.0,,,El Nino
85224,Whale Shark,Endangered,26.18681038,-91.89048137,2009,10,29.27,0.0,,,El Nino
85224,Whale Shark,Endangered,27.38235963,-95.23208849,2009,10,28.63,0.0,,,El Nino
85224,Whale Shark,Endangered,27.31918743,-95.26022926,2009,10,28.63,0.0,,,El Nino
85224,Whale Shark,Endangered,26.57408212,-92.22229675,2009,10,29.39,0.0,,,El Nino
85224,Whale Shark,Endangered,27.39699824,-95.33373361,2009,10,28.63,0.0,,,El Nino
85224,Whale Shark,Endangered,27.29303942,-95.25272199,2009,10,28.63,0.0,,,El Nino
85224,Whale Shark,Endangered,27.27540893,-95.11435681,2009,10,28.72,0.0,,,El Nino
85224,Whale Shark,Endangered,27.32055298,-95.28789101,2009,10,28.63,0.0,,,El Nino
85224,Whale Shark,Endangered,27.35522816,-95.24829828,2009,10,28.63,0.0,,,El Nino
85224,Whale Shark,Endangered,27.3140973,-95.32601043,2009,10,28.63,0.0,,,El Nino
85225,Whale Shark,Endangered,28.125,-91.375,2010,6,27.79,0.0,,,La Nina
85225,Whale Shark,Endangered,28.125,-91.375,2010,6,27.79,0.0,,,La Nina
85225,Whale Shark,Endangered,28.125,-91.3,2010,6,27.79,0.0,,,La Nina
85225,Whale Shark,Endangered,28.1,-91.04,2010,6,27.79,0.0,,,La Nina
85225,Whale Shark,Endangered,28.125,-91.05,2010,6,27.79,0.0,,,La Nina
85225,Whale Shark,Endangered,28.375,-91.7,2010,6,27.95,0.0,,,La Nina
85225,Whale Shark,Endangered,28.175,-91.45,2010,6,27.95,0.0,,,La Nina
85225,Whale Shark,Endangered,28.35,-91.6,2010,6,27.95,0.0,,,La Nina
85225,Whale Shark,Endangered,28.3,-91.625,2010,6,27.95,0.0,,,La Nina
85226,Whale Shark,Endangered,28.121,-90.963,2010,6,27.66,0.0,,,La Nina
85226,Whale Shark,Endangered,28.12100029,-90.9630127,2010,6,27.66,0.0,,,La Nina
85226,Whale Shark,Endangered,28.132,-90.94,2010,6,27.66,0.0,,,La Nina
85226,Whale Shark,Endangered,28.09600067,-90.99700928,2010,6,27.79,0.0,,,La Nina
85226,Whale Shark,Endangered,28.11800003,-91.00799561,2010,6,27.79,0.0,,,La Nina
85226,Whale Shark,Endangered,28.12899971,-91.03399658,2010,6,27.79,0.0,,,La Nina
85226,Whale Shark,Endangered,28.074,-90.998,2010,6,27.79,0.0,,,La Nina
85226,Whale Shark,Endangered,28.11800003,-91.00698853,2010,6,27.79,0.0,,,La Nina
85226,Whale Shark,Endangered,28.118,-91.008,2010,6,27.79,0.0,,,La Nina
85226,Whale Shark,Endangered,28.129,-91.034,2010,6,27.79,0.0,,,La Nina
85226,Whale Shark,Endangered,28.096,-90.997,2010,6,27.79,0.0,,,La Nina
85226,Whale Shark,Endangered,28.12,-91.001,2010,6,27.79,0.0,,,La Nina
85226,Whale Shark,Endangered,28.15,-90.983,2010,6,27.79,0.0,,,La Nina
85226,Whale Shark,Endangered,28.263,-90.97,2010,6,27.79,0.0,,,La Nina
85226,Whale Shark,Endangered,28.118,-91.007,2010,6,27.79,0.0,,,La Nina
85226,Whale Shark,Endangered,28.116,-90.982,2010,6,27.79,0.0,,,La Nina
85226,Whale Shark,Endangered,28.112,-90.954,2010,6,27.66,0.0,,,La Nina
85226,Whale Shark,Endangered,26.96699905,-91.53500366,2010,7,29.15,0.0,,,La Nina
85226,Whale Shark,Endangered,27.1779995,-91.29199219,2010,7,29.15,0.0,,,La Nina
85226,Whale Shark,Endangered,26.98699951,-91.30801392,2010,7,29.15,0.0,,,La Nina
85226,Whale Shark,Endangered,27.83600044,-91.7749939,2010,7,29.1,0.0,,,La Nina
85226,Whale Shark,Endangered,27.73699951,-91.51599121,2010,7,29.02,0.0,,,La Nina
85226,Whale Shark,Endangered,27.46999931,-91.31799316,2010,7,28.91,0.0,,,La Nina
85227,Whale Shark,Endangered,28.11,-90.95,2010,6,27.66,0.0,,,La Nina
85227,Whale Shark,Endangered,28.04,-90.62,2010,6,27.66,0.0,,,La Nina
85237,Whale Shark,Endangered,27.91768022,-88.43839798,2014,7,29.58,0.0,,,Neutral
85237,Whale Shark,Endangered,27.74537734,-89.34300588,2014,7,29.62,0.0,,,Neutral
85237,Whale Shark,Endangered,27.95943362,-87.92628602,2014,7,29.63,0.0,,,Neutral
85237,Whale Shark,Endangered,27.9716167,-87.85218992,2014,7,29.63,0.0,,,Neutral
85237,Whale Shark,Endangered,28.0345053,-87.82195752,2014,7,29.63,0.0,,,Neutral
85237,Whale Shark,Endangered,27.57845679,-89.76738889,2014,7,29.55,0.0,,,Neutral
85237,Whale Shark,Endangered,28.054,-90.905,2014,7,29.98,0.0,,,Neutral
85237,Whale Shark,Endangered,27.95655733,-87.8059336,2014,7,29.63,0.0,,,Neutral
85237,Whale Shark,Endangered,27.47867008,-90.02319638,2014,7,29.55,0.0,,,Neutral
85237,Whale Shark,Endangered,28.40389983,-86.50579486,2014,7,29.78,0.0,,,Neutral
85237,Whale Shark,Endangered,28.33139609,-86.66538086,2014,7,29.52,0.0,,,Neutral
85237,Whale Shark,Endangered,28.35981718,-86.72870815,2014,7,29.52,0.0,,,Neutral
85237,Whale Shark,Endangered,28.29348972,-86.72202471,2014,7,29.52,0.0,,,Neutral
85237,Whale Shark,Endangered,28.41303733,-86.66528274,2014,7,29.52,0.0,,,Neutral
85237,Whale Shark,Endangered,28.40391275,-86.72492758,2014,7,29.52,0.0,,,Neutral
85237,Whale Shark,Endangered,28.26418621,-86.72609038,2014,7,29.52,0.0,,,Neutral
85237,Whale Shark,Endangered,27.33105591,-90.27302132,2014,7,29.59,0.0,,,Neutral
85237,Whale Shark,Endangered,27.84475158,-88.89488615,2014,7,29.62,0.0,,,Neutral
85237,Whale Shark,Endangered,28.15603554,-87.30267807,2014,7,29.83,0.0,,,Neutral
85237,Whale Shark,Endangered,27.41535726,-90.08412624,2014,7,29.59,0.0,,,Neutral
85237,Whale Shark,Endangered,27.33973653,-90.32443146,2014,7,29.59,0.0,,,Neutral
85237,Whale Shark,Endangered,28.2251541,-86.96236542,2014,7,29.81,0.0,,,Neutral
85237,Whale Shark,Endangered,28.79049525,-86.93888633,2014,8,30.52,1.0,,,Neutral
85237,Whale Shark,Endangered,28.37829994,-86.21737685,2014,8,30.61,1.0,,,Neutral
85237,Whale Shark,Endangered,28.32505301,-86.52444892,2014,8,30.61,1.0,,,Neutral
85237,Whale Shark,Endangered,28.86013,-86.63274423,2014,8,30.47,1.0,,,Neutral
85237,Whale Shark,Endangered,28.85632551,-86.60893518,2014,8,30.47,1.0,,,Neutral
85237,Whale Shark,Endangered,28.24746241,-85.58986119,2014,8,30.54,1.0,,,Neutral
85237,Whale Shark,Endangered,28.77781397,-86.67242613,2014,8,30.47,1.0,,,Neutral
85237,Whale Shark,Endangered,28.84974945,-86.37627863,2014,8,30.47,1.0,,,Neutral
85237,Whale Shark,Endangered,28.32174551,-85.79229074,2014,8,30.7,1.0,,,Neutral
85237,Whale Shark,Endangered,28.62902509,-86.17091736,2014,8,30.72,1.0,,,Neutral
85237,Whale Shark,Endangered,28.71198674,-86.22505909,2014,8,30.72,1.0,,,Neutral
85237,Whale Shark,Endangered,28.19254655,-85.41508183,2014,8,30.54,1.0,,,Neutral
85237,Whale Shark,Endangered,28.52354323,-85.93738995,2014,8,30.7,1.0,,,Neutral
85237,Whale Shark,Endangered,28.73275681,-86.64268969,2014,8,30.47,1.0,,,Neutral
85237,Whale Shark,Endangered,28.78590551,-86.41443262,2014,8,30.47,1.0,,,Neutral
85237,Whale Shark,Endangered,28.77854355,-86.76299601,2014,8,30.47,1.0,,,Neutral
85237,Whale Shark,Endangered,28.80434504,-86.55706771,2014,8,30.47,1.0,,,Neutral
85237,Whale Shark,Endangered,28.84234575,-86.5009483,2014,8,30.47,1.0,,,Neutral
85237,Whale Shark,Endangered,28.87560793,-86.44446941,2014,8,30.47,1.0,,,Neutral
85237,Whale Shark,Endangered,28.82833641,-87.04863945,2014,8,30.52,1.0,,,Neutral
85237,Whale Shark,Endangered,28.86267759,-86.47421717,2014,8,30.47,1.0,,,Neutral
85237,Whale Shark,Endangered,28.88211506,-86.95546339,2014,8,30.52,1.0,,,Neutral
85237,Whale Shark,Endangered,28.89263466,-87.02103607,2014,8,30.52,1.0,,,Neutral
85237,Whale Shark,Endangered,28.90155722,-86.55607494,2014,8,30.47,1.0,,,Neutral
85237,Whale Shark,Endangered,28.91707635,-86.51707632,2014,8,30.47,1.0,,,Neutral
85237,Whale Shark,Endangered,28.90508194,-86.49480312,2014,8,30.47,1.0,,,Neutral
85237,Whale Shark,Endangered,28.40863677,-85.73171176,2014,8,30.7,1.0,,,Neutral
85237,Whale Shark,Endangered,28.26964374,-85.48219234,2014,8,30.54,1.0,,,Neutral
85237,Whale Shark,Endangered,28.73684188,-87.06097276,2014,8,30.52,1.0,,,Neutral
85237,Whale Shark,Endangered,28.62730569,-86.7228542,2014,8,30.56,1.0,,,Neutral
85237,Whale Shark,Endangered,28.51406783,-86.7566026,2014,8,30.56,1.0,,,Neutral
85237,Whale Shark,Endangered,27.641,-85.242,2014,9,29.67,0.0,,,Neutral
85237,Whale Shark,Endangered,28.47228549,-86.0817671,2014,9,29.91,0.0,,,Neutral
85237,Whale Shark,Endangered,28.34016382,-85.8002775,2014,9,29.91,0.0,,,Neutral
85237,Whale Shark,Endangered,28.44513721,-86.06113159,2014,9,29.91,0.0,,,Neutral
85237,Whale Shark,Endangered,27.77592691,-85.17829279,2014,9,29.67,0.0,,,Neutral
85237,Whale Shark,Endangered,28.38938305,-86.31130881,2014,9,29.81,0.0,,,Neutral
85237,Whale Shark,Endangered,28.4510884,-86.25118507,2014,9,29.81,0.0,,,Neutral
85237,Whale Shark,Endangered,28.48766346,-86.18194556,2014,9,29.81,0.0,,,Neutral
85237,Whale Shark,Endangered,28.28404985,-86.38770239,2014,9,29.81,0.0,,,Neutral
85237,Whale Shark,Endangered,27.93289997,-86.36076714,2014,9,30.1,1.0,,,Neutral
85237,Whale Shark,Endangered,27.8728435,-85.20814845,2014,9,29.75,0.0,,,Neutral
85237,Whale Shark,Endangered,27.96352786,-85.25149939,2014,9,29.75,0.0,,,Neutral
85237,Whale Shark,Endangered,28.15647638,-86.40778298,2014,9,29.75,0.0,,,Neutral
85237,Whale Shark,Endangered,28.14537003,-85.4158194,2014,9,29.75,0.0,,,Neutral
85237,Whale Shark,Endangered,28.16519687,-86.39990631,2014,9,29.75,0.0,,,Neutral
85237,Whale Shark,Endangered,28.04662473,-85.29336665,2014,9,29.75,0.0,,,Neutral
85237,Whale Shark,Endangered,28.2687748,-85.65271666,2014,9,29.79,0.0,,,Neutral
85238,Whale Shark,Endangered,27.66879693,-90.44579742,2014,7,29.62,0.0,,,Neutral
85238,Whale Shark,Endangered,27.70110394,-90.42901712,2014,7,29.62,0.0,,,Neutral
85238,Whale Shark,Endangered,27.2349137,-91.61521448,2014,7,29.47,0.0,,,Neutral
85238,Whale Shark,Endangered,27.62221051,-90.54568788,2014,7,29.62,0.0,,,Neutral
85238,Whale Shark,Endangered,27.54020985,-90.78367171,2014,7,29.65,0.0,,,Neutral
85238,Whale Shark,Endangered,27.72433648,-90.45667406,2014,7,29.62,0.0,,,Neutral
85238,Whale Shark,Endangered,27.70367618,-90.33514794,2014,7,29.62,0.0,,,Neutral
85238,Whale Shark,Endangered,28.054,-90.905,2014,7,29.98,0.0,,,Neutral
85238,Whale Shark,Endangered,27.27014731,-91.63347041,2014,7,29.47,0.0,,,Neutral
85238,Whale Shark,Endangered,27.22762727,-91.6348492,2014,7,29.47,0.0,,,Neutral
85238,Whale Shark,Endangered,27.34493518,-91.73430989,2014,7,29.47,0.0,,,Neutral
85238,Whale Shark,Endangered,27.34898875,-91.57639437,2014,7,29.47,0.0,,,Neutral
85238,Whale Shark,Endangered,27.5674016,-90.63897566,2014,7,29.65,0.0,,,Neutral
85238,Whale Shark,Endangered,27.56887936,-91.66615344,2014,7,29.47,0.0,,,Neutral
85238,Whale Shark,Endangered,27.12571906,-91.64136138,2014,7,29.22,0.0,,,Neutral
85238,Whale Shark,Endangered,27.66810071,-90.37277997,2014,7,29.62,0.0,,,Neutral
85238,Whale Shark,Endangered,27.36398786,-91.66835709,2014,7,29.47,0.0,,,Neutral
85238,Whale Shark,Endangered,27.49629541,-91.1842417,2014,7,29.6,0.0,,,Neutral
85238,Whale Shark,Endangered,27.48892128,-91.08800565,2014,7,29.6,0.0,,,Neutral
85238,Whale Shark,Endangered,27.38304113,-91.37149802,2014,7,29.6,0.0,,,Neutral
85238,Whale Shark,Endangered,27.49349797,-91.11760361,2014,7,29.6,0.0,,,Neutral
85238,Whale Shark,Endangered,27.51047533,-91.11195764,2014,7,29.6,0.0,,,Neutral
85238,Whale Shark,Endangered,27.47147625,-90.45695429,2014,8,30.29,1.0,,,Neutral
85238,Whale Shark,Endangered,27.51011846,-90.44990325,2014,8,30.29,1.0,,,Neutral
85238,Whale Shark,Endangered,27.08283022,-89.74766807,2014,8,30.3,1.0,,,Neutral
85238,Whale Shark,Endangered,26.93340647,-89.90741419,2014,8,30.39,1.0,,,Neutral
85238,Whale Shark,Endangered,26.99633664,-89.84131688,2014,8,30.39,1.0,,,Neutral
85238,Whale Shark,Endangered,27.24203466,-90.07785789,2014,8,30.39,1.0,,,Neutral
85238,Whale Shark,Endangered,27.09745738,-89.59633473,2014,8,30.3,1.0,,,Neutral
85238,Whale Shark,Endangered,27.06702572,-90.00716768,2014,8,30.39,1.0,,,Neutral
85238,Whale Shark,Endangered,26.84495314,-89.6146719,2014,8,30.3,1.0,,,Neutral
85238,Whale Shark,Endangered,27.3613647,-90.21868493,2014,8,30.29,1.0,,,Neutral
85238,Whale Shark,Endangered,27.53631931,-90.44473467,2014,8,30.29,1.0,,,Neutral
85238,Whale Shark,Endangered,27.16537391,-89.69188798,2014,8,30.3,1.0,,,Neutral
85238,Whale Shark,Endangered,26.88608137,-89.63922295,2014,8,30.3,1.0,,,Neutral
85238,Whale Shark,Endangered,27.94590598,-90.30819082,2014,8,30.69,1.0,,,Neutral
85238,Whale Shark,Endangered,28.13326086,-90.45328551,2014,8,30.69,1.0,,,Neutral
85238,Whale Shark,Endangered,26.91626323,-89.78705238,2014,8,30.3,1.0,,,Neutral
85238,Whale Shark,Endangered,26.45814425,-89.97794042,2014,8,30.05,1.0,,,Neutral
85238,Whale Shark,Endangered,27.65635669,-90.42053105,2014,8,30.51,1.0,,,Neutral
85238,Whale Shark,Endangered,27.79083487,-90.45196145,2014,8,30.51,1.0,,,Neutral
85238,Whale Shark,Endangered,27.67494892,-90.34206692,2014,8,30.51,1.0,,,Neutral
85238,Whale Shark,Endangered,27.71584931,-90.30125031,2014,8,30.51,1.0,,,Neutral
85238,Whale Shark,Endangered,27.75089206,-90.29296136,2014,8,30.51,1.0,,,Neutral
85238,Whale Shark,Endangered,26.31995805,-89.99114649,2014,8,30.05,1.0,,,Neutral
85238,Whale Shark,Endangered,27.62633112,-90.42421065,2014,8,30.51,1.0,,,Neutral
85238,Whale Shark,Endangered,26.72014481,-89.53615978,2014,8,30.18,1.0,,,Neutral
85238,Whale Shark,Endangered,26.73757545,-89.47047841,2014,8,30.18,1.0,,,Neutral
85238,Whale Shark,Endangered,26.21120766,-89.98417327,2014,8,30.05,1.0,,,Neutral
85238,Whale Shark,Endangered,27.69249632,-90.50510987,2014,8,30.51,1.0,,,Neutral
85238,Whale Shark,Endangered,26.7900081,-89.62753869,2014,8,30.2,1.0,,,Neutral
85238,Whale Shark,Endangered,26.73492279,-89.94521464,2014,8,30.2,1.0,,,Neutral
85238,Whale Shark,Endangered,27.70863954,-90.40754029,2014,8,30.51,1.0,,,Neutral
85238,Whale Shark,Endangered,27.21163066,-94.8095767,2014,9,29.79,0.0,,,Neutral
85238,Whale Shark,Endangered,27.56892412,-94.49722333,2014,9,29.77,0.0,,,Neutral
85238,Whale Shark,Endangered,27.26275361,-96.25770912,2014,9,29.61,0.0,,,Neutral
85238,Whale Shark,Endangered,27.1866507,-96.46493096,2014,9,29.61,0.0,,,Neutral
85238,Whale Shark,Endangered,26.80251345,-90.52865098,2014,9,30.35,1.0,,,Neutral
85238,Whale Shark,Endangered,27.39874415,-91.53007665,2014,9,30.09,1.0,,,Neutral
85238,Whale Shark,Endangered,27.28065151,-93.44222238,2014,9,30.07,1.0,,,Neutral
85238,Whale Shark,Endangered,27.26526127,-91.15198334,2014,9,30.15,1.0,,,Neutral
85238,Whale Shark,Endangered,26.17003497,-90.31036523,2014,9,30.17,1.0,,,Neutral
85238,Whale Shark,Endangered,27.35930127,-92.81838126,2014,9,29.93,0.0,,,Neutral
85238,Whale Shark,Endangered,27.21315767,-96.18560464,2014,9,29.61,0.0,,,Neutral
85238,Whale Shark,Endangered,27.20465605,-95.98388178,2014,9,29.67,0.0,,,Neutral
85238,Whale Shark,Endangered,26.38707727,-90.293416,2014,9,30.17,1.0,,,Neutral
85238,Whale Shark,Endangered,26.23617731,-90.28635021,2014,9,30.17,1.0,,,Neutral
85238,Whale Shark,Endangered,27.37011857,-94.01855816,2014,9,29.97,0.0,,,Neutral
85238,Whale Shark,Endangered,27.1204239,-95.19048195,2014,9,29.68,0.0,,,Neutral
85238,Whale Shark,Endangered,26.91506949,-90.64720194,2014,9,30.25,1.0,,,Neutral
85238,Whale Shark,Endangered,26.11958071,-90.28434489,2014,9,30.15,1.0,,,Neutral
85238,Whale Shark,Endangered,27.44090526,-92.1080085,2014,9,30.02,1.0,,,Neutral
85238,Whale Shark,Endangered,26.06773062,-90.14406053,2014,9,30.15,1.0,,,Neutral
85238,Whale Shark,Endangered,27.1754622,-95.59115648,2014,9,29.74,0.0,,,Neutral
85238,Whale Shark,Endangered,26.98860775,-90.74363261,2014,9,30.26,1.0,,,Neutral
85238,Whale Shark,Endangered,27.1662057,-90.9912957,2014,9,30.26,1.0,,,Neutral
85238,Whale Shark,Endangered,26.17315346,-90.20850473,2014,9,30.09,1.0,,,Neutral
85238,Whale Shark,Endangered,27.3606393,-94.85874509,2014,9,29.67,0.0,,,Neutral
85238,Whale Shark,Endangered,27.04318312,-90.80777014,2014,9,30.26,1.0,,,Neutral
85238,Whale Shark,Endangered,27.0856542,-90.94206839,2014,9,30.26,1.0,,,Neutral
85238,Whale Shark,Endangered,26.27088784,-90.13989546,2014,9,30.09,1.0,,,Neutral
85238,Whale Shark,Endangered,26.27871644,-90.15704784,2014,9,30.09,1.0,,,Neutral
85238,Whale Shark,Endangered,26.22938932,-90.15244664,2014,9,30.09,1.0,,,Neutral
85238,Whale Shark,Endangered,25.76307921,-94.94130728,2014,10,29.03,0.0,,,Neutral
85238,Whale Shark,Endangered,24.8702185,-94.25161247,2014,10,28.7,0.0,,,Neutral
85238,Whale Shark,Endangered,24.71633441,-94.10211719,2014,10,28.7,0.0,,,Neutral
85238,Whale Shark,Endangered,24.89066617,-94.39557587,2014,10,28.7,0.0,,,Neutral
85238,Whale Shark,Endangered,27.06447014,-95.16825221,2014,10,29.01,0.0,,,Neutral
85238,Whale Shark,Endangered,26.82735341,-94.90825966,2014,10,28.96,0.0,,,Neutral
85238,Whale Shark,Endangered,25.48294245,-94.90656352,2014,10,28.89,0.0,,,Neutral
85238,Whale Shark,Endangered,25.08257929,-95.06520526,2014,10,28.74,0.0,,,Neutral
85238,Whale Shark,Endangered,25.30833999,-94.93565133,2014,10,28.74,0.0,,,Neutral
85238,Whale Shark,Endangered,27.45106541,-95.8206144,2014,10,28.63,0.0,,,Neutral
85238,Whale Shark,Endangered,25.02672235,-94.82503464,2014,10,28.74,0.0,,,Neutral
85238,Whale Shark,Endangered,25.20201631,-94.87403268,2014,10,28.74,0.0,,,Neutral
85238,Whale Shark,Endangered,25.2362242,-94.89575069,2014,10,28.74,0.0,,,Neutral
85238,Whale Shark,Endangered,26.58470797,-94.72620275,2014,10,28.96,0.0,,,Neutral
85238,Whale Shark,Endangered,25.13477218,-95.01106274,2014,10,28.74,0.0,,,Neutral
85238,Whale Shark,Endangered,25.61882258,-94.77488815,2014,10,28.89,0.0,,,Neutral
85238,Whale Shark,Endangered,25.87225457,-95.13294033,2014,10,29.03,0.0,,,Neutral
85238,Whale Shark,Endangered,27.41249084,-95.43977473,2014,10,28.92,0.0,,,Neutral
85238,Whale Shark,Endangered,27.39773266,-95.41528947,2014,10,28.92,0.0,,,Neutral
85238,Whale Shark,Endangered,27.27108941,-96.24291762,2014,10,28.51,0.0,,,Neutral
85238,Whale Shark,Endangered,27.28764369,-95.47442761,2014,10,28.92,0.0,,,Neutral
85238,Whale Shark,Endangered,27.2327037,-96.23088918,2014,10,28.51,0.0,,,Neutral
85238,Whale Shark,Endangered,24.91304371,-94.65515647,2014,10,28.84,0.0,,,Neutral
85238,Whale Shark,Endangered,27.24938156,-96.43595156,2014,10,28.51,0.0,,,Neutral
85238,Whale Shark,Endangered,24.52519287,-94.21735655,2014,10,28.94,0.0,,,Neutral
85238,Whale Shark,Endangered,25.94499544,-95.28022422,2014,10,28.91,0.0,,,Neutral
85238,Whale Shark,Endangered,25.97100884,-95.18982575,2014,10,28.91,0.0,,,Neutral
85238,Whale Shark,Endangered,26.39483489,-94.81671645,2014,10,28.99,0.0,,,Neutral
85238,Whale Shark,Endangered,24.02426015,-95.23650921,2014,10,29.31,0.0,,,Neutral
85238,Whale Shark,Endangered,27.25918547,-96.34146008,2014,10,28.51,0.0,,,Neutral
85238,Whale Shark,Endangered,24.32558469,-94.61336741,2014,10,28.94,0.0,,,Neutral
85238,Whale Shark,Endangered,23.86927922,-96.40762297,2014,11,26.46,0.0,,,Neutral
85238,Whale Shark,Endangered,23.69014045,-96.54042621,2014,11,26.46,0.0,,,Neutral
85238,Whale Shark,Endangered,23.14701295,-96.76815448,2014,11,26.62,0.0,,,Neutral
85238,Whale Shark,Endangered,23.11267661,-97.14239459,2014,11,26.62,0.0,,,Neutral
85238,Whale Shark,Endangered,23.12684878,-97.16791417,2014,11,26.62,0.0,,,Neutral
85238,Whale Shark,Endangered,23.06996281,-97.01559152,2014,11,26.62,0.0,,,Neutral
85238,Whale Shark,Endangered,23.73030251,-96.87296579,2014,11,26.47,0.0,,,Neutral
85238,Whale Shark,Endangered,23.13610567,-97.14208244,2014,11,26.62,0.0,,,Neutral
85238,Whale Shark,Endangered,23.56920574,-96.29538876,2014,11,26.34,0.0,,,Neutral
85238,Whale Shark,Endangered,23.15610885,-96.97611083,2014,11,26.62,0.0,,,Neutral
85238,Whale Shark,Endangered,23.1424303,-97.082379,2014,11,26.62,0.0,,,Neutral
85238,Whale Shark,Endangered,23.29550992,-97.05907072,2014,11,26.62,0.0,,,Neutral
85238,Whale Shark,Endangered,23.69277205,-95.68751825,2014,11,26.24,0.0,,,Neutral
85238,Whale Shark,Endangered,23.47215094,-96.67061081,2014,11,26.57,0.0,,,Neutral
85238,Whale Shark,Endangered,23.64381606,-96.66996426,2014,11,26.57,0.0,,,Neutral
85238,Whale Shark,Endangered,23.6675209,-95.88590604,2014,11,26.24,0.0,,,Neutral
85238,Whale Shark,Endangered,23.51996947,-96.78609897,2014,11,26.57,0.0,,,Neutral
85238,Whale Shark,Endangered,23.40619029,-97.07321947,2014,11,,,,,Neutral
85238,Whale Shark,Endangered,23.54107688,-96.80197929,2014,11,26.57,0.0,,,Neutral
85238,Whale Shark,Endangered,23.43306655,-96.87621074,2014,11,26.57,0.0,,,Neutral
85238,Whale Shark,Endangered,23.55797359,-95.87760709,2014,11,26.24,0.0,,,Neutral
85238,Whale Shark,Endangered,23.00538124,-96.46468722,2014,11,26.54,0.0,,,Neutral
85238,Whale Shark,Endangered,23.45082837,-97.03057992,2014,11,,,,,Neutral
85238,Whale Shark,Endangered,23.08622342,-96.44742232,2014,11,26.54,0.0,,,Neutral
85238,Whale Shark,Endangered,22.94630641,-96.47907211,2014,11,26.54,0.0,,,Neutral
85238,Whale Shark,Endangered,23.13130194,-96.4234117,2014,11,26.54,0.0,,,Neutral
85238,Whale Shark,Endangered,23.492142,-97.0246274,2014,11,,,,,Neutral
85238,Whale Shark,Endangered,23.71326845,-95.7587023,2014,11,26.24,0.0,,,Neutral
85238,Whale Shark,Endangered,23.51633234,-96.78309841,2014,11,26.57,0.0,,,Neutral
85238,Whale Shark,Endangered,23.60456114,-96.7919187,2014,11,26.57,0.0,,,Neutral
85238,Whale Shark,Endangered,22.59923563,-94.27156232,2014,12,25.14,0.0,,,Neutral
85238,Whale Shark,Endangered,22.63668383,-94.29452887,2014,12,25.14,0.0,,,Neutral
85238,Whale Shark,Endangered,22.42259339,-94.20583397,2014,12,25.14,0.0,,,Neutral
85238,Whale Shark,Endangered,22.63991698,-94.16538102,2014,12,25.14,0.0,,,Neutral
85238,Whale Shark,Endangered,22.74823582,-95.06874867,2014,12,24.89,0.0,,,Neutral
85238,Whale Shark,Endangered,21.70786839,-94.21523525,2014,12,25.39,0.0,,,Neutral
85238,Whale Shark,Endangered,22.68142614,-95.2557214,2014,12,24.89,0.0,,,Neutral
85238,Whale Shark,Endangered,22.63202424,-94.06588607,2014,12,25.14,0.0,,,Neutral
85238,Whale Shark,Endangered,21.78640123,-93.42914685,2014,12,25.28,0.0,,,Neutral
85238,Whale Shark,Endangered,21.73274322,-93.54271959,2014,12,25.28,0.0,,,Neutral
85238,Whale Shark,Endangered,21.66237571,-93.64537435,2014,12,25.28,0.0,,,Neutral
85238,Whale Shark,Endangered,22.41797518,-94.09385964,2014,12,25.14,0.0,,,Neutral
85238,Whale Shark,Endangered,21.78083255,-93.43458325,2014,12,25.28,0.0,,,Neutral
85238,Whale Shark,Endangered,21.71125527,-93.77302953,2014,12,25.28,0.0,,,Neutral
85238,Whale Shark,Endangered,21.7616562,-93.57259473,2014,12,25.28,0.0,,,Neutral
85238,Whale Shark,Endangered,22.60081063,-94.19645214,2014,12,25.14,0.0,,,Neutral
85238,Whale Shark,Endangered,22.93166328,-96.10748489,2014,12,25.2,0.0,,,Neutral
85238,Whale Shark,Endangered,21.95659374,-94.29070671,2014,12,25.27,0.0,,,Neutral
85238,Whale Shark,Endangered,21.78422093,-93.31611103,2014,12,25.49,0.0,,,Neutral
85238,Whale Shark,Endangered,22.92473385,-94.12224626,2014,12,24.75,0.0,,,Neutral
85238,Whale Shark,Endangered,22.78599203,-94.00391406,2014,12,24.75,0.0,,,Neutral
85238,Whale Shark,Endangered,22.92423254,-94.09338754,2014,12,24.75,0.0,,,Neutral
85238,Whale Shark,Endangered,22.43514104,-94.67398028,2014,12,24.76,0.0,,,Neutral
85238,Whale Shark,Endangered,22.84310941,-96.35277813,2014,12,25.2,0.0,,,Neutral
85238,Whale Shark,Endangered,22.75669972,-95.70065533,2014,12,25.6,0.0,,,Neutral
85238,Whale Shark,Endangered,22.69854879,-94.65747184,2014,12,24.36,0.0,,,Neutral
85238,Whale Shark,Endangered,22.70270786,-94.42163383,2014,12,24.59,0.0,,,Neutral
85238,Whale Shark,Endangered,22.7420849,-94.89940657,2014,12,24.36,0.0,,,Neutral
85238,Whale Shark,Endangered,22.82358358,-94.17939261,2014,12,24.59,0.0,,,Neutral
85238,Whale Shark,Endangered,22.8939624,-96.50040946,2014,12,24.67,0.0,,,Neutral
85238,Whale Shark,Endangered,22.74047821,-94.66318846,2014,12,24.36,0.0,,,Neutral
85238,Whale Shark,Endangered,22.31273624,-94.23631096,2015,1,23.98,0.0,,,Neutral
85238,Whale Shark,Endangered,20.45313806,-96.13187695,2015,1,22.53,0.0,,,Neutral
85238,Whale Shark,Endangered,22.5661568,-96.9734198,2015,1,21.94,0.0,,,Neutral
85238,Whale Shark,Endangered,21.58174133,-93.880055,2015,1,23.89,0.0,,,Neutral
85238,Whale Shark,Endangered,22.56755321,-95.28341968,2015,1,23.49,0.0,,,Neutral
85238,Whale Shark,Endangered,23.19728825,-96.46443007,2015,1,22.89,0.0,,,Neutral
85238,Whale Shark,Endangered,22.8698685,-96.52003896,2015,1,22.05,0.0,,,Neutral
85238,Whale Shark,Endangered,22.72122219,-96.88910005,2015,1,22.05,0.0,,,Neutral
85238,Whale Shark,Endangered,23.16760508,-96.51697138,2015,1,22.89,0.0,,,Neutral
85238,Whale Shark,Endangered,22.22097652,-94.10742906,2015,1,23.8159,0.0,,,Neutral
85238,Whale Shark,Endangered,22.08873163,-94.04622615,2015,1,23.8159,0.0,,,Neutral
85238,Whale Shark,Endangered,22.63392251,-97.11310831,2015,1,,,,,Neutral
85238,Whale Shark,Endangered,22.70157216,-97.3505363,2015,1,,,,,Neutral
85238,Whale Shark,Endangered,21.97705793,-93.93310739,2015,1,23.8159,0.0,,,Neutral
85238,Whale Shark,Endangered,19.48176828,-95.55165725,2015,1,23.24,0.0,,,Neutral
85238,Whale Shark,Endangered,21.34363709,-96.76631271,2015,1,22.1,0.0,,,Neutral
85238,Whale Shark,Endangered,23.09448527,-96.1043232,2015,1,23.57,0.0,,,Neutral
85238,Whale Shark,Endangered,22.29802471,-97.12844582,2015,1,,,,,Neutral
85238,Whale Shark,Endangered,19.34763744,-95.66787374,2015,1,23.24,0.0,,,Neutral
85238,Whale Shark,Endangered,19.8467844,-95.62934614,2015,1,23.08,0.0,,,Neutral
85238,Whale Shark,Endangered,21.50428308,-93.78813797,2015,1,23.89,0.0,,,Neutral
85238,Whale Shark,Endangered,22.38545265,-94.96669055,2015,1,23.57,0.0,,,Neutral
85238,Whale Shark,Endangered,21.58578117,-96.88511088,2015,1,21.8,0.0,,,Neutral
85238,Whale Shark,Endangered,21.78448363,-93.44905244,2015,1,23.92,0.0,,,Neutral
85238,Whale Shark,Endangered,21.80628452,-96.88584422,2015,1,21.8,0.0,,,Neutral
85238,Whale Shark,Endangered,20.96218249,-96.35304759,2015,1,22.28,0.0,,,Neutral
85238,Whale Shark,Endangered,22.04248611,-97.14333244,2015,1,21.88,0.0,,,Neutral
85238,Whale Shark,Endangered,22.88533034,-95.60934439,2015,1,23.4,0.0,,,Neutral
85238,Whale Shark,Endangered,22.80583147,-95.36831975,2015,1,23.61,0.0,,,Neutral
85238,Whale Shark,Endangered,22.38958368,-94.5157867,2015,1,23.74,0.0,,,Neutral
85238,Whale Shark,Endangered,22.71461388,-95.2040914,2015,1,23.61,0.0,,,Neutral
85238,Whale Shark,Endangered,19.6484527,-95.39201814,2015,2,21.98,0.0,,,Neutral
85238,Whale Shark,Endangered,19.60185978,-95.32324332,2015,2,21.98,0.0,,,Neutral
85238,Whale Shark,Endangered,19.51255341,-95.31167589,2015,2,21.98,0.0,,,Neutral
